date,sa2_code,new_residential_dwellings,building_value_thousand
2025-07-01,1,4879,2640708.473
2025-08-01,1,3235,1855772.518
2025-09-01,1,5505,3271957.127
2025-10-01,1,4216,2274535.868
2025-11-01,1,4810,2692568.631
2025-12-01,1,4165,2559551.052
2026-01-01,1,2652,1747805.565
2026-02-01,1,4231,2270033.039
2026-03-01,1,4431,2469666.102
2026-04-01,1,4451,2611796.026
2026-05-01,1,4477,2260601.549
2026-06-01,1,4965,2936811.073
2025-07-01,101021007,3,1216.291
2025-09-01,101021007,4,3105.0
2025-11-01,101021007,2,1050.0
2025-12-01,101021007,1,350.0
2026-01-01,101021007,1,101.0
2026-02-01,101021007,2,917.525
2026-05-01,101021007,1,300.0
2026-06-01,101021007,1,354.225
2026-06-01,101021008,1,100.0
2025-08-01,101021009,2,1019.16
2025-09-01,101021009,61,27907.11
2025-10-01,101021009,2,909.944
2025-12-01,101021009,2,1000.0
2026-02-01,101021009,2,1538.95
2026-03-01,101021009,1,820.0
2026-04-01,101021009,1,400.0
2026-05-01,101021009,10,6700.0
2025-10-01,101021010,2,1430.0
2025-11-01,101021010,4,1780.0
2025-12-01,101021010,2,1382.96
2026-01-01,101021010,1,1029.805
2026-02-01,101021010,2,1408.356
2026-03-01,101021010,1,953.268
2026-04-01,101021010,9,2640.0
2026-05-01,101021010,2,1472.333
2026-06-01,101021010,3,2014.011
2025-10-01,101021012,1,285.284
2025-12-01,101021012,1,145.0
2025-07-01,101021610,11,7023.182
2025-08-01,101021610,15,6798.893
2025-09-01,101021610,10,5433.32
2025-10-01,101021610,8,4072.064
2025-11-01,101021610,8,4139.268
2025-12-01,101021610,24,12566.95
2026-01-01,101021610,11,5612.017
2026-02-01,101021610,12,7122.744
2026-03-01,101021610,11,6566.71
2026-04-01,101021610,8,4766.105
2026-05-01,101021610,10,6552.212
2026-06-01,101021610,23,11508.807
2025-07-01,101021611,14,8107.499
2025-08-01,101021611,13,7800.688
2025-09-01,101021611,8,4307.647
2025-10-01,101021611,8,4259.409
2025-11-01,101021611,11,8604.498
2025-12-01,101021611,12,10491.751
2026-01-01,101021611,9,6104.491
2026-02-01,101021611,12,6886.52
2026-03-01,101021611,11,5003.309
2026-04-01,101021611,5,6317.536
2026-05-01,101021611,8,4598.905
2026-06-01,101021611,3,2247.3
2025-08-01,101031013,1,180.0
2025-12-01,101031013,1,550.0
2025-09-01,101031014,3,1030.0
2025-11-01,101031014,10,2915.0
2025-12-01,101031014,1,464.264
2026-06-01,101031014,11,2883.185
2025-09-01,101031015,1,515.823
2025-12-01,101031015,2,2687.805
2026-04-01,101031015,1,797.68
2026-05-01,101031015,2,2340.778
2025-07-01,101031016,2,990.0
2025-08-01,101031016,1,650.0
2025-09-01,101031016,2,2450.045
2025-10-01,101031016,6,3090.804
2025-11-01,101031016,3,1170.0
2025-12-01,101031016,4,2408.5
2026-02-01,101031016,1,1200.0
2026-04-01,101031016,5,1985.0
2026-05-01,101031016,5,2807.144
2026-06-01,101031016,3,1393.359
2025-08-01,101041017,11,5909.19
2025-09-01,101041017,3,1917.825
2025-10-01,101041017,12,5643.563
2025-11-01,101041017,2,807.95
2026-02-01,101041017,4,1558.642
2026-03-01,101041017,3,2412.762
2026-04-01,101041017,1,953.5
2026-05-01,101041017,1,184.8
2025-07-01,101041018,5,3631.536
2025-08-01,101041018,3,2648.48
2025-09-01,101041018,2,1265.928
2025-10-01,101041018,10,3860.478
2025-11-01,101041018,4,6796.397
2025-12-01,101041018,1,551.512
2026-01-01,101041018,2,678.582
2026-02-01,101041018,7,3254.739
2026-03-01,101041018,4,2190.314
2026-04-01,101041018,5,3256.025
2026-05-01,101041018,8,3161.386
2026-06-01,101041018,4,2080.037
2025-07-01,101041019,9,4173.421
2025-08-01,101041019,4,2806.804
2025-10-01,101041019,4,2068.623
2025-11-01,101041019,6,2510.455
2025-12-01,101041019,4,2131.854
2026-01-01,101041019,5,2381.611
2026-02-01,101041019,4,2137.183
2026-03-01,101041019,4,2739.425
2026-04-01,101041019,6,3144.15
2026-05-01,101041019,4,5301.615
2026-06-01,101041019,3,1527.716
2025-07-01,101041020,7,3021.284
2025-08-01,101041020,2,1226.135
2025-09-01,101041020,3,2382.475
2025-10-01,101041020,2,1035.0
2025-11-01,101041020,1,710.0
2025-12-01,101041020,3,1605.0
2026-01-01,101041020,1,535.0
2026-02-01,101041020,1,564.78
2026-03-01,101041020,1,396.0
2026-05-01,101041020,6,2910.0
2026-06-01,101041020,3,1685.96
2025-07-01,101041021,4,1791.493
2025-08-01,101041021,1,418.0
2025-09-01,101041021,3,3144.047
2025-10-01,101041021,3,2576.871
2025-12-01,101041021,2,1033.228
2026-01-01,101041021,1,329.55
2026-02-01,101041021,3,1352.663
2026-04-01,101041021,5,2079.28
2026-05-01,101041021,1,945.696
2026-06-01,101041021,3,1590.129
2026-04-01,101041022,1,256.5
2025-08-01,101041023,1,505.514
2026-06-01,101041023,1,820.157
2025-07-01,101041024,1,300.0
2025-09-01,101041024,2,734.433
2025-10-01,101041024,2,1160.645
2025-12-01,101041024,1,532.25
2026-01-01,101041024,1,385.2
2026-02-01,101041024,2,1351.58
2026-03-01,101041024,1,800.0
2026-04-01,101041024,2,1187.281
2026-05-01,101041024,3,1170.835
2026-06-01,101041024,3,2116.135
2025-07-01,101041025,2,959.898
2025-08-01,101041025,2,1490.871
2025-09-01,101041025,1,996.0
2025-10-01,101041025,3,1479.11
2025-11-01,101041025,5,3739.3
2025-12-01,101041025,3,1641.58
2026-01-01,101041025,1,520.0
2026-03-01,101041025,1,666.585
2026-04-01,101041025,3,2203.29
2025-07-01,101041026,3,1648.03
2025-08-01,101041026,2,1182.5
2025-11-01,101041026,3,1585.631
2025-12-01,101041026,28,16804.83
2026-01-01,101041026,4,1890.194
2026-02-01,101041026,3,2840.287
2026-03-01,101041026,2,1700.478
2026-04-01,101041026,2,1475.633
2026-05-01,101041026,8,2923.127
2026-06-01,101041026,2,1295.384
2025-07-01,101041027,3,1953.431
2025-09-01,101041027,1,750.0
2025-10-01,101041027,4,1868.687
2025-11-01,101041027,12,5443.451
2025-12-01,101041027,2,1705.3
2026-01-01,101041027,3,1270.0
2026-02-01,101041027,2,1608.208
2026-04-01,101041027,2,860.686
2026-05-01,101041027,2,1121.916
2026-06-01,101041027,2,1185.76
2025-07-01,101051539,44,24004.119
2025-08-01,101051539,17,6180.094
2025-09-01,101051539,20,7062.905
2025-10-01,101051539,11,4106.65
2025-11-01,101051539,10,3790.021
2025-12-01,101051539,22,6745.34
2026-01-01,101051539,13,4719.854
2026-02-01,101051539,35,16030.828
2026-03-01,101051539,18,7551.696
2026-04-01,101051539,23,9567.542
2026-05-01,101051539,40,14256.138
2026-06-01,101051539,23,9419.761
2025-07-01,101051540,8,3821.21
2025-08-01,101051540,4,3857.274
2025-09-01,101051540,7,2964.207
2025-10-01,101051540,8,2780.742
2025-11-01,101051540,10,5980.207
2025-12-01,101051540,9,4667.115
2026-01-01,101051540,8,5081.663
2026-02-01,101051540,6,3791.338
2026-03-01,101051540,13,7864.849
2026-04-01,101051540,8,4851.732
2026-05-01,101051540,3,1182.766
2026-06-01,101051540,4,2419.431
2025-07-01,101061541,4,1854.601
2025-08-01,101061541,1,350.0
2025-09-01,101061541,7,2760.031
2025-10-01,101061541,2,700.152
2025-11-01,101061541,3,1328.437
2026-01-01,101061541,1,485.0
2026-02-01,101061541,3,1404.885
2026-03-01,101061541,5,2677.563
2026-04-01,101061541,1,605.0
2026-05-01,101061541,3,1427.477
2026-06-01,101061541,2,1576.286
2025-07-01,101061542,9,7410.484
2025-08-01,101061542,8,4510.33
2025-09-01,101061542,7,3584.212
2025-10-01,101061542,7,4337.851
2025-11-01,101061542,7,5496.397
2025-12-01,101061542,5,4640.667
2026-01-01,101061542,3,2301.0
2026-02-01,101061542,7,4164.961
2026-03-01,101061542,4,4394.315
2026-04-01,101061542,8,6421.327
2026-05-01,101061542,10,7581.333
2026-06-01,101061542,16,21404.524
2025-07-01,101061543,11,6125.682
2025-08-01,101061543,1,380.0
2025-09-01,101061543,3,1745.504
2025-11-01,101061543,5,1895.691
2025-12-01,101061543,2,1593.38
2026-01-01,101061543,6,2178.841
2026-02-01,101061543,1,430.0
2026-03-01,101061543,3,1594.661
2026-04-01,101061543,1,117.37
2026-05-01,101061543,2,753.87
2026-06-01,101061543,3,1531.275
2025-07-01,101061544,2,633.0
2025-08-01,101061544,1,523.426
2025-09-01,101061544,3,1803.908
2025-10-01,101061544,3,2084.098
2026-01-01,101061544,1,505.0
2026-04-01,101061544,1,450.0
2026-05-01,101061544,2,1096.0
2026-06-01,101061544,3,2281.913
2025-07-01,102011028,2,1219.505
2025-09-01,102011028,1,889.049
2025-10-01,102011028,6,5701.56
2025-11-01,102011028,2,3180.28
2025-12-01,102011028,1,440.0
2026-02-01,102011028,3,2896.57
2026-03-01,102011028,2,4924.339
2026-04-01,102011028,2,3900.0
2026-06-01,102011028,58,23024.71
2025-07-01,102011029,1,127.75
2025-08-01,102011029,1,2640.0
2025-09-01,102011029,2,2208.69
2025-10-01,102011029,1,352.0
2025-11-01,102011029,3,1765.728
2025-12-01,102011029,3,1850.0
2026-03-01,102011029,4,4642.75
2026-04-01,102011029,2,5383.643
2026-05-01,102011029,1,380.0
2026-06-01,102011029,1,1142.933
2025-07-01,102011030,1,300.0
2025-09-01,102011030,1,300.0
2025-12-01,102011030,2,2338.434
2026-02-01,102011030,1,443.5
2026-03-01,102011030,1,321.0
2026-04-01,102011030,1,308.0
2026-05-01,102011030,1,985.771
2026-06-01,102011030,1,523.625
2025-07-01,102011031,1,495.0
2025-10-01,102011031,2,1220.0
2025-11-01,102011031,2,1260.0
2025-12-01,102011031,1,193.1
2026-01-01,102011031,1,515.0
2026-02-01,102011031,2,1573.165
2026-05-01,102011031,1,659.966
2025-07-01,102011032,2,782.162
2025-08-01,102011032,1,1000.0
2025-09-01,102011032,5,2461.249
2025-10-01,102011032,16,39100.0
2025-11-01,102011032,1,1200.0
2025-12-01,102011032,5,1232.092
2026-01-01,102011032,3,1456.349
2026-03-01,102011032,1,3750.0
2026-04-01,102011032,13,8699.554
2026-05-01,102011032,2,2000.0
2026-06-01,102011032,1,238.85
2025-07-01,102011033,1,259.4
2025-08-01,102011033,2,765.34
2025-10-01,102011033,2,500.0
2026-01-01,102011033,1,617.119
2026-03-01,102011033,1,677.023
2026-04-01,102011033,1,750.0
2025-07-01,102011034,1,200.0
2025-11-01,102011034,1,800.203
2025-12-01,102011034,1,143.0
2026-03-01,102011034,3,1045.0
2026-04-01,102011034,1,850.0
2026-05-01,102011034,1,100.0
2025-07-01,102011035,3,1337.2
2025-09-01,102011035,1,750.0
2025-10-01,102011035,1,180.0
2025-11-01,102011035,2,467.874
2026-03-01,102011035,5,2050.852
2026-04-01,102011035,3,2760.0
2026-05-01,102011035,3,1663.161
2026-06-01,102011035,1,400.089
2025-07-01,102011036,2,1050.0
2025-09-01,102011036,1,870.0
2025-10-01,102011036,1,1200.0
2026-03-01,102011036,1,510.0
2026-04-01,102011036,1,750.0
2026-06-01,102011036,1,648.1
2025-08-01,102011037,1,195.14
2025-09-01,102011037,1,200.0
2026-03-01,102011037,1,285.1
2026-06-01,102011037,1,215.45
2025-07-01,102011038,1,939.551
2025-08-01,102011038,1,600.0
2025-09-01,102011038,2,380.0
2025-10-01,102011038,1,150.0
2026-05-01,102011038,2,1300.883
2026-06-01,102011038,2,1200.0
2025-07-01,102011039,1,4000.0
2025-08-01,102011039,6,6063.677
2025-09-01,102011039,5,3151.97
2025-10-01,102011039,5,4081.913
2025-12-01,102011039,4,16470.253
2026-02-01,102011039,2,1275.43
2026-03-01,102011039,2,2074.178
2026-04-01,102011039,6,3800.0
2025-07-01,102011040,9,5703.86
2025-08-01,102011040,12,4283.547
2025-09-01,102011040,10,5324.076
2025-10-01,102011040,8,4860.913
2025-11-01,102011040,4,1268.65
2025-12-01,102011040,8,3713.192
2026-01-01,102011040,4,2807.134
2026-02-01,102011040,13,6818.588
2026-03-01,102011040,14,6706.977
2026-04-01,102011040,13,5437.369
2026-05-01,102011040,5,2351.28
2026-06-01,102011040,7,2866.34
2025-08-01,102011041,6,8684.978
2025-09-01,102011041,1,1800.0
2025-10-01,102011041,1,1200.0
2025-11-01,102011041,4,2447.35
2025-12-01,102011041,4,2450.757
2026-02-01,102011041,1,1350.0
2026-03-01,102011041,2,1466.51
2026-04-01,102011041,2,700.0
2026-05-01,102011041,1,1400.0
2026-06-01,102011041,1,390.0
2025-07-01,102011042,1,191.71
2025-08-01,102011042,4,2818.0
2025-09-01,102011042,4,1193.5
2025-10-01,102011042,22,7977.5
2025-11-01,102011042,6,2972.902
2025-12-01,102011042,1,765.183
2026-01-01,102011042,3,518.67
2026-02-01,102011042,1,651.8
2026-03-01,102011042,6,2896.1
2026-04-01,102011042,4,1409.359
2026-05-01,102011042,1,200.324
2026-06-01,102011042,6,3095.578
2025-07-01,102011043,1,560.617
2025-08-01,102011043,1,227.75
2026-03-01,102011043,1,176.24
2026-04-01,102011043,1,192.0
2026-05-01,102011043,3,1690.932
2026-06-01,102011043,1,217.85
2025-07-01,102021044,4,1124.453
2025-08-01,102021044,2,300.0
2025-09-01,102021044,2,1618.161
2025-10-01,102021044,3,1295.66
2025-11-01,102021044,6,3794.866
2025-12-01,102021044,1,200.0
2026-01-01,102021044,2,714.211
2026-02-01,102021044,4,2967.691
2026-03-01,102021044,1,1017.662
2026-04-01,102021044,4,5368.695
2026-05-01,102021044,2,930.0
2026-06-01,102021044,5,2316.151
2025-07-01,102021045,1,581.877
2025-08-01,102021045,5,1983.601
2025-09-01,102021045,1,181.02
2025-10-01,102021045,1,150.0
2025-11-01,102021045,2,500.0
2025-12-01,102021045,2,330.6
2026-01-01,102021045,2,621.925
2026-02-01,102021045,2,282.6
2026-04-01,102021045,2,380.2
2026-05-01,102021045,1,193.98
2026-06-01,102021045,1,185.0
2025-07-01,102021046,1,614.9
2025-08-01,102021046,2,360.45
2025-09-01,102021046,3,1349.078
2025-10-01,102021046,2,528.838
2025-11-01,102021046,3,2580.44
2025-12-01,102021046,6,1367.95
2026-02-01,102021046,1,179.8
2026-03-01,102021046,1,1186.015
2026-04-01,102021046,2,423.5
2026-06-01,102021046,2,626.12
2025-07-01,102021047,8,3371.691
2025-08-01,102021047,3,1665.875
2025-09-01,102021047,5,2018.878
2025-10-01,102021047,3,1191.686
2025-11-01,102021047,2,1206.56
2025-12-01,102021047,5,3069.314
2026-01-01,102021047,5,2757.031
2026-02-01,102021047,3,1729.449
2026-03-01,102021047,4,2504.365
2026-04-01,102021047,4,1414.978
2026-05-01,102021047,9,3618.238
2025-08-01,102021048,1,170.0
2025-09-01,102021048,5,1101.452
2025-10-01,102021048,5,1889.455
2025-11-01,102021048,4,1644.952
2025-12-01,102021048,8,1724.211
2026-01-01,102021048,2,310.0
2026-02-01,102021048,2,418.715
2026-03-01,102021048,11,3996.483
2026-04-01,102021048,4,596.84
2026-05-01,102021048,10,2115.828
2026-06-01,102021048,13,3092.775
2025-07-01,102021049,1,138.0
2026-01-01,102021049,1,1980.0
2026-03-01,102021049,1,148.095
2026-06-01,102021049,1,197.65
2025-07-01,102021050,1,147.631
2025-08-01,102021050,1,120.0
2025-10-01,102021050,3,1203.527
2025-11-01,102021050,6,2082.715
2025-12-01,102021050,2,1510.196
2026-01-01,102021050,4,809.338
2026-02-01,102021050,2,792.99
2026-03-01,102021050,76,22943.7
2026-04-01,102021050,2,945.48
2026-06-01,102021050,61,21499.394
2025-08-01,102021051,1,221.789
2026-02-01,102021051,1,988.387
2026-05-01,102021051,2,2020.095
2025-07-01,102021052,8,4339.99
2025-08-01,102021052,12,5738.192
2025-09-01,102021052,15,7520.691
2025-10-01,102021052,11,5222.92
2025-11-01,102021052,8,3241.204
2025-12-01,102021052,3,1565.165
2026-01-01,102021052,4,1906.398
2026-02-01,102021052,2,1092.258
2026-03-01,102021052,7,2796.825
2026-04-01,102021052,5,2485.012
2026-05-01,102021052,6,3511.749
2026-06-01,102021052,6,2839.257
2025-07-01,102021053,20,11042.291
2025-08-01,102021053,19,11628.85
2025-09-01,102021053,3,1912.848
2025-10-01,102021053,13,6930.0
2025-11-01,102021053,17,7088.253
2025-12-01,102021053,11,4560.44
2026-01-01,102021053,4,2339.985
2026-02-01,102021053,14,7526.163
2026-03-01,102021053,5,2850.418
2026-04-01,102021053,4,1786.817
2026-05-01,102021053,14,8913.366
2026-06-01,102021053,13,7799.037
2025-07-01,102021054,1,679.722
2025-09-01,102021054,8,4060.469
2025-10-01,102021054,4,1650.038
2025-11-01,102021054,1,595.5
2026-01-01,102021054,2,651.403
2026-02-01,102021054,1,853.09
2026-03-01,102021054,5,1062.42
2026-04-01,102021054,4,1940.682
2026-05-01,102021054,4,1602.89
2026-06-01,102021054,1,140.0
2025-11-01,102021055,1,787.765
2026-02-01,102021055,1,180.0
2025-07-01,102021056,12,4752.755
2025-08-01,102021056,19,6769.537
2025-09-01,102021056,16,5845.726
2025-10-01,102021056,27,10612.527
2025-11-01,102021056,21,7681.976
2025-12-01,102021056,7,3147.427
2026-01-01,102021056,21,8204.723
2026-02-01,102021056,15,6259.546
2026-03-01,102021056,21,8873.296
2026-04-01,102021056,35,13376.801
2026-05-01,102021056,14,6728.408
2026-06-01,102021056,22,7666.33
2025-08-01,102021057,2,515.0
2025-11-01,102021057,2,1054.08
2025-12-01,102021057,5,1787.016
2026-01-01,102021057,1,168.75
2026-02-01,102021057,1,904.458
2026-03-01,102021057,10,3500.0
2025-07-01,103011059,6,2410.47
2025-08-01,103011059,2,1190.0
2025-09-01,103011059,8,3506.853
2025-10-01,103011059,3,856.0
2025-12-01,103011059,3,1367.0
2026-01-01,103011059,3,2171.351
2026-02-01,103011059,1,778.129
2026-03-01,103011059,8,3579.738
2026-04-01,103011059,6,3144.84
2026-05-01,103011059,11,4959.137
2026-06-01,103011059,4,1969.91
2025-07-01,103011060,4,2215.0
2025-08-01,103011060,2,891.496
2025-09-01,103011060,3,1347.786
2025-10-01,103011060,2,669.0
2025-11-01,103011060,1,627.0
2025-12-01,103011060,1,150.0
2026-02-01,103011060,1,460.0
2026-03-01,103011060,1,290.0
2026-05-01,103011060,5,2544.586
2026-06-01,103011060,1,600.0
2025-07-01,103011061,1,359.332
2025-08-01,103011061,2,923.0
2025-09-01,103011061,5,1624.6
2025-10-01,103011061,3,1247.0
2025-11-01,103011061,2,1409.0
2025-12-01,103011061,1,464.86
2026-01-01,103011061,3,1895.0
2026-05-01,103011061,1,300.0
2026-06-01,103011061,4,3345.2
2025-07-01,103011612,4,1490.5
2025-08-01,103011612,6,2796.842
2025-09-01,103011612,1,320.0
2025-10-01,103011612,11,3028.042
2026-04-01,103011612,3,1380.0
2026-05-01,103011612,4,1950.5
2025-07-01,103011613,6,2420.959
2025-08-01,103011613,5,2345.0
2025-09-01,103011613,7,2337.106
2025-10-01,103011613,2,860.0
2025-11-01,103011613,7,2739.0
2025-12-01,103011613,7,2669.3
2026-01-01,103011613,6,2953.307
2026-02-01,103011613,16,7781.393
2026-03-01,103011613,8,5307.495
2026-04-01,103011613,7,3602.15
2026-05-01,103011613,4,1776.633
2026-06-01,103011613,5,2441.683
2025-07-01,103021062,2,1142.24
2025-10-01,103021062,1,935.201
2025-11-01,103021062,1,2070.0
2025-12-01,103021062,2,508.59
2026-03-01,103021062,2,1202.0
2026-04-01,103021062,4,2661.433
2026-05-01,103021062,1,700.0
2025-07-01,103021063,2,1030.167
2025-09-01,103021063,2,980.0
2025-10-01,103021063,2,755.08
2025-11-01,103021063,2,973.34
2025-12-01,103021063,2,1768.345
2026-03-01,103021063,4,1938.5
2026-04-01,103021063,1,301.736
2026-05-01,103021063,11,4967.301
2025-07-01,103021064,3,975.5
2026-01-01,103021064,3,1253.235
2026-03-01,103021064,3,1272.556
2026-05-01,103021064,1,282.553
2026-06-01,103021064,1,332.439
2025-07-01,103021065,3,1295.6
2025-08-01,103021065,2,935.0
2025-09-01,103021065,4,1200.0
2025-10-01,103021065,1,609.525
2025-11-01,103021065,2,1100.0
2025-12-01,103021065,1,389.5
2026-01-01,103021065,1,260.0
2026-02-01,103021065,1,399.5
2026-03-01,103021065,3,1398.485
2026-04-01,103021065,5,2133.546
2026-06-01,103021065,4,1723.31
2025-11-01,103021066,1,625.0
2025-12-01,103021066,2,698.946
2026-03-01,103021066,1,385.0
2026-04-01,103021066,1,448.346
2025-07-01,103021067,2,1090.807
2025-10-01,103021067,1,715.0
2025-11-01,103021067,1,402.5
2025-12-01,103021067,1,555.0
2026-03-01,103021067,1,430.0
2026-04-01,103021067,3,1205.0
2026-05-01,103021067,5,2223.5
2026-06-01,103021067,2,1627.191
2025-07-01,103021068,1,341.564
2025-09-01,103021068,1,260.7
2025-08-01,103021069,1,149.634
2025-10-01,103021069,1,1000.0
2025-12-01,103021069,11,3325.0
2026-02-01,103021069,1,950.0
2026-04-01,103021069,2,1274.0
2025-07-01,103031070,5,2331.628
2025-08-01,103031070,1,675.325
2025-10-01,103031070,2,2474.55
2025-11-01,103031070,2,934.458
2026-01-01,103031070,6,2037.0
2026-02-01,103031070,2,914.0
2026-04-01,103031070,7,2336.117
2026-05-01,103031070,4,1503.7
2025-07-01,103031071,2,1180.257
2025-08-01,103031071,5,2746.993
2025-10-01,103031071,4,2539.099
2025-11-01,103031071,1,523.4
2026-01-01,103031071,3,817.823
2026-02-01,103031071,1,385.0
2026-03-01,103031071,5,2289.634
2026-04-01,103031071,3,1849.0
2026-05-01,103031071,1,1583.0
2026-06-01,103031071,1,575.0
2025-07-01,103031072,7,3755.07
2025-08-01,103031072,9,6605.365
2025-09-01,103031072,8,5466.006
2025-10-01,103031072,10,4009.811
2025-11-01,103031072,6,4246.644
2025-12-01,103031072,11,5197.219
2026-01-01,103031072,4,2268.27
2026-02-01,103031072,6,3120.0
2026-03-01,103031072,4,2051.624
2026-04-01,103031072,3,1098.0
2026-05-01,103031072,4,2894.228
2026-06-01,103031072,5,3452.0
2025-07-01,103031073,1,446.67
2025-08-01,103031073,1,857.478
2025-10-01,103031073,3,860.0
2025-12-01,103031073,1,148.72
2026-03-01,103031073,2,1855.953
2025-07-01,103031074,4,1501.2
2025-08-01,103031074,4,2529.6
2025-09-01,103031074,5,2820.26
2025-10-01,103031074,3,2317.708
2025-12-01,103031074,8,4624.512
2026-01-01,103031074,3,1327.0
2026-02-01,103031074,2,1117.0
2026-03-01,103031074,3,2136.242
2026-04-01,103031074,3,1051.06
2026-05-01,103031074,5,2238.7
2026-06-01,103031074,8,4461.001
2025-07-01,103041076,3,2525.709
2025-08-01,103041076,4,2244.575
2025-09-01,103041076,11,4426.808
2025-10-01,103041076,9,4562.635
2025-11-01,103041076,1,650.0
2025-12-01,103041076,2,675.0
2026-01-01,103041076,2,350.0
2026-02-01,103041076,4,3303.017
2026-03-01,103041076,3,1735.244
2026-04-01,103041076,3,1362.667
2026-05-01,103041076,5,2464.609
2026-06-01,103041076,3,2111.899
2025-07-01,103041077,14,7066.627
2025-08-01,103041077,1,487.404
2025-09-01,103041077,3,1867.849
2025-10-01,103041077,2,1586.57
2025-12-01,103041077,6,2714.92
2026-01-01,103041077,3,1333.011
2026-02-01,103041077,15,8249.448
2026-03-01,103041077,11,4849.564
2026-04-01,103041077,8,3253.284
2026-05-01,103041077,2,530.631
2026-06-01,103041077,9,5320.826
2025-07-01,103041078,7,3758.0
2025-08-01,103041078,7,3726.653
2025-09-01,103041078,4,1718.784
2025-10-01,103041078,8,6443.778
2025-11-01,103041078,3,1852.5
2025-12-01,103041078,9,6055.745
2026-01-01,103041078,4,2907.072
2026-02-01,103041078,10,3890.456
2026-03-01,103041078,8,4963.906
2026-04-01,103041078,8,4277.123
2026-05-01,103041078,9,4772.987
2026-06-01,103041078,5,2865.386
2025-07-01,103041079,1,788.26
2025-08-01,103041079,6,7488.32
2025-09-01,103041079,5,2586.986
2025-10-01,103041079,6,2397.444
2025-11-01,103041079,9,4393.87
2025-12-01,103041079,9,6021.523
2026-01-01,103041079,5,3680.342
2026-02-01,103041079,7,5237.16
2026-03-01,103041079,10,8488.28
2026-04-01,103041079,10,4854.841
2026-05-01,103041079,10,7591.278
2026-06-01,103041079,13,6601.528
2025-07-01,104011080,5,1539.099
2025-08-01,104011080,1,612.275
2025-09-01,104011080,1,441.31
2025-10-01,104011080,2,1090.328
2025-11-01,104011080,4,2104.509
2025-12-01,104011080,4,1938.017
2026-01-01,104011080,1,341.5
2026-02-01,104011080,2,427.0
2026-03-01,104011080,3,985.0
2026-04-01,104011080,7,3360.914
2026-05-01,104011080,21,8871.705
2025-07-01,104011081,4,1777.941
2025-08-01,104011081,5,2928.521
2025-09-01,104011081,2,690.557
2025-10-01,104011081,6,2004.027
2025-11-01,104011081,5,2445.95
2025-12-01,104011081,3,1019.25
2026-01-01,104011081,4,1306.033
2026-02-01,104011081,2,856.796
2026-03-01,104011081,4,1587.894
2026-04-01,104011081,4,1418.626
2026-05-01,104011081,3,2149.648
2026-06-01,104011081,5,3447.109
2025-07-01,104011082,144,37888.319
2025-08-01,104011082,9,4999.854
2025-09-01,104011082,6,3348.087
2025-10-01,104011082,12,6025.915
2025-11-01,104011082,9,5313.308
2025-12-01,104011082,7,2450.75
2026-01-01,104011082,48,18142.664
2026-02-01,104011082,9,5314.955
2026-03-01,104011082,13,8642.747
2026-04-01,104011082,8,5291.457
2026-05-01,104011082,14,10777.311
2026-06-01,104011082,4,2997.541
2025-07-01,104021083,1,244.155
2025-08-01,104021083,1,1500.0
2025-09-01,104021083,4,2329.126
2025-10-01,104021083,6,2206.485
2025-11-01,104021083,2,1020.0
2025-12-01,104021083,1,464.4
2026-01-01,104021083,1,599.053
2026-02-01,104021083,2,320.0
2026-03-01,104021083,3,771.894
2026-05-01,104021083,1,518.528
2025-07-01,104021084,9,3392.0
2025-10-01,104021084,2,874.0
2025-11-01,104021084,27,31054.659
2025-12-01,104021084,1,676.5
2026-01-01,104021084,1,550.0
2026-04-01,104021084,4,2039.862
2026-05-01,104021084,9,3115.641
2026-06-01,104021084,1,720.0
2025-07-01,104021085,1,663.416
2025-08-01,104021085,3,1023.154
2025-09-01,104021085,9,3001.2
2025-10-01,104021085,2,1874.977
2025-11-01,104021085,6,2162.686
2025-12-01,104021085,3,1166.0
2026-01-01,104021085,2,1675.335
2026-02-01,104021085,3,2102.08
2026-03-01,104021085,3,1569.61
2026-04-01,104021085,40,41372.598
2026-06-01,104021085,4,2778.2
2026-01-01,104021086,1,823.0
2026-03-01,104021086,1,900.0
2026-05-01,104021086,1,990.0
2026-06-01,104021086,1,679.03
2025-09-01,104021087,1,520.0
2025-10-01,104021087,1,744.635
2025-12-01,104021087,1,500.0
2026-02-01,104021087,1,240.0
2026-03-01,104021087,1,800.0
2025-07-01,104021088,12,5717.301
2025-08-01,104021088,7,4001.539
2025-09-01,104021088,3,1664.4
2025-10-01,104021088,7,4383.531
2025-11-01,104021088,8,5616.978
2025-12-01,104021088,3,1839.879
2026-01-01,104021088,6,3746.32
2026-02-01,104021088,8,3910.913
2026-03-01,104021088,8,5007.665
2026-04-01,104021088,4,1636.792
2026-05-01,104021088,14,6457.691
2026-06-01,104021088,14,7170.28
2025-07-01,104021089,1,247.195
2025-08-01,104021089,2,1895.295
2025-09-01,104021089,2,931.941
2025-10-01,104021089,4,6163.671
2025-11-01,104021089,5,2118.636
2025-12-01,104021089,13,9639.57
2026-01-01,104021089,2,713.67
2026-03-01,104021089,2,1219.3
2026-04-01,104021089,2,1226.317
2026-05-01,104021089,3,1204.808
2025-07-01,104021090,1,442.408
2025-08-01,104021090,5,2293.428
2025-09-01,104021090,1,412.623
2025-10-01,104021090,1,550.0
2025-12-01,104021090,1,417.766
2026-04-01,104021090,2,550.0
2026-05-01,104021090,2,1196.49
2025-07-01,104021091,3,1040.906
2025-08-01,104021091,3,1979.455
2025-09-01,104021091,10,4388.202
2025-10-01,104021091,7,3150.307
2025-11-01,104021091,2,1017.565
2025-12-01,104021091,7,5115.623
2026-01-01,104021091,5,3248.656
2026-02-01,104021091,6,1914.352
2026-03-01,104021091,11,6003.632
2026-04-01,104021091,3,1220.284
2026-05-01,104021091,6,2288.543
2026-06-01,104021091,3,1179.997
2025-09-01,105011092,4,3408.35
2025-11-01,105011092,1,989.5
2025-10-01,105011093,1,612.37
2025-12-01,105011093,2,1870.406
2026-05-01,105011093,2,1048.0
2025-08-01,105011094,3,1494.75
2026-04-01,105011094,1,598.4
2025-09-01,105011095,1,320.0
2025-12-01,105011095,3,1976.041
2026-01-01,105011095,1,983.635
2026-02-01,105011095,1,788.0
2026-03-01,105011095,1,1300.0
2026-05-01,105011095,1,886.063
2025-07-01,105011096,2,1580.48
2025-09-01,105011096,2,650.0
2025-10-01,105011096,4,3592.05
2026-01-01,105011096,3,2583.869
2026-03-01,105011096,4,1000.0
2025-07-01,105021097,2,1288.731
2025-11-01,105021097,2,1187.0
2025-12-01,105021097,1,605.0
2026-06-01,105021097,2,772.363
2025-12-01,105021098,2,1878.233
2026-02-01,105021098,2,450.0
2025-07-01,105031099,4,1890.751
2025-10-01,105031099,1,223.3
2025-11-01,105031099,2,335.0
2025-12-01,105031099,3,1921.934
2026-03-01,105031099,1,970.0
2026-06-01,105031099,1,636.1
2025-08-01,105031100,1,879.255
2025-09-01,105031100,6,1946.717
2025-10-01,105031100,31,14259.439
2025-11-01,105031100,2,1410.88
2025-12-01,105031100,1,580.682
2026-02-01,105031100,2,1186.55
2026-03-01,105031100,3,1443.82
2026-04-01,105031100,2,1210.0
2026-05-01,105031100,2,1164.0
2026-06-01,105031100,3,1419.0
2025-07-01,105031101,5,2277.752
2025-08-01,105031101,16,8832.932
2025-09-01,105031101,89,23030.195
2025-10-01,105031101,13,5379.895
2025-11-01,105031101,15,7128.27
2025-12-01,105031101,7,3694.889
2026-01-01,105031101,22,8714.396
2026-02-01,105031101,10,6097.584
2026-03-01,105031101,13,6205.745
2026-04-01,105031101,2,1108.866
2026-05-01,105031101,12,6357.823
2026-06-01,105031101,17,8272.2
2025-07-01,105031102,46,24366.21
2025-08-01,105031102,1,748.668
2025-09-01,105031102,3,2680.774
2025-10-01,105031102,4,2309.36
2025-11-01,105031102,3,1682.295
2026-01-01,105031102,5,1837.325
2026-02-01,105031102,16,6857.95
2026-03-01,105031102,8,3963.0
2026-04-01,105031102,7,2971.085
2026-05-01,105031102,2,881.35
2026-06-01,105031102,8,3215.775
2025-07-01,105031103,2,1634.698
2025-08-01,105031103,1,687.079
2025-09-01,105031103,1,1600.0
2025-12-01,105031103,1,700.0
2026-01-01,105031103,1,768.221
2026-02-01,105031103,1,680.103
2026-03-01,105031103,2,578.503
2026-04-01,105031103,1,563.03
2026-05-01,105031103,3,1684.403
2026-06-01,105031103,2,1412.743
2025-09-01,105031104,5,2500.0
2025-11-01,105031104,4,2505.712
2026-02-01,105031104,1,649.801
2026-05-01,105031104,1,547.664
2026-06-01,105031104,1,793.082
2025-07-01,105031105,2,1057.95
2025-09-01,105031105,3,2331.425
2025-10-01,105031105,2,1142.625
2025-11-01,105031105,1,380.527
2026-01-01,105031105,1,550.0
2026-03-01,105031105,1,1272.15
2026-04-01,105031105,1,871.343
2026-05-01,105031105,2,1007.0
2026-06-01,105031105,1,1177.61
2025-07-01,105031106,11,5653.264
2025-08-01,105031106,1,526.7
2025-11-01,105031106,1,110.0
2025-12-01,105031106,1,408.1
2026-01-01,105031106,1,500.0
2026-02-01,105031106,4,1193.0
2026-03-01,105031106,3,2386.405
2026-06-01,105031106,1,411.5
2025-07-01,106011107,23,9793.519
2025-08-01,106011107,49,21378.555
2025-09-01,106011107,52,23927.137
2025-10-01,106011107,34,16350.216
2025-11-01,106011107,37,15664.771
2025-12-01,106011107,19,8421.349
2026-01-01,106011107,16,6090.195
2026-02-01,106011107,35,14639.871
2026-03-01,106011107,18,12099.08
2026-04-01,106011107,9,4981.179
2026-05-01,106011107,15,7142.499
2026-06-01,106011107,11,6404.585
2025-07-01,106011108,24,8691.511
2025-08-01,106011108,28,10205.332
2025-09-01,106011108,36,12223.889
2025-10-01,106011108,20,6539.988
2025-11-01,106011108,34,10757.77
2025-12-01,106011108,16,5704.743
2026-01-01,106011108,14,5254.417
2026-02-01,106011108,23,6902.382
2026-03-01,106011108,25,9644.725
2026-04-01,106011108,19,7488.278
2026-05-01,106011108,17,5731.781
2026-06-01,106011108,15,4783.705
2025-07-01,106011109,7,2556.247
2025-08-01,106011109,6,3217.41
2025-09-01,106011109,4,2208.774
2025-10-01,106011109,2,1082.593
2025-11-01,106011109,9,3188.555
2025-12-01,106011109,2,695.69
2026-01-01,106011109,4,1674.57
2026-02-01,106011109,4,1416.232
2026-03-01,106011109,7,2662.153
2026-04-01,106011109,2,605.104
2026-05-01,106011109,3,1261.125
2026-06-01,106011109,2,1906.999
2025-07-01,106011110,4,1603.336
2025-08-01,106011110,9,5231.093
2025-09-01,106011110,3,1857.109
2025-10-01,106011110,5,1855.56
2025-11-01,106011110,9,6800.871
2025-12-01,106011110,2,1565.63
2026-01-01,106011110,1,338.56
2026-02-01,106011110,2,1003.436
2026-03-01,106011110,7,4030.717
2026-04-01,106011110,5,2725.444
2026-05-01,106011110,4,2245.22
2026-06-01,106011110,7,4883.197
2025-07-01,106011111,11,5079.178
2025-08-01,106011111,7,1938.296
2025-09-01,106011111,2,706.374
2025-10-01,106011111,19,6112.694
2025-11-01,106011111,16,5561.416
2025-12-01,106011111,8,3139.371
2026-01-01,106011111,2,416.513
2026-02-01,106011111,13,4220.025
2026-03-01,106011111,10,3036.248
2026-04-01,106011111,9,3329.7
2026-05-01,106011111,33,9745.097
2026-06-01,106011111,10,4834.293
2025-07-01,106011112,3,1283.29
2025-09-01,106011112,6,2161.922
2025-10-01,106011112,2,903.76
2025-11-01,106011112,9,3621.574
2025-12-01,106011112,2,1027.547
2026-01-01,106011112,6,2955.596
2026-02-01,106011112,2,912.39
2026-03-01,106011112,19,7199.715
2026-04-01,106011112,13,4987.395
2026-05-01,106011112,15,5194.465
2026-06-01,106011112,5,2277.536
2025-07-01,106011113,3,2117.86
2026-02-01,106011113,3,1187.238
2026-03-01,106011113,3,1729.331
2026-04-01,106011113,1,453.745
2026-05-01,106011113,3,1552.712
2026-06-01,106011113,3,1386.945
2025-07-01,106021114,23,7352.38
2025-08-01,106021114,29,9473.838
2025-09-01,106021114,27,8548.601
2025-10-01,106021114,33,10704.775
2025-11-01,106021114,17,7455.38
2025-12-01,106021114,10,2948.203
2026-01-01,106021114,14,5014.222
2026-02-01,106021114,27,9396.549
2026-03-01,106021114,30,9831.783
2026-04-01,106021114,16,4829.087
2026-05-01,106021114,48,14372.137
2026-06-01,106021114,57,17612.721
2025-07-01,106021116,8,2740.2
2025-08-01,106021116,1,2709.642
2025-09-01,106021116,2,2700.0
2025-10-01,106021116,5,2009.0
2025-12-01,106021116,2,800.0
2026-02-01,106021116,4,2347.4
2026-03-01,106021116,12,5804.175
2026-05-01,106021116,3,800.0
2026-06-01,106021116,3,1741.375
2025-07-01,106021614,3,1058.559
2025-08-01,106021614,3,1294.375
2025-09-01,106021614,2,1908.491
2025-10-01,106021614,2,1271.045
2025-11-01,106021614,6,3566.444
2025-12-01,106021614,3,1063.568
2026-02-01,106021614,8,4326.724
2026-03-01,106021614,7,2115.997
2026-04-01,106021614,1,557.744
2026-05-01,106021614,8,3089.335
2026-06-01,106021614,4,1796.028
2025-07-01,106021615,49,17521.59
2025-08-01,106021615,18,6735.159
2025-09-01,106021615,41,15062.369
2025-10-01,106021615,49,18205.98
2025-11-01,106021615,38,14531.049
2025-12-01,106021615,27,11316.672
2026-01-01,106021615,11,4845.816
2026-02-01,106021615,37,13583.899
2026-03-01,106021615,26,10191.231
2026-04-01,106021615,19,8016.491
2026-05-01,106021615,43,14350.016
2026-06-01,106021615,38,14365.103
2025-07-01,106021616,26,8117.74
2025-08-01,106021616,20,5853.449
2025-09-01,106021616,13,4272.255
2025-10-01,106021616,14,4604.678
2025-11-01,106021616,9,3467.164
2025-12-01,106021616,4,1402.999
2026-01-01,106021616,8,2544.517
2026-02-01,106021616,6,2223.115
2026-03-01,106021616,12,4623.335
2026-04-01,106021616,10,2799.202
2026-05-01,106021616,51,15124.415
2026-06-01,106021616,41,11160.366
2025-07-01,106021617,1,214.5
2025-08-01,106021617,4,2128.598
2025-09-01,106021617,1,217.831
2025-10-01,106021617,1,416.85
2025-11-01,106021617,3,1616.586
2026-01-01,106021617,5,2141.75
2026-02-01,106021617,3,1018.842
2026-03-01,106021617,4,1162.9
2026-05-01,106021617,1,413.821
2025-07-01,106021618,21,9247.993
2025-08-01,106021618,23,8955.72
2025-09-01,106021618,28,11675.482
2025-10-01,106021618,32,13752.188
2025-11-01,106021618,25,11147.562
2025-12-01,106021618,26,11012.377
2026-01-01,106021618,22,9467.762
2026-02-01,106021618,28,11711.37
2026-03-01,106021618,17,8942.99
2026-04-01,106021618,30,12148.175
2026-05-01,106021618,19,7893.427
2026-06-01,106021618,44,18516.528
2025-07-01,106031119,185,73865.918
2025-08-01,106031119,1,507.829
2025-09-01,106031119,5,4239.72
2025-10-01,106031119,1,751.43
2025-11-01,106031119,3,1726.95
2025-12-01,106031119,3,2036.815
2026-02-01,106031119,1,180.0
2026-03-01,106031119,2,1028.148
2026-04-01,106031119,33,40368.677
2026-05-01,106031119,1,606.71
2026-06-01,106031119,2,877.165
2025-08-01,106031120,2,1412.841
2025-10-01,106031120,1,670.0
2025-11-01,106031120,44,12547.744
2025-12-01,106031120,1,997.599
2026-04-01,106031120,1,1800.0
2026-06-01,106031120,3,940.984
2025-07-01,106031121,12,10722.423
2025-08-01,106031121,2,600.0
2025-09-01,106031121,7,8449.715
2025-10-01,106031121,3,2414.599
2025-11-01,106031121,4,2607.17
2025-12-01,106031121,4,2866.105
2026-01-01,106031121,5,2950.0
2026-02-01,106031121,11,9395.299
2026-03-01,106031121,4,1953.819
2026-04-01,106031121,1,750.0
2026-05-01,106031121,8,4130.521
2026-06-01,106031121,3,3848.15
2025-07-01,106031122,1,185.75
2025-08-01,106031122,1,343.105
2025-09-01,106031122,1,330.0
2025-10-01,106031122,2,838.911
2025-12-01,106031122,3,600.0
2026-01-01,106031122,11,5073.529
2026-02-01,106031122,2,699.6
2026-03-01,106031122,34,11247.163
2026-04-01,106031122,5,1291.742
2026-05-01,106031122,16,5215.201
2026-06-01,106031122,11,3423.745
2025-08-01,106031123,1,630.0
2026-03-01,106031123,3,1256.37
2026-06-01,106031123,3,1214.699
2025-07-01,106031124,5,3100.0
2025-08-01,106031124,2,795.253
2025-10-01,106031124,2,1128.963
2025-11-01,106031124,2,2154.434
2025-12-01,106031124,1,137.64
2026-01-01,106031124,1,235.615
2026-04-01,106031124,1,1009.243
2026-06-01,106031124,2,865.847
2025-07-01,106031125,6,2208.042
2025-08-01,106031125,8,2648.403
2025-09-01,106031125,26,10540.283
2025-10-01,106031125,12,5063.54
2025-11-01,106031125,20,6692.913
2025-12-01,106031125,11,4289.522
2026-01-01,106031125,8,2884.98
2026-02-01,106031125,13,4827.906
2026-03-01,106031125,8,3094.624
2026-04-01,106031125,9,3140.84
2026-05-01,106031125,6,2405.322
2026-06-01,106031125,7,2209.09
2025-07-01,106041126,3,1324.972
2025-08-01,106041126,8,2945.465
2025-09-01,106041126,11,3953.535
2025-10-01,106041126,6,2656.744
2025-11-01,106041126,6,2884.159
2025-12-01,106041126,4,1573.988
2026-03-01,106041126,4,3741.754
2026-04-01,106041126,6,2774.579
2026-06-01,106041126,3,979.575
2025-08-01,106041127,4,1270.555
2025-10-01,106041127,2,953.843
2025-11-01,106041127,1,100.0
2026-01-01,106041127,1,350.0
2026-02-01,106041127,3,3430.321
2026-03-01,106041127,1,542.574
2026-04-01,106041127,2,1073.007
2026-05-01,106041127,2,1518.302
2026-06-01,106041127,2,1484.1
2025-07-01,106041128,7,2784.156
2025-09-01,106041128,1,563.67
2025-10-01,106041128,2,1107.296
2025-11-01,106041128,2,1654.401
2025-12-01,106041128,1,846.527
2026-01-01,106041128,3,1675.44
2026-02-01,106041128,6,4455.102
2026-03-01,106041128,2,1346.338
2026-05-01,106041128,1,535.739
2026-06-01,106041128,4,2646.975
2025-08-01,106041129,3,964.9
2025-10-01,106041129,1,500.0
2025-11-01,106041129,1,503.412
2025-12-01,106041129,2,667.728
2026-02-01,106041129,1,332.75
2026-03-01,106041129,1,679.937
2026-04-01,106041129,3,1546.372
2026-06-01,106041129,2,1142.933
2025-07-01,107011131,2,491.9
2025-08-01,107011131,2,774.135
2025-09-01,107011131,1,447.815
2025-10-01,107011131,4,1486.462
2025-11-01,107011131,8,2406.829
2025-12-01,107011131,3,1122.457
2026-01-01,107011131,2,346.0
2026-02-01,107011131,3,517.673
2026-03-01,107011131,2,392.511
2026-04-01,107011131,2,1000.0
2026-05-01,107011131,7,1995.788
2026-06-01,107011131,5,1734.855
2025-07-01,107011132,10,4900.879
2025-08-01,107011132,19,9081.917
2025-09-01,107011132,37,13134.423
2025-10-01,107011132,18,7294.496
2025-11-01,107011132,21,9260.165
2025-12-01,107011132,22,10023.636
2026-01-01,107011132,7,3317.625
2026-02-01,107011132,2,740.0
2026-03-01,107011132,15,7031.147
2026-04-01,107011132,17,8939.805
2026-05-01,107011132,31,14372.057
2026-06-01,107011132,24,8953.374
2025-07-01,107011134,2,815.045
2025-08-01,107011134,4,2163.771
2025-10-01,107011134,1,176.0
2025-11-01,107011134,1,185.5
2025-12-01,107011134,2,1737.424
2026-01-01,107011134,4,1051.061
2026-03-01,107011134,2,800.0
2025-07-01,107011545,6,1491.6
2025-08-01,107011545,2,351.0
2025-09-01,107011545,2,267.0
2025-10-01,107011545,3,1372.23
2025-11-01,107011545,2,246.65
2025-12-01,107011545,2,1048.271
2026-01-01,107011545,1,200.0
2026-02-01,107011545,7,2292.841
2026-03-01,107011545,3,849.8
2026-04-01,107011545,1,1000.0
2026-05-01,107011545,7,1812.519
2026-06-01,107011545,1,105.0
2025-08-01,107011546,2,1484.228
2025-09-01,107011546,2,273.558
2025-10-01,107011546,2,1783.5
2025-12-01,107011546,1,140.0
2026-02-01,107011546,1,96.458
2026-03-01,107011546,1,297.0
2026-04-01,107011546,2,711.785
2026-05-01,107011546,5,1461.26
2026-06-01,107011546,5,2984.5
2025-07-01,107011547,3,2233.19
2025-08-01,107011547,1,830.986
2025-09-01,107011547,1,950.0
2025-10-01,107011547,1,500.0
2025-11-01,107011547,7,2880.0
2026-02-01,107011547,1,571.423
2026-05-01,107011547,1,214.29
2026-06-01,107011547,3,1820.0
2025-07-01,107031136,17,8963.975
2025-08-01,107031136,32,17254.347
2025-09-01,107031136,27,12945.425
2025-10-01,107031136,40,20297.28
2025-11-01,107031136,65,26827.528
2025-12-01,107031136,43,19570.835
2026-01-01,107031136,14,6237.24
2026-02-01,107031136,47,23723.943
2026-03-01,107031136,35,16229.389
2026-04-01,107031136,45,21000.258
2026-05-01,107031136,45,20242.231
2026-06-01,107031136,27,16138.041
2025-08-01,107031137,3,750.0
2025-10-01,107031137,1,180.0
2026-03-01,107031137,5,2073.0
2026-06-01,107031137,2,997.0
2025-07-01,107031138,3,2877.293
2025-08-01,107031138,15,5100.0
2025-09-01,107031138,2,2100.0
2025-11-01,107031138,7,6194.136
2025-12-01,107031138,2,2316.0
2026-02-01,107031138,9,4622.613
2026-03-01,107031138,1,2407.13
2026-04-01,107031138,6,4652.402
2026-05-01,107031138,28,14942.858
2026-06-01,107031138,2,930.35
2025-07-01,107031139,1,997.44
2025-08-01,107031139,2,800.0
2025-10-01,107031139,2,1587.108
2026-01-01,107031139,2,550.0
2026-02-01,107031139,2,1718.0
2026-03-01,107031139,2,1500.0
2026-04-01,107031139,1,2200.0
2026-05-01,107031139,1,575.624
2026-06-01,107031139,8,4529.183
2025-07-01,107031140,4,2817.309
2025-08-01,107031140,1,314.0
2025-09-01,107031140,1,800.0
2025-10-01,107031140,4,5353.494
2025-11-01,107031140,1,985.0
2025-12-01,107031140,2,4741.165
2026-01-01,107031140,7,5181.681
2026-02-01,107031140,4,5664.645
2026-03-01,107031140,39,26359.759
2026-04-01,107031140,5,7256.092
2026-05-01,107031140,3,5057.19
2026-06-01,107031140,1,600.0
2025-07-01,107031141,9,6625.152
2025-08-01,107031141,14,6485.608
2025-09-01,107031141,7,4521.649
2025-10-01,107031141,5,4595.612
2025-11-01,107031141,18,11209.599
2025-12-01,107031141,4,4710.0
2026-01-01,107031141,2,1481.73
2026-02-01,107031141,6,4064.828
2026-03-01,107031141,5,3375.758
2026-04-01,107031141,7,5125.09
2026-05-01,107031141,8,6317.962
2026-06-01,107031141,181,103572.145
2025-08-01,107031142,3,890.0
2025-10-01,107031142,10,3183.85
2025-11-01,107031142,4,1417.624
2025-12-01,107031142,3,1372.2
2026-01-01,107031142,10,6301.758
2026-02-01,107031142,4,1600.0
2026-03-01,107031142,4,2624.55
2026-04-01,107031142,5,2762.043
2026-05-01,107031142,8,2354.804
2026-06-01,107031142,4,2740.1
2025-07-01,107031143,10,3941.02
2025-08-01,107031143,19,4886.276
2025-09-01,107031143,2,570.4
2025-10-01,107031143,4,1647.982
2025-11-01,107031143,1,192.775
2025-12-01,107031143,8,3210.608
2026-01-01,107031143,3,1393.935
2026-02-01,107031143,13,4498.818
2026-03-01,107031143,4,2273.146
2026-04-01,107031143,3,1147.14
2026-05-01,107031143,10,2724.445
2026-06-01,107031143,9,5073.525
2025-07-01,107041144,10,7159.54
2025-08-01,107041144,6,2692.145
2025-09-01,107041144,3,1220.0
2025-10-01,107041144,5,3489.966
2025-11-01,107041144,10,4417.912
2025-12-01,107041144,13,12874.5
2026-01-01,107041144,6,3780.0
2026-02-01,107041144,5,2800.0
2026-03-01,107041144,9,5896.44
2026-04-01,107041144,8,5228.04
2026-05-01,107041144,13,10037.681
2026-06-01,107041144,7,4019.23
2025-07-01,107041145,9,3315.8
2025-08-01,107041145,8,4163.651
2025-09-01,107041145,8,4193.287
2025-10-01,107041145,14,7478.509
2025-11-01,107041145,187,126574.915
2025-12-01,107041145,11,5074.809
2026-02-01,107041145,11,5069.688
2026-03-01,107041145,4,2113.708
2026-04-01,107041145,19,13148.473
2026-05-01,107041145,6,3467.276
2026-06-01,107041145,3,1273.0
2025-07-01,107041146,6,1796.9
2025-08-01,107041146,8,6553.763
2025-09-01,107041146,10,5252.152
2025-10-01,107041146,2,867.552
2025-11-01,107041146,3,2232.262
2025-12-01,107041146,3,1366.04
2026-01-01,107041146,4,3047.388
2026-02-01,107041146,1,155.0
2026-03-01,107041146,11,4338.915
2026-04-01,107041146,4,2000.0
2026-05-01,107041146,10,5479.188
2026-06-01,107041146,1,858.0
2025-08-01,107041147,10,3167.0
2025-10-01,107041147,1,850.0
2025-11-01,107041147,2,2047.997
2026-01-01,107041147,2,1969.662
2026-02-01,107041147,2,1180.561
2026-04-01,107041147,2,700.0
2026-05-01,107041147,4,1328.656
2026-06-01,107041147,4,1400.0
2025-07-01,107041148,6,5518.58
2025-09-01,107041148,4,3172.0
2025-10-01,107041148,6,7386.302
2025-11-01,107041148,1,1318.46
2025-12-01,107041148,3,3886.562
2026-01-01,107041148,1,1550.0
2026-02-01,107041148,2,3003.0
2026-03-01,107041148,3,1570.163
2026-04-01,107041148,4,2663.135
2026-05-01,107041148,5,3900.0
2026-06-01,107041148,5,3768.79
2025-07-01,107041150,2,992.619
2025-08-01,107041150,5,2414.718
2025-10-01,107041150,9,5796.977
2025-11-01,107041150,7,4584.554
2025-12-01,107041150,6,5511.131
2026-01-01,107041150,9,7207.727
2026-02-01,107041150,5,2751.997
2026-03-01,107041150,6,4551.293
2026-04-01,107041150,10,7088.0
2026-05-01,107041150,5,3134.593
2026-06-01,107041150,12,6902.999
2025-07-01,107041548,11,18668.3
2025-08-01,107041548,58,27835.5
2025-09-01,107041548,2,850.0
2025-10-01,107041548,54,18624.0
2025-11-01,107041548,145,61545.325
2026-01-01,107041548,3,2159.4
2026-02-01,107041548,31,14400.0
2026-04-01,107041548,1,900.0
2025-07-01,107041549,2,1216.283
2025-08-01,107041549,1,141.0
2025-09-01,107041549,1,782.964
2025-11-01,107041549,2,998.0
2025-12-01,107041549,1,1040.0
2026-01-01,107041549,2,1152.8
2026-02-01,107041549,2,840.0
2026-04-01,107041549,267,102650.0
2026-06-01,107041549,17,9942.621
2025-08-01,108011151,2,800.0
2025-09-01,108011151,3,1890.778
2025-10-01,108011151,3,1561.215
2025-11-01,108011151,1,350.0
2025-12-01,108011151,1,500.281
2026-01-01,108011151,1,497.621
2026-02-01,108011151,2,581.63
2026-03-01,108011151,2,1578.865
2026-04-01,108011151,1,240.0
2026-05-01,108011151,4,2215.529
2026-06-01,108011151,1,568.3
2025-07-01,108011152,9,4555.689
2025-08-01,108011152,1,628.157
2025-09-01,108011152,3,1101.622
2025-10-01,108011152,12,6346.224
2025-12-01,108011152,2,1030.894
2026-01-01,108011152,2,903.657
2026-02-01,108011152,4,2354.03
2026-03-01,108011152,3,1426.055
2026-04-01,108011152,3,1221.54
2026-05-01,108011152,6,2616.011
2026-06-01,108011152,2,938.27
2025-07-01,108011153,4,1297.5
2025-08-01,108011153,1,220.0
2025-10-01,108011153,4,1541.899
2025-11-01,108011153,3,2360.425
2025-12-01,108011153,3,1835.0
2026-01-01,108011153,2,409.75
2026-02-01,108011153,135,34697.7
2026-03-01,108011153,2,1395.0
2026-05-01,108011153,3,2715.229
2026-06-01,108011153,4,1957.708
2025-07-01,108011154,2,800.0
2025-10-01,108011154,2,702.452
2025-12-01,108011154,1,90.0
2026-03-01,108011154,7,2893.555
2026-04-01,108011154,1,130.0
2025-08-01,108021155,2,735.0
2025-09-01,108021155,2,761.585
2025-10-01,108021155,1,350.0
2025-11-01,108021155,1,460.888
2025-12-01,108021155,3,1147.605
2026-01-01,108021155,2,772.631
2026-02-01,108021155,9,3411.995
2026-03-01,108021155,2,445.0
2026-04-01,108021155,2,967.945
2026-05-01,108021155,9,3441.311
2026-06-01,108021155,2,1262.894
2025-07-01,108021156,1,310.8
2025-08-01,108021156,2,2835.495
2025-09-01,108021156,1,553.5
2025-10-01,108021156,3,2250.0
2025-11-01,108021156,1,247.094
2025-12-01,108021156,1,500.0
2026-01-01,108021156,3,1385.0
2026-02-01,108021156,1,780.0
2026-03-01,108021156,3,1827.9
2026-04-01,108021156,1,540.495
2026-05-01,108021156,1,276.925
2025-07-01,108021157,1,502.75
2025-08-01,108021157,2,774.0
2025-09-01,108021157,5,2851.252
2025-11-01,108021157,1,589.595
2025-12-01,108021157,1,400.0
2026-01-01,108021157,1,144.0
2026-02-01,108021157,2,2781.685
2026-03-01,108021157,1,627.608
2026-04-01,108021157,1,352.0
2025-07-01,108021158,41,4100.0
2025-08-01,108021158,9,4310.36
2025-09-01,108021158,2,973.65
2025-10-01,108021158,6,2821.969
2025-11-01,108021158,6,2732.664
2025-12-01,108021158,2,934.263
2026-01-01,108021158,1,122.32
2026-02-01,108021158,6,2445.079
2026-03-01,108021158,5,2227.26
2026-04-01,108021158,11,5389.066
2026-05-01,108021158,9,4568.402
2026-06-01,108021158,9,4161.555
2025-07-01,108021159,1,176.0
2025-08-01,108021159,5,1889.865
2025-09-01,108021159,2,391.9
2025-10-01,108021159,1,170.0
2025-11-01,108021159,1,673.267
2025-12-01,108021159,4,2614.211
2026-02-01,108021159,1,220.0
2026-03-01,108021159,2,809.676
2026-04-01,108021159,1,407.0
2026-05-01,108021159,5,1868.03
2026-06-01,108021159,2,1444.732
2025-07-01,108021160,4,2127.894
2025-08-01,108021160,1,1500.0
2025-09-01,108021160,4,1620.793
2025-10-01,108021160,3,1262.686
2025-11-01,108021160,1,616.0
2025-12-01,108021160,1,888.1
2026-01-01,108021160,1,500.0
2026-02-01,108021160,18,7153.198
2026-03-01,108021160,9,4587.194
2026-04-01,108021160,4,1959.6
2026-05-01,108021160,1,392.64
2026-06-01,108021160,6,2887.504
2026-05-01,108031161,1,1261.0
2025-07-01,108041162,8,3378.47
2025-08-01,108041162,6,2215.241
2025-09-01,108041162,11,3893.732
2025-10-01,108041162,5,2597.927
2025-11-01,108041162,19,6292.069
2025-12-01,108041162,6,3169.316
2026-01-01,108041162,9,5361.462
2026-02-01,108041162,9,4616.104
2026-03-01,108041162,7,5230.651
2026-04-01,108041162,14,6925.085
2026-05-01,108041162,11,5996.398
2026-06-01,108041162,12,3997.196
2025-07-01,108041164,25,12028.174
2025-08-01,108041164,24,9589.483
2025-09-01,108041164,33,15355.794
2025-10-01,108041164,20,8918.306
2025-11-01,108041164,28,15021.811
2025-12-01,108041164,16,7789.271
2026-01-01,108041164,18,7032.382
2026-02-01,108041164,18,8391.758
2026-03-01,108041164,33,14858.936
2026-04-01,108041164,17,6822.84
2026-05-01,108041164,22,10676.351
2026-06-01,108041164,18,7802.937
2025-07-01,108041165,2,1305.33
2025-08-01,108041165,6,2671.497
2025-09-01,108041165,2,1397.937
2025-10-01,108041165,1,75.0
2025-11-01,108041165,2,1542.274
2025-12-01,108041165,1,774.499
2026-02-01,108041165,1,917.25
2026-03-01,108041165,1,714.0
2026-04-01,108041165,1,220.0
2026-05-01,108041165,2,606.122
2026-06-01,108041165,3,2851.038
2025-07-01,108041166,1,1168.0
2025-09-01,108041166,2,1578.081
2025-10-01,108041166,1,700.0
2025-11-01,108041166,2,1655.957
2025-12-01,108041166,15,5392.725
2026-01-01,108041166,2,1507.0
2026-02-01,108041166,2,577.777
2026-03-01,108041166,10,5571.061
2026-04-01,108041166,3,1655.623
2026-05-01,108041166,2,340.0
2026-06-01,108041166,3,2125.983
2025-07-01,108041619,1,2420.0
2025-09-01,108041619,1,189.2
2025-10-01,108041619,2,984.204
2025-11-01,108041619,1,668.021
2025-12-01,108041619,3,2170.186
2026-03-01,108041619,2,1245.0
2026-05-01,108041619,3,2136.78
2025-07-01,108041620,4,2689.017
2025-08-01,108041620,2,2610.0
2025-09-01,108041620,2,1206.534
2025-10-01,108041620,2,1520.475
2025-11-01,108041620,3,2128.162
2025-12-01,108041620,3,1372.826
2026-01-01,108041620,1,738.35
2026-02-01,108041620,2,810.0
2026-03-01,108041620,2,938.52
2026-04-01,108041620,3,3318.205
2026-05-01,108041620,4,1239.5
2025-08-01,108051167,1,717.194
2025-09-01,108051167,1,566.0
2025-11-01,108051167,2,600.6
2025-12-01,108051167,2,769.523
2026-01-01,108051167,1,519.679
2026-02-01,108051167,1,260.0
2026-03-01,108051167,2,2079.322
2026-04-01,108051167,2,400.0
2025-07-01,108051168,10,5209.792
2025-08-01,108051168,10,3917.462
2025-09-01,108051168,6,3365.994
2025-10-01,108051168,5,1839.367
2025-11-01,108051168,9,4011.419
2025-12-01,108051168,11,6033.619
2026-01-01,108051168,10,5184.506
2026-02-01,108051168,8,4928.496
2026-03-01,108051168,9,7114.008
2026-04-01,108051168,8,3520.254
2026-05-01,108051168,8,5071.605
2026-06-01,108051168,7,3321.845
2025-07-01,108051169,14,7233.045
2025-08-01,108051169,7,2530.701
2025-09-01,108051169,4,1471.994
2025-10-01,108051169,4,1964.23
2025-11-01,108051169,1,244.35
2025-12-01,108051169,25,5625.0
2026-01-01,108051169,1,148.7
2026-02-01,108051169,6,2178.146
2026-03-01,108051169,9,2828.078
2026-04-01,108051169,6,3614.663
2026-05-01,108051169,5,2548.757
2026-06-01,108051169,2,1430.529
2025-07-01,108051170,2,1502.175
2025-09-01,108051170,1,572.42
2025-10-01,108051170,5,1765.506
2025-11-01,108051170,2,445.1
2025-12-01,108051170,5,2594.529
2026-01-01,108051170,1,495.719
2026-02-01,108051170,3,1554.77
2026-03-01,108051170,4,2881.222
2026-04-01,108051170,1,150.99
2026-05-01,108051170,2,1281.376
2026-06-01,108051170,2,824.061
2025-07-01,108051171,3,659.138
2025-08-01,108051171,1,150.0
2025-09-01,108051171,1,450.0
2025-10-01,108051171,1,474.991
2026-03-01,108051171,2,560.0
2026-04-01,108051171,2,776.62
2026-05-01,108051171,1,292.8
2025-07-01,109011172,24,10710.463
2025-08-01,109011172,11,4901.371
2025-09-01,109011172,20,10521.961
2025-10-01,109011172,21,8788.317
2025-11-01,109011172,16,8820.912
2025-12-01,109011172,9,3531.315
2026-01-01,109011172,5,3085.761
2026-02-01,109011172,10,4804.299
2026-03-01,109011172,29,12942.22
2026-04-01,109011172,35,17941.627
2026-05-01,109011172,34,15285.751
2026-06-01,109011172,20,8348.111
2025-07-01,109011173,5,1540.5
2025-08-01,109011173,2,695.4
2025-09-01,109011173,5,2332.76
2025-10-01,109011173,3,1239.01
2025-11-01,109011173,7,3323.31
2025-12-01,109011173,4,1627.103
2026-01-01,109011173,6,2317.805
2026-02-01,109011173,8,3166.082
2026-03-01,109011173,6,2609.573
2026-04-01,109011173,5,2076.364
2026-05-01,109011173,8,3500.156
2026-06-01,109011173,8,3078.486
2025-08-01,109011174,1,2090.0
2025-09-01,109011174,1,888.359
2025-10-01,109011174,10,10000.0
2026-01-01,109011174,1,681.963
2026-02-01,109011174,2,1062.05
2026-03-01,109011174,2,1636.658
2026-05-01,109011174,2,2366.519
2026-06-01,109011174,3,1794.328
2025-07-01,109011175,7,3751.868
2025-08-01,109011175,8,4255.854
2025-09-01,109011175,6,3316.117
2025-10-01,109011175,15,7096.883
2025-11-01,109011175,8,4199.352
2025-12-01,109011175,3,1185.318
2026-01-01,109011175,6,3366.789
2026-02-01,109011175,5,3485.538
2026-03-01,109011175,13,6741.553
2026-04-01,109011175,8,4077.616
2026-05-01,109011175,15,7951.286
2026-06-01,109011175,14,8885.369
2025-07-01,109011176,5,2910.1
2025-08-01,109011176,5,2207.965
2025-09-01,109011176,17,6684.152
2025-10-01,109011176,4,1712.999
2025-11-01,109011176,3,1781.692
2025-12-01,109011176,4,1098.103
2026-01-01,109011176,5,2139.185
2026-02-01,109011176,5,2406.583
2026-03-01,109011176,1,374.456
2026-04-01,109011176,13,4317.18
2026-05-01,109011176,1,400.0
2026-06-01,109011176,1,509.0
2025-07-01,109021177,1,300.0
2025-08-01,109021177,1,750.0
2025-10-01,109021177,1,400.0
2026-03-01,109021177,1,220.0
2026-04-01,109021177,1,330.0
2025-07-01,109021178,69,24979.818
2025-08-01,109021178,3,1827.65
2025-09-01,109021178,4,1810.672
2025-10-01,109021178,6,4706.054
2025-11-01,109021178,4,1948.429
2025-12-01,109021178,3,1566.498
2026-01-01,109021178,5,3760.933
2026-02-01,109021178,7,3349.442
2026-03-01,109021178,6,3303.251
2026-04-01,109021178,8,5119.598
2026-05-01,109021178,6,6277.264
2026-06-01,109021178,4,2329.107
2025-07-01,109021179,1,365.102
2025-08-01,109021179,1,639.91
2025-10-01,109021179,1,275.0
2026-02-01,109021179,1,198.364
2026-03-01,109021179,2,770.0
2026-04-01,109021179,1,1664.0
2025-07-01,109031180,1,462.43
2025-08-01,109031180,2,886.383
2025-09-01,109031180,1,545.7
2025-12-01,109031180,2,778.0
2026-01-01,109031180,2,1173.8
2026-03-01,109031180,1,447.123
2026-04-01,109031180,1,1461.463
2026-05-01,109031180,2,936.135
2025-07-01,109031181,2,983.429
2025-08-01,109031181,3,1421.223
2025-09-01,109031181,1,473.48
2025-10-01,109031181,5,2405.26
2025-11-01,109031181,2,997.117
2025-12-01,109031181,1,555.855
2026-01-01,109031181,1,511.03
2026-03-01,109031181,4,1921.21
2026-04-01,109031181,8,6161.679
2026-05-01,109031181,2,967.662
2026-06-01,109031181,5,2736.795
2025-07-01,109031182,2,1223.116
2025-08-01,109031182,1,372.007
2025-09-01,109031182,2,606.7
2025-10-01,109031182,2,1748.548
2025-12-01,109031182,4,1825.686
2026-01-01,109031182,5,3489.756
2026-02-01,109031182,3,1780.0
2026-03-01,109031182,2,1070.5
2026-04-01,109031182,1,340.0
2026-05-01,109031182,1,617.88
2026-06-01,109031182,1,661.75
2025-07-01,109031183,1,582.79
2025-09-01,109031183,1,395.6
2025-11-01,109031183,2,1201.5
2025-12-01,109031183,3,2802.017
2026-01-01,109031183,1,610.138
2026-02-01,109031183,1,800.0
2026-03-01,109031183,2,1331.071
2026-04-01,109031183,1,565.742
2026-05-01,109031183,1,599.92
2026-06-01,109031183,1,454.208
2025-07-01,109031184,13,6759.074
2025-08-01,109031184,17,9232.901
2025-09-01,109031184,13,6113.279
2025-10-01,109031184,14,6976.638
2025-11-01,109031184,11,4988.564
2025-12-01,109031184,13,6682.587
2026-01-01,109031184,6,3799.854
2026-02-01,109031184,9,4800.439
2026-03-01,109031184,11,7147.465
2026-04-01,109031184,10,4796.615
2026-05-01,109031184,11,5763.071
2026-06-01,109031184,8,4076.82
2025-07-01,109031185,8,3902.4
2025-08-01,109031185,3,2115.215
2025-09-01,109031185,4,1446.16
2025-10-01,109031185,7,2957.628
2025-11-01,109031185,4,1605.725
2025-12-01,109031185,4,1941.503
2026-01-01,109031185,4,2044.013
2026-02-01,109031185,4,1777.287
2026-03-01,109031185,2,1558.766
2026-04-01,109031185,8,2705.591
2026-05-01,109031185,5,3162.096
2026-06-01,109031185,3,1404.913
2025-07-01,110011186,25,7254.65
2025-08-01,110011186,10,4038.19
2025-09-01,110011186,1,19.5
2025-10-01,110011186,4,922.09
2025-11-01,110011186,11,5438.731
2025-12-01,110011186,5,1795.0
2026-01-01,110011186,3,845.0
2026-02-01,110011186,8,4200.252
2026-03-01,110011186,6,2263.03
2026-04-01,110011186,11,4585.534
2026-05-01,110011186,3,1718.488
2026-06-01,110011186,10,5734.844
2025-07-01,110011187,1,572.0
2025-08-01,110011187,2,860.0
2025-10-01,110011187,1,198.715
2026-01-01,110011187,1,987.14
2026-02-01,110011187,1,750.0
2026-03-01,110011187,1,250.0
2026-04-01,110011187,1,172.5
2026-06-01,110011187,1,1600.0
2025-10-01,110011188,1,380.5
2025-11-01,110011188,1,500.0
2026-01-01,110011188,1,625.157
2026-02-01,110011188,3,1011.026
2026-03-01,110011188,1,240.864
2026-05-01,110011188,3,1120.762
2026-06-01,110011188,2,753.832
2025-09-01,110011189,1,646.0
2026-02-01,110011189,1,647.35
2026-03-01,110011189,2,577.922
2025-09-01,110021190,1,424.0
2025-10-01,110021190,1,480.0
2025-11-01,110021190,1,650.0
2025-12-01,110021190,1,130.0
2026-02-01,110021190,1,334.4
2026-03-01,110021190,1,576.62
2026-04-01,110021190,2,642.8
2026-06-01,110021190,3,1182.405
2025-07-01,110021191,1,395.0
2025-08-01,110021191,1,670.34
2025-09-01,110021191,5,2237.414
2025-10-01,110021191,1,668.932
2025-11-01,110021191,2,734.8
2025-12-01,110021191,1,185.306
2026-01-01,110021191,1,451.44
2026-02-01,110021191,3,1236.2
2026-04-01,110021191,3,463.85
2026-05-01,110021191,2,988.7
2026-06-01,110021191,3,1052.0
2025-07-01,110021192,1,1068.0
2025-09-01,110021192,1,1500.0
2025-12-01,110021192,5,3744.063
2026-03-01,110021192,1,375.0
2026-04-01,110021192,1,598.4
2025-08-01,110021193,2,1250.0
2025-09-01,110021193,1,583.0
2025-11-01,110021193,5,2197.1
2026-01-01,110021193,1,165.0
2026-05-01,110021193,6,2014.599
2026-06-01,110021193,2,687.5
2025-07-01,110021194,6,1506.52
2025-08-01,110021194,2,1123.004
2025-09-01,110021194,4,859.513
2025-10-01,110021194,7,2058.0
2025-11-01,110021194,3,974.2
2025-12-01,110021194,1,300.0
2026-01-01,110021194,4,2016.347
2026-02-01,110021194,5,1853.935
2026-03-01,110021194,6,2189.0
2026-04-01,110021194,8,3345.202
2026-05-01,110021194,4,2331.5
2026-06-01,110021194,4,1011.79
2025-07-01,110031195,4,2513.156
2025-11-01,110031195,1,550.0
2026-02-01,110031195,8,2357.24
2025-07-01,110031196,2,1449.52
2026-03-01,110031196,1,582.2
2026-05-01,110031196,1,546.169
2025-11-01,110031197,1,486.5
2025-12-01,110031197,2,904.715
2026-01-01,110031197,2,2865.869
2026-05-01,110031197,2,1488.213
2026-06-01,110031197,2,1149.428
2025-10-01,110031198,1,700.0
2026-05-01,110031198,1,149.6
2026-06-01,110031198,1,997.0
2025-07-01,110041199,2,1113.285
2025-08-01,110041199,3,3002.488
2025-09-01,110041199,1,218.0
2025-10-01,110041199,1,649.749
2025-11-01,110041199,10,2934.923
2025-12-01,110041199,2,798.574
2026-03-01,110041199,3,1122.295
2026-06-01,110041199,2,1155.533
2025-08-01,110041200,1,1036.493
2026-02-01,110041200,1,120.0
2026-03-01,110041200,1,338.611
2025-07-01,110041201,3,1193.526
2025-09-01,110041201,2,1379.389
2025-12-01,110041201,2,894.608
2026-01-01,110041201,2,1278.0
2026-04-01,110041201,2,453.371
2025-07-01,110041202,3,1306.85
2025-08-01,110041202,4,1990.679
2025-09-01,110041202,1,430.0
2025-10-01,110041202,8,3229.519
2025-11-01,110041202,3,1375.305
2025-12-01,110041202,3,1247.518
2026-01-01,110041202,7,3740.639
2026-02-01,110041202,2,625.425
2026-03-01,110041202,2,1219.455
2026-04-01,110041202,4,1663.474
2026-05-01,110041202,6,4119.453
2026-06-01,110041202,3,1133.5
2025-07-01,110041203,15,6476.607
2025-08-01,110041203,7,3796.988
2025-09-01,110041203,14,6685.99
2025-10-01,110041203,14,4884.757
2025-11-01,110041203,8,3897.52
2025-12-01,110041203,2,1109.075
2026-01-01,110041203,9,3563.089
2026-02-01,110041203,11,6832.952
2026-03-01,110041203,5,2910.345
2026-04-01,110041203,15,6665.385
2026-05-01,110041203,19,9380.907
2026-06-01,110041203,8,3406.429
2025-07-01,110041204,12,3818.872
2025-09-01,110041204,10,3155.75
2025-10-01,110041204,6,1885.5
2025-11-01,110041204,15,7590.293
2025-12-01,110041204,8,2956.5
2026-01-01,110041204,1,366.5
2026-02-01,110041204,8,3929.125
2026-03-01,110041204,7,3882.696
2026-04-01,110041204,2,900.0
2026-05-01,110041204,6,1390.0
2026-06-01,110041204,4,961.0
2025-07-01,110041205,10,3714.711
2025-08-01,110041205,12,4380.598
2025-09-01,110041205,31,13422.978
2025-10-01,110041205,14,5077.008
2025-11-01,110041205,20,6683.825
2025-12-01,110041205,11,5611.6
2026-01-01,110041205,12,4870.48
2026-02-01,110041205,8,4747.727
2026-03-01,110041205,15,7955.043
2026-04-01,110041205,6,4250.446
2026-05-01,110041205,11,5368.399
2026-06-01,110041205,10,2998.096
2025-07-01,111011206,2,1445.721
2025-08-01,111011206,2,1571.251
2025-09-01,111011206,2,951.921
2025-10-01,111011206,2,1376.64
2025-11-01,111011206,1,813.62
2025-12-01,111011206,2,1017.415
2026-01-01,111011206,2,2082.5
2026-02-01,111011206,2,821.434
2026-03-01,111011206,2,911.621
2026-04-01,111011206,2,2205.567
2026-05-01,111011206,3,1991.535
2026-06-01,111011206,3,1491.955
2025-07-01,111011207,1,156.0
2025-10-01,111011207,2,1453.554
2026-01-01,111011207,1,616.7
2026-02-01,111011207,2,1302.005
2026-03-01,111011207,1,743.75
2026-04-01,111011207,1,710.083
2026-05-01,111011207,3,1955.0
2026-06-01,111011207,2,1716.523
2025-07-01,111011208,3,843.473
2025-08-01,111011208,7,3984.095
2025-09-01,111011208,12,7661.142
2025-10-01,111011208,18,8225.242
2025-11-01,111011208,3,3630.0
2025-12-01,111011208,6,2915.65
2026-02-01,111011208,4,624.296
2026-03-01,111011208,5,2035.142
2026-04-01,111011208,7,3459.526
2026-05-01,111011208,7,5790.965
2026-06-01,111011208,16,9014.892
2025-07-01,111011209,7,5514.324
2025-08-01,111011209,2,373.466
2025-09-01,111011209,2,404.322
2025-10-01,111011209,15,5123.74
2025-11-01,111011209,4,750.0
2025-12-01,111011209,2,1267.01
2026-01-01,111011209,2,1627.97
2026-02-01,111011209,5,3334.193
2026-03-01,111011209,12,6146.418
2026-04-01,111011209,4,1573.499
2026-05-01,111011209,3,741.901
2026-06-01,111011209,6,2788.912
2025-07-01,111011210,17,3280.813
2025-08-01,111011210,3,756.142
2025-09-01,111011210,2,448.312
2025-12-01,111011210,1,220.0
2026-01-01,111011210,3,730.686
2026-02-01,111011210,1,233.8
2026-03-01,111011210,2,835.453
2026-04-01,111011210,2,439.966
2026-05-01,111011210,1,382.688
2026-06-01,111011210,1,422.593
2025-10-01,111011211,1,673.996
2025-12-01,111011211,4,1870.92
2026-01-01,111011211,1,1760.0
2026-02-01,111011211,1,133.1
2026-05-01,111011211,1,292.668
2026-06-01,111011211,2,4666.4
2025-07-01,111011212,5,2382.594
2025-08-01,111011212,6,4120.125
2025-09-01,111011212,6,3420.964
2025-10-01,111011212,6,4230.767
2025-11-01,111011212,4,2713.787
2025-12-01,111011212,7,3588.18
2026-01-01,111011212,1,824.801
2026-02-01,111011212,6,4621.531
2026-03-01,111011212,9,5611.006
2026-04-01,111011212,2,1069.035
2026-05-01,111011212,8,6316.66
2026-06-01,111011212,4,2631.493
2025-11-01,111011213,2,1262.9
2026-01-01,111011213,2,729.3
2026-02-01,111011213,1,2250.0
2026-03-01,111011213,1,1500.0
2026-05-01,111011213,1,1138.5
2026-06-01,111011213,5,2750.0
2025-07-01,111011214,30,9610.09
2025-08-01,111011214,12,5606.012
2025-09-01,111011214,8,3657.616
2025-10-01,111011214,9,8914.371
2025-11-01,111011214,6,3175.2
2025-12-01,111011214,3,1194.145
2026-01-01,111011214,2,1487.363
2026-02-01,111011214,5,3021.765
2026-03-01,111011214,8,4522.928
2026-04-01,111011214,6,3185.18
2026-05-01,111011214,5,2154.125
2026-06-01,111011214,3,1485.897
2025-07-01,111021215,1,517.46
2025-08-01,111021215,3,1340.697
2025-09-01,111021215,1,530.928
2025-11-01,111021215,4,2087.065
2026-02-01,111021215,3,1737.297
2026-03-01,111021215,1,350.0
2026-04-01,111021215,1,446.827
2026-05-01,111021215,4,4374.301
2026-06-01,111021215,2,1238.708
2025-07-01,111021216,2,2655.345
2025-08-01,111021216,1,406.314
2025-09-01,111021216,3,3478.8
2025-10-01,111021216,4,1683.407
2025-12-01,111021216,1,330.055
2026-01-01,111021216,2,961.276
2026-02-01,111021216,2,961.6
2026-03-01,111021216,2,918.247
2026-04-01,111021216,2,505.567
2026-05-01,111021216,2,1100.0
2026-06-01,111021216,3,1371.033
2025-07-01,111021217,15,4987.325
2025-08-01,111021217,6,2427.645
2025-09-01,111021217,13,6227.284
2025-10-01,111021217,8,3693.639
2025-11-01,111021217,12,5174.449
2025-12-01,111021217,6,2352.891
2026-01-01,111021217,5,1435.397
2026-02-01,111021217,17,6300.188
2026-03-01,111021217,23,9604.672
2026-04-01,111021217,5,2519.116
2026-05-01,111021217,4,2194.492
2026-06-01,111021217,6,3504.535
2025-07-01,111021218,52,21176.393
2025-08-01,111021218,59,21264.251
2025-09-01,111021218,20,8235.588
2025-10-01,111021218,29,13639.676
2025-11-01,111021218,30,12979.678
2025-12-01,111021218,27,11642.579
2026-01-01,111021218,15,6129.083
2026-02-01,111021218,47,18608.032
2026-03-01,111021218,71,30273.779
2026-04-01,111021218,40,17611.166
2026-05-01,111021218,64,25221.896
2026-06-01,111021218,49,21595.008
2025-07-01,111021219,2,693.535
2025-08-01,111021219,2,1304.6
2025-09-01,111021219,2,1130.0
2025-10-01,111021219,3,1947.962
2025-12-01,111021219,4,2788.404
2026-01-01,111021219,1,200.0
2026-02-01,111021219,2,897.47
2026-03-01,111021219,24,5431.831
2026-04-01,111021219,2,427.864
2026-05-01,111021219,3,1169.377
2026-06-01,111021219,3,2007.645
2025-07-01,111021220,2,1000.0
2025-08-01,111021220,3,2051.956
2025-09-01,111021220,3,1853.905
2025-10-01,111021220,11,6783.369
2025-11-01,111021220,3,1130.75
2025-12-01,111021220,1,162.57
2026-01-01,111021220,1,194.889
2026-02-01,111021220,4,963.083
2026-03-01,111021220,2,602.64
2026-04-01,111021220,2,660.992
2026-05-01,111021220,2,1192.988
2026-06-01,111021220,3,2012.152
2025-07-01,111021221,2,566.962
2025-08-01,111021221,3,1629.64
2025-09-01,111021221,3,1468.098
2025-10-01,111021221,3,1470.137
2025-11-01,111021221,1,594.38
2025-12-01,111021221,4,1708.113
2026-01-01,111021221,2,767.842
2026-02-01,111021221,1,668.606
2026-03-01,111021221,9,3029.095
2026-04-01,111021221,1,713.66
2026-05-01,111021221,12,4277.085
2026-06-01,111021221,9,3651.043
2025-07-01,111031222,2,1234.45
2025-08-01,111031222,1,527.495
2025-09-01,111031222,1,1000.0
2025-10-01,111031222,3,734.6
2025-11-01,111031222,2,412.482
2025-12-01,111031222,179,100860.0
2026-02-01,111031222,5,3341.052
2026-03-01,111031222,4,2106.034
2026-04-01,111031222,6,2933.581
2026-05-01,111031222,12,5734.39
2026-06-01,111031222,4,2868.249
2025-07-01,111031223,5,1205.55
2025-10-01,111031223,3,590.0
2025-11-01,111031223,1,184.94
2025-12-01,111031223,1,353.815
2026-02-01,111031223,2,509.921
2026-03-01,111031223,2,375.082
2026-04-01,111031223,1,215.616
2026-06-01,111031223,4,1545.817
2025-09-01,111031224,3,2201.856
2025-10-01,111031224,2,1424.181
2025-11-01,111031224,1,360.0
2026-02-01,111031224,4,2059.603
2026-03-01,111031224,32,12619.124
2026-04-01,111031224,1,226.27
2026-05-01,111031224,1,486.605
2026-06-01,111031224,88,55425.0
2025-07-01,111031225,7,2897.761
2025-08-01,111031225,17,8488.537
2025-09-01,111031225,4,1499.61
2025-10-01,111031225,4,2580.849
2025-11-01,111031225,10,4644.292
2025-12-01,111031225,4,2533.179
2026-02-01,111031225,9,5564.501
2026-03-01,111031225,4,2178.259
2026-04-01,111031225,3,2056.787
2026-05-01,111031225,5,3144.497
2026-06-01,111031225,1,400.0
2025-07-01,111031226,6,2883.673
2025-08-01,111031226,3,1653.895
2025-09-01,111031226,25,13415.392
2025-10-01,111031226,8,4199.82
2025-11-01,111031226,5,2120.608
2025-12-01,111031226,5,2514.878
2026-01-01,111031226,2,846.321
2026-02-01,111031226,7,3373.78
2026-03-01,111031226,3,1220.684
2026-04-01,111031226,8,3076.809
2026-05-01,111031226,13,5379.102
2026-06-01,111031226,2,480.18
2025-07-01,111031227,5,1581.69
2025-08-01,111031227,1,195.932
2025-09-01,111031227,3,1170.619
2025-10-01,111031227,5,1792.0
2025-11-01,111031227,7,2249.0
2025-12-01,111031227,3,610.815
2026-02-01,111031227,1,136.95
2026-03-01,111031227,2,444.092
2026-04-01,111031227,4,1400.0
2026-05-01,111031227,3,1174.52
2026-06-01,111031227,3,860.707
2025-07-01,111031228,4,2605.988
2025-08-01,111031228,2,1193.5
2025-09-01,111031228,3,3198.6
2025-10-01,111031228,6,5602.317
2025-11-01,111031228,2,5069.43
2025-12-01,111031228,4,2530.81
2026-02-01,111031228,1,800.0
2026-03-01,111031228,1,1183.721
2026-04-01,111031228,3,4030.265
2026-05-01,111031228,3,2198.368
2026-06-01,111031228,8,7017.165
2025-10-01,111031229,3,2671.842
2026-02-01,111031229,48,25000.0
2025-07-01,111031231,1,368.716
2025-08-01,111031231,2,778.01
2025-09-01,111031231,46,23563.501
2025-10-01,111031231,2,632.05
2025-11-01,111031231,1,724.525
2025-12-01,111031231,4,904.0
2026-01-01,111031231,1,199.1
2026-02-01,111031231,3,1476.81
2026-03-01,111031231,2,828.22
2026-04-01,111031231,4,1276.603
2026-05-01,111031231,1,300.0
2026-06-01,111031231,5,1053.819
2025-07-01,111031232,1,225.285
2025-08-01,111031232,5,1787.116
2025-09-01,111031232,3,1148.03
2025-10-01,111031232,1,627.0
2025-12-01,111031232,1,540.131
2026-01-01,111031232,2,1649.967
2026-02-01,111031232,14,3891.014
2026-03-01,111031232,3,2213.036
2026-04-01,111031232,2,1772.493
2026-05-01,111031232,62,19633.098
2025-07-01,111031233,8,4050.51
2025-08-01,111031233,7,3334.011
2025-09-01,111031233,5,1418.669
2025-10-01,111031233,20,9608.439
2025-11-01,111031233,3,701.496
2025-12-01,111031233,2,879.0
2026-01-01,111031233,2,1500.0
2026-02-01,111031233,5,2168.726
2026-03-01,111031233,2,700.6
2026-05-01,111031233,1,243.134
2026-06-01,111031233,4,1223.39
2025-07-01,111031234,2,1216.495
2025-08-01,111031234,2,1050.55
2025-09-01,111031234,6,2055.505
2025-10-01,111031234,3,896.214
2025-11-01,111031234,1,200.0
2025-12-01,111031234,2,1238.133
2026-02-01,111031234,2,1025.815
2026-03-01,111031234,10,3661.179
2026-04-01,111031234,5,1618.274
2026-05-01,111031234,1,180.0
2026-06-01,111031234,4,1875.76
2025-07-01,111031235,1,1432.475
2025-10-01,111031235,1,885.577
2025-11-01,111031235,3,969.92
2025-12-01,111031235,1,695.756
2026-02-01,111031235,4,2700.0
2025-08-01,112011236,2,1100.824
2025-09-01,112011236,1,680.0
2025-10-01,112011236,2,1446.261
2025-11-01,112011236,9,5117.382
2026-01-01,112011236,3,1881.653
2026-02-01,112011236,5,3081.8
2026-03-01,112011236,2,768.299
2026-04-01,112011236,1,805.258
2026-06-01,112011236,2,2027.731
2025-07-01,112011237,7,3410.398
2025-08-01,112011237,5,3530.218
2025-09-01,112011237,8,3963.623
2025-10-01,112011237,13,4330.371
2025-11-01,112011237,9,5013.792
2025-12-01,112011237,8,2935.247
2026-01-01,112011237,8,4015.408
2026-02-01,112011237,13,4900.428
2026-03-01,112011237,12,4844.852
2026-04-01,112011237,5,2422.144
2026-05-01,112011237,24,10105.818
2026-06-01,112011237,13,8384.942
2025-08-01,112011238,1,731.5
2025-09-01,112011238,3,1288.75
2025-10-01,112011238,2,1456.09
2025-11-01,112011238,2,3616.082
2026-01-01,112011238,3,6497.5
2026-03-01,112011238,1,344.3
2026-04-01,112011238,2,2095.5
2026-06-01,112011238,3,1591.816
2025-07-01,112011239,1,240.0
2025-08-01,112011239,7,3813.408
2025-09-01,112011239,3,1710.636
2025-10-01,112011239,1,200.0
2025-11-01,112011239,2,2900.0
2025-12-01,112011239,5,2628.781
2026-01-01,112011239,3,2160.266
2026-02-01,112011239,2,1013.835
2026-03-01,112011239,1,600.0
2026-04-01,112011239,2,430.1
2026-05-01,112011239,5,2678.62
2025-07-01,112011240,31,17587.635
2025-08-01,112011240,2,1000.0
2025-09-01,112011240,2,4173.4
2025-10-01,112011240,4,14348.453
2025-11-01,112011240,2,1442.29
2025-12-01,112011240,7,4800.0
2026-01-01,112011240,3,3802.209
2026-02-01,112011240,3,1760.618
2026-03-01,112011240,4,10363.591
2026-04-01,112011240,4,11596.0
2026-05-01,112011240,3,9325.0
2026-06-01,112011240,1,450.0
2025-07-01,112011241,4,2739.365
2025-08-01,112011241,1,413.77
2025-09-01,112011241,3,3053.05
2025-10-01,112011241,2,1327.662
2026-01-01,112011241,2,1458.374
2026-02-01,112011241,2,951.894
2026-03-01,112011241,1,424.19
2026-04-01,112011241,2,546.15
2025-07-01,112011242,4,4163.665
2025-08-01,112011242,2,1175.7
2025-09-01,112011242,3,2733.3
2025-10-01,112011242,7,4270.798
2025-11-01,112011242,9,6904.705
2025-12-01,112011242,4,3431.762
2026-01-01,112011242,3,1350.965
2026-02-01,112011242,3,2142.3
2026-04-01,112011242,3,4739.289
2026-05-01,112011242,4,3297.997
2026-06-01,112011242,2,2311.932
2025-07-01,112011243,6,2329.437
2025-08-01,112011243,4,2044.912
2025-10-01,112011243,6,3521.387
2025-11-01,112011243,6,2547.5
2025-12-01,112011243,1,244.2
2026-01-01,112011243,4,1238.49
2026-02-01,112011243,1,740.684
2026-03-01,112011243,2,550.0
2026-04-01,112011243,9,3830.064
2026-05-01,112011243,4,1321.512
2026-06-01,112011243,5,3263.524
2025-07-01,112021244,2,1117.16
2025-09-01,112021244,1,426.0
2025-10-01,112021244,1,337.269
2026-04-01,112021244,1,660.0
2026-05-01,112021244,1,579.0
2026-06-01,112021244,3,866.882
2025-08-01,112021245,2,1340.8
2025-09-01,112021245,3,425.988
2025-10-01,112021245,1,355.0
2026-03-01,112021245,1,553.007
2026-06-01,112021245,2,504.559
2025-07-01,112021246,1,466.699
2025-08-01,112021246,4,990.0
2025-09-01,112021246,9,4595.075
2025-10-01,112021246,21,11225.733
2025-11-01,112021246,2,1136.663
2025-12-01,112021246,2,1042.741
2026-01-01,112021246,2,723.857
2026-02-01,112021246,4,2029.791
2026-03-01,112021246,7,3158.993
2026-05-01,112021246,6,2299.354
2026-06-01,112021246,1,525.009
2025-07-01,112021247,4,2177.0
2025-08-01,112021247,2,1265.5
2025-09-01,112021247,2,639.817
2025-11-01,112021247,2,827.0
2025-12-01,112021247,5,2788.226
2026-01-01,112021247,1,441.644
2026-02-01,112021247,2,1390.28
2026-05-01,112021247,1,360.0
2026-06-01,112021247,2,1221.0
2025-11-01,112021248,1,43.0
2026-02-01,112021248,50,28000.0
2026-06-01,112021248,1,150.0
2025-07-01,112021249,7,4013.297
2025-08-01,112021249,2,739.336
2025-10-01,112021249,2,456.804
2025-11-01,112021249,1,1750.0
2025-12-01,112021249,6,3280.747
2026-01-01,112021249,3,1478.0
2026-02-01,112021249,2,594.875
2026-03-01,112021249,1,361.689
2026-04-01,112021249,1,240.5
2026-05-01,112021249,1,573.745
2026-06-01,112021249,1,649.35
2025-07-01,112031250,12,10832.962
2025-08-01,112031250,10,7989.676
2025-09-01,112031250,15,14174.722
2025-10-01,112031250,11,7969.364
2025-11-01,112031250,11,5548.551
2025-12-01,112031250,3,2041.445
2026-01-01,112031250,5,3376.898
2026-02-01,112031250,5,3544.026
2026-03-01,112031250,8,9281.377
2026-04-01,112031250,4,5411.217
2026-05-01,112031250,7,7861.32
2026-06-01,112031250,4,2055.9
2025-07-01,112031251,2,700.0
2026-03-01,112031251,1,455.597
2026-04-01,112031251,2,381.0
2026-05-01,112031251,1,474.087
2025-07-01,112031252,6,3464.0
2025-08-01,112031252,6,4061.22
2025-09-01,112031252,2,1115.0
2025-10-01,112031252,2,666.83
2025-11-01,112031252,3,2950.095
2026-01-01,112031252,1,200.0
2026-03-01,112031252,2,797.583
2026-05-01,112031252,1,1650.0
2025-07-01,112031253,2,1035.0
2025-08-01,112031253,4,4825.0
2025-09-01,112031253,1,80.0
2025-10-01,112031253,3,2951.956
2025-11-01,112031253,2,2042.851
2025-12-01,112031253,2,1757.314
2026-02-01,112031253,3,6100.0
2026-03-01,112031253,8,13255.217
2026-05-01,112031253,5,2557.5
2026-06-01,112031253,2,660.0
2025-07-01,112031254,5,2246.252
2025-08-01,112031254,95,85854.46
2025-09-01,112031254,2,1652.583
2025-12-01,112031254,2,798.0
2026-01-01,112031254,1,52.0
2026-03-01,112031254,2,980.0
2026-04-01,112031254,2,300.0
2026-05-01,112031254,1,348.152
2026-06-01,112031254,81,60153.054
2025-08-01,112031550,1,767.395
2025-09-01,112031550,2,1451.146
2025-10-01,112031550,1,877.999
2025-11-01,112031550,2,1265.178
2025-12-01,112031550,1,295.38
2026-01-01,112031550,1,400.0
2026-03-01,112031550,1,133.891
2026-04-01,112031550,2,1529.0
2026-05-01,112031550,7,4564.347
2026-06-01,112031550,9,5001.248
2025-07-01,112031551,5,4111.803
2025-08-01,112031551,2,1545.498
2025-09-01,112031551,1,804.088
2025-10-01,112031551,4,3350.733
2025-11-01,112031551,1,700.0
2026-02-01,112031551,2,2671.895
2026-03-01,112031551,2,1443.473
2026-04-01,112031551,3,2122.446
2026-05-01,112031551,1,692.0
2026-06-01,112031551,3,2287.828
2025-07-01,112031552,2,940.0
2025-08-01,112031552,1,479.6
2025-09-01,112031552,3,2509.787
2025-12-01,112031552,1,740.001
2026-03-01,112031552,1,147.0
2026-04-01,112031552,1,170.0
2025-07-01,113011256,19,7260.08
2025-08-01,113011256,19,7817.237
2025-09-01,113011256,8,2581.632
2025-10-01,113011256,10,5181.65
2025-11-01,113011256,8,3696.0
2025-12-01,113011256,2,1614.806
2026-01-01,113011256,4,1759.374
2026-02-01,113011256,5,1650.0
2026-03-01,113011256,8,3297.362
2026-04-01,113011256,2,920.556
2026-05-01,113011256,8,3209.951
2026-06-01,113011256,7,4972.726
2025-07-01,113011257,2,1360.825
2025-08-01,113011257,4,1521.0
2025-09-01,113011257,1,751.0
2025-10-01,113011257,3,761.475
2025-11-01,113011257,1,398.0
2026-01-01,113011257,1,476.627
2026-03-01,113011257,3,1007.62
2026-05-01,113011257,1,683.1
2026-06-01,113011257,2,1439.02
2025-07-01,113011258,4,1084.0
2025-08-01,113011258,1,1490.0
2025-09-01,113011258,2,1455.562
2025-10-01,113011258,2,868.17
2025-11-01,113011258,2,1113.298
2025-12-01,113011258,1,474.0
2026-02-01,113011258,3,2156.0
2026-03-01,113011258,2,1198.126
2026-04-01,113011258,2,904.093
2026-05-01,113011258,4,3098.0
2026-06-01,113011258,2,1016.219
2025-07-01,113011259,1,429.0
2025-09-01,113011259,1,487.0
2025-10-01,113011259,2,525.0
2025-11-01,113011259,8,3376.79
2026-02-01,113011259,2,914.876
2026-04-01,113011259,2,1059.635
2025-09-01,113021260,2,1011.335
2025-12-01,113021260,2,1028.0
2026-01-01,113021260,1,843.81
2026-04-01,113021260,1,650.25
2026-05-01,113021260,2,2826.193
2026-06-01,113021260,1,386.0
2025-07-01,113021261,5,2520.039
2025-08-01,113021261,2,964.5
2025-09-01,113021261,1,475.321
2025-10-01,113021261,4,1952.044
2025-11-01,113021261,4,2138.53
2025-12-01,113021261,1,766.388
2026-01-01,113021261,2,901.372
2026-03-01,113021261,1,470.0
2026-04-01,113021261,2,993.684
2026-05-01,113021261,1,540.18
2026-06-01,113021261,2,690.362
2025-07-01,113021262,1,350.0
2025-09-01,113021262,1,1304.0
2025-12-01,113021262,1,929.4
2026-01-01,113021262,1,1045.221
2026-02-01,113021262,1,300.0
2026-05-01,113021262,1,863.643
2025-08-01,113031263,2,928.932
2025-10-01,113031263,2,629.545
2025-11-01,113031263,2,1324.0
2025-12-01,113031263,3,1595.037
2026-02-01,113031263,1,628.0
2026-03-01,113031263,1,768.225
2026-05-01,113031263,3,1333.895
2026-06-01,113031263,1,666.0
2025-07-01,113031264,1,445.0
2025-10-01,113031264,1,840.78
2025-11-01,113031264,1,685.0
2026-02-01,113031264,1,707.386
2026-03-01,113031264,1,639.743
2026-05-01,113031264,1,786.5
2025-07-01,113031265,2,936.337
2025-08-01,113031265,2,444.0
2025-09-01,113031265,2,1366.64
2025-11-01,113031265,1,400.0
2026-03-01,113031265,1,157.0
2026-05-01,113031265,3,1077.0
2026-06-01,113031265,1,612.0
2025-07-01,113031266,12,4589.446
2025-08-01,113031266,2,925.0
2025-09-01,113031266,2,1129.887
2025-10-01,113031266,4,2378.259
2025-11-01,113031266,2,945.0
2025-12-01,113031266,6,3267.545
2026-01-01,113031266,1,100.0
2026-03-01,113031266,7,3686.005
2026-04-01,113031266,5,1624.5
2026-05-01,113031266,4,2182.34
2026-06-01,113031266,9,3292.723
2025-07-01,113031267,13,6887.059
2025-08-01,113031267,4,3401.869
2025-09-01,113031267,7,5352.462
2025-10-01,113031267,4,2266.401
2025-11-01,113031267,9,6043.5
2025-12-01,113031267,6,1978.3
2026-01-01,113031267,3,2406.513
2026-02-01,113031267,46,22986.69
2026-03-01,113031267,16,9959.969
2026-04-01,113031267,7,6094.675
2026-05-01,113031267,5,3331.0
2026-06-01,113031267,3,1978.258
2025-07-01,113031268,1,462.5
2025-08-01,113031268,1,1046.5
2025-10-01,113031268,4,1598.0
2025-11-01,113031268,15,5627.345
2025-12-01,113031268,5,1607.2
2026-01-01,113031268,9,3672.228
2026-02-01,113031268,5,2041.463
2026-03-01,113031268,3,1593.01
2026-05-01,113031268,3,1517.069
2026-06-01,113031268,8,3626.382
2025-07-01,113031269,3,1558.0
2025-08-01,113031269,2,1030.0
2025-09-01,113031269,10,4378.704
2025-10-01,113031269,1,675.789
2025-11-01,113031269,3,1788.653
2025-12-01,113031269,2,650.0
2026-01-01,113031269,6,2792.773
2026-02-01,113031269,3,1294.0
2026-03-01,113031269,3,1190.673
2026-04-01,113031269,9,3727.775
2026-05-01,113031269,13,5806.563
2026-06-01,113031269,6,2854.438
2025-07-01,113031270,2,665.0
2025-08-01,113031270,10,4796.238
2025-09-01,113031270,6,2871.504
2025-10-01,113031270,2,1052.0
2025-11-01,113031270,7,2109.333
2025-12-01,113031270,2,2600.0
2026-01-01,113031270,10,5081.64
2026-02-01,113031270,10,3315.0
2026-03-01,113031270,16,10000.0
2026-04-01,113031270,3,2400.0
2026-06-01,113031270,1,2374.883
2025-07-01,113031271,7,4231.985
2025-08-01,113031271,12,5697.598
2025-09-01,113031271,12,4975.0
2025-10-01,113031271,16,7081.752
2025-11-01,113031271,7,3487.238
2025-12-01,113031271,11,5229.299
2026-01-01,113031271,18,9480.332
2026-02-01,113031271,49,20693.367
2026-03-01,113031271,32,13636.659
2026-04-01,113031271,11,6807.0
2026-05-01,113031271,18,8039.66
2026-06-01,113031271,19,10573.026
2025-07-01,114011272,7,10172.047
2025-08-01,114011272,3,2242.832
2025-09-01,114011272,10,8634.853
2025-10-01,114011272,3,3051.01
2025-11-01,114011272,8,5568.939
2025-12-01,114011272,2,1450.0
2026-01-01,114011272,3,2755.944
2026-02-01,114011272,5,1790.0
2026-03-01,114011272,2,900.0
2026-04-01,114011272,2,2010.2
2026-05-01,114011272,7,10471.699
2026-06-01,114011272,9,9739.832
2025-07-01,114011273,2,792.074
2025-08-01,114011273,4,4007.598
2025-09-01,114011273,6,3059.692
2025-11-01,114011273,1,850.0
2025-12-01,114011273,2,1248.358
2026-01-01,114011273,4,2953.654
2026-03-01,114011273,3,4190.0
2026-04-01,114011273,6,3097.051
2026-05-01,114011273,5,4538.422
2026-06-01,114011273,5,2868.465
2025-08-01,114011274,2,1921.648
2025-09-01,114011274,4,4140.172
2025-10-01,114011274,5,3768.056
2025-11-01,114011274,6,2585.354
2025-12-01,114011274,1,458.355
2026-02-01,114011274,3,4558.557
2026-03-01,114011274,3,1493.2
2026-05-01,114011274,1,625.961
2026-06-01,114011274,1,495.3
2025-07-01,114011276,11,7199.999
2025-08-01,114011276,6,4107.403
2025-09-01,114011276,6,7918.343
2025-10-01,114011276,4,2128.291
2025-11-01,114011276,9,7126.961
2025-12-01,114011276,1,222.0
2026-01-01,114011276,20,16008.9
2026-02-01,114011276,6,3715.488
2026-03-01,114011276,8,7391.982
2026-05-01,114011276,1,600.0
2026-06-01,114011276,1,1010.13
2025-07-01,114011277,35,13595.563
2025-08-01,114011277,20,7964.997
2025-09-01,114011277,87,45530.04
2025-10-01,114011277,19,10800.284
2025-11-01,114011277,17,7945.276
2025-12-01,114011277,8,3512.641
2026-01-01,114011277,17,8507.622
2026-02-01,114011277,14,6480.685
2026-03-01,114011277,25,10039.446
2026-04-01,114011277,39,18594.043
2026-05-01,114011277,18,7273.161
2026-06-01,114011277,6,2504.231
2025-07-01,114011278,5,1718.473
2025-08-01,114011278,2,986.802
2025-09-01,114011278,11,4329.948
2025-11-01,114011278,12,5108.746
2026-02-01,114011278,2,977.859
2026-03-01,114011278,19,7322.725
2026-04-01,114011278,19,6551.036
2026-05-01,114011278,6,2370.25
2026-06-01,114011278,14,4602.656
2025-07-01,114011279,1,520.0
2025-08-01,114011279,12,4637.31
2025-09-01,114011279,15,5333.796
2025-10-01,114011279,6,2721.143
2025-11-01,114011279,7,5633.429
2025-12-01,114011279,9,3237.28
2026-01-01,114011279,5,1892.427
2026-02-01,114011279,4,1420.118
2026-03-01,114011279,7,3580.028
2026-04-01,114011279,10,3271.982
2026-05-01,114011279,3,1962.895
2026-06-01,114011279,6,2944.916
2025-07-01,114011280,3,1383.842
2025-08-01,114011280,2,569.711
2025-09-01,114011280,3,1334.71
2025-10-01,114011280,4,1604.067
2025-11-01,114011280,2,1401.723
2025-12-01,114011280,7,2904.188
2026-02-01,114011280,6,3401.006
2026-03-01,114011280,11,4512.064
2026-04-01,114011280,4,1692.913
2026-05-01,114011280,7,2835.461
2026-06-01,114011280,6,2240.194
2025-07-01,114011281,2,1243.701
2025-08-01,114011281,1,624.561
2025-12-01,114011281,4,1496.717
2026-03-01,114011281,1,250.0
2026-04-01,114011281,2,2634.997
2026-06-01,114011281,1,606.985
2025-07-01,114011282,13,8234.486
2025-08-01,114011282,5,4351.245
2025-09-01,114011282,11,6865.911
2025-10-01,114011282,6,3447.255
2025-11-01,114011282,8,5028.95
2025-12-01,114011282,4,2298.2
2026-01-01,114011282,8,4725.44
2026-02-01,114011282,17,11437.066
2026-03-01,114011282,8,4315.311
2026-04-01,114011282,10,6499.03
2026-05-01,114011282,10,5800.122
2026-06-01,114011282,3,1782.345
2025-08-01,114011283,1,650.0
2025-09-01,114011283,2,1319.235
2025-10-01,114011283,4,2126.856
2025-11-01,114011283,4,1050.0
2025-12-01,114011283,1,283.924
2026-01-01,114011283,1,750.0
2026-03-01,114011283,3,2596.468
2026-04-01,114011283,1,455.29
2026-05-01,114011283,2,2100.0
2026-06-01,114011283,1,572.0
2025-07-01,114021284,2,4057.493
2025-08-01,114021284,4,2169.612
2025-09-01,114021284,20,8651.0
2025-10-01,114021284,4,2625.0
2025-11-01,114021284,1,1216.185
2025-12-01,114021284,4,3134.62
2026-01-01,114021284,2,3268.042
2026-02-01,114021284,1,384.437
2026-03-01,114021284,9,4263.0
2026-04-01,114021284,2,1044.49
2026-05-01,114021284,3,1000.0
2026-06-01,114021284,17,7826.531
2025-07-01,114021285,1,921.893
2025-08-01,114021285,1,451.829
2025-09-01,114021285,4,3149.005
2025-10-01,114021285,2,800.0
2025-12-01,114021285,6,3183.336
2026-01-01,114021285,3,1328.716
2026-02-01,114021285,3,1088.318
2026-03-01,114021285,2,1251.0
2026-04-01,114021285,1,551.123
2026-05-01,114021285,5,2864.918
2026-06-01,114021285,1,533.12
2025-07-01,114021286,3,1674.297
2025-08-01,114021286,2,1400.0
2025-09-01,114021286,3,824.438
2025-10-01,114021286,11,3714.688
2025-11-01,114021286,4,1258.628
2026-01-01,114021286,8,4078.259
2026-02-01,114021286,9,3766.222
2026-03-01,114021286,2,1092.725
2026-04-01,114021286,3,3362.056
2026-05-01,114021286,7,2256.546
2026-06-01,114021286,3,7090.832
2025-07-01,114021287,20,10778.267
2025-08-01,114021287,11,5874.078
2025-09-01,114021287,10,4796.774
2025-10-01,114021287,5,3443.713
2025-11-01,114021287,15,8860.892
2025-12-01,114021287,10,5454.781
2026-01-01,114021287,11,5714.945
2026-02-01,114021287,8,5894.734
2026-03-01,114021287,13,6721.195
2026-04-01,114021287,11,4171.461
2026-05-01,114021287,6,1828.535
2026-06-01,114021287,4,2089.449
2025-09-01,114021288,1,88.0
2025-12-01,114021288,1,1000.079
2026-01-01,114021288,2,1479.191
2026-02-01,114021288,3,3511.548
2026-05-01,114021288,1,500.0
2026-06-01,114021288,2,2784.5
2025-07-01,114021289,3,1930.0
2025-08-01,114021289,7,3615.113
2025-09-01,114021289,7,3203.962
2025-10-01,114021289,1,577.683
2025-11-01,114021289,4,2835.639
2025-12-01,114021289,1,743.079
2026-01-01,114021289,2,990.0
2026-02-01,114021289,2,1569.366
2026-03-01,114021289,6,6248.618
2026-04-01,114021289,2,1972.916
2026-05-01,114021289,4,3444.22
2026-06-01,114021289,5,2935.93
2025-07-01,115011290,10,5679.165
2025-08-01,115011290,4,4283.585
2025-09-01,115011290,3,2831.87
2025-10-01,115011290,9,4475.196
2025-11-01,115011290,3,925.201
2025-12-01,115011290,1,260.0
2026-01-01,115011290,8,4624.464
2026-02-01,115011290,5,2991.613
2026-03-01,115011290,7,4497.91
2026-04-01,115011290,18,7324.467
2026-05-01,115011290,4,2534.753
2026-06-01,115011290,6,4848.062
2025-07-01,115011291,2,1900.0
2025-08-01,115011291,3,3161.32
2025-09-01,115011291,3,2376.936
2025-10-01,115011291,4,2316.645
2025-11-01,115011291,6,3785.161
2025-12-01,115011291,4,2671.247
2026-01-01,115011291,2,2444.264
2026-02-01,115011291,4,7006.2
2026-03-01,115011291,31,17460.21
2026-04-01,115011291,10,7677.917
2026-05-01,115011291,9,8023.942
2026-06-01,115011291,2,5703.5
2025-09-01,115011294,3,3640.95
2025-11-01,115011294,12,13219.668
2026-02-01,115011294,1,161.5
2026-03-01,115011294,2,1800.0
2026-05-01,115011294,2,4116.904
2026-06-01,115011294,1,1504.608
2025-08-01,115011296,2,2200.0
2025-09-01,115011296,19,17471.565
2025-10-01,115011296,2,930.768
2025-11-01,115011296,8,10834.617
2025-12-01,115011296,1,967.1
2026-01-01,115011296,1,1090.0
2026-02-01,115011296,23,25159.244
2026-03-01,115011296,20,21549.63
2026-06-01,115011296,1,2146.496
2025-08-01,115011553,4,1920.0
2025-09-01,115011553,1,717.39
2025-10-01,115011553,287,175555.459
2025-11-01,115011553,9,5158.62
2025-12-01,115011553,2,1430.248
2026-02-01,115011553,2,1500.0
2026-03-01,115011553,281,149417.4
2026-04-01,115011553,1,1100.0
2026-05-01,115011553,8,4345.445
2026-06-01,115011553,2,2703.03
2026-06-01,115011554,2,1300.0
2025-07-01,115011555,121,71192.941
2025-08-01,115011555,6,6226.848
2025-09-01,115011555,1,1461.748
2025-10-01,115011555,5,2243.95
2025-11-01,115011555,240,247670.467
2025-12-01,115011555,5,3858.959
2026-01-01,115011555,1,160.0
2026-02-01,115011555,4,5475.208
2026-03-01,115011555,4,4767.671
2026-04-01,115011555,4,1750.0
2026-05-01,115011555,5,5066.549
2026-06-01,115011555,3,1820.419
2025-07-01,115011556,1,686.385
2025-08-01,115011556,1,801.815
2025-09-01,115011556,2,2540.304
2025-10-01,115011556,1,546.5
2025-12-01,115011556,4,1950.0
2026-02-01,115011556,2,1934.435
2026-03-01,115011556,2,603.5
2026-04-01,115011556,4,1613.32
2026-05-01,115011556,3,1213.827
2026-06-01,115011556,2,2330.5
2026-03-01,115011557,1,572.0
2025-08-01,115011558,1,589.38
2025-09-01,115011558,1,151.0
2025-10-01,115011558,3,2219.0
2025-11-01,115011558,1,161.35
2025-12-01,115011558,1,105.0
2026-01-01,115011558,1,156.98
2026-03-01,115011558,4,2493.152
2026-05-01,115011558,3,1543.0
2026-06-01,115011558,1,693.475
2025-07-01,115011621,10,4566.397
2025-08-01,115011621,7,4379.529
2025-09-01,115011621,14,8039.357
2025-10-01,115011621,6,6610.777
2025-11-01,115011621,7,4352.07
2025-12-01,115011621,6,3078.989
2026-01-01,115011621,5,3289.299
2026-02-01,115011621,10,7092.949
2026-03-01,115011621,2,4469.318
2026-04-01,115011621,10,7292.504
2026-05-01,115011621,6,4764.556
2026-06-01,115011621,4,6008.306
2025-07-01,115011622,9,5856.0
2025-08-01,115011622,13,10891.301
2025-09-01,115011622,10,9725.092
2025-10-01,115011622,4,2984.2
2025-11-01,115011622,3,3753.465
2025-12-01,115011622,1,865.15
2026-01-01,115011622,3,1000.0
2026-02-01,115011622,1,950.0
2026-03-01,115011622,212,123542.285
2026-04-01,115011622,22,15988.5
2026-06-01,115011622,1,623.755
2025-07-01,115021297,7,7235.266
2025-08-01,115021297,4,2851.896
2025-09-01,115021297,6,3717.821
2025-10-01,115021297,27,17399.116
2025-11-01,115021297,6,9718.752
2025-12-01,115021297,5,3466.599
2026-01-01,115021297,3,1659.376
2026-02-01,115021297,4,3544.4
2026-03-01,115021297,5,4775.02
2026-04-01,115021297,3,5875.832
2026-05-01,115021297,6,6036.373
2026-06-01,115021297,3,4912.53
2025-07-01,115021298,1,1477.3
2025-08-01,115021298,1,919.6
2026-02-01,115021298,1,434.5
2026-04-01,115021298,1,1635.7
2026-05-01,115021298,2,3402.497
2026-06-01,115021298,2,2700.0
2025-10-01,115031299,2,1650.0
2025-11-01,115031299,1,293.36
2025-07-01,115031300,3,3809.325
2025-08-01,115031300,1,495.0
2025-09-01,115031300,3,1998.0
2025-10-01,115031300,6,3897.66
2025-11-01,115031300,4,3680.349
2025-12-01,115031300,2,1866.283
2026-01-01,115031300,3,908.667
2026-02-01,115031300,2,2121.52
2026-03-01,115031300,3,905.949
2026-04-01,115031300,1,200.0
2026-05-01,115031300,3,3089.388
2026-06-01,115031300,3,1772.73
2025-07-01,115041301,23,12890.16
2025-08-01,115041301,26,13400.637
2025-09-01,115041301,19,11744.63
2025-10-01,115041301,28,14167.055
2025-11-01,115041301,33,21921.664
2025-12-01,115041301,28,16754.059
2026-01-01,115041301,9,4726.194
2026-02-01,115041301,22,15139.367
2026-03-01,115041301,14,13352.37
2026-04-01,115041301,23,13701.253
2026-05-01,115041301,22,10697.033
2026-06-01,115041301,22,12311.589
2025-07-01,115041623,71,40503.306
2025-08-01,115041623,78,50740.625
2025-09-01,115041623,78,47421.401
2025-10-01,115041623,84,52697.938
2025-11-01,115041623,93,56733.188
2025-12-01,115041623,42,27272.249
2026-01-01,115041623,46,28757.422
2026-02-01,115041623,73,48313.116
2026-03-01,115041623,106,61013.681
2026-04-01,115041623,72,44607.906
2026-05-01,115041623,64,41051.944
2026-06-01,115041623,85,52509.671
2025-07-01,115041624,15,13688.44
2025-08-01,115041624,6,6379.93
2025-09-01,115041624,3,3283.5
2025-10-01,115041624,7,6168.291
2025-11-01,115041624,4,2438.768
2025-12-01,115041624,9,7202.879
2026-01-01,115041624,4,5707.71
2026-02-01,115041624,9,6703.592
2026-03-01,115041624,4,7940.0
2026-04-01,115041624,3,2022.14
2026-05-01,115041624,7,6072.786
2026-06-01,115041624,2,2400.0
2025-09-01,115041625,1,130.0
2025-11-01,115041625,4,2450.0
2026-05-01,115041625,2,1500.137
2026-06-01,115041625,2,2724.4
2025-07-01,116011303,3,1075.211
2025-08-01,116011303,7,1893.716
2025-09-01,116011303,9,3555.533
2025-11-01,116011303,4,659.0
2025-12-01,116011303,8,2084.6
2026-01-01,116011303,1,337.0
2026-02-01,116011303,6,3919.478
2026-03-01,116011303,7,3032.317
2026-04-01,116011303,5,1032.902
2026-05-01,116011303,6,1795.07
2026-06-01,116011303,7,2162.38
2025-07-01,116011304,6,1680.862
2025-08-01,116011304,8,1762.39
2025-09-01,116011304,11,4001.542
2025-10-01,116011304,13,4745.933
2025-11-01,116011304,6,2467.85
2025-12-01,116011304,7,1604.746
2026-01-01,116011304,19,12086.719
2026-02-01,116011304,9,2338.54
2026-03-01,116011304,9,3300.0
2026-04-01,116011304,6,3017.0
2026-05-01,116011304,8,3377.669
2026-06-01,116011304,5,1664.19
2025-07-01,116011306,2,263.46
2025-08-01,116011306,1,154.8
2025-09-01,116011306,8,2441.15
2025-10-01,116011306,3,504.8
2025-11-01,116011306,1,156.5
2025-12-01,116011306,3,390.0
2026-01-01,116011306,4,1834.695
2026-02-01,116011306,10,3268.019
2026-03-01,116011306,4,1790.489
2026-04-01,116011306,3,954.2
2026-05-01,116011306,3,482.0
2026-06-01,116011306,4,1319.012
2025-07-01,116011307,8,2450.0
2025-08-01,116011307,12,4330.253
2025-09-01,116011307,6,1336.656
2025-10-01,116011307,7,2350.304
2025-11-01,116011307,9,3570.0
2025-12-01,116011307,10,5810.618
2026-01-01,116011307,15,7938.128
2026-02-01,116011307,9,4110.0
2026-03-01,116011307,12,4349.191
2026-04-01,116011307,10,4430.818
2026-05-01,116011307,10,5006.99
2026-06-01,116011307,10,3477.589
2025-07-01,116011560,5,2127.307
2025-08-01,116011560,2,299.0
2025-09-01,116011560,5,1989.9
2025-10-01,116011560,5,1760.201
2025-11-01,116011560,6,2851.826
2025-12-01,116011560,4,1337.483
2026-01-01,116011560,3,516.8
2026-02-01,116011560,2,1068.77
2026-03-01,116011560,9,3916.465
2026-04-01,116011560,3,1604.63
2026-05-01,116011560,5,1459.21
2026-06-01,116011560,6,1554.078
2025-07-01,116011561,6,1912.69
2025-08-01,116011561,8,4052.415
2025-09-01,116011561,5,1727.668
2025-10-01,116011561,8,3172.195
2025-11-01,116011561,6,2126.0
2025-12-01,116011561,33,16377.72
2026-01-01,116011561,5,2080.789
2026-02-01,116011561,12,3756.079
2026-03-01,116011561,5,781.65
2026-04-01,116011561,10,2677.272
2026-05-01,116011561,10,2345.58
2026-06-01,116011561,9,3441.449
2025-07-01,116011626,3,1028.56
2025-08-01,116011626,3,915.0
2025-09-01,116011626,7,2276.55
2025-10-01,116011626,6,2924.064
2025-11-01,116011626,8,2583.051
2025-12-01,116011626,3,890.0
2026-01-01,116011626,4,3161.774
2026-02-01,116011626,6,3645.55
2026-03-01,116011626,2,690.0
2026-04-01,116011626,3,1682.88
2026-05-01,116011626,8,3713.124
2026-06-01,116011626,50,15449.472
2025-07-01,116011627,1,320.0
2025-08-01,116011627,9,4614.478
2025-09-01,116011627,1,171.8
2025-10-01,116011627,7,1623.045
2025-11-01,116011627,6,2932.43
2025-12-01,116011627,6,2705.195
2026-01-01,116011627,1,145.0
2026-02-01,116011627,3,2060.6
2026-03-01,116011627,6,3694.399
2026-05-01,116011627,5,2600.0
2025-12-01,116021309,1,700.0
2026-03-01,116021309,1,144.95
2026-05-01,116021309,1,150.66
2026-06-01,116021309,1,960.0
2025-11-01,116021562,1,183.826
2026-03-01,116021562,1,162.0
2026-04-01,116021562,1,150.0
2025-07-01,116021563,3,1110.314
2025-08-01,116021563,2,555.581
2025-09-01,116021563,1,160.0
2025-10-01,116021563,13,5068.663
2025-11-01,116021563,5,1281.1
2025-12-01,116021563,4,1356.34
2026-01-01,116021563,3,1941.176
2026-02-01,116021563,1,150.0
2026-03-01,116021563,2,825.8
2026-04-01,116021563,2,648.917
2026-05-01,116021563,2,342.85
2026-02-01,116021628,1,1250.0
2026-05-01,116021628,1,825.0
2026-06-01,116021628,1,508.2
2025-07-01,116021629,56,26010.263
2025-08-01,116021629,57,25395.027
2025-09-01,116021629,36,19187.304
2025-10-01,116021629,36,17023.982
2025-11-01,116021629,42,22804.349
2025-12-01,116021629,22,11204.505
2026-01-01,116021629,8,4615.528
2026-02-01,116021629,28,13850.35
2026-03-01,116021629,60,33296.89
2026-04-01,116021629,21,11754.9
2026-05-01,116021629,21,10904.582
2026-06-01,116021629,23,12730.187
2025-07-01,116021630,32,16826.991
2025-08-01,116021630,44,18997.641
2025-09-01,116021630,36,18610.74
2025-10-01,116021630,27,13844.585
2025-11-01,116021630,44,20479.766
2025-12-01,116021630,83,38402.0
2026-01-01,116021630,37,19533.384
2026-02-01,116021630,56,27044.374
2026-03-01,116021630,50,26866.275
2026-04-01,116021630,37,18411.489
2026-05-01,116021630,30,16464.745
2026-06-01,116021630,30,14592.522
2025-07-01,116021631,8,4698.413
2025-08-01,116021631,14,7472.8
2025-09-01,116021631,13,7485.682
2025-10-01,116021631,9,5867.85
2025-11-01,116021631,7,4249.61
2025-12-01,116021631,7,4401.536
2026-01-01,116021631,4,2359.5
2026-02-01,116021631,3,1777.202
2026-03-01,116021631,2,336.0
2026-04-01,116021631,2,1029.0
2026-05-01,116021631,1,400.0
2026-06-01,116021631,2,1918.39
2025-07-01,116021632,17,7318.208
2025-08-01,116021632,32,13877.669
2025-09-01,116021632,29,15230.602
2025-10-01,116021632,16,9340.472
2025-11-01,116021632,34,18301.914
2025-12-01,116021632,12,6835.706
2026-01-01,116021632,13,7745.466
2026-02-01,116021632,33,16320.871
2026-03-01,116021632,54,28165.067
2026-04-01,116021632,61,29914.117
2026-05-01,116021632,28,14584.621
2026-06-01,116021632,19,9342.818
2025-12-01,116021633,1,785.0
2026-05-01,116021633,1,647.787
2025-07-01,116031313,5,1149.83
2025-08-01,116031313,6,1760.27
2025-09-01,116031313,7,2464.5
2025-10-01,116031313,9,2117.0
2025-11-01,116031313,1,140.0
2025-12-01,116031313,3,482.49
2026-01-01,116031313,8,1341.8
2026-02-01,116031313,4,1185.264
2026-03-01,116031313,6,1029.627
2026-04-01,116031313,1,147.0
2026-05-01,116031313,7,1546.769
2026-06-01,116031313,6,1408.648
2025-07-01,116031314,2,314.0
2025-08-01,116031314,6,971.967
2025-09-01,116031314,3,502.0
2025-10-01,116031314,2,318.0
2025-11-01,116031314,5,773.4
2025-12-01,116031314,3,338.1
2026-01-01,116031314,1,150.0
2026-02-01,116031314,4,955.785
2026-04-01,116031314,3,1027.0
2026-05-01,116031314,5,844.22
2026-06-01,116031314,7,2046.149
2025-07-01,116031315,4,610.0
2025-08-01,116031315,8,1760.69
2025-09-01,116031315,7,1665.016
2025-10-01,116031315,2,358.38
2025-11-01,116031315,6,1764.017
2025-12-01,116031315,5,1773.0
2026-01-01,116031315,3,1200.0
2026-02-01,116031315,6,954.0
2026-03-01,116031315,6,1738.42
2026-04-01,116031315,5,1270.0
2026-05-01,116031315,6,1069.76
2026-06-01,116031315,2,900.0
2025-07-01,116031316,5,960.66
2025-08-01,116031316,3,503.968
2025-09-01,116031316,5,2248.495
2025-10-01,116031316,10,2749.495
2025-11-01,116031316,5,1410.0
2025-12-01,116031316,2,304.2
2026-01-01,116031316,1,150.0
2026-02-01,116031316,4,760.0
2026-03-01,116031316,4,605.11
2026-04-01,116031316,8,1317.75
2026-05-01,116031316,6,780.43
2026-06-01,116031316,10,3173.185
2025-07-01,116031317,4,1161.0
2025-08-01,116031317,8,2950.45
2025-09-01,116031317,11,4071.182
2025-10-01,116031317,9,2007.0
2025-11-01,116031317,7,3204.085
2025-12-01,116031317,4,1144.3
2026-01-01,116031317,5,2209.534
2026-02-01,116031317,8,2532.0
2026-03-01,116031317,7,2199.25
2026-04-01,116031317,4,1560.0
2026-05-01,116031317,7,2746.04
2026-06-01,116031317,5,1715.0
2025-07-01,116031319,6,1213.82
2025-08-01,116031319,8,2578.435
2025-09-01,116031319,4,945.58
2025-10-01,116031319,8,3112.0
2025-11-01,116031319,4,547.56
2025-12-01,116031319,2,243.6
2026-01-01,116031319,3,710.0
2026-02-01,116031319,2,243.91
2026-03-01,116031319,4,1455.212
2026-04-01,116031319,3,446.35
2026-05-01,116031319,6,914.9
2026-06-01,116031319,8,3656.5
2025-07-01,117011321,1,953.742
2025-11-01,117011321,64,32294.852
2025-12-01,117011321,43,33816.524
2026-02-01,117011321,2,1432.75
2026-03-01,117011321,2,1694.0
2026-05-01,117011321,2,1198.535
2026-06-01,117011321,2,1500.0
2025-07-01,117011323,1,230.0
2025-10-01,117011323,4,1915.51
2025-11-01,117011323,1,1000.0
2025-12-01,117011323,2,700.0
2026-01-01,117011323,1,950.0
2026-02-01,117011323,1,968.088
2026-03-01,117011323,1,870.94
2026-05-01,117011323,3,1962.355
2025-07-01,117011634,2,1315.033
2026-01-01,117011634,1,602.33
2026-02-01,117011634,3,1979.864
2026-03-01,117011634,3,1975.425
2026-04-01,117011634,3,1467.45
2026-05-01,117011634,4,2173.0
2026-06-01,117011634,2,3630.0
2025-08-01,117011635,2,1241.032
2025-09-01,117011635,104,65334.0
2025-10-01,117011635,2,1017.934
2025-12-01,117011635,2,889.5
2026-02-01,117011635,4,2345.174
2026-04-01,117011635,7,3490.909
2026-05-01,117011635,1,682.07
2026-06-01,117011635,2,907.198
2025-07-01,117021327,1,141.0
2025-08-01,117021327,2,502.04
2025-10-01,117021327,1,900.0
2025-11-01,117021327,3,1729.11
2025-12-01,117021327,2,867.46
2026-04-01,117021327,3,1697.346
2025-07-01,117021328,2,890.0
2025-08-01,117021328,1,126.4
2025-09-01,117021328,1,740.0
2025-10-01,117021328,2,550.968
2025-11-01,117021328,2,994.455
2025-12-01,117021328,1,1000.0
2026-02-01,117021328,3,2465.83
2026-05-01,117021328,2,883.375
2025-07-01,117021636,3,1550.0
2025-11-01,117021636,2,2380.0
2026-04-01,117021636,591,431101.988
2026-06-01,117021636,3,1670.66
2025-10-01,117021637,1,948.0
2025-11-01,117021637,1,350.0
2026-02-01,117021637,2,1500.0
2026-06-01,117021637,1,760.0
2025-08-01,117031329,14,27466.23
2025-12-01,117031330,111,72339.256
2026-01-01,117031330,2,975.0
2026-04-01,117031330,572,302228.837
2026-05-01,117031330,1,1000.0
2025-08-01,117031331,43,27803.634
2025-09-01,117031331,1,185.0
2025-10-01,117031331,1,309.1
2026-02-01,117031331,1,145.0
2026-04-01,117031331,1,716.244
2026-05-01,117031331,1,349.0
2025-08-01,117031333,6,15738.956
2025-09-01,117031333,10,19046.28
2026-01-01,117031333,22,28995.0
2025-08-01,117031336,1,360.226
2025-11-01,117031336,4,5138.676
2025-09-01,117031638,1,428.34
2025-07-01,117031640,2,2000.0
2025-09-01,117031640,2,1700.0
2025-11-01,117031640,3,1896.208
2026-03-01,117031640,2,2000.0
2026-05-01,117031640,1,315.0
2026-06-01,117031640,1,946.666
2026-05-01,117031642,1,325.6
2025-07-01,117031643,2,1402.944
2025-08-01,117031643,4,1600.0
2025-10-01,117031643,4,3252.419
2026-02-01,117031643,144,116766.504
2026-03-01,117031643,2,1000.0
2026-05-01,117031643,1,194.0
2026-06-01,117031643,1,988.925
2026-02-01,117031644,1,561.0
2025-08-01,117031646,1,568.48
2026-05-01,117031647,422,240000.0
2025-12-01,117031648,282,196945.551
2026-06-01,117031648,5,6000.0
2025-07-01,118011339,2,5298.719
2025-08-01,118011339,4,18953.469
2025-09-01,118011339,12,7071.426
2025-12-01,118011339,2,1200.0
2026-01-01,118011339,1,5525.031
2026-02-01,118011339,6,13515.286
2026-03-01,118011339,1,425.878
2026-04-01,118011339,16,52457.604
2026-05-01,118011339,24,10771.34
2026-06-01,118011339,4,4565.94
2025-07-01,118011340,6,7127.55
2025-08-01,118011340,1,4266.468
2025-09-01,118011340,2,4858.651
2025-10-01,118011340,8,7815.987
2025-11-01,118011340,15,16872.453
2025-12-01,118011340,17,17866.683
2026-02-01,118011340,1,1770.0
2026-03-01,118011340,1,800.0
2026-04-01,118011340,1,1500.0
2026-05-01,118011340,6,6699.506
2026-06-01,118011340,2,5873.12
2025-11-01,118011341,2,1250.0
2025-12-01,118011341,1,495.0
2025-07-01,118011344,3,3500.0
2025-08-01,118011344,3,5000.0
2025-09-01,118011344,2,2000.0
2025-10-01,118011344,2,1200.0
2025-11-01,118011344,6,3814.34
2025-12-01,118011344,1,3043.557
2026-02-01,118011344,1,1785.576
2026-03-01,118011344,1,3138.926
2026-04-01,118011344,11,13892.029
2026-05-01,118011344,4,9187.0
2026-06-01,118011344,3,5756.0
2025-08-01,118011345,1,7464.247
2025-11-01,118011345,1,1100.0
2025-12-01,118011345,1,4203.096
2026-04-01,118011345,2,1340.934
2026-06-01,118011345,2,1767.0
2025-07-01,118011346,7,39230.1
2025-08-01,118011346,1,6500.0
2025-09-01,118011346,4,39510.925
2025-11-01,118011346,7,19810.729
2025-12-01,118011346,3,9838.04
2026-02-01,118011346,1,5600.0
2026-03-01,118011346,13,20792.7
2026-04-01,118011346,1,3472.987
2026-05-01,118011346,3,8040.602
2026-06-01,118011346,14,46113.736
2025-12-01,118011347,1,1250.0
2026-03-01,118011347,1,3212.45
2026-04-01,118011347,1,5019.368
2025-07-01,118011649,2,2000.0
2025-08-01,118011649,36,61600.0
2025-09-01,118011649,13,28286.932
2025-10-01,118011649,1,2500.262
2025-11-01,118011649,3,5422.005
2025-12-01,118011649,17,21247.005
2026-02-01,118011649,4,12931.097
2026-03-01,118011649,5,23047.5
2026-04-01,118011649,6,27685.635
2026-05-01,118011649,2,3390.919
2026-06-01,118011649,4,8190.254
2025-10-01,118011650,3,4469.084
2025-11-01,118011650,5,7571.025
2026-01-01,118011650,62,143275.0
2026-02-01,118011650,1,2000.0
2026-03-01,118011650,1,3500.0
2026-04-01,118011650,6,4400.0
2026-06-01,118011650,1,4019.795
2026-03-01,118021564,2,1672.223
2026-05-01,118021564,1,1115.685
2025-09-01,118021565,1,211.8
2025-10-01,118021565,1,698.175
2025-11-01,118021565,15,7875.0
2025-12-01,118021565,1,130.0
2026-01-01,118021565,1,1800.0
2026-03-01,118021565,1,1100.0
2026-05-01,118021565,1,873.939
2026-06-01,118021565,4,2500.0
2025-07-01,118021566,6,3949.131
2025-08-01,118021566,2,2000.0
2025-09-01,118021566,1,1406.447
2025-10-01,118021566,4,3905.713
2025-11-01,118021566,1,90.173
2025-12-01,118021566,2,1200.0
2026-01-01,118021566,3,2567.925
2026-02-01,118021566,1,750.0
2026-04-01,118021566,6,5145.565
2026-06-01,118021566,1,2362.298
2025-07-01,118021567,3,4271.898
2025-08-01,118021567,2,2500.0
2025-10-01,118021567,15,10391.018
2025-11-01,118021567,2,800.0
2025-12-01,118021567,5,2850.0
2026-01-01,118021567,5,3300.0
2026-02-01,118021567,4,2725.0
2026-03-01,118021567,3,2100.0
2026-04-01,118021567,1,846.71
2025-07-01,118021568,2,2198.911
2025-08-01,118021568,2,1800.0
2025-09-01,118021568,1,805.57
2025-10-01,118021568,4,2185.2
2025-11-01,118021568,4,2188.357
2026-02-01,118021568,1,1400.0
2026-03-01,118021568,2,1500.0
2026-04-01,118021568,2,2300.0
2026-05-01,118021568,6,3958.71
2025-09-01,118021569,44,119197.5
2026-05-01,118021569,1,1064.657
2025-09-01,118021570,153,132302.2
2026-01-01,118021570,2,1500.0
2026-03-01,118021570,2,1200.0
2026-04-01,118021570,1,190.0
2026-06-01,118021570,2,1087.15
2025-08-01,118021651,1,1391.157
2025-10-01,118021651,2,1980.0
2026-01-01,118021651,1,4000.0
2026-02-01,118021651,9,7231.575
2026-03-01,118021651,7,7390.22
2026-04-01,118021651,1,1053.0
2026-05-01,118021651,1,2514.485
2026-06-01,118021651,4,8970.181
2025-08-01,118021652,4,4922.765
2025-09-01,118021652,1,855.0
2025-10-01,118021652,4,3199.8
2025-11-01,118021652,2,2170.852
2025-12-01,118021652,2,2121.4
2026-02-01,118021652,3,2148.51
2026-03-01,118021652,3,1840.96
2026-05-01,118021652,2,1788.855
2026-06-01,118021652,16,25000.0
2025-07-01,118021653,6,3498.0
2025-08-01,118021653,8,4100.0
2025-09-01,118021653,6,3400.0
2025-10-01,118021653,2,750.0
2025-11-01,118021653,4,2500.0
2025-12-01,118021653,5,3642.255
2026-01-01,118021653,1,130.0
2026-02-01,118021653,7,3016.29
2026-03-01,118021653,5,2960.0
2026-04-01,118021653,1,226.95
2026-05-01,118021653,9,8316.479
2026-06-01,118021653,12,8788.212
2025-07-01,118021654,1,2000.0
2025-08-01,118021654,1,1985.0
2025-09-01,118021654,1,838.957
2025-10-01,118021654,2,1000.0
2025-12-01,118021654,2,1800.0
2026-05-01,118021654,2,1500.0
2026-06-01,118021654,2,1000.0
2025-07-01,119011354,10,3775.0
2025-08-01,119011354,24,11552.524
2025-09-01,119011354,6,2320.165
2025-10-01,119011354,9,4610.0
2025-11-01,119011354,14,5677.17
2025-12-01,119011354,13,4494.5
2026-01-01,119011354,10,5982.392
2026-02-01,119011354,3,1502.0
2026-03-01,119011354,13,7646.836
2026-04-01,119011354,11,4048.55
2026-05-01,119011354,16,7714.039
2026-06-01,119011354,14,6216.7
2025-11-01,119011355,1,450.0
2025-07-01,119011356,7,2872.049
2025-08-01,119011356,2,693.803
2025-09-01,119011356,4,2250.0
2025-10-01,119011356,4,1200.0
2025-11-01,119011356,4,2150.0
2025-12-01,119011356,8,7354.622
2026-01-01,119011356,3,1350.0
2026-02-01,119011356,13,5200.0
2026-03-01,119011356,2,900.0
2026-04-01,119011356,5,1801.233
2026-06-01,119011356,6,3200.0
2025-07-01,119011358,19,8674.37
2025-08-01,119011358,6,2127.272
2025-09-01,119011358,7,3038.0
2025-10-01,119011358,12,5269.449
2025-11-01,119011358,9,4646.015
2025-12-01,119011358,14,5315.0
2026-01-01,119011358,11,7602.034
2026-02-01,119011358,9,4838.668
2026-03-01,119011358,13,6239.527
2026-05-01,119011358,9,5032.606
2026-06-01,119011358,13,6105.249
2025-07-01,119011360,32,13422.594
2025-08-01,119011360,12,6705.165
2025-09-01,119011360,15,7847.28
2025-10-01,119011360,11,4981.975
2025-11-01,119011360,15,8527.255
2025-12-01,119011360,6,3221.114
2026-01-01,119011360,9,5260.734
2026-02-01,119011360,12,4442.575
2026-03-01,119011360,7,4055.0
2026-04-01,119011360,3,2200.0
2026-05-01,119011360,15,7040.96
2026-06-01,119011360,29,17492.924
2025-07-01,119011361,13,5222.0
2025-08-01,119011361,13,7163.329
2025-09-01,119011361,9,3138.09
2025-10-01,119011361,96,38252.823
2025-11-01,119011361,8,2151.546
2025-12-01,119011361,9,4648.344
2026-01-01,119011361,13,5709.794
2026-02-01,119011361,14,5026.801
2026-03-01,119011361,9,5117.765
2026-04-01,119011361,7,2533.0
2026-05-01,119011361,10,2656.255
2026-06-01,119011361,5,1134.0
2025-08-01,119011571,1,159.5
2025-09-01,119011571,2,900.0
2026-02-01,119011571,2,1300.0
2026-03-01,119011571,3,1340.0
2026-04-01,119011571,6,3763.501
2026-05-01,119011571,3,955.0
2026-06-01,119011571,6,3554.257
2025-08-01,119011572,6,1970.0
2025-09-01,119011572,5,1254.45
2025-10-01,119011572,3,669.0
2025-11-01,119011572,5,3263.424
2025-12-01,119011572,2,950.0
2026-02-01,119011572,3,1133.27
2026-03-01,119011572,8,3720.0
2026-04-01,119011572,2,460.0
2026-05-01,119011572,1,245.0
2026-06-01,119011572,1,280.0
2025-07-01,119011655,4,3024.906
2025-08-01,119011655,2,770.0
2025-10-01,119011655,4,2320.0
2025-11-01,119011655,3,937.317
2025-12-01,119011655,8,3583.1
2026-01-01,119011655,2,1989.038
2026-02-01,119011655,2,2120.0
2026-03-01,119011655,9,6550.0
2026-04-01,119011655,5,2068.1
2026-05-01,119011655,4,2981.635
2025-07-01,119011656,5,2080.0
2025-08-01,119011656,1,180.0
2025-09-01,119011656,4,1700.0
2025-10-01,119011656,4,998.086
2025-11-01,119011656,4,2500.0
2025-12-01,119011656,11,4341.58
2026-01-01,119011656,2,1200.0
2026-02-01,119011656,1,120.0
2026-03-01,119011656,9,3598.0
2026-04-01,119011656,1,150.0
2026-05-01,119011656,2,1000.0
2026-06-01,119011656,13,7833.039
2025-07-01,119011657,9,4219.015
2025-08-01,119011657,12,6949.7
2025-09-01,119011657,10,4774.289
2025-10-01,119011657,26,11500.042
2025-11-01,119011657,4,2667.431
2025-12-01,119011657,10,4275.0
2026-01-01,119011657,5,2275.161
2026-02-01,119011657,9,3920.0
2026-03-01,119011657,5,3208.277
2026-04-01,119011657,21,11643.568
2026-05-01,119011657,6,2929.64
2026-06-01,119011657,15,8138.501
2025-07-01,119011658,7,3568.603
2025-08-01,119011658,5,2856.283
2025-09-01,119011658,8,4145.592
2025-10-01,119011658,16,7949.147
2025-11-01,119011658,15,8994.353
2025-12-01,119011658,10,5738.391
2026-01-01,119011658,5,2900.0
2026-02-01,119011658,12,4673.76
2026-03-01,119011658,20,12905.296
2026-04-01,119011658,4,2870.0
2026-05-01,119011658,10,6814.309
2026-06-01,119011658,11,7014.99
2025-08-01,119021362,4,2500.0
2025-09-01,119021362,37,13395.731
2025-10-01,119021362,6,3053.0
2025-11-01,119021362,2,1341.901
2025-12-01,119021362,7,4075.227
2026-01-01,119021362,4,3786.414
2026-02-01,119021362,6,4160.965
2026-03-01,119021362,2,615.6
2026-04-01,119021362,3,1750.0
2026-06-01,119021362,2,2225.43
2025-07-01,119021366,7,2768.0
2025-08-01,119021366,6,2402.906
2025-09-01,119021366,10,5530.0
2025-10-01,119021366,3,1250.0
2025-11-01,119021366,3,820.0
2025-12-01,119021366,4,1417.686
2026-01-01,119021366,3,441.41
2026-02-01,119021366,8,2670.374
2026-03-01,119021366,9,4050.53
2026-04-01,119021366,2,566.2
2026-05-01,119021366,2,1022.375
2026-06-01,119021366,2,218.0
2025-07-01,119021367,5,3261.722
2025-08-01,119021367,7,5397.0
2025-09-01,119021367,2,1229.0
2025-10-01,119021367,2,879.463
2025-11-01,119021367,4,2294.672
2025-12-01,119021367,6,2970.0
2026-01-01,119021367,1,160.0
2026-02-01,119021367,12,7500.0
2026-03-01,119021367,8,4737.8
2026-04-01,119021367,5,2522.424
2026-05-01,119021367,3,1459.0
2026-06-01,119021367,10,5227.0
2025-07-01,119021573,2,530.0
2025-08-01,119021573,3,426.79
2025-09-01,119021573,3,1049.7
2025-10-01,119021573,2,1349.0
2025-11-01,119021573,4,2290.25
2025-12-01,119021573,5,1102.83
2026-04-01,119021573,1,186.0
2026-05-01,119021573,2,1450.5
2026-06-01,119021573,1,600.0
2025-08-01,119021574,1,520.0
2025-09-01,119021574,2,389.17
2025-10-01,119021574,3,1360.2
2025-11-01,119021574,1,160.0
2025-12-01,119021574,1,125.0
2026-03-01,119021574,1,220.0
2026-04-01,119021574,1,150.0
2026-05-01,119021574,1,997.531
2026-06-01,119021574,1,160.0
2025-10-01,119021659,3,800.0
2025-11-01,119021659,1,105.0
2025-12-01,119021659,1,500.0
2026-01-01,119021659,1,171.54
2026-02-01,119021659,1,150.0
2026-03-01,119021659,1,638.288
2026-04-01,119021659,1,105.0
2026-05-01,119021659,1,80.0
2025-09-01,119021660,1,658.3
2025-11-01,119021660,2,1135.916
2026-04-01,119021660,4,2000.0
2026-06-01,119021660,2,739.995
2025-07-01,119021661,8,3812.215
2025-08-01,119021661,5,3300.0
2025-09-01,119021661,5,2062.32
2025-10-01,119021661,3,2147.645
2025-11-01,119021661,2,900.0
2025-12-01,119021661,2,1100.0
2026-02-01,119021661,4,1840.0
2026-03-01,119021661,27,8000.0
2026-04-01,119021661,2,1200.0
2026-05-01,119021661,4,1305.026
2026-06-01,119021661,2,1800.0
2025-08-01,119021662,3,2664.851
2025-09-01,119021662,3,2531.15
2025-10-01,119021662,4,4606.948
2025-11-01,119021662,1,169.05
2025-12-01,119021662,5,2049.191
2026-01-01,119021662,5,3495.0
2026-02-01,119021662,5,3100.0
2026-03-01,119021662,2,335.7
2026-04-01,119021662,6,9350.744
2026-05-01,119021662,5,1660.0
2026-06-01,119021662,5,3769.353
2025-07-01,119021663,16,9518.248
2025-08-01,119021663,2,1000.0
2025-09-01,119021663,2,1600.0
2025-10-01,119021663,1,436.72
2025-11-01,119021663,3,2300.0
2025-12-01,119021663,1,1120.0
2026-01-01,119021663,1,1100.0
2026-02-01,119021663,5,3301.665
2026-03-01,119021663,2,1990.0
2026-05-01,119021663,4,2430.0
2025-08-01,119031370,5,1914.944
2025-10-01,119031370,3,1320.0
2025-11-01,119031370,7,3376.0
2025-12-01,119031370,5,1876.0
2026-01-01,119031370,1,753.153
2026-02-01,119031370,4,2160.0
2026-03-01,119031370,7,3717.0
2026-04-01,119031370,4,2244.525
2026-05-01,119031370,21,12816.11
2026-06-01,119031370,2,1193.5
2025-07-01,119031371,2,1971.0
2025-08-01,119031371,5,3526.047
2025-09-01,119031371,2,1300.0
2025-10-01,119031371,1,1500.0
2025-12-01,119031371,2,1720.0
2026-01-01,119031371,1,1000.0
2026-02-01,119031371,4,2877.221
2026-03-01,119031371,5,2043.6
2026-04-01,119031371,3,1673.144
2026-05-01,119031371,5,4495.6
2025-07-01,119031372,16,9310.088
2025-08-01,119031372,22,12209.348
2025-09-01,119031372,29,9077.306
2025-10-01,119031372,6,2800.0
2025-11-01,119031372,39,23118.256
2025-12-01,119031372,5,4900.163
2026-01-01,119031372,2,1800.0
2026-02-01,119031372,3,850.0
2026-03-01,119031372,5,2174.8
2026-05-01,119031372,4,1979.655
2026-06-01,119031372,5,3437.507
2025-09-01,119031373,4,2017.246
2025-10-01,119031373,1,160.74
2025-11-01,119031373,32,18637.029
2025-12-01,119031373,3,1165.0
2026-01-01,119031373,3,1200.0
2026-02-01,119031373,4,1600.76
2026-05-01,119031373,1,150.0
2025-07-01,119031374,4,4313.577
2025-08-01,119031374,4,3372.586
2025-09-01,119031374,7,8519.421
2025-10-01,119031374,3,2500.0
2025-11-01,119031374,4,2416.5
2025-12-01,119031374,8,9468.363
2026-01-01,119031374,4,1947.585
2026-03-01,119031374,8,4835.959
2026-04-01,119031374,4,4000.0
2026-05-01,119031374,6,5183.476
2026-06-01,119031374,11,13376.028
2025-07-01,119031664,1,240.0
2025-10-01,119031664,2,350.7
2025-12-01,119031664,1,120.0
2026-01-01,119031664,2,800.0
2026-03-01,119031664,2,2500.0
2026-06-01,119031664,220,96057.161
2025-07-01,119031665,2,700.0
2025-08-01,119031665,3,3000.0
2025-09-01,119031665,9,4505.0
2025-10-01,119031665,2,931.507
2025-11-01,119031665,7,3745.355
2025-12-01,119031665,5,3552.9
2026-01-01,119031665,3,2254.9
2026-02-01,119031665,8,4425.0
2026-03-01,119031665,5,2502.064
2026-05-01,119031665,5,3228.25
2026-06-01,119031665,5,2550.0
2025-07-01,119031666,2,1454.446
2025-08-01,119031666,4,2499.0
2025-09-01,119031666,3,1220.0
2025-10-01,119031666,3,2090.0
2025-12-01,119031666,12,6770.0
2026-02-01,119031666,2,1378.654
2026-03-01,119031666,8,3625.091
2026-04-01,119031666,3,2606.816
2026-05-01,119031666,7,3281.908
2026-06-01,119031666,7,3437.731
2025-07-01,119031667,1,130.0
2025-08-01,119031667,5,2508.2
2025-09-01,119031667,5,1951.32
2025-11-01,119031667,1,120.0
2025-12-01,119031667,1,650.0
2026-02-01,119031667,1,805.738
2026-05-01,119031667,1,177.81
2025-08-01,119041377,2,375.8
2025-09-01,119041377,6,3100.0
2025-10-01,119041377,7,2764.157
2025-11-01,119041377,3,3700.0
2025-12-01,119041377,5,4318.706
2026-02-01,119041377,1,1300.0
2026-03-01,119041377,2,401.0
2026-04-01,119041377,3,2300.0
2026-05-01,119041377,2,2600.0
2026-06-01,119041377,5,2496.4
2025-07-01,119041378,3,1700.0
2025-10-01,119041378,57,16808.572
2025-11-01,119041378,1,180.0
2026-02-01,119041378,1,600.0
2026-03-01,119041378,1,900.0
2026-05-01,119041378,1,750.0
2025-07-01,119041379,1,800.0
2025-08-01,119041379,2,1200.0
2025-09-01,119041379,2,1000.0
2025-10-01,119041379,6,4383.945
2025-11-01,119041379,5,3211.2
2025-12-01,119041379,4,1350.0
2026-01-01,119041379,22,12187.028
2026-02-01,119041379,2,2070.0
2026-03-01,119041379,33,17255.784
2026-05-01,119041379,29,16096.52
2025-07-01,119041380,2,800.0
2025-08-01,119041380,4,2218.45
2025-09-01,119041380,6,4021.296
2025-10-01,119041380,1,1395.25
2025-11-01,119041380,1,1200.0
2025-12-01,119041380,2,2400.0
2026-01-01,119041380,2,1000.0
2026-02-01,119041380,6,3548.692
2026-03-01,119041380,4,3846.319
2026-04-01,119041380,3,1836.8
2026-05-01,119041380,3,1250.0
2026-06-01,119041380,7,4250.458
2025-07-01,119041381,7,3789.6
2025-08-01,119041381,2,1300.0
2025-09-01,119041381,4,2391.6
2025-10-01,119041381,5,3207.551
2025-11-01,119041381,3,2338.0
2025-12-01,119041381,1,950.0
2026-01-01,119041381,2,1750.0
2026-02-01,119041381,1,164.56
2026-03-01,119041381,2,1692.558
2026-04-01,119041381,2,900.0
2026-05-01,119041381,2,1298.0
2026-06-01,119041381,86,32452.542
2025-07-01,119041382,5,3351.778
2025-09-01,119041382,18,10036.0
2025-10-01,119041382,12,9107.868
2025-11-01,119041382,6,5684.864
2025-12-01,119041382,5,5300.0
2026-01-01,119041382,7,6380.0
2026-02-01,119041382,4,2820.72
2026-03-01,119041382,2,1847.421
2026-04-01,119041382,6,3189.568
2026-05-01,119041382,12,7137.8
2026-06-01,119041382,48,58856.592
2025-07-01,119041668,44,21200.0
2025-08-01,119041668,2,1000.0
2025-09-01,119041668,20,8000.0
2025-10-01,119041668,58,29396.98
2025-11-01,119041668,1,275.34
2026-01-01,119041668,2,700.0
2026-02-01,119041668,2,1598.027
2026-03-01,119041668,1,230.0
2026-04-01,119041668,3,1625.0
2026-05-01,119041668,1,700.0
2026-06-01,119041668,6,4225.193
2025-07-01,119041669,1,185.0
2025-08-01,119041669,2,1320.0
2025-09-01,119041669,2,964.792
2025-11-01,119041669,2,344.0
2025-12-01,119041669,1,145.3
2026-01-01,119041669,2,840.569
2026-02-01,119041669,3,2305.259
2026-03-01,119041669,1,300.0
2026-04-01,119041669,2,1500.0
2026-05-01,119041669,2,1240.0
2026-06-01,119041669,4,1880.0
2025-07-01,119041670,1,167.0
2025-08-01,119041670,4,2157.74
2025-10-01,119041670,2,770.0
2025-11-01,119041670,2,1210.0
2025-12-01,119041670,2,900.0
2026-01-01,119041670,2,1000.0
2026-02-01,119041670,2,1200.0
2026-03-01,119041670,3,4121.514
2026-04-01,119041670,4,3050.0
2026-05-01,119041670,4,2717.519
2026-06-01,119041670,2,1353.202
2026-03-01,119041671,8,4000.0
2025-07-01,120011383,3,2000.0
2025-08-01,120011383,2,1950.0
2025-09-01,120011383,5,3121.919
2025-11-01,120011383,6,7357.53
2025-12-01,120011383,9,8475.373
2026-01-01,120011383,5,4791.126
2026-02-01,120011383,58,28261.327
2026-03-01,120011383,2,3110.0
2026-04-01,120011383,17,15585.304
2026-05-01,120011383,8,8264.465
2026-06-01,120011383,5,4058.944
2025-07-01,120011385,8,7438.839
2025-08-01,120011385,2,2940.0
2025-09-01,120011385,1,2666.498
2025-10-01,120011385,6,6556.319
2025-11-01,120011385,6,7134.539
2025-12-01,120011385,5,7037.019
2026-02-01,120011385,4,3720.0
2026-03-01,120011385,3,2150.0
2026-04-01,120011385,1,1150.0
2026-05-01,120011385,5,3691.119
2026-06-01,120011385,7,6097.44
2025-07-01,120011386,6,5588.482
2025-08-01,120011386,6,5893.936
2025-09-01,120011386,1186,751890.0
2025-10-01,120011386,30,22046.639
2025-11-01,120011386,6,6616.0
2025-12-01,120011386,7,4565.0
2026-02-01,120011386,3,1075.5
2026-03-01,120011386,3,3232.229
2026-04-01,120011386,3,2800.0
2026-05-01,120011386,10,11223.373
2026-06-01,120011386,13,9928.893
2025-07-01,120011672,7,4899.15
2025-08-01,120011672,5,2039.39
2025-10-01,120011672,3,2000.0
2025-11-01,120011672,2,1760.0
2025-12-01,120011672,5,2540.0
2026-01-01,120011672,2,1200.0
2026-02-01,120011672,2,999.895
2026-03-01,120011672,2,1200.0
2026-04-01,120011672,2,1363.702
2026-05-01,120011672,6,2680.0
2025-10-01,120011673,93,57000.0
2025-08-01,120021387,2,3480.325
2025-12-01,120021387,8,11658.514
2026-01-01,120021387,2,976.317
2026-02-01,120021387,2,2662.5
2026-03-01,120021387,1,600.0
2026-06-01,120021387,1,1000.0
2025-08-01,120021389,2,1642.941
2025-09-01,120021389,3,2298.0
2025-10-01,120021389,3,2106.493
2025-12-01,120021389,3,2797.468
2026-01-01,120021389,2,1480.0
2026-02-01,120021389,6,6707.39
2026-05-01,120021389,1,850.0
2025-07-01,120021674,6,2334.582
2025-08-01,120021674,1,495.2
2025-09-01,120021674,1,871.64
2026-05-01,120021674,1,1000.0
2025-07-01,120021675,6,5020.7
2025-08-01,120021675,2,975.792
2025-09-01,120021675,3,1964.459
2025-10-01,120021675,5,4120.5
2025-12-01,120021675,3,1846.4
2026-01-01,120021675,1,990.0
2026-02-01,120021675,3,1686.044
2026-03-01,120021675,4,2810.0
2026-04-01,120021675,1,800.0
2026-05-01,120021675,1,700.0
2026-06-01,120021675,1,789.63
2025-12-01,120031392,4,2266.944
2026-03-01,120031392,1,943.943
2026-04-01,120031392,3,2204.323
2026-05-01,120031392,1,1109.4
2026-06-01,120031392,2,626.6
2025-07-01,120031393,11,8109.1
2025-08-01,120031393,6,4231.617
2025-09-01,120031393,3,2805.0
2025-10-01,120031393,3,1129.7
2025-11-01,120031393,3,2499.096
2025-12-01,120031393,11,4607.627
2026-01-01,120031393,2,1022.4
2026-02-01,120031393,3,2820.0
2026-03-01,120031393,1,120.0
2026-04-01,120031393,1,1105.5
2026-05-01,120031393,2,1148.557
2026-06-01,120031393,4,1331.65
2025-07-01,120031394,135,105000.0
2025-08-01,120031394,1,750.0
2025-10-01,120031394,3,1800.0
2025-11-01,120031394,6,3591.217
2025-12-01,120031394,1,874.708
2026-02-01,120031394,5,2958.611
2026-05-01,120031394,2,600.0
2025-08-01,120031395,2,543.74
2025-10-01,120031395,1,1100.0
2025-12-01,120031395,1,1395.0
2026-02-01,120031395,1,782.727
2026-04-01,120031395,3,1562.838
2026-05-01,120031395,1,200.0
2026-06-01,120031395,2,1088.6
2026-02-01,120031396,3,1160.0
2026-03-01,120031396,2,1500.0
2025-07-01,120031576,2,1077.675
2025-08-01,120031576,1,900.0
2025-10-01,120031576,1,1100.0
2025-12-01,120031576,2,1497.0
2026-01-01,120031576,1,660.0
2026-03-01,120031576,1,1682.971
2026-04-01,120031576,1,616.017
2025-07-01,120031676,1,100.0
2025-09-01,120031676,1,726.0
2026-04-01,120031676,1,672.15
2026-05-01,120031676,1,208.65
2025-07-01,120031677,2,658.95
2025-10-01,120031677,2,750.0
2026-02-01,120031677,1,233.789
2026-05-01,120031677,1,1000.0
2025-08-01,120031678,1,1000.0
2025-10-01,120031678,2,1646.266
2025-11-01,120031678,4,2877.203
2025-12-01,120031678,4,2800.0
2026-04-01,120031678,1,1200.0
2026-06-01,120031678,54,26959.521
2025-08-01,120031679,3,3300.0
2025-10-01,120031679,2,269.38
2025-11-01,120031679,8,6952.57
2025-12-01,120031679,2,1139.994
2026-02-01,120031679,2,850.0
2026-03-01,120031679,1,1365.0
2026-04-01,120031679,3,2014.313
2026-05-01,120031679,4,2000.0
2026-06-01,120031679,4,1292.6
2025-08-01,120031680,2,1160.58
2025-09-01,120031680,3,6527.292
2025-10-01,120031680,2,1798.5
2025-12-01,120031680,5,5532.0
2026-01-01,120031680,1,1641.91
2026-02-01,120031680,3,5627.491
2026-03-01,120031680,1,750.0
2026-04-01,120031680,2,3638.3
2026-05-01,120031680,2,1000.0
2026-06-01,120031680,4,5287.77
2025-07-01,120031681,7,9378.553
2025-09-01,120031681,5,7788.563
2025-10-01,120031681,6,11989.743
2025-11-01,120031681,5,9428.103
2025-12-01,120031681,4,9588.213
2026-01-01,120031681,1,1751.192
2026-02-01,120031681,1,1475.023
2026-03-01,120031681,2,2150.0
2026-04-01,120031681,3,5388.556
2026-05-01,120031681,5,5352.956
2026-06-01,120031681,3,4918.8
2025-07-01,121011399,3,1839.868
2025-08-01,121011399,1,120.0
2025-09-01,121011399,5,4228.896
2025-11-01,121011399,1,130.5
2025-12-01,121011399,16,14728.471
2026-01-01,121011399,4,6800.0
2026-03-01,121011399,3,1540.0
2026-04-01,121011399,1,788.59
2026-05-01,121011399,1,900.0
2026-06-01,121011399,2,989.8
2025-07-01,121011401,2,1000.0
2025-08-01,121011401,2,1000.0
2025-09-01,121011401,5,5546.204
2025-12-01,121011401,1,2878.37
2026-04-01,121011401,2,1483.327
2026-06-01,121011401,2,800.0
2025-07-01,121011683,3,5357.897
2025-08-01,121011683,2,3327.753
2025-09-01,121011683,6,11358.365
2025-10-01,121011683,2,800.0
2025-11-01,121011683,6,6164.67
2025-12-01,121011683,41,98562.356
2026-01-01,121011683,4,6300.0
2026-02-01,121011683,3,3543.1
2026-03-01,121011683,6,8217.245
2026-04-01,121011683,1,980.0
2026-05-01,121011683,6,6701.678
2026-06-01,121011683,3,3118.48
2025-07-01,121011684,1,450.0
2025-08-01,121011684,1,1000.0
2025-10-01,121011684,1,650.0
2025-12-01,121011684,1,1100.0
2026-04-01,121011684,3,2183.76
2026-05-01,121011684,1,1561.41
2026-06-01,121011684,1,803.0
2025-07-01,121011685,285,179885.362
2025-09-01,121011685,3,6341.328
2025-10-01,121011685,25,14554.082
2025-11-01,121011685,3,7440.0
2025-12-01,121011685,1,990.0
2026-01-01,121011685,2,2721.6
2026-02-01,121011685,2,3396.0
2026-04-01,121011685,2,2940.019
2026-05-01,121011685,4,5773.298
2026-06-01,121011685,1,1400.0
2025-07-01,121011686,3,2652.569
2025-08-01,121011686,1,1470.0
2025-10-01,121011686,1,2156.625
2025-12-01,121011686,44,41329.928
2026-01-01,121011686,1,1049.673
2026-02-01,121011686,1,1306.6
2026-03-01,121011686,2,2263.78
2026-04-01,121011686,7,8864.426
2026-06-01,121011686,53,95000.0
2025-07-01,121011687,2,1344.579
2025-08-01,121011687,2,2417.0
2025-09-01,121011687,1,400.0
2025-10-01,121011687,2,1613.505
2025-11-01,121011687,5,3672.993
2025-12-01,121011687,1,180.0
2026-01-01,121011687,3,2300.0
2026-02-01,121011687,2,1780.0
2026-03-01,121011687,3,1700.0
2026-04-01,121011687,7,6918.0
2026-05-01,121011687,1,1224.82
2026-06-01,121011687,3,2949.34
2025-07-01,121021403,2,1009.3
2025-08-01,121021403,3,2657.249
2025-09-01,121021403,1,173.89
2025-10-01,121021403,4,2642.42
2025-11-01,121021403,2,1079.76
2025-12-01,121021403,1,177.36
2026-01-01,121021403,1,110.0
2026-02-01,121021403,1,932.987
2026-03-01,121021403,7,4630.057
2026-04-01,121021403,3,1349.347
2026-05-01,121021403,3,1938.869
2026-06-01,121021403,3,1627.617
2025-07-01,121021404,3,1580.868
2025-09-01,121021404,1,178.34
2025-10-01,121021404,2,1316.77
2025-11-01,121021404,2,2406.85
2025-12-01,121021404,1,952.973
2026-01-01,121021404,1,688.6
2026-02-01,121021404,2,910.0
2026-03-01,121021404,1,700.0
2026-04-01,121021404,2,760.0
2026-05-01,121021404,2,767.24
2026-06-01,121021404,2,1300.0
2025-08-01,121021406,2,1555.605
2025-09-01,121021406,3,2121.624
2025-11-01,121021406,1,558.715
2025-12-01,121021406,2,2644.028
2026-02-01,121021406,5,4679.031
2026-03-01,121021406,2,1131.079
2026-04-01,121021406,5,3975.045
2026-05-01,121021406,3,1802.233
2026-06-01,121021406,3,1290.0
2025-07-01,121021577,1,687.055
2026-01-01,121021577,1,250.0
2026-03-01,121021577,2,1257.83
2026-05-01,121021577,4,1358.688
2025-08-01,121021578,1,1350.0
2025-09-01,121021578,2,1568.67
2025-10-01,121021578,4,2346.996
2025-12-01,121021578,1,665.0
2026-01-01,121021578,3,1755.98
2026-02-01,121021578,11,5350.793
2026-03-01,121021578,2,1394.275
2026-04-01,121021578,1,200.0
2026-05-01,121021578,1,781.636
2026-06-01,121021578,1,1248.0
2025-07-01,121021579,3,1395.108
2025-08-01,121021579,169,79336.817
2025-09-01,121021579,1,199.24
2025-12-01,121021579,3,2544.205
2026-01-01,121021579,2,1881.247
2026-02-01,121021579,1,184.2
2026-03-01,121021579,2,1887.137
2026-04-01,121021579,1,200.0
2026-05-01,121021579,1,150.0
2026-06-01,121021579,4,2950.321
2025-07-01,121031407,2,3790.051
2025-08-01,121031407,1,1354.0
2025-09-01,121031407,16,25031.176
2025-10-01,121031407,5,7247.785
2025-11-01,121031407,4,3997.3
2025-12-01,121031407,3,2450.0
2026-02-01,121031407,57,37740.325
2026-03-01,121031407,2,2624.466
2026-04-01,121031407,3,3368.192
2026-05-01,121031407,9,9337.92
2026-06-01,121031407,3,2050.0
2025-07-01,121031408,2,2100.0
2025-08-01,121031408,3,1890.0
2025-09-01,121031408,4,3725.0
2025-10-01,121031408,41,38983.739
2025-11-01,121031408,2,2300.0
2025-12-01,121031408,4,4650.0
2026-01-01,121031408,2,2000.0
2026-02-01,121031408,5,4700.0
2026-03-01,121031408,2,6664.495
2026-04-01,121031408,3,5500.0
2026-05-01,121031408,4,3951.526
2026-06-01,121031408,405,267010.58
2025-07-01,121031409,7,8728.286
2025-08-01,121031409,12,11650.0
2025-09-01,121031409,2,2550.0
2025-10-01,121031409,6,5189.215
2025-11-01,121031409,9,8519.287
2025-12-01,121031409,2,620.0
2026-01-01,121031409,1,1000.0
2026-02-01,121031409,8,8419.683
2026-03-01,121031409,8,8251.117
2026-04-01,121031409,3,3263.858
2026-05-01,121031409,2,1560.0
2026-06-01,121031409,4,4164.5
2025-07-01,121031410,5,5576.715
2025-08-01,121031410,4,4800.057
2025-09-01,121031410,7,7151.531
2025-10-01,121031410,5,6512.366
2025-11-01,121031410,4,5300.0
2025-12-01,121031410,5,6608.965
2026-01-01,121031410,2,3085.0
2026-02-01,121031410,4,4158.263
2026-03-01,121031410,5,7988.671
2026-04-01,121031410,7,4232.76
2026-05-01,121031410,5,6090.0
2026-06-01,121031410,8,8380.339
2025-07-01,121031411,3,3000.0
2025-08-01,121031411,6,8806.395
2025-09-01,121031411,6,6693.75
2025-10-01,121031411,2,2728.529
2025-11-01,121031411,1,1500.0
2025-12-01,121031411,3,3008.5
2026-01-01,121031411,2,3672.072
2026-02-01,121031411,5,6192.317
2026-03-01,121031411,4,5456.387
2026-04-01,121031411,4,5000.0
2026-05-01,121031411,6,5665.485
2026-06-01,121031411,6,6218.835
2025-09-01,121031412,4,9833.876
2025-10-01,121031412,3,2050.0
2025-11-01,121031412,130,62186.23
2025-12-01,121031412,2,1210.0
2026-02-01,121031412,3,3260.317
2026-03-01,121031412,5,5138.71
2026-04-01,121031412,1,1200.0
2026-05-01,121031412,3,2864.24
2026-06-01,121031412,2,2883.68
2025-07-01,121041413,1,3026.606
2025-08-01,121041413,3,2000.0
2025-09-01,121041413,4,6338.0
2025-11-01,121041413,1,450.0
2025-12-01,121041413,2,6700.0
2026-01-01,121041413,1,3081.367
2026-03-01,121041413,58,60000.0
2025-09-01,121041414,10,7500.0
2025-10-01,121041414,2,1347.103
2025-11-01,121041414,3,3199.979
2025-12-01,121041414,2,913.918
2026-06-01,121041414,24,19200.0
2025-08-01,121041416,9,9383.106
2025-09-01,121041416,4,16665.473
2025-10-01,121041416,6,26070.0
2025-12-01,121041416,10,18500.0
2026-02-01,121041416,2,2826.862
2026-04-01,121041416,11,14314.697
2025-09-01,121041417,71,70000.0
2025-12-01,121041417,239,275052.568
2026-03-01,121041417,1,1800.0
2025-07-01,121041688,1,2920.026
2025-09-01,121041688,4,8488.028
2025-10-01,121041688,2,5148.642
2025-12-01,121041688,1,4315.041
2026-01-01,121041688,41,64780.525
2026-02-01,121041688,7,13199.529
2026-03-01,121041688,1,3346.084
2026-04-01,121041688,1,3795.0
2026-06-01,121041688,3,17022.55
2025-07-01,121041689,1,750.0
2025-09-01,121041689,3,8127.5
2025-10-01,121041689,3,8628.85
2025-11-01,121041689,2,4274.521
2026-02-01,121041689,3,5163.173
2026-03-01,121041689,2,3435.101
2026-04-01,121041689,2,5223.525
2026-05-01,121041689,1,2538.052
2025-07-01,122011418,7,6473.818
2025-08-01,122011418,5,4192.829
2025-09-01,122011418,2,1150.0
2025-10-01,122011418,5,9670.63
2025-11-01,122011418,9,7376.783
2025-12-01,122011418,8,8339.239
2026-02-01,122011418,3,2974.037
2026-03-01,122011418,6,3952.718
2026-04-01,122011418,5,7000.0
2026-05-01,122011418,2,2082.3
2026-06-01,122011418,11,9322.716
2025-07-01,122011419,1,871.6
2025-08-01,122011419,1,1100.0
2025-09-01,122011419,2,2160.245
2025-10-01,122011419,29,34591.925
2026-01-01,122011419,6,11174.0
2026-05-01,122011419,1,2524.002
2026-06-01,122011419,1,1180.0
2025-07-01,122021420,2,13974.453
2025-08-01,122021420,5,6805.0
2025-09-01,122021420,5,5806.039
2025-10-01,122021420,4,3327.105
2025-11-01,122021420,11,30782.831
2026-01-01,122021420,1,555.0
2026-03-01,122021420,4,12196.996
2026-04-01,122021420,12,10000.0
2026-06-01,122021420,6,5114.978
2025-07-01,122021421,3,6589.727
2025-08-01,122021421,1,988.9
2025-09-01,122021421,1,203.755
2025-10-01,122021421,1,805.719
2025-11-01,122021421,3,5549.451
2026-01-01,122021421,1,2500.0
2026-02-01,122021421,1,625.163
2026-03-01,122021421,3,2288.275
2026-05-01,122021421,1,1859.0
2025-07-01,122021422,4,1713.9
2025-10-01,122021422,1,266.22
2025-11-01,122021422,1,1555.95
2025-12-01,122021422,1,700.0
2026-02-01,122021422,1,3512.595
2026-03-01,122021422,1,4100.0
2026-04-01,122021422,3,1574.1
2026-05-01,122021422,1,800.0
2025-07-01,122021690,4,2850.44
2025-08-01,122021690,4,3651.0
2025-09-01,122021690,4,6780.78
2025-12-01,122021690,1,559.67
2026-01-01,122021690,1,612.429
2026-03-01,122021690,2,2231.7
2026-04-01,122021690,5,3022.0
2026-05-01,122021690,2,975.255
2026-06-01,122021690,32,23417.63
2025-08-01,122021691,1,991.488
2025-09-01,122021691,1,1750.0
2025-10-01,122021691,1,1650.0
2025-11-01,122021691,2,1253.537
2026-01-01,122021691,2,519.301
2026-02-01,122021691,3,2093.7
2026-03-01,122021691,2,980.444
2026-04-01,122021691,4,4178.011
2026-05-01,122021691,1,310.495
2025-08-01,122031424,2,1378.1
2025-10-01,122031424,12,7538.513
2025-11-01,122031424,2,606.404
2025-12-01,122031424,3,2861.95
2026-02-01,122031424,2,743.909
2026-03-01,122031424,2,1005.0
2026-04-01,122031424,4,3242.793
2026-05-01,122031424,2,813.139
2026-06-01,122031424,3,1665.459
2025-09-01,122031425,1,4661.073
2026-02-01,122031425,11,8084.885
2026-03-01,122031425,1,665.506
2026-05-01,122031425,2,1160.0
2025-07-01,122031427,1,2122.692
2025-08-01,122031427,1,336.0
2025-09-01,122031427,8,4841.901
2025-10-01,122031427,1,280.0
2025-11-01,122031427,1,726.714
2025-12-01,122031427,2,1190.0
2026-01-01,122031427,1,1210.149
2026-03-01,122031427,3,2000.714
2026-04-01,122031427,10,7557.3
2026-05-01,122031427,1,750.0
2026-06-01,122031427,4,2395.305
2025-07-01,122031429,8,8069.291
2025-08-01,122031429,9,8206.258
2025-09-01,122031429,8,13815.294
2025-10-01,122031429,3,3112.176
2025-11-01,122031429,5,7054.402
2025-12-01,122031429,6,7618.828
2026-01-01,122031429,2,4873.5
2026-02-01,122031429,6,4159.203
2026-03-01,122031429,4,3328.598
2026-04-01,122031429,2,5155.457
2026-05-01,122031429,4,5525.13
2026-06-01,122031429,1,385.0
2025-07-01,122031430,5,4232.777
2025-08-01,122031430,5,4553.114
2025-09-01,122031430,3,2938.708
2025-10-01,122031430,2,2890.505
2025-12-01,122031430,2,1708.69
2026-02-01,122031430,1,1293.32
2026-03-01,122031430,1,205.0
2026-04-01,122031430,2,1220.66
2026-05-01,122031430,6,4500.252
2026-06-01,122031430,12,9876.248
2026-01-01,122031432,1,792.0
2026-03-01,122031432,1,80.0
2026-06-01,122031432,1,735.33
2025-08-01,122031692,1,791.83
2025-11-01,122031692,1,1101.21
2026-03-01,122031692,1,166.97
2026-04-01,122031692,2,1399.0
2026-06-01,122031692,3,2293.975
2025-07-01,122031693,3,3101.899
2025-08-01,122031693,2,1866.382
2025-09-01,122031693,3,1865.0
2025-11-01,122031693,1,825.372
2025-12-01,122031693,1,1256.0
2026-01-01,122031693,2,4264.517
2026-03-01,122031693,2,398.5
2026-04-01,122031693,3,1875.429
2026-06-01,122031693,2,5683.978
2025-07-01,122031694,1,160.0
2025-08-01,122031694,1,160.0
2025-09-01,122031694,1,2600.0
2025-10-01,122031694,2,2116.339
2025-11-01,122031694,1,1112.746
2025-12-01,122031694,1,1364.49
2026-01-01,122031694,2,2166.4
2026-02-01,122031694,2,3910.0
2026-03-01,122031694,3,7650.0
2026-04-01,122031694,1,1676.277
2026-05-01,122031694,4,9260.842
2026-06-01,122031694,1,1000.0
2025-07-01,122031695,1,193.0
2025-09-01,122031695,1,1175.081
2025-10-01,122031695,1,459.0
2025-12-01,122031695,2,1359.805
2026-01-01,122031695,2,1317.509
2026-02-01,122031695,1,140.0
2026-03-01,122031695,1,80.0
2026-04-01,122031695,1,170.0
2025-07-01,122031696,1,1059.315
2025-08-01,122031696,4,9197.29
2025-09-01,122031696,4,2097.15
2025-10-01,122031696,2,2761.843
2025-11-01,122031696,12,7943.682
2025-12-01,122031696,2,1043.71
2026-02-01,122031696,1,249.65
2026-03-01,122031696,6,3517.685
2026-05-01,122031696,1,1009.881
2026-06-01,122031696,10,6177.1
2025-07-01,122031697,2,2906.572
2025-09-01,122031697,1,160.0
2026-01-01,122031697,2,442.0
2026-04-01,122031697,1,241.45
2026-05-01,122031697,36,17204.641
2026-06-01,122031697,1,1200.0
2025-07-01,123011433,5,2336.393
2025-08-01,123011433,3,3150.0
2025-09-01,123011433,4,2950.003
2025-10-01,123011433,1,400.0
2025-11-01,123011433,2,1737.195
2025-12-01,123011433,3,800.0
2026-01-01,123011433,2,1197.121
2026-02-01,123011433,2,1400.0
2026-03-01,123011433,2,1005.794
2026-05-01,123011433,1,181.98
2026-06-01,123011433,3,455.12
2025-07-01,123011698,5,2483.154
2025-08-01,123011698,1,441.49
2025-09-01,123011698,3,853.835
2025-10-01,123011698,6,2072.711
2025-11-01,123011698,1,387.0
2025-12-01,123011698,2,735.0
2026-01-01,123011698,3,1059.809
2026-02-01,123011698,3,1100.9
2026-03-01,123011698,6,2584.662
2026-04-01,123011698,3,894.475
2026-05-01,123011698,5,2196.97
2025-07-01,123011699,20,13617.407
2025-08-01,123011699,2,2834.0
2025-09-01,123011699,1,1800.0
2025-10-01,123011699,5,4675.0
2025-11-01,123011699,4,2444.499
2025-12-01,123011699,3,529.67
2026-01-01,123011699,1,150.0
2026-02-01,123011699,4,3196.425
2026-03-01,123011699,2,2594.62
2026-04-01,123011699,2,1195.0
2026-05-01,123011699,1,266.58
2026-06-01,123011699,2,708.424
2025-08-01,123011700,1,511.948
2025-10-01,123011700,1,1966.613
2026-03-01,123011700,2,896.363
2026-05-01,123011700,2,550.0
2025-09-01,123011701,1,88.0
2025-10-01,123011701,2,300.0
2025-11-01,123011701,1,550.0
2025-12-01,123011701,2,348.182
2026-02-01,123011701,1,100.0
2026-03-01,123011701,4,1593.377
2026-04-01,123011701,2,629.848
2026-05-01,123011701,6,2207.338
2026-06-01,123011701,5,1700.15
2025-07-01,123011702,1,289.689
2025-08-01,123011702,3,1802.822
2025-09-01,123011702,2,453.698
2025-10-01,123011702,4,1561.0
2025-12-01,123011702,2,650.0
2026-02-01,123011702,1,518.0
2026-03-01,123011702,7,2777.412
2026-04-01,123011702,2,702.32
2026-05-01,123011702,4,1705.93
2026-06-01,123011702,3,1270.84
2025-07-01,123021436,4,1023.81
2025-08-01,123021436,6,2797.302
2025-09-01,123021436,11,3045.38
2025-10-01,123021436,8,2213.324
2025-11-01,123021436,6,1436.075
2025-12-01,123021436,12,3676.32
2026-01-01,123021436,7,2055.701
2026-02-01,123021436,5,1766.5
2026-03-01,123021436,9,2486.57
2026-04-01,123021436,1,160.0
2026-05-01,123021436,19,6890.769
2026-06-01,123021436,11,3669.515
2025-07-01,123021437,9,3389.98
2025-08-01,123021437,4,1340.0
2025-09-01,123021437,11,3064.377
2025-10-01,123021437,5,2284.05
2025-11-01,123021437,6,922.808
2025-12-01,123021437,2,373.99
2026-01-01,123021437,1,180.0
2026-02-01,123021437,11,3728.588
2026-03-01,123021437,5,1982.26
2026-04-01,123021437,6,2517.82
2026-05-01,123021437,5,1920.0
2026-06-01,123021437,98,96439.05
2025-07-01,123021438,13,4491.92
2025-08-01,123021438,42,23890.586
2025-09-01,123021438,27,10371.327
2025-10-01,123021438,19,6476.14
2025-11-01,123021438,27,9646.502
2025-12-01,123021438,13,4928.149
2026-01-01,123021438,10,3766.2
2026-02-01,123021438,14,4951.816
2026-03-01,123021438,17,6259.834
2026-04-01,123021438,8,2091.0
2026-05-01,123021438,16,5308.313
2026-06-01,123021438,6,2275.349
2025-07-01,123021441,1,160.0
2025-08-01,123021441,3,434.0
2025-09-01,123021441,3,496.201
2025-10-01,123021441,2,180.0
2025-11-01,123021441,4,1318.95
2025-12-01,123021441,4,1120.0
2026-01-01,123021441,2,2387.0
2026-02-01,123021441,2,260.0
2026-03-01,123021441,2,739.85
2026-04-01,123021441,3,799.0
2026-05-01,123021441,5,844.91
2026-06-01,123021441,3,490.31
2025-07-01,123021443,3,500.71
2025-08-01,123021443,6,2336.2
2025-09-01,123021443,5,787.2
2025-10-01,123021443,10,3677.0
2025-11-01,123021443,11,3127.0
2025-12-01,123021443,5,2215.229
2026-01-01,123021443,5,1071.15
2026-02-01,123021443,5,1620.7
2026-03-01,123021443,3,803.64
2026-04-01,123021443,2,298.55
2026-05-01,123021443,19,5946.059
2026-06-01,123021443,3,1060.0
2025-07-01,123021444,47,22573.909
2025-08-01,123021444,29,11002.894
2025-09-01,123021444,60,26064.268
2025-10-01,123021444,54,26599.154
2025-11-01,123021444,78,35971.477
2025-12-01,123021444,73,30716.601
2026-01-01,123021444,31,12335.295
2026-02-01,123021444,97,38974.479
2026-03-01,123021444,115,49491.478
2026-04-01,123021444,95,40404.751
2026-05-01,123021444,105,45563.217
2026-06-01,123021444,80,35477.295
2025-07-01,123021703,23,12119.351
2025-08-01,123021703,7,3649.224
2025-09-01,123021703,3,1626.029
2025-10-01,123021703,2,1495.0
2025-11-01,123021703,1,570.0
2025-12-01,123021703,5,2933.486
2026-02-01,123021703,3,2943.77
2026-03-01,123021703,5,4308.0
2026-05-01,123021703,5,4098.738
2026-06-01,123021703,4,3267.5
2025-07-01,123021704,2,858.468
2025-08-01,123021704,3,1076.965
2025-09-01,123021704,2,422.95
2025-10-01,123021704,2,935.31
2025-11-01,123021704,3,427.41
2025-12-01,123021704,3,678.35
2026-02-01,123021704,1,230.0
2026-03-01,123021704,3,1119.98
2026-05-01,123021704,2,320.0
2026-06-01,123021704,3,471.39
2025-07-01,123021705,18,6814.547
2025-08-01,123021705,8,4476.851
2025-09-01,123021705,14,5781.24
2025-10-01,123021705,10,3606.153
2025-11-01,123021705,12,5088.938
2025-12-01,123021705,18,7433.963
2026-01-01,123021705,1,161.1
2026-02-01,123021705,13,5730.144
2026-03-01,123021705,13,6932.126
2026-04-01,123021705,2,760.526
2026-05-01,123021705,12,4793.011
2026-06-01,123021705,7,3491.62
2025-07-01,123021706,1,290.0
2025-08-01,123021706,6,1261.67
2025-09-01,123021706,3,497.0
2025-10-01,123021706,4,1110.0
2025-11-01,123021706,7,2653.532
2025-12-01,123021706,3,1305.0
2026-01-01,123021706,2,979.878
2026-02-01,123021706,5,1828.2
2026-03-01,123021706,2,643.545
2026-04-01,123021706,1,716.0
2026-05-01,123021706,2,250.0
2026-06-01,123021706,9,3332.448
2025-07-01,123031445,1,650.0
2025-10-01,123031445,2,651.871
2025-11-01,123031445,2,2071.739
2025-12-01,123031445,1,960.212
2026-02-01,123031445,1,340.584
2026-04-01,123031445,4,1184.872
2026-05-01,123031445,1,473.0
2025-07-01,123031446,48,20334.346
2025-08-01,123031446,20,9138.312
2025-09-01,123031446,52,23103.193
2025-10-01,123031446,50,27069.162
2025-11-01,123031446,40,15884.037
2025-12-01,123031446,37,17814.056
2026-01-01,123031446,23,10318.544
2026-02-01,123031446,65,31143.503
2026-03-01,123031446,86,39494.995
2026-04-01,123031446,80,34361.12
2026-05-01,123031446,89,39044.399
2026-06-01,123031446,84,39396.182
2025-07-01,123031447,34,14250.178
2025-08-01,123031447,22,9411.368
2025-09-01,123031447,27,10774.236
2025-10-01,123031447,29,12488.131
2025-11-01,123031447,25,7610.051
2025-12-01,123031447,15,6119.377
2026-01-01,123031447,15,5300.162
2026-02-01,123031447,42,16006.916
2026-03-01,123031447,36,13923.87
2026-04-01,123031447,43,17044.274
2026-05-01,123031447,98,33938.3
2026-06-01,123031447,42,17022.843
2025-07-01,123031448,2,702.082
2025-08-01,123031448,2,1863.65
2025-09-01,123031448,5,3736.778
2025-10-01,123031448,1,373.52
2025-11-01,123031448,3,1971.158
2025-12-01,123031448,3,1313.616
2026-01-01,123031448,4,4332.663
2026-02-01,123031448,2,1396.529
2026-03-01,123031448,3,1439.535
2026-04-01,123031448,4,2767.48
2026-06-01,123031448,2,2915.195
2025-07-01,124011449,3,933.019
2025-08-01,124011449,1,150.0
2025-10-01,124011449,3,1797.805
2025-11-01,124011449,2,1320.0
2026-01-01,124011449,4,2350.165
2026-02-01,124011449,2,1036.589
2026-03-01,124011449,2,276.35
2026-04-01,124011449,3,1581.608
2026-05-01,124011449,2,827.783
2026-06-01,124011449,2,2834.104
2025-07-01,124011450,2,412.16
2025-08-01,124011450,4,1399.045
2025-10-01,124011450,5,2530.142
2025-12-01,124011450,1,890.497
2026-01-01,124011450,1,1577.0
2026-04-01,124011450,1,600.0
2026-05-01,124011450,8,6435.125
2026-06-01,124011450,2,2359.21
2025-07-01,124011451,1,286.0
2025-07-01,124011452,2,925.795
2025-08-01,124011452,1,800.0
2025-09-01,124011452,1,789.8
2025-10-01,124011452,2,797.9
2025-11-01,124011452,2,900.0
2025-12-01,124011452,2,1413.25
2026-02-01,124011452,3,1228.5
2026-03-01,124011452,9,3322.895
2026-04-01,124011452,3,1051.426
2026-05-01,124011452,3,999.727
2025-07-01,124011453,2,411.558
2025-08-01,124011453,2,1004.007
2025-09-01,124011453,1,727.65
2025-10-01,124011453,2,343.291
2025-11-01,124011453,4,1830.347
2026-01-01,124011453,1,518.627
2026-02-01,124011453,1,194.0
2026-03-01,124011453,2,628.614
2026-04-01,124011453,1,468.675
2026-05-01,124011453,1,743.42
2026-06-01,124011453,1,612.423
2025-08-01,124011454,2,525.0
2025-10-01,124011454,2,648.021
2025-12-01,124011454,1,125.0
2026-02-01,124011454,1,750.0
2026-05-01,124011454,3,1692.483
2026-06-01,124011454,2,951.596
2025-07-01,124011455,2,1046.0
2025-09-01,124011455,1,653.2
2025-10-01,124011455,4,3449.678
2026-01-01,124011455,1,1050.0
2026-02-01,124011455,1,550.0
2026-04-01,124011455,2,905.0
2026-06-01,124011455,2,776.0
2025-07-01,124031457,2,1164.927
2025-08-01,124031457,4,643.84
2025-09-01,124031457,4,925.551
2025-10-01,124031457,5,2225.0
2025-11-01,124031457,3,456.9
2025-12-01,124031457,5,2212.85
2026-01-01,124031457,1,160.0
2026-02-01,124031457,3,901.173
2026-03-01,124031457,7,1062.849
2026-04-01,124031457,1,180.0
2026-05-01,124031457,3,492.95
2026-06-01,124031457,2,341.547
2025-07-01,124031459,148,101050.0
2025-08-01,124031459,1,803.714
2025-09-01,124031459,2,1000.0
2025-10-01,124031459,4,2590.565
2025-12-01,124031459,1,132.0
2026-02-01,124031459,4,2614.978
2026-03-01,124031459,3,1774.6
2026-04-01,124031459,5,2663.804
2026-05-01,124031459,1,1450.0
2026-06-01,124031459,4,815.0
2025-07-01,124031460,2,880.34
2025-08-01,124031460,1,506.0
2025-09-01,124031460,5,2254.052
2025-10-01,124031460,1,903.25
2025-11-01,124031460,1,181.8
2025-12-01,124031460,3,2150.0
2026-02-01,124031460,5,2096.848
2026-06-01,124031460,2,708.8
2025-07-01,124031461,3,826.104
2025-08-01,124031461,4,1910.625
2025-09-01,124031461,4,1025.461
2025-10-01,124031461,3,1000.0
2025-11-01,124031461,7,2100.061
2025-12-01,124031461,2,339.55
2026-01-01,124031461,4,590.0
2026-02-01,124031461,6,2257.85
2026-03-01,124031461,10,2554.87
2026-04-01,124031461,3,447.35
2026-05-01,124031461,3,1312.62
2026-06-01,124031461,4,1343.16
2025-07-01,124031462,8,3907.838
2025-08-01,124031462,11,4194.441
2025-09-01,124031462,17,7354.961
2025-10-01,124031462,27,13542.544
2025-11-01,124031462,14,5724.626
2025-12-01,124031462,14,5792.264
2026-01-01,124031462,10,4381.876
2026-02-01,124031462,17,6909.246
2026-03-01,124031462,30,12675.899
2026-04-01,124031462,28,14464.725
2026-05-01,124031462,21,10585.729
2026-06-01,124031462,16,8532.81
2025-07-01,124031463,4,3869.137
2025-08-01,124031463,3,1742.0
2025-09-01,124031463,4,4319.96
2025-10-01,124031463,1,745.0
2025-11-01,124031463,1,507.825
2025-12-01,124031463,6,2265.984
2026-01-01,124031463,6,3471.905
2026-02-01,124031463,7,4451.505
2026-03-01,124031463,11,6979.146
2026-04-01,124031463,9,5432.987
2026-05-01,124031463,14,9976.97
2026-06-01,124031463,21,18036.265
2025-07-01,124031464,350,187787.988
2025-08-01,124031464,1,411.75
2025-09-01,124031464,1,130.0
2025-10-01,124031464,2,347.55
2025-11-01,124031464,7,2407.6
2025-12-01,124031464,1,160.0
2026-02-01,124031464,195,86987.89
2026-03-01,124031464,30,24353.2
2026-04-01,124031464,4,1130.15
2026-05-01,124031464,2,300.0
2026-06-01,124031464,6,1654.86
2025-07-01,124031465,9,4576.521
2025-08-01,124031465,2,860.719
2025-09-01,124031465,7,4163.751
2025-10-01,124031465,1,511.896
2025-11-01,124031465,4,1529.996
2025-12-01,124031465,6,4101.254
2026-01-01,124031465,4,1921.389
2026-02-01,124031465,8,4518.349
2026-03-01,124031465,3,1840.625
2026-04-01,124031465,5,1828.547
2026-05-01,124031465,10,5569.969
2026-06-01,124031465,6,2953.255
2025-07-01,124031707,1,350.0
2025-08-01,124031707,1,157.5
2025-11-01,124031707,3,525.769
2025-12-01,124031707,1,890.0
2026-01-01,124031707,1,1999.296
2026-02-01,124031707,2,350.0
2026-03-01,124031707,3,556.0
2026-04-01,124031707,3,1697.1
2026-06-01,124031707,4,1742.375
2025-07-01,124031708,3,1300.0
2025-08-01,124031708,3,1306.863
2025-09-01,124031708,3,1619.0
2025-10-01,124031708,2,1012.8
2025-11-01,124031708,7,3896.733
2025-12-01,124031708,4,1196.0
2026-01-01,124031708,3,1125.504
2026-02-01,124031708,2,1068.75
2026-03-01,124031708,2,1059.0
2026-04-01,124031708,2,1190.0
2026-05-01,124031708,1,591.24
2025-07-01,124041466,12,6748.435
2025-08-01,124041466,9,5358.413
2025-09-01,124041466,13,7021.417
2025-10-01,124041466,9,5064.456
2025-11-01,124041466,7,5357.099
2025-12-01,124041466,8,3538.234
2026-01-01,124041466,3,1383.817
2026-02-01,124041466,12,6407.172
2026-03-01,124041466,8,5422.418
2026-04-01,124041466,6,3553.027
2026-05-01,124041466,16,7507.711
2026-06-01,124041466,26,13980.686
2025-08-01,124041467,3,440.0
2025-09-01,124041467,1,476.435
2025-10-01,124041467,1,182.8
2025-11-01,124041467,1,160.0
2026-01-01,124041467,2,313.99
2026-02-01,124041467,6,1380.0
2026-04-01,124041467,5,1305.0
2026-06-01,124041467,6,1480.0
2025-07-01,124041468,1,600.0
2025-08-01,124041468,1,1996.55
2025-10-01,124041468,2,1601.0
2026-02-01,124041468,2,1731.225
2026-06-01,124041468,3,2154.625
2025-07-01,124051469,1,120.0
2025-08-01,124051469,4,1119.3
2025-09-01,124051469,1,170.0
2025-10-01,124051469,1,120.0
2025-11-01,124051469,3,516.946
2025-12-01,124051469,1,600.0
2026-01-01,124051469,4,2346.534
2026-02-01,124051469,1,145.8
2026-03-01,124051469,1,154.0
2026-05-01,124051469,1,150.6
2026-06-01,124051469,1,155.0
2025-07-01,124051470,10,4136.703
2025-08-01,124051470,6,1776.624
2025-09-01,124051470,9,2061.745
2025-10-01,124051470,2,263.95
2025-11-01,124051470,8,2256.041
2025-12-01,124051470,6,2459.5
2026-01-01,124051470,3,1051.81
2026-02-01,124051470,5,2355.881
2026-03-01,124051470,6,1246.295
2026-04-01,124051470,5,1554.058
2026-05-01,124051470,11,3380.612
2026-06-01,124051470,8,2687.749
2025-08-01,124051580,5,991.0
2025-09-01,124051580,6,1864.311
2025-10-01,124051580,2,313.65
2025-11-01,124051580,18,4288.928
2025-12-01,124051580,3,457.0
2026-01-01,124051580,5,2434.9
2026-02-01,124051580,9,3422.745
2026-03-01,124051580,8,1981.533
2026-04-01,124051580,5,777.0
2026-05-01,124051580,6,1374.836
2026-06-01,124051580,6,1094.67
2025-07-01,124051581,8,2621.0
2025-08-01,124051581,4,1148.352
2025-09-01,124051581,1,160.0
2025-10-01,124051581,5,1155.639
2025-11-01,124051581,8,1216.83
2025-12-01,124051581,6,1241.54
2026-01-01,124051581,18,8475.853
2026-02-01,124051581,12,4168.297
2026-03-01,124051581,24,12344.4
2026-04-01,124051581,3,570.1
2026-05-01,124051581,6,923.16
2026-06-01,124051581,2,429.81
2025-07-01,125011582,1,408.6
2025-08-01,125011582,5,1280.0
2025-09-01,125011582,3,390.188
2025-11-01,125011582,3,935.01
2025-12-01,125011582,3,911.6
2026-02-01,125011582,6,2209.765
2026-03-01,125011582,7,2376.29
2026-04-01,125011582,2,572.01
2026-05-01,125011582,1,548.3
2026-06-01,125011582,1,160.0
2025-07-01,125011583,2,1100.0
2025-11-01,125011583,2,553.6
2026-02-01,125011583,266,149310.01
2026-03-01,125011583,1,153.18
2026-05-01,125011583,1,535.071
2025-07-01,125011584,8,5447.2
2025-08-01,125011584,2,540.0
2025-09-01,125011584,5,3258.8
2025-11-01,125011584,1,180.0
2025-12-01,125011584,10,4610.0
2026-01-01,125011584,1,230.0
2026-03-01,125011584,4,1350.0
2026-04-01,125011584,2,337.88
2026-05-01,125011584,9,3250.0
2026-06-01,125011584,10,6076.4
2025-07-01,125011585,1,660.0
2025-08-01,125011585,2,760.0
2025-09-01,125011585,1,150.0
2025-11-01,125011585,2,500.698
2025-12-01,125011585,7,2418.12
2026-03-01,125011585,4,1919.0
2026-04-01,125011585,1,500.0
2026-05-01,125011585,3,1031.05
2026-06-01,125011585,2,1000.0
2025-07-01,125011586,6,3135.761
2025-08-01,125011586,4,1510.8
2025-09-01,125011586,3,2192.315
2025-10-01,125011586,9,4077.15
2025-11-01,125011586,11,3766.916
2025-12-01,125011586,12,7696.667
2026-01-01,125011586,20,17000.0
2026-02-01,125011586,7,3433.433
2026-03-01,125011586,7,3627.241
2026-04-01,125011586,5,1900.0
2026-05-01,125011586,7,3503.96
2026-06-01,125011586,6,3580.24
2025-07-01,125011587,3,2246.518
2025-08-01,125011587,1,747.98
2025-09-01,125011587,1,450.0
2025-12-01,125011587,2,800.0
2026-01-01,125011587,10,6000.0
2026-02-01,125011587,1,168.452
2026-03-01,125011587,3,1319.599
2026-05-01,125011587,19,8222.786
2026-06-01,125011587,1,198.0
2025-09-01,125011709,3,1195.845
2025-12-01,125011709,1,1000.0
2026-03-01,125011709,1,241.54
2025-11-01,125011710,488,246400.0
2025-07-01,125021477,9,7876.498
2025-08-01,125021477,13,6011.95
2025-09-01,125021477,385,172230.447
2025-10-01,125021477,12,6726.802
2025-11-01,125021477,6,3200.0
2025-12-01,125021477,9,5566.72
2026-01-01,125021477,474,251820.0
2026-02-01,125021477,1,105.0
2026-03-01,125021477,17,10176.909
2026-04-01,125021477,17,7267.689
2026-05-01,125021477,11,6047.879
2026-06-01,125021477,12,7421.98
2025-07-01,125021478,24,15584.333
2025-08-01,125021478,12,9346.268
2025-09-01,125021478,58,65998.751
2025-10-01,125021478,7,4956.099
2025-11-01,125021478,14,9604.963
2025-12-01,125021478,14,5651.688
2026-01-01,125021478,144,199689.52
2026-02-01,125021478,9,7830.917
2026-03-01,125021478,5,2500.0
2026-04-01,125021478,6,7768.25
2026-05-01,125021478,11,6290.21
2026-06-01,125021478,13,9224.332
2025-07-01,125021711,2,882.885
2025-08-01,125021711,1,918.75
2025-09-01,125021711,5,3092.89
2025-10-01,125021711,1,420.0
2025-11-01,125021711,3,2088.889
2025-12-01,125021711,3,1568.43
2026-01-01,125021711,3,1438.562
2026-02-01,125021711,9,8510.0
2026-03-01,125021711,6,3787.99
2026-04-01,125021711,4,2450.0
2026-05-01,125021711,8,6745.0
2026-06-01,125021711,7,4276.25
2025-07-01,125021712,3,3647.046
2025-08-01,125021712,4,2175.6
2025-09-01,125021712,3,1909.866
2025-10-01,125021712,2,1443.5
2025-11-01,125021712,305,141998.354
2026-01-01,125021712,9,5025.0
2026-02-01,125021712,91,48677.7
2026-03-01,125021712,1,700.0
2026-04-01,125021712,5,2317.035
2026-05-01,125021712,1,800.0
2026-06-01,125021712,3,954.0
2025-07-01,125031479,3,380.0
2025-08-01,125031479,10,4020.5
2025-09-01,125031479,26,9149.25
2025-10-01,125031479,6,2328.61
2025-11-01,125031479,33,19694.0
2025-12-01,125031479,10,3340.0
2026-01-01,125031479,5,2448.729
2026-02-01,125031479,2,280.0
2026-03-01,125031479,12,4500.381
2026-04-01,125031479,2,326.67
2026-05-01,125031479,6,1144.9
2026-06-01,125031479,3,1350.0
2025-07-01,125031480,7,3050.5
2025-08-01,125031480,3,1110.024
2025-09-01,125031480,117,41792.993
2025-10-01,125031480,21,7825.895
2025-11-01,125031480,2,900.0
2025-12-01,125031480,4,1491.0
2026-01-01,125031480,2,1530.5
2026-02-01,125031480,5,2148.462
2026-03-01,125031480,3,830.0
2026-04-01,125031480,4,1004.728
2026-05-01,125031480,5,795.95
2026-06-01,125031480,4,1713.34
2025-07-01,125031481,12,4197.166
2025-08-01,125031481,9,3944.872
2025-09-01,125031481,2,318.443
2025-10-01,125031481,4,1537.153
2025-11-01,125031481,1,1100.0
2025-12-01,125031481,11,6350.683
2026-01-01,125031481,2,277.0
2026-02-01,125031481,3,1499.465
2026-03-01,125031481,11,5260.233
2026-04-01,125031481,4,1550.0
2026-05-01,125031481,3,680.0
2026-06-01,125031481,1,154.9
2025-07-01,125031483,38,18524.595
2025-08-01,125031483,16,7679.451
2025-09-01,125031483,1,127.92
2025-10-01,125031483,4,1460.262
2025-11-01,125031483,5,3003.0
2025-12-01,125031483,9,4043.3
2026-01-01,125031483,5,3312.034
2026-02-01,125031483,5,1741.081
2026-03-01,125031483,7,3635.465
2026-04-01,125031483,6,1559.0
2026-05-01,125031483,6,2944.1
2026-06-01,125031483,6,2523.5
2025-07-01,125031484,7,2228.95
2025-08-01,125031484,9,4519.137
2025-09-01,125031484,15,5233.08
2025-10-01,125031484,10,4650.0
2025-11-01,125031484,10,4202.722
2025-12-01,125031484,2,1000.0
2026-01-01,125031484,11,5663.542
2026-02-01,125031484,16,5704.9
2026-03-01,125031484,7,3406.247
2026-04-01,125031484,5,2910.7
2026-05-01,125031484,9,2776.25
2026-06-01,125031484,14,7783.77
2025-07-01,125031713,21,12447.879
2025-08-01,125031713,7,4259.747
2025-09-01,125031713,13,8011.485
2025-10-01,125031713,4,4310.1
2025-11-01,125031713,5,2880.0
2025-12-01,125031713,6,3170.0
2026-01-01,125031713,7,4083.553
2026-02-01,125031713,7,4096.153
2026-03-01,125031713,11,5963.955
2026-04-01,125031713,12,9671.0
2026-05-01,125031713,23,12150.325
2026-06-01,125031713,8,3918.432
2025-07-01,125031714,12,7045.803
2025-08-01,125031714,14,7687.749
2025-09-01,125031714,2,1227.57
2025-10-01,125031714,15,6410.132
2025-11-01,125031714,13,7453.712
2025-12-01,125031714,6,4131.25
2026-01-01,125031714,9,4551.502
2026-02-01,125031714,6,2740.0
2026-03-01,125031714,9,5190.465
2026-04-01,125031714,6,2087.188
2026-05-01,125031714,460,157984.731
2026-06-01,125031714,8,3336.5
2025-07-01,125031715,1,200.0
2025-08-01,125031715,15,4751.0
2025-09-01,125031715,4,1925.962
2025-10-01,125031715,4,6870.234
2025-11-01,125031715,1,99.39
2025-12-01,125031715,4,4274.198
2026-01-01,125031715,1,900.0
2026-02-01,125031715,120,48712.709
2026-03-01,125031715,3,2980.0
2026-04-01,125031715,2,1120.0
2026-05-01,125031715,8,4503.942
2026-06-01,125031715,4,2795.4
2025-07-01,125031716,3,1794.355
2025-08-01,125031716,3,1500.0
2025-09-01,125031716,2,1800.0
2025-10-01,125031716,2,470.0
2025-11-01,125031716,4,1484.764
2025-12-01,125031716,6,3051.973
2026-01-01,125031716,1,167.16
2026-02-01,125031716,8,3816.171
2026-03-01,125031716,4,2655.805
2026-04-01,125031716,8,4200.0
2026-05-01,125031716,6,2696.364
2026-06-01,125031716,1,243.0
2025-08-01,125041489,3,1552.1
2025-09-01,125041489,33,18157.357
2025-11-01,125041489,2,887.11
2025-12-01,125041489,4,1850.0
2026-01-01,125041489,5,2344.69
2026-02-01,125041489,1,1100.0
2026-03-01,125041489,2,320.0
2026-04-01,125041489,4,2644.52
2026-05-01,125041489,5,2467.79
2026-06-01,125041489,1,1100.0
2025-07-01,125041490,3,3295.137
2025-09-01,125041490,1,1000.0
2025-10-01,125041490,4,3180.0
2025-11-01,125041490,3,3273.78
2026-03-01,125041490,2,985.588
2026-04-01,125041490,3,1548.435
2025-07-01,125041491,2,1200.0
2025-08-01,125041491,7,4411.573
2025-09-01,125041491,4,1410.985
2025-10-01,125041491,5,1699.063
2025-11-01,125041491,1,200.0
2025-12-01,125041491,4,3610.308
2026-01-01,125041491,2,1228.704
2026-02-01,125041491,3,1978.0
2026-03-01,125041491,10,6250.227
2026-04-01,125041491,2,688.663
2026-05-01,125041491,5,3266.477
2026-06-01,125041491,4,2796.998
2025-07-01,125041493,9,3413.0
2025-08-01,125041493,15,7630.485
2025-09-01,125041493,8,3693.069
2025-10-01,125041493,5,1818.0
2025-11-01,125041493,5,4554.244
2025-12-01,125041493,4,1933.614
2026-01-01,125041493,2,1458.0
2026-02-01,125041493,13,8033.32
2026-03-01,125041493,17,8804.0
2026-04-01,125041493,6,3133.318
2026-05-01,125041493,11,5360.11
2026-06-01,125041493,7,3913.77
2025-07-01,125041494,1,165.0
2025-08-01,125041494,1,710.0
2025-09-01,125041494,2,413.5
2025-10-01,125041494,4,2213.742
2025-12-01,125041494,1,153.65
2026-01-01,125041494,3,1605.0
2026-02-01,125041494,2,1500.0
2026-03-01,125041494,3,1290.181
2026-04-01,125041494,6,2363.0
2026-05-01,125041494,4,3444.634
2026-06-01,125041494,6,4844.755
2025-07-01,125041588,7,4122.521
2025-08-01,125041588,1,150.0
2025-09-01,125041588,2,380.0
2025-10-01,125041588,10,7164.45
2025-11-01,125041588,4,1514.3
2025-12-01,125041588,8,3325.86
2026-02-01,125041588,7,5485.114
2026-03-01,125041588,4,2578.586
2026-04-01,125041588,8,3170.0
2026-05-01,125041588,10,4297.644
2026-06-01,125041588,3,2655.0
2025-07-01,125041589,5,2894.0
2025-08-01,125041589,9,3937.17
2025-09-01,125041589,3,2182.0
2025-10-01,125041589,4,1672.77
2025-11-01,125041589,3,972.785
2025-12-01,125041589,5,1650.0
2026-01-01,125041589,2,677.7
2026-02-01,125041589,4,2108.372
2026-03-01,125041589,3,1717.935
2026-04-01,125041589,2,1700.0
2026-05-01,125041589,4,1381.235
2026-06-01,125041589,7,4084.024
2025-07-01,125041717,2,500.0
2025-09-01,125041718,2,875.0
2026-02-01,125041718,1,596.686
2026-03-01,125041718,63,35415.678
2026-04-01,125041718,25,14547.11
2026-05-01,125041718,2,927.815
2025-07-01,125041719,2,1205.861
2025-09-01,125041719,1,298.0
2026-01-01,125041719,2,1200.0
2026-06-01,125041719,1,234.85
2025-07-01,126011496,5,2608.67
2025-08-01,126011496,4,1662.409
2025-09-01,126011496,3,2080.0
2025-10-01,126011496,3,3890.0
2025-11-01,126011496,5,4747.36
2025-12-01,126011496,18,12010.663
2026-01-01,126011496,1,823.708
2026-02-01,126011496,8,5217.498
2026-03-01,126011496,4,2426.565
2026-04-01,126011496,4,4241.469
2026-05-01,126011496,5,4125.492
2026-06-01,126011496,7,4665.502
2025-07-01,126011720,2,1772.1
2025-08-01,126011720,2,1680.0
2025-10-01,126011720,2,1431.025
2025-12-01,126011720,1,192.93
2026-01-01,126011720,6,4856.53
2026-02-01,126011720,1,9442.086
2026-04-01,126011720,2,800.0
2026-06-01,126011720,2,904.757
2025-07-01,126011721,6,3255.853
2025-08-01,126011721,4,2989.1
2025-09-01,126011721,1,500.0
2025-10-01,126011721,1,600.0
2025-11-01,126011721,4,2720.0
2025-12-01,126011721,1,859.037
2026-01-01,126011721,3,3432.543
2026-02-01,126011721,4,2400.0
2026-03-01,126011721,8,4968.715
2026-04-01,126011721,4,2156.275
2026-05-01,126011721,9,9353.45
2026-06-01,126011721,5,3000.0
2025-07-01,126021498,6,4574.35
2025-08-01,126021498,7,6880.851
2025-09-01,126021498,5,3849.09
2025-10-01,126021498,5,3152.93
2025-11-01,126021498,5,4832.965
2025-12-01,126021498,2,2200.0
2026-01-01,126021498,4,4100.0
2026-02-01,126021498,4,2473.4
2026-03-01,126021498,7,8746.762
2026-04-01,126021498,8,8558.112
2026-05-01,126021498,8,7166.469
2026-06-01,126021498,6,4000.0
2025-07-01,126021499,1,1812.196
2025-09-01,126021499,1,1455.0
2025-10-01,126021499,2,6914.139
2025-11-01,126021499,5,5283.847
2025-12-01,126021499,2,1500.0
2026-01-01,126021499,1,3500.0
2026-02-01,126021499,2,2808.855
2026-03-01,126021499,4,11375.0
2026-04-01,126021499,1,986.0
2026-05-01,126021499,1,350.0
2026-06-01,126021499,2,1850.0
2025-08-01,126021500,4,1787.835
2025-09-01,126021500,5,2658.7
2025-10-01,126021500,4,2911.895
2025-11-01,126021500,7,2985.8
2025-12-01,126021500,506,215315.0
2026-01-01,126021500,4,2750.0
2026-02-01,126021500,3,2045.93
2026-03-01,126021500,12,6429.583
2026-04-01,126021500,8,4846.0
2026-05-01,126021500,2,1057.261
2026-06-01,126021500,209,75959.64
2025-07-01,126021501,10,6537.26
2025-08-01,126021501,3,1687.907
2025-09-01,126021501,6,2850.0
2025-10-01,126021501,11,5010.167
2025-11-01,126021501,15,11072.719
2025-12-01,126021501,17,10910.852
2026-01-01,126021501,6,4542.0
2026-02-01,126021501,11,7273.275
2026-03-01,126021501,15,9552.258
2026-04-01,126021501,14,9277.455
2026-05-01,126021501,8,6119.68
2026-06-01,126021501,9,6938.407
2025-07-01,126021503,7,4470.0
2025-08-01,126021503,10,6941.56
2025-09-01,126021503,8,3855.045
2025-10-01,126021503,7,4359.454
2025-11-01,126021503,8,5572.0
2025-12-01,126021503,2,2147.224
2026-01-01,126021503,2,1500.0
2026-02-01,126021503,3,1580.0
2026-03-01,126021503,3,2637.415
2026-04-01,126021503,1,143.0
2026-05-01,126021503,4,1962.0
2026-06-01,126021503,8,3600.777
2025-07-01,126021590,11,9805.0
2025-08-01,126021590,3,2500.0
2025-09-01,126021590,4,4915.0
2025-10-01,126021590,5,3500.0
2025-11-01,126021590,4,5800.0
2025-12-01,126021590,4,2876.0
2026-03-01,126021590,6,2944.0
2026-04-01,126021590,13,9775.943
2026-05-01,126021590,1,986.0
2026-06-01,126021590,8,5362.0
2025-07-01,126021722,5,3541.84
2025-08-01,126021722,4,1767.995
2025-10-01,126021722,6,2700.0
2025-12-01,126021722,2,900.0
2026-01-01,126021722,2,1430.0
2026-02-01,126021722,1,692.24
2026-03-01,126021722,6,4312.93
2026-04-01,126021722,3,1522.566
2026-05-01,126021722,4,2400.0
2025-07-01,126021723,23,14847.94
2025-08-01,126021723,7,4157.766
2025-09-01,126021723,13,7547.404
2025-10-01,126021723,7,3543.112
2025-11-01,126021723,9,8205.23
2025-12-01,126021723,9,6103.0
2026-01-01,126021723,1,211.901
2026-02-01,126021723,11,6075.0
2026-03-01,126021723,12,11130.718
2026-04-01,126021723,17,11556.985
2026-05-01,126021723,10,6668.251
2026-06-01,126021723,10,7702.191
2025-07-01,126021724,12,8365.565
2025-08-01,126021724,21,14850.0
2025-09-01,126021724,11,6486.0
2025-10-01,126021724,14,7759.37
2025-11-01,126021724,11,7214.807
2025-12-01,126021724,16,12340.087
2026-01-01,126021724,2,800.0
2026-02-01,126021724,11,10302.508
2026-03-01,126021724,15,11346.375
2026-04-01,126021724,14,8334.94
2026-05-01,126021724,2,1806.175
2026-06-01,126021724,11,8277.831
2025-07-01,126021725,2,1200.0
2025-08-01,126021725,4,1900.0
2025-09-01,126021725,1,445.0
2025-10-01,126021725,5,2500.0
2026-02-01,126021725,3,3521.319
2026-03-01,126021725,2,1000.0
2026-04-01,126021725,2,1000.0
2026-06-01,126021725,2,2200.0
2025-07-01,127011504,3,560.0
2025-08-01,127011504,8,1763.85
2025-09-01,127011504,11,2078.04
2025-10-01,127011504,10,3083.835
2025-11-01,127011504,7,1935.438
2025-12-01,127011504,8,1831.51
2026-01-01,127011504,12,4119.534
2026-02-01,127011504,12,2416.156
2026-03-01,127011504,14,4797.033
2026-04-01,127011504,8,2929.7
2026-05-01,127011504,12,2653.75
2026-06-01,127011504,27,12044.3
2025-07-01,127011505,68,33773.166
2025-08-01,127011505,88,42298.59
2025-09-01,127011505,127,59546.421
2025-10-01,127011505,112,53401.759
2025-11-01,127011505,107,48860.629
2025-12-01,127011505,95,46415.948
2026-01-01,127011505,66,34709.149
2026-02-01,127011505,67,32521.686
2026-03-01,127011505,104,51702.763
2026-04-01,127011505,70,36886.894
2026-05-01,127011505,90,44133.012
2026-06-01,127011505,122,61028.02
2025-08-01,127011593,1,102.6
2026-03-01,127011593,3,1775.472
2026-06-01,127011593,3,380.0
2025-07-01,127011594,5,1500.0
2025-08-01,127011594,1,418.0
2025-09-01,127011594,1,105.0
2025-10-01,127011594,1,192.0
2025-11-01,127011594,1,400.0
2025-12-01,127011594,3,410.0
2026-02-01,127011594,2,240.0
2026-03-01,127011594,1,120.0
2026-04-01,127011594,6,2814.852
2026-05-01,127011594,5,1423.0
2026-06-01,127011594,1,200.0
2025-07-01,127011595,1,120.0
2025-08-01,127011595,1,140.0
2025-09-01,127011595,2,280.0
2025-10-01,127011595,1,193.725
2025-11-01,127011595,1,121.0
2025-12-01,127011595,4,1350.0
2026-02-01,127011595,2,340.0
2026-03-01,127011595,3,1065.0
2026-04-01,127011595,2,400.0
2026-06-01,127011595,1,140.8
2025-07-01,127011596,4,1153.231
2025-08-01,127011596,3,968.817
2025-09-01,127011596,3,952.584
2025-10-01,127011596,3,1232.234
2025-11-01,127011596,8,3865.5
2025-12-01,127011596,9,4895.442
2026-01-01,127011596,11,4573.932
2026-02-01,127011596,12,6368.069
2026-03-01,127011596,10,4772.41
2026-04-01,127011596,9,4489.975
2026-05-01,127011596,12,6376.55
2026-06-01,127011596,7,3660.106
2025-07-01,127011597,2,1005.0
2025-08-01,127011597,8,3313.9
2025-09-01,127011597,2,527.7
2025-10-01,127011597,1,586.42
2025-12-01,127011597,1,550.0
2026-03-01,127011597,2,695.5
2026-04-01,127011597,1,165.0
2026-05-01,127011597,1,1134.439
2026-06-01,127011597,1,100.0
2025-07-01,127011726,8,4224.559
2025-08-01,127011726,5,2346.95
2025-09-01,127011726,3,1241.0
2025-10-01,127011726,12,5856.343
2025-11-01,127011726,8,4417.656
2025-12-01,127011726,4,2675.479
2026-01-01,127011726,6,4327.058
2026-02-01,127011726,18,9372.961
2026-03-01,127011726,47,24180.872
2026-04-01,127011726,41,25139.542
2026-05-01,127011726,30,15518.142
2026-06-01,127011726,27,16214.254
2025-07-01,127011727,7,4388.43
2025-08-01,127011727,13,7566.943
2025-09-01,127011727,15,7064.277
2025-10-01,127011727,28,13486.545
2025-11-01,127011727,18,9134.972
2025-12-01,127011727,5,3421.914
2026-01-01,127011727,2,1040.0
2026-02-01,127011727,12,7993.489
2026-03-01,127011727,12,6699.226
2026-04-01,127011727,12,6728.495
2026-05-01,127011727,6,3373.305
2026-06-01,127011727,17,10896.184
2025-07-01,127011728,21,11785.513
2025-08-01,127011728,39,24004.48
2025-09-01,127011728,29,16072.553
2025-10-01,127011728,29,18233.195
2025-11-01,127011728,37,18980.469
2025-12-01,127011728,36,18305.79
2026-01-01,127011728,30,16144.29
2026-02-01,127011728,57,29643.555
2026-03-01,127011728,78,42085.574
2026-04-01,127011728,60,30393.307
2026-05-01,127011728,57,28614.602
2026-06-01,127011728,62,33583.34
2025-07-01,127011729,216,129721.479
2025-08-01,127011729,34,16430.109
2025-09-01,127011729,38,18263.81
2025-10-01,127011729,69,35572.618
2025-11-01,127011729,44,24062.751
2025-12-01,127011729,31,13462.27
2026-01-01,127011729,28,14803.82
2026-02-01,127011729,53,29543.994
2026-03-01,127011729,90,52080.836
2026-04-01,127011729,35,18588.499
2026-05-01,127011729,30,17339.942
2026-06-01,127011729,58,31859.819
2025-07-01,127021509,7,1830.813
2025-08-01,127021509,3,1145.043
2025-09-01,127021509,2,380.59
2025-10-01,127021509,4,1154.099
2025-11-01,127021509,3,470.0
2025-12-01,127021509,5,1742.643
2026-02-01,127021509,25,12000.0
2026-03-01,127021509,5,1760.145
2026-04-01,127021509,4,1076.817
2026-05-01,127021509,10,3372.906
2026-06-01,127021509,12,5216.064
2025-07-01,127021510,4,1178.5
2025-08-01,127021510,3,489.4
2025-09-01,127021510,3,1200.0
2025-10-01,127021510,2,810.0
2025-11-01,127021510,5,2955.94
2025-12-01,127021510,3,1520.0
2026-01-01,127021510,1,700.0
2026-02-01,127021510,9,2965.577
2026-03-01,127021510,5,2162.51
2026-04-01,127021510,2,860.0
2026-05-01,127021510,6,2796.0
2026-06-01,127021510,5,5117.692
2025-07-01,127021511,7,2579.455
2025-08-01,127021511,2,400.0
2025-09-01,127021511,5,1849.888
2025-10-01,127021511,5,1295.0
2025-11-01,127021511,4,2029.649
2025-12-01,127021511,13,5862.2
2026-01-01,127021511,3,1560.0
2026-02-01,127021511,8,2115.464
2026-03-01,127021511,7,4335.344
2026-04-01,127021511,3,1012.436
2026-05-01,127021511,7,1177.0
2026-06-01,127021511,9,5765.209
2025-07-01,127021512,8,2287.07
2025-08-01,127021512,4,840.8
2025-09-01,127021512,7,2005.0
2025-10-01,127021512,7,3660.0
2025-11-01,127021512,9,4016.39
2025-12-01,127021512,8,2649.79
2026-01-01,127021512,3,416.06
2026-02-01,127021512,12,5330.0
2026-03-01,127021512,10,4615.0
2026-04-01,127021512,9,3721.137
2026-05-01,127021512,10,3472.395
2026-06-01,127021512,43,25655.765
2025-07-01,127021513,14,5298.638
2025-08-01,127021513,4,1567.14
2025-09-01,127021513,7,3446.654
2025-10-01,127021513,2,1452.976
2025-11-01,127021513,11,5220.575
2025-12-01,127021513,7,3205.0
2026-01-01,127021513,5,2352.972
2026-02-01,127021513,12,5674.319
2026-03-01,127021513,7,2438.8
2026-04-01,127021513,4,850.0
2026-05-01,127021513,29,14918.5
2026-06-01,127021513,11,6534.07
2025-07-01,127021514,3,605.0
2025-08-01,127021514,3,1250.0
2025-10-01,127021514,2,360.0
2025-11-01,127021514,2,270.0
2025-12-01,127021514,2,1500.0
2026-02-01,127021514,3,495.5
2026-03-01,127021514,2,750.0
2026-04-01,127021514,3,450.0
2026-05-01,127021514,5,1387.955
2026-06-01,127021514,2,375.681
2025-07-01,127021515,8,2531.685
2025-08-01,127021515,10,3727.0
2025-09-01,127021515,2,400.0
2025-10-01,127021515,5,1215.0
2025-11-01,127021515,10,3766.823
2025-12-01,127021515,2,673.0
2026-01-01,127021515,3,1419.579
2026-02-01,127021515,2,756.375
2026-03-01,127021515,3,1460.0
2026-04-01,127021515,2,809.6
2026-05-01,127021515,7,2855.0
2026-06-01,127021515,5,1860.61
2025-07-01,127021516,9,3182.799
2025-08-01,127021516,16,5152.0
2025-09-01,127021516,4,1366.92
2025-10-01,127021516,12,3819.379
2025-11-01,127021516,8,1894.0
2025-12-01,127021516,7,2995.32
2026-01-01,127021516,19,7598.25
2026-02-01,127021516,11,4545.0
2026-03-01,127021516,11,2771.0
2026-04-01,127021516,10,4866.26
2026-05-01,127021516,6,3086.15
2026-06-01,127021516,10,4016.79
2025-07-01,127021517,1,140.0
2025-08-01,127021517,4,740.0
2025-09-01,127021517,3,952.8
2025-10-01,127021517,4,1010.0
2025-11-01,127021517,6,1598.581
2026-01-01,127021517,1,90.0
2026-03-01,127021517,3,933.0
2026-04-01,127021517,2,870.0
2026-05-01,127021517,4,649.87
2026-06-01,127021517,8,2551.045
2025-07-01,127021518,2,2963.65
2025-09-01,127021518,1,1045.0
2025-10-01,127021518,3,2261.741
2025-11-01,127021518,1,700.0
2025-12-01,127021518,3,3231.0
2026-01-01,127021518,5,4144.715
2026-02-01,127021518,1,150.0
2026-03-01,127021518,1,425.0
2026-04-01,127021518,2,2000.0
2026-05-01,127021518,1,748.0
2026-06-01,127021518,2,5072.771
2025-07-01,127021519,9,2323.533
2025-08-01,127021519,9,2740.0
2025-09-01,127021519,10,3705.0
2025-10-01,127021519,14,6650.444
2025-11-01,127021519,6,1980.0
2025-12-01,127021519,9,3620.505
2026-01-01,127021519,8,4188.845
2026-02-01,127021519,21,9584.53
2026-03-01,127021519,16,3896.2
2026-04-01,127021519,31,10201.99
2026-05-01,127021519,5,765.752
2026-06-01,127021519,16,8330.05
2025-07-01,127021520,1,144.0
2025-08-01,127021520,3,739.3
2025-09-01,127021520,2,488.2
2025-10-01,127021520,2,1604.881
2025-11-01,127021520,3,560.0
2025-12-01,127021520,5,906.18
2026-01-01,127021520,2,898.994
2026-02-01,127021520,1,140.0
2026-03-01,127021520,3,425.0
2026-04-01,127021520,1,150.0
2026-06-01,127021520,2,330.0
2025-07-01,127031522,4,1333.37
2025-08-01,127031522,1,110.0
2025-09-01,127031522,16,6282.356
2025-10-01,127031522,10,4771.747
2025-11-01,127031522,4,1109.9
2025-12-01,127031522,3,2160.0
2026-01-01,127031522,6,2985.03
2026-02-01,127031522,2,320.0
2026-03-01,127031522,9,2634.685
2026-04-01,127031522,1,527.474
2026-05-01,127031522,6,3010.4
2026-06-01,127031522,1,110.0
2025-07-01,127031523,25,9976.637
2025-08-01,127031523,24,8315.127
2025-09-01,127031523,6,2071.487
2025-10-01,127031523,18,5673.876
2025-11-01,127031523,25,8344.0
2025-12-01,127031523,19,5979.89
2026-01-01,127031523,8,3666.509
2026-02-01,127031523,9,4220.563
2026-03-01,127031523,13,6948.045
2026-04-01,127031523,22,8265.884
2026-05-01,127031523,27,10679.776
2026-06-01,127031523,31,13486.66
2025-07-01,127031524,5,1239.17
2025-08-01,127031524,4,2707.615
2025-09-01,127031524,10,3700.0
2025-10-01,127031524,2,796.5
2025-11-01,127031524,20,7135.97
2025-12-01,127031524,10,5108.75
2026-01-01,127031524,1,160.0
2026-02-01,127031524,6,3126.1
2026-03-01,127031524,4,2285.538
2026-04-01,127031524,3,987.56
2026-05-01,127031524,12,4820.0
2026-06-01,127031524,2,975.094
2025-07-01,127031599,19,9682.977
2025-08-01,127031599,3,1350.0
2025-09-01,127031599,5,1516.98
2025-10-01,127031599,7,2056.454
2025-11-01,127031599,10,2406.998
2025-12-01,127031599,8,2623.0
2026-01-01,127031599,5,1500.0
2026-02-01,127031599,1,200.0
2026-03-01,127031599,1,188.0
2026-04-01,127031599,5,1306.0
2026-05-01,127031599,6,2900.0
2026-06-01,127031599,5,2045.0
2025-07-01,127031601,1,170.0
2025-08-01,127031601,1,155.0
2025-10-01,127031601,1,130.0
2025-11-01,127031601,2,840.0
2025-12-01,127031601,1,200.0
2026-01-01,127031601,14,7752.238
2026-03-01,127031601,1,240.0
2025-07-01,127031730,12,7058.248
2025-08-01,127031730,7,3935.635
2025-09-01,127031730,3,1370.0
2025-10-01,127031730,2,942.865
2025-11-01,127031730,6,2751.898
2025-12-01,127031730,11,8057.609
2026-01-01,127031730,1,1126.157
2026-02-01,127031730,6,5105.0
2026-03-01,127031730,28,13161.039
2026-04-01,127031730,3,1731.9
2026-05-01,127031730,1,850.001
2026-06-01,127031730,7,3381.798
2025-08-01,127031731,1,100.0
2026-04-01,127031731,6,1787.76
2025-07-01,127031732,6,1730.0
2025-08-01,127031732,1,180.0
2025-09-01,127031732,3,951.232
2025-10-01,127031732,8,1904.0
2025-11-01,127031732,6,2422.071
2025-12-01,127031732,8,2804.784
2026-01-01,127031732,4,1200.0
2026-02-01,127031732,5,2049.0
2026-03-01,127031732,12,3945.0
2026-04-01,127031732,7,2400.0
2026-05-01,127031732,8,2310.341
2026-06-01,127031732,11,2965.531
2025-07-01,127031733,2,1028.288
2025-08-01,127031733,2,916.115
2025-09-01,127031733,3,967.972
2025-10-01,127031733,4,2045.153
2025-11-01,127031733,4,1343.278
2025-12-01,127031733,3,1170.476
2026-02-01,127031733,2,1030.0
2026-03-01,127031733,3,988.465
2026-04-01,127031733,4,1319.782
2026-05-01,127031733,2,1009.305
2026-06-01,127031733,2,678.976
2025-07-01,128011529,5,3165.399
2025-08-01,128011529,2,1670.0
2025-09-01,128011529,9,4540.84
2025-10-01,128011529,6,4500.0
2025-11-01,128011529,10,3772.57
2025-12-01,128011529,6,3514.0
2026-01-01,128011529,7,2597.5
2026-02-01,128011529,7,4926.696
2026-03-01,128011529,8,5645.231
2026-04-01,128011529,1,500.0
2026-05-01,128011529,3,2030.88
2026-06-01,128011529,3,1786.389
2025-07-01,128011530,14,7582.31
2025-08-01,128011530,4,2100.0
2025-09-01,128011530,14,9777.339
2025-10-01,128011530,72,38873.605
2025-11-01,128011530,6,3100.0
2025-12-01,128011530,2,2500.0
2026-01-01,128011530,2,1200.0
2026-02-01,128011530,7,3904.22
2026-03-01,128011530,24,15437.5
2026-04-01,128011530,14,7186.443
2026-05-01,128011530,9,6822.81
2026-06-01,128011530,8,5550.0
2025-07-01,128011531,6,4050.0
2025-08-01,128011531,3,3100.6
2025-09-01,128011531,12,11816.5
2025-10-01,128011531,1,767.78
2025-11-01,128011531,4,4323.576
2025-12-01,128011531,10,5983.3
2026-01-01,128011531,4,2180.0
2026-02-01,128011531,7,4060.0
2026-03-01,128011531,10,7700.0
2026-04-01,128011531,6,6634.356
2026-05-01,128011531,10,6464.678
2026-06-01,128011531,7,6020.0
2025-07-01,128011602,23,10271.368
2025-09-01,128011602,3,1158.0
2025-10-01,128011602,290,101100.0
2025-11-01,128011602,69,21452.287
2025-12-01,128011602,1,533.216
2026-02-01,128011602,4,2400.0
2026-03-01,128011602,5,3035.0
2026-04-01,128011602,27,19427.109
2026-05-01,128011602,3,1694.005
2026-06-01,128011602,2,1000.0
2025-07-01,128011603,1,815.0
2025-08-01,128011603,7,3704.8
2025-09-01,128011603,9,4310.0
2025-10-01,128011603,14,9214.427
2025-11-01,128011603,10,6174.164
2025-12-01,128011603,16,9171.177
2026-01-01,128011603,4,1800.0
2026-02-01,128011603,8,4000.0
2026-03-01,128011603,16,10851.5
2026-04-01,128011603,5,2992.637
2026-05-01,128011603,12,9452.721
2026-06-01,128011603,15,11650.0
2025-07-01,128011604,2,1757.16
2025-08-01,128011604,19,27906.434
2025-09-01,128011604,7,5940.1
2025-10-01,128011604,4,1600.0
2025-11-01,128011604,4,3878.248
2025-12-01,128011604,13,19144.854
2026-02-01,128011604,18,13872.213
2026-03-01,128011604,2,1691.0
2026-04-01,128011604,4,6109.815
2026-05-01,128011604,23,22410.867
2026-06-01,128011604,15,19690.459
2025-08-01,128011605,2,1577.4
2025-10-01,128011605,3,1980.0
2025-11-01,128011605,2,1400.0
2026-05-01,128011605,1,907.0
2026-06-01,128011605,5,4348.586
2025-07-01,128011606,10,6120.958
2025-08-01,128011606,2,800.0
2025-09-01,128011606,4,2573.6
2025-10-01,128011606,3,3191.3
2025-11-01,128011606,12,7027.839
2025-12-01,128011606,6,6750.6
2026-01-01,128011606,4,3315.0
2026-02-01,128011606,3,1365.0
2026-03-01,128011606,4,2300.0
2026-04-01,128011606,1,900.0
2026-05-01,128011606,5,8355.898
2025-07-01,128021533,1,540.59
2025-08-01,128021533,2,1230.0
2025-09-01,128021533,2,1409.216
2025-10-01,128021533,2,965.0
2025-11-01,128021533,2,1073.482
2026-02-01,128021533,1,1007.187
2026-04-01,128021533,2,1118.181
2025-10-01,128021534,1,988.988
2025-12-01,128021534,1,1350.0
2026-02-01,128021534,1,230.0
2025-07-01,128021535,1,1128.6
2025-08-01,128021535,2,2485.0
2025-09-01,128021535,1,1048.168
2025-10-01,128021535,1,145.5
2025-11-01,128021535,1,950.0
2025-12-01,128021535,1,619.806
2026-03-01,128021535,1,505.859
2025-07-01,128021536,2,2529.118
2025-08-01,128021536,4,2549.892
2025-09-01,128021536,3,3332.745
2025-11-01,128021536,7,4346.274
2025-12-01,128021536,2,863.636
2026-01-01,128021536,6,2400.0
2026-02-01,128021536,2,1000.0
2026-03-01,128021536,4,3530.883
2026-04-01,128021536,5,3799.607
2026-05-01,128021536,9,6312.821
2026-06-01,128021536,3,3319.452
2025-07-01,128021538,13,7097.971
2025-08-01,128021538,1,200.0
2025-09-01,128021538,54,16780.467
2025-10-01,128021538,10,4045.0
2025-11-01,128021538,7,4295.4
2025-12-01,128021538,5,3244.117
2026-01-01,128021538,6,2880.0
2026-02-01,128021538,8,3747.051
2026-03-01,128021538,4,1880.0
2026-04-01,128021538,5,3455.877
2026-05-01,128021538,7,3209.09
2026-06-01,128021538,12,5641.146
2025-07-01,128021607,1,425.0
2025-09-01,128021607,7,2960.011
2025-10-01,128021607,4,3301.814
2025-12-01,128021607,6,2800.0
2026-01-01,128021607,5,3278.87
2026-02-01,128021607,1,170.0
2026-03-01,128021607,5,2278.06
2026-04-01,128021607,2,1200.0
2026-05-01,128021607,7,2671.2
2026-06-01,128021607,1,495.0
2025-09-01,128021608,7,3523.17
2025-10-01,128021608,1,183.52
2025-12-01,128021608,3,2052.133
2026-02-01,128021608,2,800.0
2026-05-01,128021608,1,330.0
2025-07-01,2,4843,2491299.057
2025-08-01,2,4178,2158901.978
2025-09-01,2,5583,2843760.102
2025-10-01,2,4818,2666672.367
2025-11-01,2,4949,2745634.104
2025-12-01,2,3434,1985259.937
2026-01-01,2,2322,1308039.378
2026-02-01,2,6039,3254256.589
2026-03-01,2,5266,3123333.832
2026-04-01,2,5208,2833965.988
2026-05-01,2,4741,2526823.76
2026-06-01,2,4320,2263896.494
2025-07-01,201011001,31,12084.164
2025-08-01,201011001,14,6257.191
2025-09-01,201011001,22,12345.977
2025-10-01,201011001,30,12353.639
2025-11-01,201011001,26,10710.273
2025-12-01,201011001,26,11221.589
2026-01-01,201011001,10,4860.834
2026-02-01,201011001,31,11973.536
2026-03-01,201011001,11,4759.158
2026-04-01,201011001,26,12052.667
2026-05-01,201011001,25,10880.336
2026-06-01,201011001,32,16846.446
2025-07-01,201011002,1,1000.0
2025-09-01,201011002,2,1066.987
2025-10-01,201011002,26,15082.902
2025-12-01,201011002,1,727.607
2026-04-01,201011002,1,2046.361
2026-05-01,201011002,5,1888.17
2026-06-01,201011002,3,1062.204
2025-07-01,201011005,1,333.856
2025-08-01,201011005,1,355.6
2025-09-01,201011005,1,678.936
2025-10-01,201011005,3,1429.521
2025-11-01,201011005,1,600.0
2026-01-01,201011005,2,1000.0
2026-02-01,201011005,1,910.178
2026-03-01,201011005,2,1074.935
2026-04-01,201011005,4,2322.056
2026-05-01,201011005,2,1450.0
2026-06-01,201011005,3,1888.641
2025-07-01,201011006,26,9387.272
2025-08-01,201011006,20,7413.528
2025-09-01,201011006,26,9557.666
2025-10-01,201011006,30,11330.182
2025-11-01,201011006,33,12304.099
2025-12-01,201011006,15,5129.318
2026-01-01,201011006,19,7239.596
2026-02-01,201011006,94,33750.852
2026-03-01,201011006,107,36433.97
2026-04-01,201011006,61,22015.807
2026-05-01,201011006,56,21438.165
2026-06-01,201011006,238,95828.464
2025-09-01,201011007,1,457.181
2025-10-01,201011007,1,500.0
2025-11-01,201011007,2,1378.14
2026-01-01,201011007,2,1003.898
2026-02-01,201011007,1,968.23
2026-04-01,201011007,1,130.0
2026-05-01,201011007,2,1318.781
2025-08-01,201011008,1,450.252
2025-09-01,201011008,2,911.848
2025-10-01,201011008,3,1281.023
2025-11-01,201011008,1,689.23
2025-12-01,201011008,2,1023.908
2026-02-01,201011008,1,980.16
2026-03-01,201011008,2,1025.908
2026-04-01,201011008,2,507.398
2026-05-01,201011008,6,2432.455
2026-06-01,201011008,5,1847.334
2025-07-01,201011481,3,1563.64
2025-08-01,201011481,65,14706.424
2025-09-01,201011481,15,3780.021
2025-10-01,201011481,5,1836.066
2025-11-01,201011481,1,600.0
2025-12-01,201011481,12,4662.966
2026-01-01,201011481,3,2043.272
2026-02-01,201011481,11,5203.457
2026-03-01,201011481,4,2513.853
2026-04-01,201011481,6,2804.867
2026-05-01,201011481,7,3315.535
2026-06-01,201011481,2,538.8
2025-07-01,201011482,4,3799.247
2025-09-01,201011482,13,6957.404
2025-10-01,201011482,2,840.0
2025-11-01,201011482,4,2763.927
2025-12-01,201011482,5,2815.52
2026-01-01,201011482,2,1508.701
2026-02-01,201011482,8,3812.746
2026-03-01,201011482,4,1845.671
2026-04-01,201011482,3,2318.957
2026-05-01,201011482,5,2781.165
2026-06-01,201011482,11,3801.83
2025-07-01,201011483,4,1489.904
2025-08-01,201011483,3,1502.629
2025-09-01,201011483,6,2537.093
2025-10-01,201011483,3,1505.342
2025-11-01,201011483,20,7987.571
2025-12-01,201011483,3,1406.58
2026-01-01,201011483,1,365.84
2026-03-01,201011483,3,1244.764
2026-05-01,201011483,1,285.578
2026-06-01,201011483,6,2857.585
2025-09-01,201011484,5,1775.042
2025-12-01,201011484,5,1199.926
2026-02-01,201011484,3,842.534
2026-03-01,201011484,6,2619.974
2026-04-01,201011484,2,605.729
2026-06-01,201011484,7,2385.511
2025-07-01,201021009,5,2585.055
2025-08-01,201021009,4,1553.316
2025-09-01,201021009,1,567.731
2025-10-01,201021009,2,663.966
2025-11-01,201021009,2,1086.55
2025-12-01,201021009,2,662.66
2026-01-01,201021009,1,400.0
2026-02-01,201021009,2,604.754
2026-03-01,201021009,4,1606.156
2026-04-01,201021009,4,1482.443
2026-05-01,201021009,3,1865.0
2026-06-01,201021009,7,4408.837
2025-07-01,201021010,5,2422.425
2025-08-01,201021010,4,1535.147
2025-09-01,201021010,2,907.076
2025-10-01,201021010,2,1249.997
2025-11-01,201021010,4,1887.038
2025-12-01,201021010,3,775.272
2026-01-01,201021010,3,1199.48
2026-02-01,201021010,4,1272.355
2026-03-01,201021010,6,3161.694
2026-04-01,201021010,4,1591.242
2026-05-01,201021010,5,2434.327
2026-06-01,201021010,4,2383.012
2025-07-01,201021011,5,3492.85
2025-08-01,201021011,4,2585.135
2025-10-01,201021011,8,4653.054
2025-11-01,201021011,2,3397.724
2025-12-01,201021011,8,4178.705
2026-01-01,201021011,6,4480.285
2026-02-01,201021011,8,4034.927
2026-03-01,201021011,9,7647.497
2026-04-01,201021011,8,6316.66
2026-05-01,201021011,3,3459.062
2026-06-01,201021011,6,3525.02
2025-08-01,201021012,3,1263.44
2025-10-01,201021012,3,1405.089
2025-11-01,201021012,1,400.0
2025-12-01,201021012,3,2710.0
2026-01-01,201021012,1,1100.0
2026-02-01,201021012,1,400.0
2026-03-01,201021012,3,1579.805
2026-04-01,201021012,1,484.5
2026-05-01,201021012,4,1968.689
2026-06-01,201021012,1,516.244
2025-07-01,201031013,1,450.0
2025-08-01,201031013,1,411.205
2025-09-01,201031013,2,1067.931
2025-11-01,201031013,2,652.412
2025-12-01,201031013,1,99.5
2026-01-01,201031013,1,780.0
2026-03-01,201031013,3,1337.121
2026-04-01,201031013,3,2415.462
2026-05-01,201031013,1,289.512
2026-06-01,201031013,2,732.496
2025-08-01,201031014,1,498.125
2025-09-01,201031014,4,1736.295
2025-10-01,201031014,3,1073.557
2025-11-01,201031014,3,1215.66
2025-12-01,201031014,8,3916.757
2026-02-01,201031014,2,1091.807
2026-03-01,201031014,2,936.856
2026-04-01,201031014,1,353.878
2026-05-01,201031014,2,991.106
2026-06-01,201031014,2,2123.997
2025-07-01,201031015,1,556.307
2025-08-01,201031015,3,721.355
2025-09-01,201031015,1,366.232
2025-10-01,201031015,1,177.078
2025-11-01,201031015,1,506.076
2025-12-01,201031015,3,1420.343
2026-01-01,201031015,2,2538.246
2026-03-01,201031015,2,1521.727
2026-04-01,201031015,1,266.177
2026-05-01,201031015,1,405.889
2025-07-01,201031016,1,220.0
2025-08-01,201031016,4,1778.7
2025-09-01,201031016,3,961.768
2025-10-01,201031016,2,751.121
2025-11-01,201031016,2,1134.768
2025-12-01,201031016,1,310.0
2026-01-01,201031016,1,315.625
2026-02-01,201031016,1,365.221
2026-04-01,201031016,3,1433.721
2026-05-01,201031016,4,1485.248
2025-07-01,201031017,2,772.842
2025-10-01,201031017,1,128.2
2025-11-01,201031017,1,586.781
2025-12-01,201031017,1,410.0
2026-01-01,201031017,2,685.664
2026-05-01,201031017,1,288.17
2026-06-01,201031017,1,354.637
2025-07-01,202011018,8,3861.998
2025-08-01,202011018,4,2256.413
2025-09-01,202011018,2,853.955
2025-11-01,202011018,6,2759.636
2025-12-01,202011018,2,602.311
2026-01-01,202011018,1,590.119
2026-02-01,202011018,5,2452.573
2026-03-01,202011018,2,599.478
2026-04-01,202011018,13,4808.58
2026-05-01,202011018,12,6919.164
2026-06-01,202011018,3,1075.308
2025-07-01,202011019,5,1916.403
2025-08-01,202011019,5,1801.826
2025-09-01,202011019,5,1664.342
2025-10-01,202011019,14,4022.395
2025-11-01,202011019,13,4891.82
2025-12-01,202011019,13,4715.811
2026-01-01,202011019,6,2296.501
2026-02-01,202011019,14,5180.252
2026-03-01,202011019,13,10623.452
2026-04-01,202011019,5,1969.732
2026-05-01,202011019,13,5089.078
2026-06-01,202011019,10,3481.61
2025-07-01,202011020,4,1755.869
2025-08-01,202011020,2,553.48
2025-09-01,202011020,2,1142.827
2025-10-01,202011020,1,951.008
2025-11-01,202011020,9,3160.939
2026-01-01,202011020,3,1291.18
2026-02-01,202011020,1,1300.0
2026-03-01,202011020,7,4655.735
2026-04-01,202011020,3,1628.163
2026-05-01,202011020,8,5244.791
2026-06-01,202011020,4,1992.133
2025-07-01,202011021,5,2698.739
2025-08-01,202011021,4,2163.081
2025-09-01,202011021,2,821.6
2025-10-01,202011021,2,1502.161
2025-11-01,202011021,41,15065.0
2026-01-01,202011021,4,2039.887
2026-02-01,202011021,1,714.295
2026-03-01,202011021,2,900.059
2026-04-01,202011021,1,378.84
2025-07-01,202011022,6,2158.174
2025-08-01,202011022,2,1657.69
2025-09-01,202011022,1,394.9
2025-10-01,202011022,5,1624.476
2025-11-01,202011022,1,475.0
2025-12-01,202011022,9,2113.958
2026-01-01,202011022,3,823.586
2026-02-01,202011022,3,751.257
2026-03-01,202011022,2,683.29
2026-04-01,202011022,5,3411.359
2026-05-01,202011022,12,5402.33
2026-06-01,202011022,28,9841.022
2025-07-01,202011023,2,1436.725
2025-08-01,202011023,8,6232.483
2025-09-01,202011023,1,357.987
2025-10-01,202011023,3,1505.545
2025-11-01,202011023,2,1023.974
2025-12-01,202011023,2,1102.692
2026-01-01,202011023,1,463.145
2026-02-01,202011023,2,1742.369
2026-03-01,202011023,3,1157.167
2026-04-01,202011023,3,1673.262
2026-05-01,202011023,2,1031.693
2026-06-01,202011023,3,3442.338
2025-07-01,202011024,10,4111.529
2025-08-01,202011024,7,3842.017
2025-09-01,202011024,7,3437.198
2025-10-01,202011024,12,6548.046
2025-11-01,202011024,16,9186.013
2025-12-01,202011024,3,1739.562
2026-01-01,202011024,9,4657.188
2026-02-01,202011024,9,4940.541
2026-03-01,202011024,6,3213.138
2026-04-01,202011024,5,2618.73
2026-05-01,202011024,15,7674.318
2026-06-01,202011024,3,1631.83
2025-07-01,202011025,12,4735.576
2025-08-01,202011025,8,3433.958
2025-09-01,202011025,12,4267.736
2025-10-01,202011025,27,10723.677
2025-11-01,202011025,11,4145.683
2025-12-01,202011025,9,4126.711
2026-01-01,202011025,6,2073.393
2026-02-01,202011025,18,7369.704
2026-03-01,202011025,31,12306.493
2026-04-01,202011025,37,15152.549
2026-05-01,202011025,21,8722.804
2026-06-01,202011025,44,15599.836
2025-07-01,202021026,5,2533.326
2025-08-01,202021026,3,1662.962
2025-09-01,202021026,5,2245.088
2025-10-01,202021026,3,1585.862
2025-11-01,202021026,3,1438.524
2025-12-01,202021026,7,3326.471
2026-01-01,202021026,3,1261.581
2026-02-01,202021026,4,2825.884
2026-03-01,202021026,5,3770.54
2026-04-01,202021026,2,2193.984
2026-05-01,202021026,3,2287.504
2026-06-01,202021026,4,2449.979
2025-07-01,202021027,7,3150.347
2025-08-01,202021027,2,552.8
2025-09-01,202021027,5,3033.368
2025-10-01,202021027,6,2130.835
2025-11-01,202021027,4,1773.66
2025-12-01,202021027,5,2882.27
2026-01-01,202021027,2,2014.813
2026-02-01,202021027,7,3475.673
2026-03-01,202021027,3,2040.57
2026-04-01,202021027,3,1505.567
2026-05-01,202021027,7,3496.213
2026-06-01,202021027,3,1114.369
2025-07-01,202021028,3,780.144
2025-08-01,202021028,3,2781.056
2025-09-01,202021028,3,1786.717
2025-10-01,202021028,8,3914.304
2025-11-01,202021028,5,2332.569
2025-12-01,202021028,6,2357.398
2026-01-01,202021028,3,1436.322
2026-02-01,202021028,4,2427.661
2026-03-01,202021028,3,1710.77
2026-04-01,202021028,2,1216.041
2026-05-01,202021028,4,2487.256
2026-06-01,202021028,10,5092.625
2025-07-01,202021029,1,32.96
2025-08-01,202021029,2,1295.035
2025-09-01,202021029,6,2595.681
2025-10-01,202021029,2,923.598
2025-11-01,202021029,4,1374.343
2025-12-01,202021029,3,1460.22
2026-01-01,202021029,1,409.999
2026-02-01,202021029,3,1455.982
2026-03-01,202021029,1,500.0
2026-05-01,202021029,1,362.0
2026-06-01,202021029,4,2131.353
2025-07-01,202021030,4,1628.354
2025-09-01,202021030,2,1097.689
2025-10-01,202021030,5,4272.239
2025-11-01,202021030,4,1905.0
2025-12-01,202021030,3,1899.592
2026-01-01,202021030,6,6469.739
2026-02-01,202021030,2,916.537
2026-03-01,202021030,5,2958.388
2026-04-01,202021030,5,2131.996
2026-05-01,202021030,3,2824.0
2026-06-01,202021030,8,6142.251
2025-08-01,202021031,2,2586.958
2025-09-01,202021031,2,1387.839
2025-11-01,202021031,2,1272.74
2025-12-01,202021031,1,876.0
2026-04-01,202021031,1,162.95
2026-05-01,202021031,1,978.0
2026-06-01,202021031,1,168.0
2025-07-01,202031032,7,2710.27
2025-08-01,202031032,8,3212.353
2025-09-01,202031032,6,2664.676
2025-10-01,202031032,5,2130.138
2026-01-01,202031032,3,1323.307
2026-02-01,202031032,3,1172.474
2026-03-01,202031032,3,1308.993
2026-04-01,202031032,4,1600.529
2026-05-01,202031032,3,1236.364
2026-06-01,202031032,4,1944.517
2025-08-01,202031033,2,1117.564
2025-09-01,202031033,2,519.857
2025-10-01,202031033,4,1839.35
2025-12-01,202031033,2,959.539
2026-01-01,202031033,1,350.899
2026-02-01,202031033,1,551.959
2026-04-01,202031033,6,2733.982
2026-05-01,202031033,3,813.436
2026-06-01,202031033,2,662.148
2025-07-01,203011034,6,2214.722
2025-08-01,203011034,6,3121.373
2025-09-01,203011034,4,2130.414
2025-10-01,203011034,7,3841.351
2025-11-01,203011034,8,4003.025
2025-12-01,203011034,2,5595.964
2026-01-01,203011034,3,1046.73
2026-02-01,203011034,7,2809.906
2026-03-01,203011034,8,3869.668
2026-04-01,203011034,6,3809.667
2026-05-01,203011034,6,3208.374
2026-06-01,203011034,5,2357.102
2025-07-01,203011035,4,1922.754
2025-08-01,203011035,10,5457.641
2025-09-01,203011035,8,3769.381
2025-10-01,203011035,8,4117.576
2025-11-01,203011035,4,2928.174
2025-12-01,203011035,6,2761.676
2026-01-01,203011035,4,3011.627
2026-02-01,203011035,11,8664.966
2026-03-01,203011035,8,4482.802
2026-04-01,203011035,9,4566.718
2026-05-01,203011035,9,4957.759
2026-06-01,203011035,8,5177.648
2025-08-01,203011036,7,3510.699
2025-09-01,203011036,3,1143.277
2025-10-01,203011036,4,5649.385
2025-11-01,203011036,6,3860.374
2025-12-01,203011036,4,2442.044
2026-01-01,203011036,10,3445.67
2026-02-01,203011036,17,7693.346
2026-03-01,203011036,3,1125.275
2026-04-01,203011036,8,3359.61
2026-05-01,203011036,8,4039.561
2026-06-01,203011036,7,2786.839
2025-07-01,203021037,2,2565.0
2025-08-01,203021037,1,623.516
2025-09-01,203021037,1,440.238
2025-10-01,203021037,1,975.0
2025-11-01,203021037,10,4675.333
2025-12-01,203021037,2,898.344
2026-01-01,203021037,2,1032.785
2026-02-01,203021037,4,1800.0
2026-03-01,203021037,3,2214.2
2026-04-01,203021037,3,1440.337
2026-05-01,203021037,2,778.0
2026-06-01,203021037,2,2461.145
2025-07-01,203021039,1,1640.0
2025-08-01,203021039,2,702.775
2025-09-01,203021039,1,86.133
2025-11-01,203021039,3,1465.98
2026-01-01,203021039,2,1645.659
2026-03-01,203021039,2,2195.003
2026-04-01,203021039,4,2427.5
2026-05-01,203021039,8,2184.0
2026-06-01,203021039,2,1133.368
2025-07-01,203021040,10,6368.952
2025-08-01,203021040,2,1183.035
2025-09-01,203021040,6,6974.791
2025-10-01,203021040,11,5958.551
2025-11-01,203021040,3,2209.031
2025-12-01,203021040,3,2865.274
2026-01-01,203021040,5,2696.303
2026-02-01,203021040,7,4021.701
2026-03-01,203021040,12,5881.228
2026-04-01,203021040,12,6794.87
2026-05-01,203021040,10,5223.502
2026-06-01,203021040,9,4895.285
2025-07-01,203021042,6,4979.304
2025-08-01,203021042,1,1203.65
2025-09-01,203021042,11,5313.622
2025-10-01,203021042,6,5506.65
2025-11-01,203021042,4,5893.434
2025-12-01,203021042,7,6627.479
2026-01-01,203021042,8,3763.402
2026-02-01,203021042,22,24988.62
2026-03-01,203021042,7,3492.04
2026-04-01,203021042,3,3411.359
2026-05-01,203021042,8,6773.459
2026-06-01,203021042,4,4065.971
2025-07-01,203021043,62,21273.844
2025-08-01,203021043,48,16325.198
2025-09-01,203021043,44,16469.838
2025-10-01,203021043,41,15122.271
2025-11-01,203021043,63,22288.264
2025-12-01,203021043,52,18163.575
2026-01-01,203021043,30,12186.169
2026-02-01,203021043,52,18865.366
2026-03-01,203021043,126,41158.668
2026-04-01,203021043,33,11535.879
2026-05-01,203021043,33,12638.128
2026-06-01,203021043,28,10036.16
2025-07-01,203021044,3,1020.492
2025-08-01,203021044,3,1670.521
2025-09-01,203021044,9,3001.527
2025-10-01,203021044,9,3420.133
2025-11-01,203021044,15,6139.809
2025-12-01,203021044,7,2467.987
2026-01-01,203021044,15,5488.514
2026-02-01,203021044,15,6334.783
2026-03-01,203021044,13,4366.789
2026-04-01,203021044,23,8426.007
2026-05-01,203021044,6,2121.256
2026-06-01,203021044,12,4385.244
2025-07-01,203021045,2,617.629
2025-08-01,203021045,1,250.0
2025-09-01,203021045,2,1067.313
2025-10-01,203021045,3,1081.665
2025-11-01,203021045,6,2329.878
2025-12-01,203021045,1,655.0
2026-01-01,203021045,2,225.974
2026-02-01,203021045,2,957.5
2026-03-01,203021045,2,750.0
2026-04-01,203021045,3,1223.514
2026-05-01,203021045,2,1146.585
2026-06-01,203021045,1,668.897
2025-07-01,203021046,1,1548.95
2025-09-01,203021046,1,1201.386
2025-10-01,203021046,3,3233.92
2025-11-01,203021046,2,2114.903
2025-12-01,203021046,1,916.425
2026-01-01,203021046,1,1000.0
2026-02-01,203021046,4,3015.303
2026-03-01,203021046,1,1250.0
2026-04-01,203021046,2,2037.96
2026-06-01,203021046,7,5023.762
2025-07-01,203021047,1,300.0
2025-09-01,203021047,8,3109.45
2025-11-01,203021047,5,1892.709
2026-02-01,203021047,4,1655.976
2026-03-01,203021047,2,2674.865
2026-04-01,203021047,2,356.645
2026-05-01,203021047,2,847.23
2025-07-01,203021485,50,18955.177
2025-08-01,203021485,31,10540.616
2025-09-01,203021485,39,13435.554
2025-10-01,203021485,35,12130.914
2025-11-01,203021485,53,18416.869
2025-12-01,203021485,46,16018.077
2026-01-01,203021485,35,12201.346
2026-02-01,203021485,57,20721.44
2026-03-01,203021485,42,15543.331
2026-04-01,203021485,58,22159.041
2026-05-01,203021485,81,27378.94
2026-06-01,203021485,44,16946.487
2025-07-01,203021486,4,2000.534
2025-09-01,203021486,5,1732.118
2025-10-01,203021486,1,160.0
2025-11-01,203021486,3,1885.453
2026-02-01,203021486,8,3459.202
2026-03-01,203021486,7,3130.559
2026-04-01,203021486,1,250.0
2026-05-01,203021486,104,33981.849
2026-06-01,203021486,7,1822.61
2025-07-01,203021487,57,26370.286
2025-08-01,203021487,42,17158.294
2025-09-01,203021487,39,16886.67
2025-10-01,203021487,41,19319.965
2025-11-01,203021487,39,16481.496
2025-12-01,203021487,34,15127.689
2026-01-01,203021487,17,8705.802
2026-02-01,203021487,24,10960.525
2026-03-01,203021487,24,8754.796
2026-04-01,203021487,37,18337.927
2026-05-01,203021487,46,19202.77
2026-06-01,203021487,42,17614.039
2025-07-01,203021488,14,5939.294
2025-08-01,203021488,6,2128.042
2025-09-01,203021488,5,1913.256
2025-10-01,203021488,1,179.492
2025-12-01,203021488,1,66.0
2026-01-01,203021488,2,509.0
2026-04-01,203021488,9,3859.737
2026-05-01,203021488,13,3646.419
2026-06-01,203021488,9,3317.882
2025-08-01,203031048,1,1000.0
2025-09-01,203031048,10,4508.494
2025-10-01,203031048,3,1911.7
2025-11-01,203031048,4,1941.782
2025-12-01,203031048,2,1151.556
2026-01-01,203031048,2,552.46
2026-02-01,203031048,1,942.552
2026-03-01,203031048,3,1613.762
2026-04-01,203031048,6,2022.811
2026-05-01,203031048,3,1590.714
2026-06-01,203031048,1,398.514
2025-07-01,203031049,1,704.233
2025-08-01,203031049,3,10113.963
2025-09-01,203031049,2,1323.811
2025-10-01,203031049,3,5881.983
2025-11-01,203031049,3,3971.066
2025-12-01,203031049,3,3282.966
2026-01-01,203031049,3,7389.335
2026-02-01,203031049,4,4555.472
2026-04-01,203031049,6,7837.496
2026-05-01,203031049,2,2145.893
2026-06-01,203031049,4,7631.887
2025-07-01,203031051,6,3077.282
2025-08-01,203031051,10,5364.581
2025-09-01,203031051,10,5277.173
2025-10-01,203031051,9,6354.733
2025-11-01,203031051,13,5980.448
2025-12-01,203031051,66,31245.224
2026-01-01,203031051,10,5794.896
2026-02-01,203031051,23,12337.344
2026-03-01,203031051,11,6390.514
2026-04-01,203031051,19,10529.12
2026-05-01,203031051,14,8767.285
2026-06-01,203031051,8,3857.308
2025-07-01,203031052,9,6397.56
2025-08-01,203031052,3,4464.387
2025-09-01,203031052,5,1893.194
2025-10-01,203031052,4,4250.668
2025-11-01,203031052,4,3427.071
2025-12-01,203031052,4,3310.333
2026-01-01,203031052,4,5197.53
2026-02-01,203031052,5,4923.585
2026-03-01,203031052,1,592.581
2026-04-01,203031052,4,3502.352
2026-05-01,203031052,3,2904.889
2026-06-01,203031052,7,4456.57
2025-07-01,203031053,11,7200.751
2025-08-01,203031053,14,19686.008
2025-09-01,203031053,7,4119.194
2025-10-01,203031053,9,6819.25
2025-11-01,203031053,14,10975.435
2025-12-01,203031053,13,11137.601
2026-01-01,203031053,11,8720.946
2026-02-01,203031053,27,17945.332
2026-03-01,203031053,15,18623.018
2026-04-01,203031053,21,12848.952
2026-05-01,203031053,9,6806.424
2026-06-01,203031053,15,19454.364
2025-07-01,203031489,39,19324.055
2025-08-01,203031489,31,12742.272
2025-09-01,203031489,39,19340.151
2025-10-01,203031489,39,18081.302
2025-11-01,203031489,59,21088.982
2025-12-01,203031489,35,15578.574
2026-01-01,203031489,24,10896.148
2026-02-01,203031489,24,8911.032
2026-03-01,203031489,23,8283.958
2026-04-01,203031489,50,24147.242
2026-05-01,203031489,39,15551.111
2026-06-01,203031489,63,26683.796
2025-07-01,203031490,12,7279.121
2025-08-01,203031490,10,7495.821
2025-09-01,203031490,8,4224.687
2025-10-01,203031490,15,8741.275
2025-11-01,203031490,13,9529.673
2025-12-01,203031490,9,8718.603
2026-01-01,203031490,9,8995.295
2026-02-01,203031490,20,10379.146
2026-03-01,203031490,24,14305.093
2026-04-01,203031490,22,9354.004
2026-05-01,203031490,38,22291.111
2026-06-01,203031490,29,14884.97
2025-07-01,204011054,1,1020.8
2025-08-01,204011054,2,2784.738
2025-09-01,204011054,1,440.0
2025-10-01,204011054,7,6136.385
2025-11-01,204011054,2,1272.6
2025-12-01,204011054,2,1622.0
2026-01-01,204011054,7,2584.47
2026-02-01,204011054,1,474.335
2026-03-01,204011054,2,813.121
2026-04-01,204011054,3,1145.372
2026-05-01,204011054,4,1483.789
2026-06-01,204011054,6,4036.929
2025-07-01,204011055,2,730.0
2025-09-01,204011055,2,592.586
2025-10-01,204011055,1,372.7
2025-11-01,204011055,3,1344.56
2025-12-01,204011055,3,1235.58
2026-01-01,204011055,2,1031.43
2026-03-01,204011055,3,1409.274
2026-04-01,204011055,2,976.078
2026-05-01,204011055,2,2799.905
2026-06-01,204011055,3,1607.081
2025-07-01,204011056,12,5046.741
2025-08-01,204011056,18,6446.855
2025-09-01,204011056,7,2543.126
2025-10-01,204011056,18,7243.726
2025-11-01,204011056,14,5657.338
2025-12-01,204011056,13,5268.712
2026-01-01,204011056,15,6819.416
2026-02-01,204011056,20,7762.075
2026-03-01,204011056,14,5798.298
2026-04-01,204011056,53,21714.018
2026-05-01,204011056,32,13379.823
2026-06-01,204011056,18,6868.821
2025-07-01,204011057,10,5614.636
2025-08-01,204011057,8,3668.922
2025-09-01,204011057,7,2606.655
2025-10-01,204011057,11,6059.843
2025-11-01,204011057,1,1074.7
2025-12-01,204011057,3,1109.969
2026-01-01,204011057,5,3177.453
2026-02-01,204011057,4,2115.547
2026-03-01,204011057,14,7240.758
2026-04-01,204011057,4,3355.777
2026-05-01,204011057,12,6611.412
2026-06-01,204011057,8,3731.039
2025-07-01,204011058,2,728.122
2025-08-01,204011058,2,1117.526
2025-09-01,204011058,3,960.966
2025-10-01,204011058,2,1045.107
2025-11-01,204011058,1,365.639
2025-12-01,204011058,6,11661.634
2026-01-01,204011058,3,2462.645
2026-02-01,204011058,3,1751.345
2026-03-01,204011058,3,1195.607
2026-04-01,204011058,3,1757.927
2026-05-01,204011058,7,4383.895
2026-06-01,204011058,7,2913.585
2025-07-01,204011059,4,2521.755
2025-08-01,204011059,1,560.13
2025-10-01,204011059,5,1839.091
2025-11-01,204011059,2,677.106
2025-12-01,204011059,1,237.275
2026-01-01,204011059,1,444.959
2026-02-01,204011059,2,961.66
2026-03-01,204011059,1,500.0
2026-04-01,204011059,7,2674.451
2026-05-01,204011059,6,1802.273
2026-06-01,204011059,12,4484.319
2025-07-01,204011060,2,577.0
2025-08-01,204011060,2,1300.0
2025-09-01,204011060,2,889.208
2026-01-01,204011060,1,1938.132
2026-02-01,204011060,1,440.0
2026-03-01,204011060,2,1630.697
2026-04-01,204011060,1,683.715
2026-06-01,204011060,2,1439.985
2025-07-01,204011062,1,180.37
2025-08-01,204011062,1,520.0
2025-09-01,204011062,5,2330.739
2025-10-01,204011062,3,1607.936
2025-11-01,204011062,2,970.0
2025-12-01,204011062,3,1075.62
2026-01-01,204011062,4,2098.647
2026-02-01,204011062,2,832.808
2026-03-01,204011062,1,2103.181
2026-04-01,204011062,11,3536.551
2026-06-01,204011062,1,580.936
2025-07-01,204021063,11,4467.079
2025-08-01,204021063,8,2603.465
2025-09-01,204021063,16,6649.1
2025-10-01,204021063,3,1293.01
2025-11-01,204021063,13,4567.728
2025-12-01,204021063,3,1013.967
2026-01-01,204021063,8,3198.412
2026-02-01,204021063,27,11567.548
2026-03-01,204021063,11,4088.403
2026-04-01,204021063,24,7357.937
2026-05-01,204021063,36,8349.651
2026-06-01,204021063,54,23615.583
2025-08-01,204021064,1,571.031
2025-09-01,204021064,1,250.0
2025-10-01,204021064,1,458.82
2025-11-01,204021064,2,1260.0
2026-01-01,204021064,2,1100.11
2026-03-01,204021064,1,600.0
2026-04-01,204021064,1,417.0
2025-07-01,204021065,6,2910.854
2025-08-01,204021065,2,961.102
2025-09-01,204021065,1,441.263
2025-10-01,204021065,2,882.8
2025-11-01,204021065,7,3353.863
2025-12-01,204021065,1,468.62
2026-01-01,204021065,2,755.93
2026-03-01,204021065,12,5519.956
2026-04-01,204021065,8,3935.255
2026-05-01,204021065,10,5019.314
2026-06-01,204021065,4,1536.754
2025-07-01,204021066,5,3304.118
2025-08-01,204021066,8,3581.942
2025-09-01,204021066,15,5853.855
2025-10-01,204021066,20,7519.287
2025-11-01,204021066,10,4347.682
2025-12-01,204021066,13,5353.026
2026-01-01,204021066,20,8185.743
2026-02-01,204021066,3,1463.665
2026-03-01,204021066,3,1227.114
2026-04-01,204021066,15,5882.873
2026-05-01,204021066,15,6671.975
2026-06-01,204021066,22,8502.586
2025-08-01,204021067,4,3657.635
2025-10-01,204021067,7,2667.308
2025-11-01,204021067,5,2481.824
2025-12-01,204021067,4,1759.196
2026-01-01,204021067,1,822.178
2026-02-01,204021067,1,676.493
2026-03-01,204021067,1,487.759
2026-04-01,204021067,2,852.519
2026-05-01,204021067,1,150.0
2026-06-01,204021067,7,24724.327
2025-07-01,204031068,5,3232.493
2025-08-01,204031068,1,1155.056
2025-11-01,204031068,2,1499.784
2025-12-01,204031068,1,644.34
2026-01-01,204031068,2,2720.795
2026-02-01,204031068,1,671.724
2026-03-01,204031068,2,2764.916
2026-04-01,204031068,1,2000.0
2026-05-01,204031068,3,1686.219
2026-06-01,204031068,8,4849.214
2025-07-01,204031069,4,2388.799
2025-08-01,204031069,4,3416.946
2025-09-01,204031069,2,4019.315
2025-10-01,204031069,2,1515.985
2025-12-01,204031069,2,902.452
2026-01-01,204031069,2,1376.371
2026-02-01,204031069,2,1579.94
2026-03-01,204031069,4,4445.537
2026-04-01,204031069,1,136.574
2026-05-01,204031069,3,1615.2
2026-06-01,204031069,3,2254.225
2025-07-01,204031070,2,746.459
2025-08-01,204031070,3,2368.318
2025-09-01,204031070,1,442.093
2025-10-01,204031070,2,1356.312
2025-11-01,204031070,1,579.18
2025-12-01,204031070,3,1302.219
2026-02-01,204031070,2,1097.613
2026-03-01,204031070,4,2662.48
2026-04-01,204031070,1,519.002
2026-05-01,204031070,2,1401.355
2026-06-01,204031070,4,1558.33
2025-07-01,204031071,2,1867.571
2025-08-01,204031071,2,1088.588
2025-10-01,204031071,1,596.269
2026-02-01,204031071,2,1234.216
2026-05-01,204031071,2,1251.335
2025-09-01,204031072,1,477.793
2025-10-01,204031072,3,2828.545
2025-11-01,204031072,2,999.115
2025-12-01,204031072,2,1063.153
2026-01-01,204031072,1,180.0
2026-02-01,204031072,1,429.32
2026-03-01,204031072,1,1455.497
2026-04-01,204031072,2,1364.807
2026-05-01,204031072,1,200.0
2026-06-01,204031072,2,702.022
2025-07-01,204031073,2,1053.939
2025-08-01,204031073,5,1840.75
2025-09-01,204031073,8,3115.265
2025-10-01,204031073,9,4504.641
2025-12-01,204031073,3,1386.65
2026-01-01,204031073,6,3494.973
2026-02-01,204031073,5,2226.348
2026-03-01,204031073,6,3730.312
2026-04-01,204031073,3,1813.357
2026-05-01,204031073,8,4414.468
2026-06-01,204031073,8,4445.88
2025-08-01,204031075,1,441.335
2025-09-01,204031075,2,1258.661
2025-10-01,204031075,1,360.0
2025-12-01,204031075,2,787.996
2026-02-01,204031075,1,628.39
2026-04-01,204031075,1,745.0
2026-06-01,204031075,3,1398.487
2025-07-01,204031491,22,9839.9
2025-08-01,204031491,27,12046.401
2025-09-01,204031491,15,7046.349
2025-10-01,204031491,16,9181.124
2025-11-01,204031491,20,8829.901
2025-12-01,204031491,36,15441.465
2026-01-01,204031491,27,11791.222
2026-02-01,204031491,28,12462.774
2026-03-01,204031491,20,8414.386
2026-04-01,204031491,19,8094.011
2026-05-01,204031491,20,8366.416
2026-06-01,204031491,28,12654.452
2025-07-01,204031492,18,4643.594
2025-08-01,204031492,1,597.82
2025-09-01,204031492,2,787.14
2025-10-01,204031492,6,1558.92
2025-11-01,204031492,5,2209.051
2025-12-01,204031492,6,1946.524
2026-02-01,204031492,2,774.433
2026-03-01,204031492,9,3968.84
2026-04-01,204031492,20,9131.542
2026-05-01,204031492,5,2902.657
2026-06-01,204031492,6,2141.28
2025-07-01,205011076,16,7334.874
2025-08-01,205011076,6,2641.397
2025-09-01,205011076,12,4786.963
2025-10-01,205011076,24,10797.117
2025-11-01,205011076,11,4242.302
2025-12-01,205011076,19,7850.98
2026-01-01,205011076,10,5407.556
2026-02-01,205011076,10,4156.787
2026-03-01,205011076,27,9762.025
2026-04-01,205011076,46,14817.13
2026-05-01,205011076,21,7230.563
2026-06-01,205011076,26,9838.083
2025-07-01,205011077,3,1382.347
2025-08-01,205011077,1,586.435
2025-10-01,205011077,5,2147.052
2025-11-01,205011077,2,1159.44
2025-12-01,205011077,1,464.852
2026-02-01,205011077,1,286.636
2026-05-01,205011077,2,1511.5
2025-07-01,205011078,1,598.6
2025-08-01,205011078,3,641.197
2025-09-01,205011078,1,1426.89
2025-10-01,205011078,1,634.866
2025-11-01,205011078,1,330.547
2025-12-01,205011078,2,1000.0
2026-01-01,205011078,2,1031.829
2026-03-01,205011078,2,498.0
2026-04-01,205011078,10,2934.34
2026-05-01,205011078,1,664.846
2026-06-01,205011078,22,8147.839
2025-07-01,205011079,24,8853.862
2025-08-01,205011079,18,8345.238
2025-09-01,205011079,34,14081.39
2025-10-01,205011079,27,11133.601
2025-11-01,205011079,23,9045.846
2025-12-01,205011079,12,6658.176
2026-01-01,205011079,18,8544.297
2026-02-01,205011079,32,14321.753
2026-03-01,205011079,34,13346.175
2026-04-01,205011079,26,10637.276
2026-05-01,205011079,16,7125.718
2026-06-01,205011079,32,16257.086
2025-07-01,205021081,13,4216.715
2025-08-01,205021081,7,2609.389
2025-09-01,205021081,7,2761.411
2025-10-01,205021081,13,5197.459
2025-11-01,205021081,8,3165.58
2025-12-01,205021081,10,4106.758
2026-01-01,205021081,5,1853.182
2026-02-01,205021081,22,7190.145
2026-03-01,205021081,11,4300.914
2026-04-01,205021081,17,6468.251
2026-05-01,205021081,19,6828.564
2026-06-01,205021081,12,4572.429
2025-07-01,205021082,4,3008.473
2025-08-01,205021082,6,1920.319
2025-09-01,205021082,3,1168.192
2025-10-01,205021082,6,2337.667
2025-11-01,205021082,3,1371.441
2025-12-01,205021082,5,2154.671
2026-01-01,205021082,1,410.269
2026-02-01,205021082,3,1255.213
2026-03-01,205021082,4,2122.265
2026-04-01,205021082,2,1012.769
2026-05-01,205021082,5,2060.697
2026-06-01,205021082,5,2094.67
2025-07-01,205021084,4,2163.722
2025-08-01,205021084,3,810.15
2025-09-01,205021084,2,1067.562
2025-10-01,205021084,7,2958.954
2025-11-01,205021084,4,2368.073
2025-12-01,205021084,2,1292.61
2026-01-01,205021084,5,3943.895
2026-02-01,205021084,6,2381.255
2026-03-01,205021084,3,1040.112
2026-04-01,205021084,6,2452.158
2026-05-01,205021084,3,820.182
2026-06-01,205021084,6,2212.556
2025-07-01,205021085,4,2048.515
2025-08-01,205021085,3,1607.622
2025-09-01,205021085,3,1340.802
2025-12-01,205021085,11,4713.753
2026-02-01,205021085,3,1136.5
2026-04-01,205021085,2,1240.476
2026-05-01,205021085,3,1614.477
2026-06-01,205021085,5,3416.984
2025-07-01,205021086,2,1008.695
2025-08-01,205021086,4,1739.378
2025-09-01,205021086,5,2545.06
2025-10-01,205021086,3,1311.263
2025-11-01,205021086,26,12026.562
2025-12-01,205021086,4,1874.963
2026-01-01,205021086,22,10979.987
2026-02-01,205021086,4,2251.644
2026-03-01,205021086,1,436.167
2026-04-01,205021086,5,2783.909
2026-05-01,205021086,3,1242.166
2026-06-01,205021086,6,2404.939
2025-07-01,205031087,5,2385.493
2025-08-01,205031087,3,1951.68
2025-09-01,205031087,4,4351.255
2025-10-01,205031087,5,1894.529
2025-11-01,205031087,5,2333.286
2025-12-01,205031087,7,4172.894
2026-01-01,205031087,4,1971.669
2026-02-01,205031087,10,6902.568
2026-03-01,205031087,6,4622.779
2026-04-01,205031087,3,1225.552
2026-05-01,205031087,2,1420.0
2026-06-01,205031087,5,1967.018
2026-03-01,205031088,1,522.5
2025-07-01,205031089,3,1355.541
2025-08-01,205031089,2,779.612
2025-09-01,205031089,6,3233.722
2025-10-01,205031089,3,1546.407
2025-11-01,205031089,3,2189.747
2025-12-01,205031089,2,842.926
2026-01-01,205031089,2,825.0
2026-02-01,205031089,1,390.0
2026-03-01,205031089,3,1340.393
2026-04-01,205031089,5,2892.406
2026-05-01,205031089,9,3759.377
2026-06-01,205031089,4,2705.438
2025-07-01,205031090,5,1894.736
2025-08-01,205031090,1,505.0
2025-09-01,205031090,4,1755.363
2025-10-01,205031090,6,3220.364
2025-11-01,205031090,4,1875.462
2025-12-01,205031090,3,1186.988
2026-01-01,205031090,2,1090.15
2026-02-01,205031090,5,2778.229
2026-03-01,205031090,6,2464.339
2026-04-01,205031090,5,2568.255
2026-05-01,205031090,5,2092.324
2026-06-01,205031090,19,10292.142
2025-07-01,205031091,9,5392.038
2025-08-01,205031091,5,2082.302
2025-09-01,205031091,8,5944.13
2025-10-01,205031091,4,4979.761
2025-11-01,205031091,3,1944.025
2025-12-01,205031091,6,3452.973
2026-01-01,205031091,3,1694.011
2026-02-01,205031091,7,5005.077
2026-03-01,205031091,6,3874.555
2026-04-01,205031091,5,4073.653
2026-05-01,205031091,8,4566.597
2026-06-01,205031091,4,2313.345
2025-07-01,205031093,24,14524.633
2025-08-01,205031093,22,14213.083
2025-09-01,205031093,25,12302.424
2025-10-01,205031093,36,16308.794
2025-11-01,205031093,23,11049.095
2025-12-01,205031093,18,8689.697
2026-01-01,205031093,12,5403.338
2026-02-01,205031093,29,18015.099
2026-03-01,205031093,20,9758.7
2026-04-01,205031093,21,11376.129
2026-05-01,205031093,42,21765.566
2026-06-01,205031093,53,22546.558
2025-07-01,205041094,1,298.624
2025-08-01,205041094,2,654.222
2025-09-01,205041094,3,933.998
2025-10-01,205041094,6,1755.095
2025-11-01,205041094,1,1131.265
2025-12-01,205041094,4,1737.763
2026-01-01,205041094,3,1253.383
2026-02-01,205041094,2,636.513
2026-03-01,205041094,5,1793.443
2026-04-01,205041094,4,2054.876
2026-05-01,205041094,9,2505.122
2026-06-01,205041094,6,2670.583
2025-07-01,205041095,16,5764.711
2025-08-01,205041095,10,3316.441
2025-09-01,205041095,7,2636.821
2025-10-01,205041095,7,2816.77
2025-11-01,205041095,6,3186.275
2025-12-01,205041095,8,2720.495
2026-01-01,205041095,4,1725.769
2026-02-01,205041095,11,5201.175
2026-03-01,205041095,12,5657.174
2026-04-01,205041095,16,6763.455
2026-05-01,205041095,12,4699.656
2026-06-01,205041095,15,5791.736
2025-08-01,205041096,2,737.985
2025-09-01,205041096,10,3342.771
2025-10-01,205041096,3,1098.825
2025-11-01,205041096,5,1588.123
2025-12-01,205041096,7,2425.994
2026-01-01,205041096,4,1395.005
2026-02-01,205041096,7,2378.734
2026-03-01,205041096,10,3378.922
2026-04-01,205041096,16,5934.223
2026-05-01,205041096,10,4169.508
2026-06-01,205041096,7,3211.379
2025-07-01,205041098,3,1433.133
2025-08-01,205041098,3,1920.204
2025-09-01,205041098,4,1181.986
2025-10-01,205041098,4,1573.085
2025-12-01,205041098,2,520.863
2026-01-01,205041098,2,741.927
2026-02-01,205041098,3,1298.269
2026-03-01,205041098,3,1530.394
2026-04-01,205041098,6,3040.203
2026-05-01,205041098,4,3296.54
2026-06-01,205041098,8,3203.738
2025-07-01,205041493,7,3140.283
2025-08-01,205041493,7,2709.633
2025-09-01,205041493,15,5892.817
2025-10-01,205041493,21,8789.266
2025-11-01,205041493,19,7130.602
2025-12-01,205041493,13,5361.732
2026-01-01,205041493,11,4667.23
2026-02-01,205041493,17,6670.329
2026-03-01,205041493,9,3059.856
2026-04-01,205041493,11,5069.888
2026-05-01,205041493,8,3639.511
2026-06-01,205041493,6,2415.522
2025-07-01,205041494,5,2385.733
2025-08-01,205041494,1,365.0
2025-09-01,205041494,3,960.272
2025-10-01,205041494,1,304.097
2025-11-01,205041494,2,983.41
2025-12-01,205041494,4,1302.279
2026-01-01,205041494,1,325.249
2026-02-01,205041494,16,8356.736
2026-03-01,205041494,7,2742.271
2026-04-01,205041494,3,1484.885
2026-05-01,205041494,3,1059.069
2026-06-01,205041494,4,2863.514
2025-07-01,205051100,4,1150.0
2025-08-01,205051100,5,2630.138
2025-09-01,205051100,2,673.491
2025-10-01,205051100,1,990.0
2025-11-01,205051100,3,1344.851
2025-12-01,205051100,3,1072.4
2026-02-01,205051100,2,532.208
2026-03-01,205051100,6,3406.565
2026-04-01,205051100,1,340.0
2026-05-01,205051100,3,1823.865
2026-06-01,205051100,2,1281.1
2025-07-01,205051101,2,963.893
2025-08-01,205051101,9,3177.053
2025-09-01,205051101,5,2477.532
2025-10-01,205051101,27,10997.471
2025-11-01,205051101,5,1499.699
2025-12-01,205051101,6,2052.783
2026-01-01,205051101,5,2536.461
2026-02-01,205051101,11,5973.112
2026-03-01,205051101,5,1717.382
2026-04-01,205051101,10,4348.353
2026-05-01,205051101,3,1613.527
2026-06-01,205051101,5,3209.131
2025-08-01,205051102,1,391.35
2025-09-01,205051102,3,1063.213
2025-10-01,205051102,1,242.5
2025-11-01,205051102,1,461.0
2025-12-01,205051102,2,600.894
2026-01-01,205051102,1,1100.0
2026-02-01,205051102,2,1550.982
2026-03-01,205051102,2,897.496
2026-05-01,205051102,5,2300.09
2026-06-01,205051102,1,283.816
2025-07-01,205051103,3,1406.526
2025-08-01,205051103,4,1595.765
2025-09-01,205051103,1,422.813
2025-10-01,205051103,1,523.575
2025-11-01,205051103,4,2157.341
2025-12-01,205051103,3,1211.841
2026-01-01,205051103,2,1351.753
2026-02-01,205051103,6,2368.162
2026-03-01,205051103,5,2200.146
2026-04-01,205051103,5,1795.625
2026-05-01,205051103,3,1155.19
2026-06-01,205051103,10,2597.923
2025-07-01,205051104,1,307.314
2025-08-01,205051104,1,480.0
2025-09-01,205051104,1,580.0
2025-10-01,205051104,2,870.24
2026-01-01,205051104,3,1855.632
2026-03-01,205051104,1,494.258
2026-04-01,205051104,2,1086.842
2026-06-01,205051104,2,1508.922
2025-10-01,206011106,2,1268.0
2025-11-01,206011106,7,5000.0
2025-12-01,206011106,8,5823.668
2026-01-01,206011106,1,1000.0
2026-02-01,206011106,3,1985.0
2026-03-01,206011106,4,4400.0
2026-04-01,206011106,10,5270.0
2025-07-01,206011107,5,2099.352
2025-08-01,206011107,5,3387.37
2025-09-01,206011107,2,1606.38
2025-12-01,206011107,1,1259.0
2026-01-01,206011107,3,1518.416
2026-02-01,206011107,3,1111.03
2026-04-01,206011107,1,1569.401
2026-05-01,206011107,1,533.998
2025-07-01,206011109,5,5016.081
2025-08-01,206011109,3,1500.0
2025-09-01,206011109,2,1702.636
2025-11-01,206011109,1,800.0
2025-12-01,206011109,5,2200.0
2026-02-01,206011109,1,1992.727
2026-03-01,206011109,2,2162.83
2026-04-01,206011109,4,3206.768
2026-05-01,206011109,7,4436.989
2026-06-01,206011109,1,1500.0
2025-08-01,206011495,2,578.5
2025-09-01,206011495,2,1000.0
2025-11-01,206011495,3,1300.0
2025-12-01,206011495,2,1685.0
2026-02-01,206011495,4,2100.0
2026-03-01,206011495,1,698.0
2026-04-01,206011495,2,1300.0
2026-05-01,206011495,3,2138.908
2025-08-01,206011496,23,15910.848
2025-10-01,206011496,109,55000.0
2025-11-01,206011496,78,43697.5
2025-12-01,206011496,1,1320.0
2026-01-01,206011496,6,3005.037
2026-02-01,206011496,27,27159.266
2026-05-01,206011496,62,43899.788
2026-06-01,206011496,3,2489.438
2025-08-01,206011497,2,1200.0
2025-10-01,206011497,3,1930.0
2025-12-01,206011497,5,2050.0
2026-01-01,206011497,1,750.0
2026-02-01,206011497,4,1850.0
2026-03-01,206011497,3,1857.04
2026-04-01,206011497,283,147267.262
2026-05-01,206011497,3,2182.425
2026-06-01,206011497,5,7105.215
2025-07-01,206011498,2,1200.0
2025-08-01,206011498,1,789.734
2025-09-01,206011498,7,3060.7
2025-10-01,206011498,2,1446.437
2025-11-01,206011498,9,3932.765
2025-12-01,206011498,4,2600.0
2026-01-01,206011498,1,227.049
2026-02-01,206011498,2,727.407
2026-03-01,206011498,10,6194.234
2026-04-01,206011498,5,2750.3
2026-05-01,206011498,8,4783.095
2026-06-01,206011498,2,1578.3
2025-07-01,206021110,1,900.0
2025-08-01,206021110,5,4777.808
2025-09-01,206021110,3,4733.413
2025-10-01,206021110,2,2230.0
2025-12-01,206021110,2,1570.965
2026-01-01,206021110,7,4830.0
2026-02-01,206021110,5,6145.093
2026-03-01,206021110,3,3180.056
2026-04-01,206021110,2,1250.0
2026-05-01,206021110,1,750.0
2026-06-01,206021110,3,2553.229
2025-07-01,206021112,1,410.235
2025-08-01,206021112,11,8552.07
2025-09-01,206021112,8,6070.198
2025-10-01,206021112,17,10496.0
2025-11-01,206021112,8,5939.356
2025-12-01,206021112,5,3985.507
2026-01-01,206021112,1,965.0
2026-02-01,206021112,7,5586.736
2026-03-01,206021112,1,400.0
2026-04-01,206021112,12,6854.534
2026-05-01,206021112,48,36030.0
2026-06-01,206021112,1,650.0
2025-07-01,206021499,3,2777.0
2025-09-01,206021499,5,5538.886
2025-10-01,206021499,9,6732.759
2025-11-01,206021499,2,2700.0
2025-12-01,206021499,4,2863.5
2026-01-01,206021499,4,2845.0
2026-02-01,206021499,1,1574.819
2026-03-01,206021499,3,2695.0
2026-04-01,206021499,4,3873.235
2026-05-01,206021499,1,903.0
2026-06-01,206021499,4,1475.25
2025-09-01,206021500,1,309.753
2025-10-01,206021500,1,1168.506
2025-12-01,206021500,3,2749.335
2026-04-01,206021500,15,11474.481
2026-06-01,206021500,3,2594.494
2025-07-01,206031113,2,485.0
2025-08-01,206031113,1,1437.0
2025-09-01,206031113,1,1700.0
2025-10-01,206031113,1,620.0
2025-11-01,206031113,9,8000.0
2025-12-01,206031113,2,1950.0
2026-01-01,206031113,1,550.0
2026-06-01,206031113,4,3230.0
2025-09-01,206031115,1,226.867
2025-08-01,206031116,2,3495.0
2025-09-01,206031116,3,2400.855
2025-10-01,206031116,4,3437.0
2025-11-01,206031116,5,5048.0
2025-12-01,206031116,1,1980.0
2026-01-01,206031116,2,1245.5
2026-03-01,206031116,28,16493.0
2026-04-01,206031116,14,7449.993
2026-06-01,206031116,6,7409.6
2025-07-01,206031501,6,7670.714
2025-08-01,206031501,2,1507.0
2025-09-01,206031501,2,2200.0
2025-10-01,206031501,3,3137.351
2025-11-01,206031501,6,7368.516
2025-12-01,206031501,8,9933.378
2026-01-01,206031501,3,3761.879
2026-02-01,206031501,3,3100.0
2026-03-01,206031501,14,14962.038
2026-04-01,206031501,10,8397.831
2026-05-01,206031501,9,11368.0
2026-06-01,206031501,9,12254.815
2025-07-01,206031502,2,2100.0
2025-08-01,206031502,8,8350.0
2025-09-01,206031502,11,8840.069
2025-10-01,206031502,1,2145.187
2025-12-01,206031502,7,7206.849
2026-01-01,206031502,14,12353.5
2026-03-01,206031502,1,910.0
2026-04-01,206031502,7,11272.243
2026-05-01,206031502,2,9930.319
2026-06-01,206031502,2,3730.23
2026-03-01,206041117,248,169748.365
2026-06-01,206041117,1,1401.0
2025-11-01,206041118,925,440000.0
2026-02-01,206041118,380,225000.0
2025-07-01,206041121,2,1077.5
2025-09-01,206041121,444,200768.4
2026-01-01,206041121,1,303.676
2025-10-01,206041125,77,178970.0
2025-11-01,206041125,9,9000.0
2026-05-01,206041125,1,4571.438
2026-03-01,206041504,569,360000.0
2025-07-01,206041506,2,2400.0
2025-09-01,206041506,1,1800.0
2026-03-01,206041506,1,1105.173
2026-06-01,206041506,1,2273.902
2026-02-01,206041508,312,147385.952
2025-09-01,206041510,198,87645.355
2026-05-01,206041510,291,130525.869
2026-06-01,206041510,96,41100.0
2025-11-01,206051128,2,1804.128
2026-02-01,206051128,234,255642.772
2026-03-01,206051128,1,385.0
2026-04-01,206051128,1,2295.073
2026-06-01,206051128,1,1468.1
2025-07-01,206051129,2,2200.0
2025-08-01,206051129,1,1000.0
2025-09-01,206051129,3,1216.096
2025-10-01,206051129,1,1100.0
2025-12-01,206051129,1,900.0
2026-02-01,206051129,2,4920.436
2026-03-01,206051129,1,700.0
2026-05-01,206051129,1,2282.398
2026-06-01,206051129,5,7137.286
2025-11-01,206051130,1,700.0
2025-12-01,206051130,2,800.0
2025-08-01,206051134,1,600.0
2025-12-01,206051134,1,885.679
2026-03-01,206051134,61,51349.0
2026-05-01,206051134,71,39104.565
2025-07-01,206051511,389,220000.0
2025-09-01,206051512,1,2500.0
2025-10-01,206051512,245,208403.196
2025-12-01,206051512,2,1450.0
2026-05-01,206051512,4,6000.0
2026-05-01,206051513,19,16417.436
2026-06-01,206051513,1,875.553
2025-09-01,206051514,2,1233.909
2025-12-01,206051514,39,54450.0
2026-05-01,206051514,18,24183.5
2025-08-01,206061135,1,6663.042
2025-10-01,206061135,1,6932.953
2026-01-01,206061135,1,4000.0
2026-02-01,206061135,1,2477.281
2026-03-01,206061135,4,2000.0
2026-05-01,206061135,13,37111.8
2025-09-01,206061136,26,30516.783
2025-10-01,206061136,22,40000.0
2025-12-01,206061136,22,26521.778
2026-03-01,206061136,3,8219.748
2026-04-01,206061136,1,4731.542
2026-06-01,206061136,3,9334.67
2025-07-01,206061138,5,10500.0
2025-08-01,206061138,6,17457.0
2025-09-01,206061138,7,33945.164
2025-10-01,206061138,6,31411.506
2025-11-01,206061138,2,20480.56
2025-12-01,206061138,4,19389.552
2026-01-01,206061138,44,80000.0
2026-02-01,206061138,1,1541.324
2026-04-01,206061138,2,15891.997
2026-05-01,206061138,2,16358.399
2025-10-01,206061515,5,14000.0
2025-11-01,206061515,126,142858.265
2025-12-01,206061515,3,10000.0
2026-03-01,206061515,8,18000.0
2025-07-01,206061516,2,2174.0
2025-09-01,206061516,1,1917.949
2025-11-01,206061516,1,1500.0
2026-03-01,206061516,349,400000.0
2026-04-01,206061516,3,2671.9
2026-05-01,206061516,3,2080.609
2026-06-01,206061516,2,2477.4
2025-10-01,206071139,1,350.0
2026-06-01,206071139,1,1500.0
2026-06-01,206071140,1,1276.0
2025-07-01,206071141,1,1457.724
2026-03-01,206071141,1,450.0
2026-05-01,206071141,18,18215.0
2025-10-01,206071142,23,21230.0
2025-12-01,206071142,17,17931.188
2026-04-01,206071142,15,15456.457
2025-07-01,206071143,39,27459.756
2025-08-01,206071143,1,660.0
2025-12-01,206071143,1,1621.274
2026-02-01,206071143,4,2118.6
2026-04-01,206071143,515,306033.755
2025-08-01,206071145,2,1920.0
2025-11-01,206071145,1,1428.258
2025-12-01,206071145,58,27404.629
2026-01-01,206071145,13,16500.0
2026-03-01,206071145,2,4093.768
2026-04-01,206071145,162,97361.326
2026-05-01,206071145,11,7416.645
2026-06-01,206071145,1,866.018
2025-07-01,206071517,1,770.0
2025-09-01,206071517,7,3000.0
2025-11-01,206071517,2,2500.0
2026-04-01,206071517,1,3205.987
2026-05-01,206071517,2,1755.815
2025-09-01,206071518,486,271232.071
2025-11-01,206071518,1,750.0
2026-03-01,206071518,1,900.0
2026-04-01,206071518,2,1404.7
2025-07-01,207011146,5,5305.982
2025-08-01,207011146,8,7158.124
2025-09-01,207011146,2,1953.684
2025-10-01,207011146,5,4803.423
2025-11-01,207011146,5,5922.39
2025-12-01,207011146,1,1600.0
2026-01-01,207011146,1,900.0
2026-02-01,207011146,22,14548.406
2026-03-01,207011146,8,5992.522
2026-04-01,207011146,2,3941.476
2026-05-01,207011146,6,4053.706
2026-06-01,207011146,3,1990.57
2025-07-01,207011147,11,19494.651
2025-08-01,207011147,5,8700.0
2025-09-01,207011147,7,8272.651
2025-10-01,207011147,7,7300.0
2025-11-01,207011147,7,13644.403
2025-12-01,207011147,5,6965.93
2026-01-01,207011147,6,6920.8
2026-02-01,207011147,6,11481.357
2026-03-01,207011147,38,61273.431
2026-04-01,207011147,7,10426.0
2026-05-01,207011147,4,7191.1
2026-06-01,207011147,2,2705.986
2025-07-01,207011148,18,22977.97
2025-08-01,207011148,11,13499.785
2025-09-01,207011148,7,13864.579
2025-10-01,207011148,12,17253.857
2025-11-01,207011148,9,13147.28
2025-12-01,207011148,15,26599.04
2026-01-01,207011148,5,8435.915
2026-02-01,207011148,6,17280.0
2026-03-01,207011148,13,22013.607
2026-04-01,207011148,6,12631.852
2026-05-01,207011148,19,27003.14
2026-06-01,207011148,13,17789.816
2025-07-01,207011149,6,8566.262
2025-08-01,207011149,4,6472.49
2025-09-01,207011149,11,19580.813
2025-10-01,207011149,10,8868.17
2025-11-01,207011149,9,14836.523
2025-12-01,207011149,13,15086.363
2026-01-01,207011149,2,2686.812
2026-02-01,207011149,7,11246.5
2026-03-01,207011149,3,2871.41
2026-04-01,207011149,12,14067.542
2026-05-01,207011149,8,8420.413
2026-06-01,207011149,8,13175.507
2025-07-01,207011150,5,7998.761
2025-08-01,207011150,4,5828.335
2025-09-01,207011150,7,10423.126
2025-10-01,207011150,7,9094.098
2025-11-01,207011150,8,17260.35
2025-12-01,207011150,5,7773.04
2026-02-01,207011150,6,11017.322
2026-03-01,207011150,5,9011.802
2026-04-01,207011150,4,5271.827
2026-05-01,207011150,1,1485.636
2026-06-01,207011150,5,7905.723
2025-07-01,207011152,1,2589.316
2025-08-01,207011152,40,13200.0
2025-10-01,207011152,12,7500.0
2025-12-01,207011152,1,3200.0
2026-01-01,207011152,1,1400.0
2026-02-01,207011152,2,2140.414
2026-03-01,207011152,1,900.0
2026-05-01,207011152,1,4188.8
2026-06-01,207011152,1,1250.0
2025-07-01,207011154,2,3200.0
2025-08-01,207011154,4,5000.0
2025-09-01,207011154,2,2054.106
2025-10-01,207011154,1,1400.0
2025-12-01,207011154,1,2182.913
2026-01-01,207011154,2,2583.787
2026-03-01,207011154,5,9078.125
2026-04-01,207011154,1,469.23
2026-05-01,207011154,2,3251.224
2026-06-01,207011154,4,5668.844
2025-07-01,207011155,3,5350.05
2025-08-01,207011155,2,2194.541
2025-09-01,207011155,1,1444.775
2025-10-01,207011155,15,16558.463
2025-11-01,207011155,2,4300.0
2025-12-01,207011155,1,3000.0
2026-02-01,207011155,4,7850.0
2026-03-01,207011155,4,7570.207
2026-04-01,207011155,8,7348.0
2026-05-01,207011155,4,7136.617
2026-06-01,207011155,1,1242.383
2025-11-01,207011519,9,12950.0
2026-01-01,207011519,1,6530.227
2026-05-01,207011519,1,1924.732
2026-06-01,207011519,1,2100.79
2025-07-01,207011520,5,9208.786
2025-08-01,207011520,1,2500.0
2025-09-01,207011520,12,22928.778
2025-11-01,207011520,1,2200.0
2025-12-01,207011520,5,7378.0
2026-02-01,207011520,1,890.0
2026-04-01,207011520,1,3300.0
2026-05-01,207011520,1,2820.0
2025-07-01,207011521,1,2350.0
2025-08-01,207011521,1,1600.0
2025-09-01,207011521,3,5349.834
2025-10-01,207011521,4,7597.31
2025-11-01,207011521,6,12600.426
2025-12-01,207011521,9,15608.213
2026-01-01,207011521,3,3970.149
2026-03-01,207011521,2,1910.0
2026-04-01,207011521,1,4000.0
2026-05-01,207011521,1,1925.0
2026-06-01,207011521,1,3908.115
2025-07-01,207011522,2,5738.085
2025-08-01,207011522,2,2858.367
2025-09-01,207011522,1,1050.0
2025-11-01,207011522,4,8230.0
2025-12-01,207011522,24,22202.452
2026-01-01,207011522,2,2350.0
2026-02-01,207011522,2,5372.947
2026-03-01,207011522,5,5775.0
2026-04-01,207011522,5,6791.906
2026-05-01,207011522,63,69452.709
2026-06-01,207011522,1,1360.0
2025-07-01,207021156,4,6140.0
2025-08-01,207021156,4,3885.0
2025-09-01,207021156,2,2144.181
2025-10-01,207021156,4,3679.631
2025-11-01,207021156,2,1420.0
2025-12-01,207021156,8,7754.0
2026-01-01,207021156,1,926.407
2026-02-01,207021156,9,9309.716
2026-03-01,207021156,1,1357.236
2026-04-01,207021156,5,4065.097
2026-05-01,207021156,1,710.819
2026-06-01,207021156,3,2762.85
2025-07-01,207021157,21,17409.333
2025-08-01,207021157,12,7556.701
2025-09-01,207021157,9,12064.923
2025-10-01,207021157,4,4508.87
2025-11-01,207021157,12,12342.709
2025-12-01,207021157,15,12654.589
2026-01-01,207021157,5,8000.0
2026-02-01,207021157,43,22407.184
2026-03-01,207021157,7,6240.0
2026-04-01,207021157,10,9002.514
2026-05-01,207021157,4,3900.0
2026-06-01,207021157,20,13061.962
2025-07-01,207021159,8,6300.0
2025-08-01,207021159,4,6326.621
2025-09-01,207021159,1,750.0
2025-10-01,207021159,2,1885.309
2025-11-01,207021159,3,2300.0
2025-12-01,207021159,2,1450.0
2026-01-01,207021159,2,1100.0
2026-02-01,207021159,3,5836.073
2026-03-01,207021159,3,9717.832
2026-04-01,207021159,1,2000.0
2026-05-01,207021159,9,6000.0
2026-06-01,207021159,6,13538.374
2025-07-01,207021160,6,4175.98
2025-08-01,207021160,5,4402.661
2025-09-01,207021160,8,7381.722
2025-10-01,207021160,5,3006.2
2025-11-01,207021160,5,5055.331
2025-12-01,207021160,2,1565.0
2026-02-01,207021160,5,4447.0
2026-03-01,207021160,4,4217.411
2026-04-01,207021160,6,6194.186
2026-05-01,207021160,8,8019.418
2026-06-01,207021160,5,3711.9
2025-07-01,207021424,4,3339.617
2025-08-01,207021424,4,2672.385
2025-09-01,207021424,2,1400.0
2025-10-01,207021424,2,2835.637
2025-11-01,207021424,1,850.0
2025-12-01,207021424,3,3460.0
2026-01-01,207021424,2,2141.719
2026-02-01,207021424,6,6219.276
2026-03-01,207021424,3,660.0
2026-04-01,207021424,2,2401.892
2026-05-01,207021424,2,2310.0
2025-07-01,207021425,11,13002.579
2025-08-01,207021425,7,7825.0
2025-09-01,207021425,6,3802.56
2025-10-01,207021425,15,15291.736
2025-11-01,207021425,5,3963.093
2025-12-01,207021425,9,5345.08
2026-01-01,207021425,3,3534.285
2026-02-01,207021425,16,10316.517
2026-03-01,207021425,10,8552.999
2026-04-01,207021425,9,8056.152
2026-05-01,207021425,16,11362.44
2026-06-01,207021425,9,8104.527
2025-07-01,207031161,24,13077.581
2025-08-01,207031161,13,6290.445
2025-09-01,207031161,7,5646.282
2025-10-01,207031161,15,9862.848
2025-11-01,207031161,8,6221.757
2025-12-01,207031161,6,5524.975
2026-01-01,207031161,6,4241.828
2026-02-01,207031161,8,7814.095
2026-03-01,207031161,8,8386.236
2026-04-01,207031161,2,1378.294
2026-05-01,207031161,25,14834.872
2026-06-01,207031161,5,3879.533
2025-07-01,207031162,2,1340.9
2025-08-01,207031162,1,481.362
2025-09-01,207031162,3,1978.603
2025-10-01,207031162,1,886.892
2025-11-01,207031162,4,3822.793
2025-12-01,207031162,4,3345.424
2026-01-01,207031162,1,707.045
2026-02-01,207031162,5,4676.067
2026-03-01,207031162,5,4272.038
2026-04-01,207031162,1,704.724
2026-05-01,207031162,4,2793.861
2026-06-01,207031162,6,4417.352
2025-07-01,207031163,9,7342.333
2025-08-01,207031163,7,5318.546
2025-09-01,207031163,8,4390.57
2025-10-01,207031163,6,7606.131
2025-11-01,207031163,58,34003.608
2025-12-01,207031163,2,1833.709
2026-01-01,207031163,10,6441.25
2026-02-01,207031163,2,2891.193
2026-03-01,207031163,1,1400.0
2026-04-01,207031163,2,2092.883
2026-05-01,207031163,3,2259.353
2026-06-01,207031163,9,6682.231
2025-07-01,207031164,14,11900.985
2025-08-01,207031164,6,4984.56
2025-09-01,207031164,11,10126.918
2025-10-01,207031164,11,8742.424
2025-11-01,207031164,12,9525.467
2025-12-01,207031164,13,11843.074
2026-01-01,207031164,9,7214.457
2026-02-01,207031164,9,8180.634
2026-03-01,207031164,6,5612.48
2026-04-01,207031164,10,9406.617
2026-05-01,207031164,10,9112.068
2026-06-01,207031164,13,9182.202
2025-07-01,207031165,7,3845.0
2025-08-01,207031165,9,5495.557
2025-09-01,207031165,7,7061.086
2025-10-01,207031165,58,18011.0
2025-11-01,207031165,6,4709.5
2025-12-01,207031165,4,2375.0
2026-01-01,207031165,3,3400.0
2026-02-01,207031165,6,5097.922
2026-03-01,207031165,1,1078.115
2026-04-01,207031165,5,2995.482
2026-05-01,207031165,5,4029.566
2026-06-01,207031165,1,1196.941
2025-07-01,207031166,6,4808.483
2025-08-01,207031166,4,2413.521
2025-09-01,207031166,2,2018.047
2025-10-01,207031166,9,6752.791
2025-11-01,207031166,2,1712.883
2025-12-01,207031166,2,1866.0
2026-01-01,207031166,4,3346.353
2026-02-01,207031166,7,7189.321
2026-03-01,207031166,6,3900.82
2026-04-01,207031166,7,6551.068
2026-05-01,207031166,9,7019.616
2026-06-01,207031166,3,3556.859
2025-07-01,207031167,5,5598.056
2025-08-01,207031167,7,6564.635
2025-09-01,207031167,1,2221.584
2025-12-01,207031167,1,1727.814
2026-01-01,207031167,6,4184.662
2026-02-01,207031167,1,760.427
2026-04-01,207031167,1,876.859
2026-05-01,207031167,4,6840.032
2026-06-01,207031167,1,371.366
2025-07-01,208011168,1,1369.643
2025-08-01,208011168,3,3837.601
2025-09-01,208011168,4,5000.0
2025-10-01,208011168,4,3791.717
2025-11-01,208011168,4,5250.0
2025-12-01,208011168,4,5140.0
2026-01-01,208011168,1,1108.368
2026-02-01,208011168,6,4407.537
2026-03-01,208011168,3,4042.724
2026-04-01,208011168,7,5930.335
2026-05-01,208011168,3,2580.0
2026-06-01,208011168,1,1800.0
2025-07-01,208011169,6,17364.835
2025-08-01,208011169,11,36441.971
2025-09-01,208011169,4,5868.0
2025-10-01,208011169,14,16917.842
2025-11-01,208011169,2,2904.712
2025-12-01,208011169,7,17059.881
2026-01-01,208011169,8,19000.0
2026-02-01,208011169,10,18877.433
2026-03-01,208011169,4,19227.733
2026-04-01,208011169,28,63427.397
2026-05-01,208011169,7,14547.543
2026-06-01,208011169,6,12875.128
2025-07-01,208011170,3,3050.0
2025-08-01,208011170,54,39098.878
2025-09-01,208011170,5,7766.78
2025-10-01,208011170,3,3189.758
2025-11-01,208011170,5,5054.019
2025-12-01,208011170,5,4819.755
2026-01-01,208011170,4,3500.0
2026-02-01,208011170,3,4772.123
2026-03-01,208011170,3,5652.307
2026-04-01,208011170,3,5479.51
2026-05-01,208011170,2,3582.973
2026-06-01,208011170,4,3886.495
2025-07-01,208011171,4,3428.52
2025-08-01,208011171,2,1317.91
2025-09-01,208011171,1,1252.376
2025-10-01,208011171,5,5989.298
2025-12-01,208011171,3,2941.841
2026-02-01,208011171,4,2417.08
2026-03-01,208011171,4,3200.0
2026-04-01,208011171,61,39979.862
2026-05-01,208011171,8,3830.0
2026-06-01,208011171,7,5311.793
2025-07-01,208011172,7,10365.853
2025-08-01,208011172,2,5136.26
2025-09-01,208011172,21,20520.684
2025-10-01,208011172,4,3523.152
2025-11-01,208011172,42,46967.1
2025-12-01,208011172,4,7347.978
2026-01-01,208011172,1,750.0
2026-02-01,208011172,8,8560.58
2026-03-01,208011172,2,1745.0
2026-04-01,208011172,4,5697.523
2026-05-01,208011172,8,6256.0
2026-06-01,208011172,1,1428.368
2025-07-01,208011173,3,3155.673
2025-08-01,208011173,2,5150.0
2025-09-01,208011173,3,2672.896
2025-11-01,208011173,6,6399.397
2025-12-01,208011173,1,635.0
2026-01-01,208011173,3,3974.68
2026-02-01,208011173,6,5725.549
2026-03-01,208011173,3,5028.873
2026-04-01,208011173,30,36142.333
2026-05-01,208011173,4,3315.154
2026-06-01,208011173,13,12035.13
2025-07-01,208021174,10,9353.147
2025-08-01,208021174,23,15716.945
2025-09-01,208021174,4,3163.957
2025-10-01,208021174,14,9447.471
2025-11-01,208021174,5,3538.012
2025-12-01,208021174,8,9134.517
2026-01-01,208021174,2,2600.0
2026-02-01,208021174,5,4184.437
2026-03-01,208021174,8,6060.637
2026-04-01,208021174,8,6378.692
2026-05-01,208021174,12,11339.492
2026-06-01,208021174,11,8961.454
2025-07-01,208021176,2,1370.0
2025-08-01,208021176,41,19491.707
2025-09-01,208021176,9,8366.506
2025-10-01,208021176,4,9591.688
2025-11-01,208021176,8,5498.658
2025-12-01,208021176,1,1399.614
2026-02-01,208021176,1,886.087
2026-03-01,208021176,2,1577.988
2026-04-01,208021176,3,3014.463
2026-05-01,208021176,10,8368.96
2026-06-01,208021176,5,5272.377
2025-07-01,208021177,2,3779.1
2025-08-01,208021177,2,1674.078
2025-09-01,208021177,2,7377.325
2025-10-01,208021177,8,6178.469
2025-11-01,208021177,4,8495.18
2025-12-01,208021177,2,3884.5
2026-01-01,208021177,3,3203.0
2026-02-01,208021177,2,9487.355
2026-03-01,208021177,7,11280.747
2026-04-01,208021177,1,1437.0
2026-05-01,208021177,13,12311.777
2026-06-01,208021177,1,1525.88
2025-07-01,208021178,6,5114.601
2025-08-01,208021178,5,4978.0
2025-09-01,208021178,5,4721.016
2025-10-01,208021178,3,2519.712
2025-11-01,208021178,3,3900.337
2025-12-01,208021178,2,1420.7
2026-01-01,208021178,1,1284.98
2026-02-01,208021178,1,965.532
2026-03-01,208021178,4,5655.218
2026-04-01,208021178,3,2135.136
2026-05-01,208021178,5,4830.086
2025-07-01,208021179,173,149007.82
2025-09-01,208021179,1,600.0
2025-10-01,208021179,3,3199.493
2025-11-01,208021179,2,2167.254
2026-01-01,208021179,1,1598.165
2026-02-01,208021179,22,15950.0
2026-03-01,208021179,7,4638.796
2026-04-01,208021179,7,6600.298
2026-05-01,208021179,2,2601.115
2026-06-01,208021179,2,2083.735
2025-08-01,208021180,2,1680.33
2025-09-01,208021180,2,1752.114
2025-12-01,208021180,1,1393.132
2026-01-01,208021180,3,2231.992
2026-02-01,208021180,3,1338.709
2026-03-01,208021180,1,1446.3
2026-05-01,208021180,4,2323.589
2026-06-01,208021180,4,2282.5
2025-07-01,208021181,6,3705.329
2025-09-01,208021181,8,6116.957
2025-11-01,208021181,1,1316.221
2025-12-01,208021181,1,1025.865
2026-02-01,208021181,6,5364.364
2026-03-01,208021181,1,666.06
2026-05-01,208021181,1,1090.62
2026-06-01,208021181,3,1915.306
2025-07-01,208021182,3,2528.268
2025-08-01,208021182,1,1850.0
2025-09-01,208021182,5,3314.0
2025-10-01,208021182,4,2487.992
2025-11-01,208021182,1,922.951
2025-12-01,208021182,2,2339.7
2026-01-01,208021182,8,6400.0
2026-03-01,208021182,1,1171.63
2026-06-01,208021182,3,3621.836
2025-07-01,208021426,20,16171.172
2025-08-01,208021426,7,5533.607
2025-09-01,208021426,8,4590.191
2025-10-01,208021426,7,7136.967
2025-11-01,208021426,7,6422.895
2025-12-01,208021426,95,111375.001
2026-01-01,208021426,3,2420.0
2026-02-01,208021426,10,5917.032
2026-03-01,208021426,1,934.978
2026-04-01,208021426,8,6799.967
2026-05-01,208021426,19,14007.409
2026-06-01,208021426,10,8054.895
2025-07-01,208021427,3,1456.99
2025-08-01,208021427,5,2554.928
2025-09-01,208021427,6,4765.0
2025-10-01,208021427,9,8151.822
2025-11-01,208021427,3,2455.899
2025-12-01,208021427,2,1483.515
2026-01-01,208021427,4,2618.807
2026-02-01,208021427,5,2544.755
2026-03-01,208021427,10,8677.628
2026-04-01,208021427,11,9039.171
2026-05-01,208021427,12,7882.571
2026-06-01,208021427,9,7282.293
2025-07-01,208031183,1,1700.0
2026-04-01,208031183,1,750.0
2025-07-01,208031185,3,1812.0
2025-09-01,208031185,1,718.508
2025-10-01,208031185,3,2265.169
2025-11-01,208031185,4,1800.0
2025-12-01,208031185,5,4049.43
2026-01-01,208031185,1,1300.0
2026-02-01,208031185,4,1911.439
2026-04-01,208031185,3,3766.748
2026-05-01,208031185,2,1045.0
2026-06-01,208031185,8,5441.511
2025-07-01,208031186,2,1162.61
2025-08-01,208031186,1,431.622
2025-09-01,208031186,4,2126.645
2025-10-01,208031186,2,2530.095
2025-11-01,208031186,1,600.0
2025-12-01,208031186,2,2907.194
2026-02-01,208031186,1,790.925
2026-03-01,208031186,1,1014.676
2026-04-01,208031186,3,2266.414
2026-05-01,208031186,5,2589.995
2026-06-01,208031186,5,3375.309
2025-07-01,208031187,2,531.23
2025-07-01,208031188,3,1919.948
2025-08-01,208031188,2,1221.984
2025-09-01,208031188,1,690.038
2025-10-01,208031188,4,3345.204
2025-11-01,208031188,2,1639.278
2025-12-01,208031188,4,3064.674
2026-01-01,208031188,4,1845.0
2026-02-01,208031188,3,2350.0
2026-03-01,208031188,66,31707.69
2026-04-01,208031188,11,8190.556
2026-05-01,208031188,5,2685.384
2026-06-01,208031188,4,2168.651
2025-07-01,208031189,8,4185.769
2025-08-01,208031189,10,9256.252
2025-09-01,208031189,5,3817.993
2025-10-01,208031189,1,198.0
2025-11-01,208031189,4,5034.482
2025-12-01,208031189,7,6746.554
2026-01-01,208031189,4,5087.392
2026-02-01,208031189,3,3634.44
2026-03-01,208031189,4,2131.195
2026-04-01,208031189,4,3753.603
2026-05-01,208031189,8,14833.66
2026-06-01,208031189,6,6442.803
2025-07-01,208031190,4,4768.671
2025-08-01,208031190,5,5518.807
2025-09-01,208031190,1,620.76
2025-10-01,208031190,6,4435.031
2025-11-01,208031190,6,2669.099
2026-02-01,208031190,4,3253.856
2026-03-01,208031190,1,2180.035
2026-05-01,208031190,2,1087.712
2026-06-01,208031190,6,4206.192
2025-08-01,208031191,5,3000.0
2025-09-01,208031191,5,4434.803
2025-10-01,208031191,1,718.849
2025-11-01,208031191,3,2067.608
2026-01-01,208031191,3,2820.0
2026-02-01,208031191,2,1300.0
2026-03-01,208031191,2,1350.0
2026-04-01,208031191,3,1862.038
2026-05-01,208031191,1,602.859
2025-07-01,208031193,62,39517.85
2025-08-01,208031193,27,16258.416
2025-09-01,208031193,1,301.4
2025-10-01,208031193,8,5443.369
2025-11-01,208031193,6,4313.984
2025-12-01,208031193,2,1955.171
2026-01-01,208031193,5,6442.962
2026-02-01,208031193,3,2767.7
2026-03-01,208031193,3,2478.346
2026-04-01,208031193,6,4479.089
2026-05-01,208031193,1,621.588
2026-06-01,208031193,15,18290.0
2025-07-01,208041194,2,1369.225
2025-08-01,208041194,4,7681.32
2025-09-01,208041194,7,18340.749
2025-11-01,208041194,1,2005.216
2026-01-01,208041194,1,1468.652
2026-02-01,208041194,23,31311.306
2026-03-01,208041194,4,16612.928
2026-04-01,208041194,1,13654.373
2026-05-01,208041194,2,6998.499
2026-06-01,208041194,16,19475.0
2025-08-01,208041195,4,4811.652
2025-09-01,208041195,3,3539.234
2025-10-01,208041195,11,9445.532
2025-11-01,208041195,11,12801.979
2025-12-01,208041195,5,3247.634
2026-01-01,208041195,4,3855.68
2026-02-01,208041195,6,6572.273
2026-03-01,208041195,1,1781.91
2026-04-01,208041195,7,7251.75
2026-05-01,208041195,3,7200.0
2026-06-01,208041195,6,5774.39
2025-08-01,209011196,1,549.629
2025-11-01,209011196,1,476.565
2026-01-01,209011196,1,420.0
2026-02-01,209011196,4,2823.11
2026-03-01,209011196,2,955.0
2026-05-01,209011196,2,990.97
2026-06-01,209011196,6,2350.0
2025-07-01,209011197,1,205.0
2025-08-01,209011197,1,1193.579
2025-09-01,209011197,3,1550.0
2025-10-01,209011197,2,920.0
2025-12-01,209011197,3,1733.99
2026-01-01,209011197,1,1000.0
2026-02-01,209011197,5,3929.507
2026-03-01,209011197,1,1735.495
2025-07-01,209011198,9,4804.948
2025-08-01,209011198,9,4165.0
2025-09-01,209011198,1,813.056
2025-10-01,209011198,2,1737.573
2025-11-01,209011198,6,3406.049
2025-12-01,209011198,4,3700.0
2026-01-01,209011198,1,1018.508
2026-02-01,209011198,85,39347.0
2026-03-01,209011198,8,3194.998
2026-04-01,209011198,5,3168.04
2026-05-01,209011198,7,5398.128
2026-06-01,209011198,4,3293.981
2025-07-01,209011199,11,4696.935
2025-08-01,209011199,327,216951.72
2025-09-01,209011199,25,9746.448
2025-10-01,209011199,19,9655.0
2025-11-01,209011199,123,66950.062
2025-12-01,209011199,13,4807.631
2026-01-01,209011199,38,21863.298
2026-02-01,209011199,21,9326.566
2026-03-01,209011199,12,5635.0
2026-04-01,209011199,16,6856.188
2026-05-01,209011199,28,11106.045
2026-06-01,209011199,7,2300.0
2025-07-01,209011200,3,3396.926
2025-08-01,209011200,8,4510.0
2025-09-01,209011200,14,12902.864
2025-10-01,209011200,1,806.041
2025-11-01,209011200,3,1543.608
2025-12-01,209011200,1,3000.0
2026-01-01,209011200,1,934.838
2026-02-01,209011200,2,2340.0
2026-03-01,209011200,2,1430.181
2026-04-01,209011200,2,1413.502
2026-05-01,209011200,3,5086.108
2026-06-01,209011200,3,3000.0
2025-07-01,209011201,1,2031.1
2025-09-01,209011201,19,13662.086
2025-11-01,209011201,2,6599.206
2025-12-01,209011201,1,2200.0
2026-01-01,209011201,2,1000.0
2026-02-01,209011201,3,3992.3
2026-03-01,209011201,1,2531.979
2026-06-01,209011201,5,10221.691
2025-07-01,209011202,7,6660.183
2025-08-01,209011202,2,795.073
2025-09-01,209011202,5,3550.0
2025-10-01,209011202,3,3083.889
2025-11-01,209011202,3,1720.162
2025-12-01,209011202,1,831.145
2026-01-01,209011202,2,5516.0
2026-02-01,209011202,3,1800.0
2026-03-01,209011202,5,4979.095
2026-04-01,209011202,7,4749.355
2026-05-01,209011202,3,2805.0
2026-06-01,209011202,2,1915.381
2025-07-01,209011203,6,4863.849
2025-08-01,209011203,1,1334.736
2025-09-01,209011203,10,5242.014
2025-10-01,209011203,7,4782.485
2025-11-01,209011203,3,2563.929
2025-12-01,209011203,2,1972.974
2026-01-01,209011203,3,2235.785
2026-02-01,209011203,4,4107.997
2026-03-01,209011203,4,2580.313
2026-04-01,209011203,2,1255.194
2026-05-01,209011203,6,3265.645
2026-06-01,209011203,6,3803.0
2025-07-01,209011204,1,779.28
2025-08-01,209011204,2,749.2
2025-09-01,209011204,6,5650.0
2026-02-01,209011204,1,785.653
2026-03-01,209011204,2,1265.3
2026-04-01,209011204,3,1200.0
2026-05-01,209011204,8,5709.542
2026-06-01,209011204,3,1075.0
2025-07-01,209021205,2,1580.052
2025-08-01,209021205,2,975.0
2026-01-01,209021205,2,1563.739
2026-02-01,209021205,1,487.753
2026-03-01,209021205,3,2079.493
2026-04-01,209021205,2,1311.724
2026-05-01,209021205,1,500.0
2026-06-01,209021205,1,2200.0
2025-07-01,209021428,17,7623.986
2025-08-01,209021428,10,4357.381
2025-09-01,209021428,485,222961.843
2025-10-01,209021428,5,3466.688
2025-11-01,209021428,5,4063.632
2025-12-01,209021428,16,6648.0
2026-01-01,209021428,10,5005.8
2026-02-01,209021428,11,4900.647
2026-03-01,209021428,14,5930.0
2026-04-01,209021428,7,3877.614
2026-05-01,209021428,13,4976.0
2026-06-01,209021428,6,2605.8
2025-07-01,209021429,7,3826.087
2025-08-01,209021429,6,4224.582
2025-09-01,209021429,5,2571.9
2025-10-01,209021429,5,2400.0
2025-12-01,209021429,1,873.137
2026-02-01,209021429,38,23813.641
2026-03-01,209021429,36,21468.352
2026-04-01,209021429,5,1928.38
2026-05-01,209021429,1,832.999
2026-06-01,209021429,1,300.0
2025-07-01,209021523,13,5077.234
2025-08-01,209021523,7,2900.0
2025-09-01,209021523,4,1600.0
2025-10-01,209021523,25,10689.646
2025-11-01,209021523,5,2705.223
2026-01-01,209021523,8,3130.0
2026-02-01,209021523,2,980.0
2026-03-01,209021523,2,849.106
2026-04-01,209021523,4,1772.45
2026-05-01,209021523,5,2075.0
2026-06-01,209021523,2,1232.0
2025-07-01,209021524,3,1661.0
2025-08-01,209021524,1,609.08
2025-09-01,209021524,1,880.0
2025-10-01,209021524,1,874.969
2025-11-01,209021524,1,1200.0
2026-03-01,209021524,4,1998.877
2026-04-01,209021524,3,2274.282
2026-05-01,209021524,1,1400.0
2026-06-01,209021524,6,2281.35
2025-07-01,209021525,10,5587.357
2025-08-01,209021525,6,2130.0
2025-09-01,209021525,4,1531.417
2025-10-01,209021525,7,3990.35
2025-11-01,209021525,9,6395.0
2025-12-01,209021525,8,2000.0
2026-01-01,209021525,5,2400.0
2026-02-01,209021525,5,2479.095
2026-03-01,209021525,21,9949.673
2026-04-01,209021525,10,4870.299
2026-05-01,209021525,3,1280.0
2026-06-01,209021525,2,592.99
2025-07-01,209021526,4,1350.0
2025-08-01,209021526,1,1172.273
2025-09-01,209021526,1,1188.0
2025-10-01,209021526,11,5144.66
2025-11-01,209021526,17,7800.499
2025-12-01,209021526,19,9781.9
2026-01-01,209021526,4,2151.619
2026-02-01,209021526,9,4280.0
2026-03-01,209021526,4,1250.654
2026-04-01,209021526,6,3010.56
2026-05-01,209021526,8,4639.5
2026-06-01,209021526,6,2906.0
2025-08-01,209031209,1,466.975
2025-09-01,209031209,22,13344.9
2025-10-01,209031209,1,1011.416
2025-11-01,209031209,3,1867.606
2025-12-01,209031209,1,405.9
2026-01-01,209031209,1,700.0
2026-02-01,209031209,3,2573.154
2026-03-01,209031209,4,2825.79
2026-04-01,209031209,3,2696.599
2026-05-01,209031209,1,420.0
2026-06-01,209031209,2,1408.283
2025-08-01,209031210,1,70.0
2025-12-01,209031210,2,1200.0
2026-05-01,209031210,1,462.75
2026-06-01,209031210,1,415.0
2025-07-01,209031211,1,450.0
2026-03-01,209031211,1,575.826
2026-04-01,209031211,1,564.955
2026-05-01,209031211,1,1454.167
2025-08-01,209031212,1,1155.911
2025-09-01,209031212,2,1653.4
2025-10-01,209031212,1,100.0
2025-12-01,209031212,1,546.08
2026-01-01,209031212,1,934.5
2026-02-01,209031212,2,2054.758
2026-03-01,209031212,1,284.363
2026-05-01,209031212,1,984.381
2025-07-01,209031213,1,1400.0
2025-08-01,209031213,3,4155.167
2025-10-01,209031213,1,450.0
2025-12-01,209031213,2,4121.11
2026-01-01,209031213,2,2878.03
2026-02-01,209031213,1,581.425
2025-07-01,209031214,1,1674.728
2026-02-01,209031214,1,800.0
2026-04-01,209031214,2,1235.014
2025-07-01,209031215,2,995.264
2025-08-01,209031215,2,1078.0
2025-09-01,209031215,1,850.025
2025-10-01,209031215,2,1150.0
2025-11-01,209031215,3,1824.27
2025-12-01,209031215,6,2759.446
2026-01-01,209031215,1,649.717
2026-02-01,209031215,3,2789.366
2026-03-01,209031215,2,1942.241
2026-05-01,209031215,3,1921.991
2026-06-01,209031215,1,1437.542
2025-12-01,209041216,2,203.0
2025-07-01,209041217,2,1611.52
2025-08-01,209041217,1,1300.0
2025-09-01,209041217,1,356.018
2025-10-01,209041217,10,8500.0
2025-11-01,209041217,1,601.922
2025-12-01,209041217,3,1918.503
2026-03-01,209041217,1,197.02
2026-05-01,209041217,4,1900.229
2025-07-01,209041220,3,1790.0
2025-08-01,209041220,1,596.554
2025-10-01,209041220,3,1144.754
2025-12-01,209041220,1,350.0
2026-06-01,209041220,4,2064.302
2025-07-01,209041221,2,1339.159
2025-10-01,209041221,3,917.0
2026-01-01,209041221,1,660.0
2026-03-01,209041221,2,1300.0
2026-05-01,209041221,1,209.0
2026-06-01,209041221,1,436.508
2025-07-01,209041223,12,3661.1
2025-08-01,209041223,4,2095.621
2025-09-01,209041223,4,2353.438
2025-10-01,209041223,5,2214.824
2025-11-01,209041223,3,1950.0
2025-12-01,209041223,6,2219.424
2026-01-01,209041223,4,2365.172
2026-02-01,209041223,8,3979.293
2026-03-01,209041223,5,2950.591
2026-04-01,209041223,14,6381.527
2026-05-01,209041223,4,1810.223
2026-06-01,209041223,13,6891.211
2025-07-01,209041224,57,22242.084
2025-08-01,209041224,45,16010.642
2025-09-01,209041224,42,14977.256
2025-10-01,209041224,71,23850.852
2025-11-01,209041224,53,20178.423
2025-12-01,209041224,58,20389.272
2026-01-01,209041224,43,16110.365
2026-02-01,209041224,84,29653.777
2026-03-01,209041224,59,19652.681
2026-04-01,209041224,41,18073.034
2026-05-01,209041224,50,19815.983
2026-06-01,209041224,84,31422.087
2025-07-01,209041225,151,53771.547
2025-08-01,209041225,116,41600.142
2025-09-01,209041225,138,47055.756
2025-10-01,209041225,99,37555.991
2025-11-01,209041225,84,31037.234
2025-12-01,209041225,77,27782.545
2026-01-01,209041225,60,23708.263
2026-02-01,209041225,90,36005.902
2026-03-01,209041225,90,36603.998
2026-04-01,209041225,109,44711.075
2026-05-01,209041225,79,29367.958
2026-06-01,209041225,96,38292.618
2025-07-01,209041431,5,1837.672
2025-08-01,209041431,2,598.0
2025-09-01,209041431,2,1544.5
2025-10-01,209041431,5,1949.063
2025-11-01,209041431,4,1672.5
2025-12-01,209041431,4,1600.0
2026-01-01,209041431,2,675.074
2026-02-01,209041431,14,6290.788
2026-03-01,209041431,2,1218.871
2026-04-01,209041431,3,870.0
2026-06-01,209041431,3,985.0
2025-07-01,209041432,2,503.6
2025-08-01,209041432,1,314.93
2026-02-01,209041432,1,155.0
2026-05-01,209041432,1,650.0
2025-10-01,209041433,1,1200.0
2025-07-01,209041435,5,1890.8
2025-08-01,209041435,3,3219.0
2025-09-01,209041435,6,3093.773
2025-10-01,209041435,5,2039.277
2025-11-01,209041435,3,2828.192
2025-12-01,209041435,4,2565.273
2026-01-01,209041435,2,1412.87
2026-02-01,209041435,8,3677.854
2026-03-01,209041435,9,8218.738
2026-04-01,209041435,18,7305.618
2026-05-01,209041435,14,5377.942
2026-06-01,209041435,14,6423.967
2025-11-01,209041436,2,2087.248
2026-02-01,209041436,1,343.917
2026-06-01,209041436,1,598.022
2025-07-01,209041437,140,49623.513
2025-08-01,209041437,90,34770.827
2025-09-01,209041437,88,35047.56
2025-10-01,209041437,93,37570.919
2025-11-01,209041437,98,39079.434
2025-12-01,209041437,57,22528.955
2026-01-01,209041437,35,13855.996
2026-02-01,209041437,90,36869.135
2026-03-01,209041437,87,31929.377
2026-04-01,209041437,93,36645.404
2026-05-01,209041437,91,33271.949
2026-06-01,209041437,77,27391.493
2025-07-01,209041527,1,949.659
2025-08-01,209041527,1,436.395
2025-09-01,209041527,2,1088.85
2025-10-01,209041527,2,1527.637
2025-11-01,209041527,1,527.0
2025-12-01,209041527,1,277.719
2026-01-01,209041527,1,555.0
2026-03-01,209041527,1,900.0
2026-05-01,209041527,13,5636.0
2026-06-01,209041527,1,681.766
2025-07-01,209041528,3,1381.143
2025-08-01,209041528,1,349.7
2025-09-01,209041528,4,1889.55
2025-10-01,209041528,2,948.367
2025-12-01,209041528,1,402.0
2026-01-01,209041528,1,495.0
2026-02-01,209041528,1,394.799
2026-03-01,209041528,3,1673.084
2026-04-01,209041528,2,586.609
2026-06-01,209041528,1,471.0
2025-07-01,209041529,1,495.0
2025-08-01,209041529,1,700.0
2025-10-01,209041529,3,1229.935
2025-11-01,209041529,3,1000.0
2025-12-01,209041529,1,652.86
2026-01-01,209041529,3,1258.75
2026-02-01,209041529,4,1540.0
2026-03-01,209041529,7,3779.737
2026-04-01,209041529,3,1350.0
2026-05-01,209041529,6,1934.745
2026-06-01,209041529,3,2129.523
2025-07-01,209041530,1,330.0
2025-08-01,209041530,1,330.0
2025-09-01,209041530,1,250.0
2025-10-01,209041530,49,15080.0
2025-12-01,209041530,6,2336.85
2026-02-01,209041530,6,1843.68
2026-03-01,209041530,2,695.255
2026-05-01,209041530,3,1614.365
2026-06-01,209041530,1,647.5
2025-09-01,209041531,2,700.0
2025-10-01,209041531,6,1200.0
2025-11-01,209041531,1,403.398
2026-02-01,209041531,4,1964.968
2026-04-01,209041531,3,938.75
2026-05-01,209041531,26,9273.904
2025-07-01,209041532,5,2078.604
2025-08-01,209041532,13,6280.532
2025-09-01,209041532,14,5994.772
2025-10-01,209041532,9,3695.334
2025-11-01,209041532,9,5128.003
2025-12-01,209041532,4,1391.634
2026-01-01,209041532,4,1832.305
2026-02-01,209041532,6,2629.38
2026-03-01,209041532,7,2590.8
2026-04-01,209041532,11,4572.207
2026-05-01,209041532,4,2073.029
2026-06-01,209041532,8,3242.347
2025-07-01,210011226,7,3309.244
2025-08-01,210011226,6,2197.15
2025-09-01,210011226,5,1700.0
2025-10-01,210011226,10,3906.8
2025-12-01,210011226,23,9060.0
2026-01-01,210011226,7,3928.0
2026-02-01,210011226,13,6025.26
2026-03-01,210011226,16,10949.433
2026-04-01,210011226,3,1130.0
2026-05-01,210011226,23,9791.282
2026-06-01,210011226,14,7172.0
2025-07-01,210011228,4,2068.02
2025-08-01,210011228,3,2408.027
2025-09-01,210011228,4,4347.319
2025-10-01,210011228,4,2651.894
2025-12-01,210011228,1,760.0
2026-01-01,210011228,1,712.519
2026-02-01,210011228,2,1577.07
2026-03-01,210011228,1,680.0
2026-04-01,210011228,4,2697.12
2026-05-01,210011228,8,7823.322
2026-06-01,210011228,1,1625.0
2025-07-01,210011230,1,1027.415
2025-09-01,210011230,3,2448.984
2025-10-01,210011230,1,750.0
2025-11-01,210011230,43,22438.315
2025-12-01,210011230,4,2890.68
2026-01-01,210011230,1,3210.0
2026-02-01,210011230,4,3563.606
2026-03-01,210011230,4,2931.19
2026-04-01,210011230,4,3550.0
2026-05-01,210011230,3,1932.779
2026-06-01,210011230,7,4680.0
2025-07-01,210011231,2,2354.839
2025-09-01,210011231,7,5805.108
2025-10-01,210011231,4,8114.063
2025-11-01,210011231,3,3867.0
2025-12-01,210011231,6,3836.8
2026-01-01,210011231,4,3245.0
2026-02-01,210011231,2,3845.501
2026-03-01,210011231,11,12247.301
2026-04-01,210011231,1,858.915
2026-05-01,210011231,5,5893.165
2026-06-01,210011231,2,2661.743
2025-07-01,210011533,4,2200.0
2025-08-01,210011533,9,4937.15
2025-09-01,210011533,10,6472.029
2025-10-01,210011533,6,3851.483
2025-11-01,210011533,5,2085.0
2025-12-01,210011533,6,3349.574
2026-02-01,210011533,7,3595.382
2026-03-01,210011533,9,5569.72
2026-04-01,210011533,16,8580.775
2026-05-01,210011533,5,4941.604
2026-06-01,210011533,6,5285.5
2025-07-01,210011534,10,6947.0
2025-08-01,210011534,3,3600.0
2025-09-01,210011534,12,6839.128
2025-10-01,210011534,5,3890.329
2025-11-01,210011534,10,8970.723
2025-12-01,210011534,9,4812.291
2026-01-01,210011534,7,3744.594
2026-02-01,210011534,12,8313.803
2026-03-01,210011534,9,6855.749
2026-04-01,210011534,7,6311.336
2026-05-01,210011534,8,5658.46
2026-06-01,210011534,8,6754.063
2025-07-01,210021232,13,7448.092
2025-08-01,210021232,13,6344.733
2025-09-01,210021232,12,5723.08
2025-10-01,210021232,20,9659.858
2025-11-01,210021232,16,8527.571
2025-12-01,210021232,12,6094.229
2026-01-01,210021232,9,8137.737
2026-02-01,210021232,12,7905.168
2026-03-01,210021232,11,7141.136
2026-04-01,210021232,3,1193.811
2026-05-01,210021232,18,9605.981
2026-06-01,210021232,27,15612.392
2025-07-01,210021233,1,599.849
2025-10-01,210021233,1,1199.78
2026-03-01,210021233,1,1773.1
2026-06-01,210021233,2,2300.0
2025-07-01,210021234,1,200.0
2025-08-01,210021234,1,1134.285
2025-12-01,210021234,2,1009.45
2026-01-01,210021234,1,695.0
2026-02-01,210021234,10,3699.692
2026-03-01,210021234,1,550.0
2026-06-01,210021234,1,953.03
2025-07-01,210021235,2,981.176
2025-08-01,210021235,2,1786.876
2025-09-01,210021235,3,1630.173
2025-10-01,210021235,3,1143.886
2025-11-01,210021235,2,1900.0
2025-12-01,210021235,15,6274.966
2026-01-01,210021235,3,1278.185
2026-02-01,210021235,6,3108.829
2026-03-01,210021235,8,3432.098
2026-04-01,210021235,3,1510.316
2026-05-01,210021235,4,1802.973
2026-06-01,210021235,4,1941.301
2025-07-01,210031236,1,880.0
2025-08-01,210031236,3,1000.0
2025-10-01,210031236,1,869.741
2025-11-01,210031236,5,1555.097
2026-03-01,210031236,4,3771.897
2026-04-01,210031236,1,575.0
2026-05-01,210031236,4,2420.447
2025-07-01,210031237,5,1932.591
2025-08-01,210031237,7,3945.0
2025-09-01,210031237,11,4864.128
2025-10-01,210031237,8,2926.298
2025-11-01,210031237,3,1790.0
2025-12-01,210031237,9,3076.185
2026-01-01,210031237,3,1059.099
2026-02-01,210031237,5,1740.0
2026-03-01,210031237,4,1426.084
2026-04-01,210031237,11,5543.452
2026-05-01,210031237,6,2265.0
2026-06-01,210031237,7,2640.0
2025-10-01,210031439,5,2400.0
2025-07-01,210031440,2,1100.0
2025-08-01,210031440,7,3024.0
2025-09-01,210031440,2,700.0
2025-10-01,210031440,12,4385.5
2025-11-01,210031440,2,1030.0
2025-12-01,210031440,10,4639.679
2026-01-01,210031440,6,2100.0
2026-02-01,210031440,12,4850.0
2026-03-01,210031440,2,1401.509
2026-04-01,210031440,3,1200.0
2026-06-01,210031440,6,2632.888
2025-07-01,210031535,2,800.0
2025-08-01,210031535,4,1249.53
2025-09-01,210031535,11,4787.575
2025-10-01,210031535,19,7157.04
2025-11-01,210031535,12,3655.928
2025-12-01,210031535,10,4072.0
2026-01-01,210031535,5,2074.8
2026-02-01,210031535,8,3670.0
2026-03-01,210031535,17,8581.0
2026-04-01,210031535,8,4428.741
2026-05-01,210031535,14,6802.046
2026-06-01,210031535,33,15100.27
2025-09-01,210031536,5,2196.3
2025-10-01,210031536,3,1380.0
2025-11-01,210031536,4,1747.5
2025-12-01,210031536,4,1830.625
2026-02-01,210031536,3,1516.31
2026-03-01,210031536,3,1534.003
2026-04-01,210031536,15,6931.8
2026-05-01,210031536,7,3000.0
2026-06-01,210031536,5,1200.0
2025-08-01,210031537,8,2600.0
2025-09-01,210031537,12,8700.0
2025-10-01,210031537,7,4088.54
2025-11-01,210031537,6,2091.518
2025-12-01,210031537,16,3200.0
2026-01-01,210031537,1,204.319
2026-02-01,210031537,3,1656.0
2026-03-01,210031537,8,3167.032
2026-06-01,210031537,5,2200.0
2025-07-01,210031538,6,5423.77
2025-08-01,210031538,15,5600.21
2025-09-01,210031538,12,7722.096
2025-10-01,210031538,4,3111.93
2025-11-01,210031538,2,1200.0
2025-12-01,210031538,13,8841.207
2026-01-01,210031538,3,2700.0
2026-02-01,210031538,3,2110.0
2026-03-01,210031538,7,3700.0
2026-04-01,210031538,17,8693.512
2026-05-01,210031538,10,4521.5
2026-06-01,210031538,19,9985.75
2025-07-01,210041240,25,8867.591
2025-08-01,210041240,18,9188.059
2025-09-01,210041240,21,10139.019
2025-10-01,210041240,21,10670.075
2025-11-01,210041240,30,12249.873
2025-12-01,210041240,25,10400.876
2026-01-01,210041240,13,5850.235
2026-02-01,210041240,19,8730.797
2026-03-01,210041240,20,11040.864
2026-04-01,210041240,8,6899.11
2026-05-01,210041240,6,2652.463
2026-06-01,210041240,6,5483.106
2025-07-01,210041539,8,2713.346
2025-08-01,210041539,9,2677.703
2025-09-01,210041539,12,4508.686
2025-10-01,210041539,9,3557.715
2025-11-01,210041539,9,4369.799
2025-12-01,210041539,9,4593.224
2026-01-01,210041539,8,2829.256
2026-02-01,210041539,6,2197.544
2026-03-01,210041539,13,3966.302
2026-04-01,210041539,18,6017.051
2026-05-01,210041539,21,6304.127
2026-06-01,210041539,13,4589.922
2025-07-01,210041540,67,25469.324
2025-08-01,210041540,35,14708.788
2025-09-01,210041540,40,14494.46
2025-10-01,210041540,52,21035.262
2025-11-01,210041540,60,24938.923
2025-12-01,210041540,68,26790.738
2026-01-01,210041540,31,13126.824
2026-02-01,210041540,51,22006.871
2026-03-01,210041540,57,23150.476
2026-04-01,210041540,42,19169.605
2026-05-01,210041540,38,14335.354
2026-06-01,210041540,51,20398.071
2025-07-01,210041541,2,2176.608
2025-08-01,210041541,1,504.293
2025-09-01,210041541,1,560.0
2025-11-01,210041541,3,3179.18
2025-12-01,210041541,2,805.0
2026-02-01,210041541,4,1403.2
2026-03-01,210041541,2,1321.575
2026-04-01,210041541,1,3000.0
2026-05-01,210041541,2,1000.0
2026-06-01,210041541,1,546.508
2025-07-01,210051242,12,3403.0
2025-08-01,210051242,11,3893.73
2025-09-01,210051242,4,1191.863
2025-10-01,210051242,3,909.0
2025-11-01,210051242,1,500.0
2025-12-01,210051242,2,700.0
2026-01-01,210051242,5,2000.0
2026-02-01,210051242,10,5494.256
2026-03-01,210051242,1,326.983
2026-04-01,210051242,3,1450.0
2026-05-01,210051242,11,4247.289
2026-06-01,210051242,4,1787.265
2025-07-01,210051243,6,2749.539
2025-08-01,210051243,5,2262.601
2025-09-01,210051243,4,2750.0
2025-10-01,210051243,3,1118.884
2025-12-01,210051243,4,1852.0
2026-02-01,210051243,6,1678.78
2026-04-01,210051243,5,2270.0
2026-05-01,210051243,1,198.99
2026-06-01,210051243,3,1143.9
2025-07-01,210051245,2,595.0
2025-08-01,210051245,1,507.703
2025-09-01,210051245,2,1200.0
2025-10-01,210051245,1,1000.0
2025-11-01,210051245,7,4990.0
2025-12-01,210051245,2,1366.326
2026-01-01,210051245,1,634.0
2026-02-01,210051245,1,750.0
2026-03-01,210051245,10,3679.703
2026-04-01,210051245,1,573.313
2026-05-01,210051245,2,1230.0
2026-06-01,210051245,1,360.0
2025-07-01,210051246,25,11985.61
2025-08-01,210051246,49,20286.264
2025-09-01,210051246,20,12881.222
2025-10-01,210051246,33,18455.396
2025-11-01,210051246,21,12915.531
2025-12-01,210051246,29,16496.673
2026-01-01,210051246,10,6441.889
2026-02-01,210051246,31,13916.76
2026-03-01,210051246,39,15204.559
2026-04-01,210051246,53,25398.788
2026-05-01,210051246,24,10673.182
2026-06-01,210051246,46,19124.819
2025-07-01,210051247,2,675.0
2025-08-01,210051247,1,490.0
2025-10-01,210051247,8,2510.361
2025-11-01,210051247,7,1407.0
2026-01-01,210051247,2,534.66
2026-02-01,210051247,3,1360.0
2026-03-01,210051247,3,1002.308
2026-04-01,210051247,1,120.0
2026-05-01,210051247,2,520.0
2026-06-01,210051247,1,165.584
2025-09-01,210051248,1,150.0
2025-08-01,210051250,4,1735.046
2025-10-01,210051250,3,1500.661
2025-11-01,210051250,1,872.594
2025-12-01,210051250,1,120.0
2026-01-01,210051250,3,1615.044
2026-02-01,210051250,1,390.0
2026-03-01,210051250,4,1785.0
2026-06-01,210051250,11,4797.0
2025-07-01,210051441,3,1000.0
2025-08-01,210051441,7,2635.425
2025-10-01,210051441,3,894.659
2026-02-01,210051441,2,968.476
2026-04-01,210051441,6,3000.0
2026-06-01,210051441,3,1000.0
2025-10-01,210051442,1,250.0
2025-12-01,210051442,2,1600.0
2026-02-01,210051442,1,399.0
2026-05-01,210051442,1,660.0
2025-07-01,210051443,1,300.0
2025-08-01,210051443,2,720.0
2025-09-01,210051443,1,400.0
2025-10-01,210051443,2,1657.889
2025-11-01,210051443,1,700.0
2025-12-01,210051443,2,1480.0
2026-01-01,210051443,1,450.0
2026-02-01,210051443,4,1450.0
2026-03-01,210051443,1,660.0
2026-04-01,210051443,5,1759.405
2026-05-01,210051443,3,4970.0
2026-06-01,210051443,3,2452.95
2025-07-01,210051445,246,87915.757
2025-08-01,210051445,208,77267.405
2025-09-01,210051445,182,71402.064
2025-10-01,210051445,169,70188.525
2025-11-01,210051445,106,43198.738
2025-12-01,210051445,98,39621.692
2026-01-01,210051445,57,22816.275
2026-02-01,210051445,159,60977.53
2026-03-01,210051445,75,29595.386
2026-04-01,210051445,96,42127.27
2026-05-01,210051445,61,27730.607
2026-06-01,210051445,72,32685.397
2025-07-01,210051542,1,959.004
2025-08-01,210051542,1,1300.0
2026-03-01,210051542,1,1100.0
2025-07-01,210051543,21,7121.0
2025-08-01,210051543,10,2975.0
2025-09-01,210051543,11,3689.2
2025-10-01,210051543,3,1050.0
2025-11-01,210051543,4,1422.0
2025-12-01,210051543,3,1130.0
2026-02-01,210051543,5,2135.0
2026-03-01,210051543,4,2072.0
2026-04-01,210051543,1,680.0
2026-05-01,210051543,3,1339.8
2026-06-01,210051543,1,650.0
2025-10-01,210051544,1,197.0
2025-11-01,210051544,1,80.0
2026-06-01,210051544,1,1000.0
2025-10-01,210051545,3,897.6
2025-12-01,210051545,2,598.4
2026-05-01,210051545,1,1000.0
2025-07-01,211011251,2,1452.0
2025-08-01,211011251,4,1365.0
2025-09-01,211011251,4,1325.0
2025-10-01,211011251,4,1723.802
2025-11-01,211011251,6,3420.538
2025-12-01,211011251,2,898.2
2026-01-01,211011251,2,1109.621
2026-02-01,211011251,1,218.0
2026-03-01,211011251,7,1906.488
2026-04-01,211011251,14,4305.484
2026-05-01,211011251,1,410.0
2026-06-01,211011251,1,368.765
2025-07-01,211011254,2,970.0
2025-08-01,211011254,6,2925.294
2025-09-01,211011254,4,2537.614
2025-10-01,211011254,11,5178.365
2025-11-01,211011254,8,4183.0
2025-12-01,211011254,2,1174.918
2026-01-01,211011254,4,1381.75
2026-03-01,211011254,5,3091.987
2026-04-01,211011254,2,1307.221
2026-05-01,211011254,7,3683.072
2026-06-01,211011254,7,4019.929
2025-07-01,211011255,1,1137.978
2025-09-01,211011255,1,2998.405
2025-10-01,211011255,1,3000.0
2025-11-01,211011255,2,1899.704
2025-12-01,211011255,1,758.762
2026-02-01,211011255,2,1920.0
2026-04-01,211011255,1,906.3
2026-05-01,211011255,3,4788.721
2025-07-01,211011256,14,9213.814
2025-08-01,211011256,3,1975.789
2025-09-01,211011256,4,2589.413
2025-10-01,211011256,26,15209.977
2025-11-01,211011256,1,752.315
2025-12-01,211011256,2,714.501
2026-01-01,211011256,2,1050.49
2026-02-01,211011256,10,6463.403
2026-03-01,211011256,17,12917.399
2026-04-01,211011256,4,3563.092
2026-05-01,211011256,13,6060.588
2026-06-01,211011256,8,5627.898
2025-07-01,211011257,3,1576.342
2025-09-01,211011257,1,803.287
2025-10-01,211011257,1,833.43
2025-11-01,211011257,1,300.0
2026-01-01,211011257,2,2194.094
2026-04-01,211011257,1,689.361
2026-06-01,211011257,1,404.978
2025-07-01,211011258,2,660.0
2025-08-01,211011258,2,1794.32
2025-09-01,211011258,1,601.0
2025-11-01,211011258,1,1234.475
2025-12-01,211011258,1,452.37
2026-01-01,211011258,1,579.8
2026-05-01,211011258,3,1756.36
2025-07-01,211011259,3,2726.136
2025-08-01,211011259,1,510.477
2025-10-01,211011259,13,6629.52
2025-11-01,211011259,1,582.143
2025-12-01,211011259,18,10199.506
2026-02-01,211011259,1,501.481
2026-03-01,211011259,13,8697.585
2026-04-01,211011259,7,3587.314
2026-05-01,211011259,15,9846.061
2026-06-01,211011259,3,2127.519
2025-07-01,211011260,9,7289.276
2025-08-01,211011260,7,5526.486
2025-09-01,211011260,13,8079.709
2025-10-01,211011260,4,2290.096
2025-11-01,211011260,6,3781.236
2025-12-01,211011260,9,5848.35
2026-01-01,211011260,3,1630.0
2026-02-01,211011260,3,2933.499
2026-03-01,211011260,6,6586.437
2026-04-01,211011260,13,10059.413
2026-05-01,211011260,3,1052.361
2026-06-01,211011260,3,2369.233
2025-07-01,211011446,2,900.201
2025-08-01,211011446,18,9275.771
2025-09-01,211011446,11,2835.5
2025-10-01,211011446,11,5841.064
2025-11-01,211011446,9,3292.95
2025-12-01,211011446,7,2957.187
2026-01-01,211011446,1,200.0
2026-02-01,211011446,3,637.095
2026-03-01,211011446,9,5376.572
2026-04-01,211011446,11,4716.118
2026-05-01,211011446,6,3112.527
2026-06-01,211011446,2,1900.0
2025-07-01,211011447,5,2862.697
2025-08-01,211011447,3,680.87
2025-09-01,211011447,1,821.884
2025-10-01,211011447,3,1634.722
2025-11-01,211011447,10,6173.193
2025-12-01,211011447,4,2926.162
2026-01-01,211011447,2,1250.938
2026-02-01,211011447,4,2460.88
2026-03-01,211011447,1,1303.053
2026-04-01,211011447,5,2035.869
2026-05-01,211011447,1,202.0
2026-06-01,211011447,3,2028.982
2025-07-01,211011448,8,3794.66
2025-08-01,211011448,8,4223.498
2025-09-01,211011448,5,3440.913
2025-10-01,211011448,2,1703.739
2025-11-01,211011448,2,884.966
2025-12-01,211011448,3,1440.0
2026-02-01,211011448,1,600.0
2026-03-01,211011448,2,1305.984
2026-04-01,211011448,3,1445.374
2026-05-01,211011448,1,798.642
2026-06-01,211011448,14,5580.279
2025-07-01,211011449,1,640.0
2025-10-01,211011449,5,2341.18
2025-12-01,211011449,1,652.29
2026-02-01,211011449,2,2030.911
2026-04-01,211011449,1,222.0
2026-05-01,211011449,3,2055.985
2026-06-01,211011449,1,1040.82
2025-07-01,211021261,1,1800.0
2025-08-01,211021261,3,2737.041
2025-09-01,211021261,2,3353.6
2025-10-01,211021261,2,1924.065
2026-01-01,211021261,1,317.196
2026-02-01,211021261,1,1541.861
2026-04-01,211021261,4,5741.75
2026-05-01,211021261,4,5095.799
2026-06-01,211021261,1,1582.067
2025-07-01,211021262,1,894.097
2025-08-01,211021262,2,2350.0
2025-09-01,211021262,1,805.611
2025-10-01,211021262,3,2480.0
2025-11-01,211021262,1,5000.0
2026-01-01,211021262,2,4918.811
2026-04-01,211021262,1,1865.0
2026-06-01,211021262,1,550.0
2025-07-01,211031263,7,2076.6
2025-08-01,211031263,1,600.0
2025-10-01,211031263,2,371.03
2025-12-01,211031263,1,328.947
2026-01-01,211031263,28,10753.109
2026-02-01,211031263,2,1184.939
2026-04-01,211031263,5,2368.0
2026-05-01,211031263,3,808.368
2025-07-01,211031265,1,960.0
2025-08-01,211031265,5,2852.267
2025-09-01,211031265,9,5136.571
2025-10-01,211031265,3,2250.0
2025-11-01,211031265,1,774.93
2025-12-01,211031265,1,1000.0
2026-03-01,211031265,2,1515.604
2026-05-01,211031265,1,737.2
2025-07-01,211031266,113,47126.578
2025-08-01,211031266,6,3043.505
2025-09-01,211031266,15,10382.651
2025-10-01,211031266,1,727.807
2025-11-01,211031266,7,4524.382
2025-12-01,211031266,2,791.78
2026-01-01,211031266,11,5388.0
2026-02-01,211031266,1,962.627
2026-03-01,211031266,10,5981.512
2026-04-01,211031266,4,3318.099
2026-05-01,211031266,15,9566.609
2026-06-01,211031266,4,2518.046
2025-07-01,211031267,5,3395.264
2025-08-01,211031267,9,4218.663
2025-09-01,211031267,9,5769.065
2025-10-01,211031267,10,5849.636
2025-11-01,211031267,1,759.598
2025-12-01,211031267,6,3160.316
2026-01-01,211031267,6,3335.552
2026-02-01,211031267,4,1654.431
2026-03-01,211031267,4,2435.562
2026-04-01,211031267,5,2432.5
2026-05-01,211031267,2,907.0
2026-06-01,211031267,12,7375.205
2025-07-01,211031268,1,823.088
2025-08-01,211031268,1,639.4
2025-09-01,211031268,1,340.918
2025-10-01,211031268,1,179.94
2025-12-01,211031268,1,841.474
2026-01-01,211031268,2,1704.777
2026-04-01,211031268,2,1556.455
2026-05-01,211031268,3,1816.316
2025-07-01,211031450,2,1309.796
2025-08-01,211031450,3,1175.076
2025-09-01,211031450,2,675.0
2025-10-01,211031450,8,3274.0
2025-11-01,211031450,3,1300.0
2025-12-01,211031450,1,239.51
2026-01-01,211031450,1,728.888
2026-02-01,211031450,5,1655.0
2026-03-01,211031450,4,2400.0
2026-04-01,211031450,3,1826.474
2026-05-01,211031450,1,190.768
2026-06-01,211031450,12,6120.24
2025-07-01,211031451,12,6167.956
2025-08-01,211031451,3,3090.74
2025-09-01,211031451,3,2352.424
2025-11-01,211031451,4,3100.0
2025-12-01,211031451,2,996.228
2026-01-01,211031451,6,5114.289
2026-02-01,211031451,3,2042.173
2026-03-01,211031451,9,5302.628
2026-05-01,211031451,2,3697.432
2026-06-01,211031451,5,3030.0
2025-07-01,211031452,1,642.8
2025-09-01,211031452,1,632.7
2025-10-01,211031452,4,1600.0
2026-03-01,211031452,4,1969.692
2026-05-01,211031452,2,924.246
2026-06-01,211031452,1,220.151
2025-07-01,211041269,3,1889.135
2025-08-01,211041269,3,3213.632
2025-09-01,211041269,4,3099.195
2025-10-01,211041269,1,951.098
2025-11-01,211041269,3,1591.825
2025-12-01,211041269,1,600.0
2026-01-01,211041269,3,2087.037
2026-03-01,211041269,2,1680.469
2026-04-01,211041269,1,893.364
2026-05-01,211041269,3,1919.192
2026-06-01,211041269,1,892.646
2025-07-01,211041270,1,647.137
2025-08-01,211041270,67,32553.981
2025-09-01,211041270,4,2592.671
2025-10-01,211041270,6,3574.626
2025-11-01,211041270,3,2389.826
2025-12-01,211041270,2,1184.274
2026-02-01,211041270,5,3310.068
2026-03-01,211041270,12,7155.097
2026-04-01,211041270,1,750.0
2026-05-01,211041270,9,8605.78
2026-06-01,211041270,3,1780.0
2025-07-01,211041271,2,1001.8
2025-08-01,211041271,3,2300.364
2025-09-01,211041271,7,3772.486
2025-10-01,211041271,2,1730.812
2025-11-01,211041271,4,3344.409
2025-12-01,211041271,9,5564.938
2026-01-01,211041271,3,2214.592
2026-02-01,211041271,7,5327.495
2026-03-01,211041271,5,4088.835
2026-04-01,211041271,2,1309.631
2026-05-01,211041271,3,2777.528
2026-06-01,211041271,3,1744.556
2025-07-01,211041272,3,5570.263
2025-08-01,211041272,1,950.0
2025-09-01,211041272,3,1374.481
2025-10-01,211041272,2,1650.0
2025-11-01,211041272,2,898.931
2025-12-01,211041272,3,2153.263
2026-02-01,211041272,3,1216.25
2026-03-01,211041272,1,1031.225
2026-04-01,211041272,1,798.699
2026-05-01,211041272,7,3792.253
2026-06-01,211041272,3,2437.391
2025-07-01,211041273,2,1882.045
2025-08-01,211041273,1,1064.141
2025-09-01,211041273,4,2800.0
2025-10-01,211041273,3,3344.701
2025-11-01,211041273,1,3000.0
2026-02-01,211041273,1,1027.314
2026-03-01,211041273,1,1103.032
2026-04-01,211041273,4,4474.358
2026-05-01,211041273,5,2714.795
2026-06-01,211041273,3,2179.324
2025-07-01,211051274,3,1606.44
2025-10-01,211051274,1,200.0
2025-11-01,211051274,1,576.453
2026-04-01,211051274,1,1400.0
2026-06-01,211051274,1,239.01
2025-07-01,211051275,1,675.8
2025-08-01,211051275,3,1808.466
2025-09-01,211051275,1,462.57
2025-10-01,211051275,1,350.0
2025-11-01,211051275,1,850.0
2025-12-01,211051275,1,2203.406
2026-01-01,211051275,1,1445.5
2026-02-01,211051275,2,2654.312
2026-05-01,211051275,1,214.606
2026-06-01,211051275,1,558.02
2025-07-01,211051276,3,2692.96
2025-08-01,211051276,1,6000.0
2025-09-01,211051276,2,3882.456
2025-10-01,211051276,2,950.0
2025-11-01,211051276,2,1495.0
2025-12-01,211051276,8,3517.19
2026-01-01,211051276,1,301.91
2026-02-01,211051276,9,3283.0
2026-03-01,211051276,4,3226.63
2026-04-01,211051276,2,1879.377
2026-05-01,211051276,2,1794.207
2026-06-01,211051276,1,370.776
2025-07-01,211051277,20,6620.243
2025-08-01,211051277,3,760.0
2025-09-01,211051277,5,1420.834
2025-10-01,211051277,10,3505.699
2025-12-01,211051277,3,1350.0
2026-01-01,211051277,10,3973.07
2026-02-01,211051277,4,2026.726
2026-03-01,211051277,13,4825.204
2026-04-01,211051277,4,1748.0
2026-05-01,211051277,7,2904.822
2025-07-01,211051278,16,5849.877
2025-08-01,211051278,15,5510.678
2025-09-01,211051278,12,3994.53
2025-10-01,211051278,15,4259.098
2025-11-01,211051278,4,2214.631
2025-12-01,211051278,9,4376.778
2026-01-01,211051278,9,2726.559
2026-02-01,211051278,21,7174.175
2026-03-01,211051278,8,4236.105
2026-04-01,211051278,11,4717.046
2026-05-01,211051278,11,7413.956
2026-06-01,211051278,9,6342.36
2025-07-01,211051279,1,709.114
2025-12-01,211051279,1,609.0
2026-03-01,211051279,2,772.852
2026-04-01,211051279,2,3686.718
2025-07-01,211051280,1,1079.59
2025-09-01,211051280,1,205.857
2025-10-01,211051280,2,1064.557
2025-12-01,211051280,1,780.793
2026-01-01,211051280,1,1130.0
2026-03-01,211051280,1,600.903
2026-04-01,211051280,1,855.813
2025-07-01,211051281,2,885.418
2025-08-01,211051281,5,2503.512
2025-09-01,211051281,13,5903.709
2025-10-01,211051281,11,4075.85
2025-11-01,211051281,3,1914.204
2025-12-01,211051281,3,1865.855
2026-01-01,211051281,3,1691.13
2026-02-01,211051281,15,6529.875
2026-03-01,211051281,4,1461.777
2026-04-01,211051281,13,5168.733
2026-05-01,211051281,6,2639.233
2026-06-01,211051281,1,380.0
2025-07-01,211051282,2,1830.0
2025-08-01,211051282,1,750.0
2025-11-01,211051282,1,1031.361
2025-12-01,211051282,1,761.362
2026-03-01,211051282,1,908.674
2026-05-01,211051282,1,872.526
2026-06-01,211051282,1,780.0
2025-07-01,211051283,1,528.381
2025-08-01,211051283,2,995.0
2026-02-01,211051283,1,457.171
2026-06-01,211051283,1,223.487
2025-08-01,211051284,1,700.0
2025-10-01,211051284,3,979.201
2025-11-01,211051284,1,593.644
2026-01-01,211051284,1,639.053
2026-03-01,211051284,3,2058.27
2026-04-01,211051284,1,350.0
2026-05-01,211051284,1,600.0
2025-09-01,211051285,4,2629.344
2025-10-01,211051285,2,1645.6
2025-11-01,211051285,5,2801.231
2025-12-01,211051285,1,527.21
2026-01-01,211051285,2,2005.356
2026-03-01,211051285,2,417.594
2026-04-01,211051285,1,630.2
2026-05-01,211051285,1,436.759
2026-06-01,211051285,2,1293.426
2025-07-01,211051286,4,1632.393
2025-08-01,211051286,1,446.084
2025-09-01,211051286,4,1482.754
2025-10-01,211051286,5,2155.224
2025-12-01,211051286,2,970.248
2026-02-01,211051286,5,2932.897
2026-03-01,211051286,21,9663.835
2026-04-01,211051286,3,628.999
2026-05-01,211051286,3,1436.837
2026-06-01,211051286,2,1680.0
2025-07-01,212011289,1,833.0
2025-08-01,212011289,1,973.729
2025-09-01,212011289,2,1431.072
2025-10-01,212011289,2,1274.629
2025-11-01,212011289,3,2295.67
2025-12-01,212011289,1,1383.09
2026-01-01,212011289,1,1123.641
2026-02-01,212011289,2,1032.67
2026-04-01,212011289,1,507.913
2026-05-01,212011289,2,900.026
2026-06-01,212011289,1,78.253
2025-07-01,212011546,35,12123.007
2025-08-01,212011546,60,20754.325
2025-09-01,212011546,42,15897.219
2025-10-01,212011546,54,18255.046
2025-11-01,212011546,33,15950.407
2025-12-01,212011546,29,12366.321
2026-01-01,212011546,30,11784.128
2026-02-01,212011546,30,12145.642
2026-03-01,212011546,10,4114.853
2026-04-01,212011546,23,9051.792
2026-05-01,212011546,15,7282.517
2026-06-01,212011546,60,22552.787
2025-07-01,212011547,2,812.177
2025-08-01,212011547,8,3269.72
2025-10-01,212011547,4,3607.409
2025-11-01,212011547,3,1952.604
2025-12-01,212011547,3,1154.549
2026-01-01,212011547,2,810.0
2026-02-01,212011547,2,898.758
2026-03-01,212011547,5,1651.428
2026-04-01,212011547,3,5011.163
2026-05-01,212011547,2,977.308
2026-06-01,212011547,1,364.808
2025-07-01,212011548,23,11341.408
2025-08-01,212011548,10,3966.858
2025-09-01,212011548,14,5227.396
2025-10-01,212011548,17,6077.01
2025-11-01,212011548,18,6332.563
2025-12-01,212011548,18,6311.227
2026-01-01,212011548,5,1678.773
2026-02-01,212011548,6,3316.045
2026-03-01,212011548,7,2430.974
2026-04-01,212011548,9,3312.251
2026-05-01,212011548,5,2333.476
2026-06-01,212011548,8,4020.954
2025-07-01,212011549,14,4343.226
2025-08-01,212011549,8,2376.666
2025-09-01,212011549,8,2625.066
2025-10-01,212011549,14,4836.841
2025-11-01,212011549,6,2837.916
2025-12-01,212011549,4,1880.335
2026-02-01,212011549,16,5907.477
2026-03-01,212011549,24,9450.464
2026-04-01,212011549,22,8277.723
2026-05-01,212011549,6,2518.257
2026-06-01,212011549,34,13207.948
2025-07-01,212011550,18,9848.737
2025-08-01,212011550,16,8049.869
2025-09-01,212011550,14,6630.634
2025-10-01,212011550,23,12344.648
2025-11-01,212011550,19,11375.255
2025-12-01,212011550,59,21242.619
2026-01-01,212011550,9,5259.171
2026-02-01,212011550,19,13484.674
2026-03-01,212011550,21,9652.074
2026-04-01,212011550,28,16555.518
2026-05-01,212011550,15,6812.938
2026-06-01,212011550,22,10682.505
2025-07-01,212011551,11,6280.759
2025-08-01,212011551,11,5958.145
2025-09-01,212011551,19,7730.064
2025-10-01,212011551,20,7683.128
2025-11-01,212011551,18,7191.379
2025-12-01,212011551,36,14280.166
2026-01-01,212011551,23,10235.323
2026-02-01,212011551,38,15922.744
2026-03-01,212011551,24,9424.248
2026-04-01,212011551,26,10293.044
2026-05-01,212011551,17,6532.454
2026-06-01,212011551,15,6647.046
2025-09-01,212011552,1,365.268
2025-10-01,212011552,3,1312.37
2026-06-01,212011552,1,340.0
2025-07-01,212021293,9,9885.35
2025-08-01,212021293,3,2298.0
2025-09-01,212021293,20,17084.893
2025-10-01,212021293,9,5454.137
2025-11-01,212021293,8,4752.4
2025-12-01,212021293,4,2742.2
2026-01-01,212021293,1,400.0
2026-02-01,212021293,5,5521.174
2026-03-01,212021293,3,4688.068
2026-04-01,212021293,1,200.0
2026-05-01,212021293,5,4838.47
2026-06-01,212021293,7,4091.225
2025-07-01,212021295,18,5799.081
2025-08-01,212021295,4,2412.5
2025-09-01,212021295,8,2993.0
2025-10-01,212021295,28,7260.0
2025-11-01,212021295,2,700.0
2025-12-01,212021295,3,1095.0
2026-01-01,212021295,4,1581.0
2026-02-01,212021295,1,413.4
2026-03-01,212021295,1,120.0
2026-04-01,212021295,3,1619.551
2026-05-01,212021295,7,2743.491
2026-06-01,212021295,3,800.0
2025-07-01,212021297,3,990.0
2025-08-01,212021297,1,302.5
2025-09-01,212021297,3,1495.5
2025-10-01,212021297,2,1201.528
2025-12-01,212021297,1,500.0
2026-02-01,212021297,2,1449.8
2026-04-01,212021297,1,540.0
2025-07-01,212021299,3,2109.628
2025-08-01,212021299,2,1421.017
2025-09-01,212021299,3,4661.8
2025-10-01,212021299,2,2019.435
2025-11-01,212021299,5,9880.0
2025-12-01,212021299,6,6013.796
2026-02-01,212021299,3,2596.782
2026-03-01,212021299,4,4276.579
2026-04-01,212021299,4,4750.511
2026-05-01,212021299,4,3770.212
2025-07-01,212021453,4,2193.891
2025-08-01,212021453,1,350.0
2025-09-01,212021453,2,1058.473
2025-11-01,212021453,1,470.94
2025-12-01,212021453,4,1168.79
2026-01-01,212021453,1,1200.0
2026-02-01,212021453,2,1650.5
2026-04-01,212021453,2,756.565
2026-05-01,212021453,4,1900.0
2026-06-01,212021453,2,1231.254
2025-07-01,212021454,1,600.628
2025-08-01,212021454,1,759.786
2025-10-01,212021454,1,754.719
2025-11-01,212021454,3,1763.212
2026-01-01,212021454,1,784.436
2026-03-01,212021454,2,959.69
2026-04-01,212021454,3,973.813
2026-05-01,212021454,1,65.855
2026-06-01,212021454,2,901.812
2025-07-01,212021455,1,560.0
2025-10-01,212021455,1,682.45
2025-11-01,212021455,1,791.093
2026-03-01,212021455,3,1020.868
2026-05-01,212021455,1,106.76
2025-07-01,212021456,1,500.0
2025-08-01,212021456,13,3894.566
2025-09-01,212021456,8,2500.0
2025-10-01,212021456,2,671.609
2025-11-01,212021456,1,380.0
2025-12-01,212021456,7,1926.088
2026-01-01,212021456,1,581.061
2026-02-01,212021456,1,885.37
2026-03-01,212021456,8,2877.31
2026-04-01,212021456,1,117.54
2026-05-01,212021456,20,6883.5
2026-06-01,212021456,14,7589.8
2025-07-01,212021553,20,11015.235
2025-08-01,212021553,34,14691.947
2025-09-01,212021553,28,12443.217
2025-10-01,212021553,8,4159.423
2025-11-01,212021553,27,11132.902
2025-12-01,212021553,9,3416.67
2026-01-01,212021553,5,2153.132
2026-02-01,212021553,4,1949.922
2026-03-01,212021553,4,2359.36
2026-04-01,212021553,5,2273.213
2026-06-01,212021553,5,5013.162
2025-07-01,212021554,10,4603.235
2025-08-01,212021554,19,8701.15
2025-09-01,212021554,16,8497.995
2025-10-01,212021554,8,4353.635
2025-11-01,212021554,3,2293.994
2025-12-01,212021554,2,785.672
2026-01-01,212021554,5,2272.0
2026-02-01,212021554,15,7568.868
2026-03-01,212021554,12,4990.359
2026-04-01,212021554,11,5122.604
2026-05-01,212021554,9,2796.651
2026-06-01,212021554,13,6367.68
2025-07-01,212031300,5,1150.0
2025-08-01,212031300,9,3905.401
2025-09-01,212031300,2,850.0
2025-10-01,212031300,14,4548.988
2025-11-01,212031300,17,4612.715
2025-12-01,212031300,4,449.86
2026-01-01,212031300,5,1204.56
2026-02-01,212031300,24,7462.24
2026-03-01,212031300,1,370.0
2026-04-01,212031300,3,759.157
2026-05-01,212031300,7,1412.68
2026-06-01,212031300,8,1898.066
2025-07-01,212031303,132,49539.954
2025-08-01,212031303,102,40809.718
2025-09-01,212031303,52,19556.716
2025-10-01,212031303,59,23467.682
2025-11-01,212031303,52,23740.183
2025-12-01,212031303,30,13112.442
2026-01-01,212031303,36,13849.347
2026-02-01,212031303,85,32795.135
2026-03-01,212031303,103,40345.022
2026-04-01,212031303,37,15648.461
2026-05-01,212031303,26,11311.343
2026-06-01,212031303,60,22254.108
2025-07-01,212031304,17,6657.515
2025-08-01,212031304,11,4636.393
2025-09-01,212031304,7,3565.138
2025-10-01,212031304,18,8843.34
2025-11-01,212031304,1,650.0
2025-12-01,212031304,6,2589.546
2026-01-01,212031304,15,10777.423
2026-02-01,212031304,38,15560.848
2026-03-01,212031304,17,7954.567
2026-04-01,212031304,21,9406.829
2026-05-01,212031304,7,2619.322
2026-06-01,212031304,5,1548.523
2025-07-01,212031306,1,612.998
2025-08-01,212031306,1,900.0
2025-09-01,212031306,4,3986.527
2025-10-01,212031306,1,740.0
2025-11-01,212031306,2,1228.33
2025-12-01,212031306,1,1200.0
2026-02-01,212031306,1,97.4
2026-03-01,212031306,3,1689.974
2026-04-01,212031306,1,1150.0
2026-05-01,212031306,1,297.91
2026-06-01,212031306,2,1257.295
2025-08-01,212031308,1,664.62
2025-11-01,212031308,1,1500.0
2025-12-01,212031308,2,746.647
2026-01-01,212031308,1,150.0
2026-02-01,212031308,4,2609.111
2026-03-01,212031308,3,2260.0
2026-06-01,212031308,2,935.047
2025-07-01,212031457,1,568.445
2025-09-01,212031457,1,1000.0
2025-11-01,212031457,1,750.0
2026-03-01,212031457,1,100.0
2026-04-01,212031457,1,156.875
2026-05-01,212031457,1,860.0
2026-06-01,212031457,1,1595.0
2025-07-01,212031458,1,650.0
2025-08-01,212031458,1,1000.0
2025-10-01,212031458,2,930.555
2025-12-01,212031458,1,106.88
2026-05-01,212031458,2,1436.331
2025-07-01,212031555,16,8083.548
2025-08-01,212031555,18,8546.271
2025-09-01,212031555,32,17256.892
2025-10-01,212031555,29,15555.896
2025-11-01,212031555,28,17960.212
2025-12-01,212031555,14,7714.983
2026-01-01,212031555,21,13595.15
2026-02-01,212031555,29,20906.694
2026-03-01,212031555,26,13486.598
2026-04-01,212031555,37,18790.312
2026-05-01,212031555,45,24632.506
2026-06-01,212031555,40,24101.793
2025-07-01,212031556,100,40475.935
2025-08-01,212031556,108,42674.264
2025-09-01,212031556,165,64549.474
2025-10-01,212031556,124,50271.799
2025-11-01,212031556,72,32270.71
2025-12-01,212031556,70,28467.383
2026-01-01,212031556,55,23487.436
2026-02-01,212031556,91,34911.536
2026-03-01,212031556,67,29243.655
2026-04-01,212031556,66,29311.302
2026-05-01,212031556,79,34400.006
2026-06-01,212031556,98,42805.678
2025-07-01,212031557,1,121.16
2025-09-01,212031557,2,616.97
2025-10-01,212031557,9,4138.475
2025-11-01,212031557,16,6558.308
2025-12-01,212031557,13,4579.193
2026-01-01,212031557,8,2858.214
2026-02-01,212031557,15,6175.583
2026-03-01,212031557,13,5306.722
2026-04-01,212031557,24,9305.015
2026-05-01,212031557,38,11559.809
2026-06-01,212031557,16,6703.937
2025-07-01,212031558,14,5147.04
2025-08-01,212031558,19,7127.012
2025-09-01,212031558,14,4460.532
2025-10-01,212031558,14,4897.896
2025-11-01,212031558,10,3075.317
2025-12-01,212031558,8,2442.113
2026-01-01,212031558,17,6087.981
2026-02-01,212031558,18,6260.578
2026-03-01,212031558,7,2684.306
2026-04-01,212031558,10,3463.51
2026-05-01,212031558,9,3253.002
2026-06-01,212031558,27,9764.163
2025-09-01,212031559,1,617.925
2025-11-01,212031560,3,1444.792
2025-12-01,212031560,1,400.0
2026-01-01,212031560,1,93.8
2026-02-01,212031560,1,282.6
2026-03-01,212031560,3,1694.373
2026-04-01,212031560,4,1081.728
2026-06-01,212031560,2,1360.0
2025-07-01,212031561,1,315.0
2025-09-01,212031561,1,255.657
2025-10-01,212031561,2,682.145
2025-11-01,212031561,2,555.497
2025-12-01,212031561,1,33.0
2026-01-01,212031561,1,150.0
2026-02-01,212031561,1,274.448
2026-03-01,212031561,4,2404.126
2026-04-01,212031561,4,3212.034
2026-05-01,212031561,10,4323.037
2026-06-01,212031561,1,189.77
2025-07-01,212031562,2,478.5
2025-11-01,212031562,2,226.066
2025-12-01,212031562,1,450.0
2026-02-01,212031562,6,1819.043
2026-03-01,212031562,20,6056.92
2026-06-01,212031562,8,2743.979
2025-07-01,212041309,3,1582.068
2025-09-01,212041309,5,2296.209
2025-10-01,212041309,12,5247.999
2025-11-01,212041309,2,750.0
2025-12-01,212041309,4,3267.131
2026-01-01,212041309,3,2250.0
2026-02-01,212041309,1,748.0
2026-04-01,212041309,3,1642.63
2026-05-01,212041309,1,686.499
2026-06-01,212041309,1,1300.0
2025-07-01,212041310,1,801.715
2025-08-01,212041310,1,556.471
2025-09-01,212041310,5,2524.048
2025-10-01,212041310,1,721.385
2025-11-01,212041310,6,3286.815
2025-12-01,212041310,1,574.0
2026-02-01,212041310,11,4808.0
2026-03-01,212041310,2,1100.0
2026-05-01,212041310,5,3460.443
2026-06-01,212041310,2,1098.75
2025-08-01,212041312,3,1645.2
2025-10-01,212041312,7,3563.631
2025-11-01,212041312,2,1156.195
2025-12-01,212041312,2,848.351
2026-01-01,212041312,1,101.85
2026-02-01,212041312,2,997.435
2026-03-01,212041312,1,647.846
2026-04-01,212041312,1,475.412
2026-05-01,212041312,4,1668.389
2026-06-01,212041312,5,3161.55
2025-11-01,212041313,2,487.17
2025-12-01,212041313,1,588.773
2026-01-01,212041313,1,165.0
2026-02-01,212041313,1,1000.0
2026-05-01,212041313,1,301.18
2026-06-01,212041313,3,1350.0
2025-09-01,212041316,1,832.35
2025-10-01,212041316,2,1245.6
2025-12-01,212041316,1,350.0
2026-02-01,212041316,5,1822.298
2026-03-01,212041316,2,1329.31
2026-04-01,212041316,1,750.0
2026-05-01,212041316,1,818.716
2025-07-01,212041317,28,10680.613
2025-08-01,212041317,5,3675.389
2025-09-01,212041317,16,9949.848
2025-10-01,212041317,2,394.858
2025-11-01,212041317,7,3655.471
2025-12-01,212041317,3,1392.0
2026-01-01,212041317,2,1764.033
2026-02-01,212041317,11,4429.6
2026-03-01,212041317,9,5321.739
2026-04-01,212041317,17,11227.946
2026-05-01,212041317,9,6800.0
2026-06-01,212041317,14,6930.611
2025-07-01,212041318,5,2014.582
2025-08-01,212041318,12,4393.209
2025-09-01,212041318,12,4576.843
2025-10-01,212041318,10,4404.057
2025-11-01,212041318,8,2651.672
2025-12-01,212041318,1,379.378
2026-01-01,212041318,5,3344.882
2026-02-01,212041318,5,3394.98
2026-03-01,212041318,5,2481.617
2026-04-01,212041318,1,357.63
2026-05-01,212041318,4,1920.242
2026-06-01,212041318,1,382.594
2025-08-01,212041459,1,300.0
2025-09-01,212041459,12,4164.0
2025-10-01,212041459,12,4176.0
2025-11-01,212041459,3,1090.0
2025-12-01,212041459,1,986.618
2026-03-01,212041459,2,780.0
2026-04-01,212041459,5,2790.0
2026-05-01,212041459,8,4010.5
2026-06-01,212041459,7,3190.0
2025-07-01,212041460,7,2995.0
2025-08-01,212041460,2,263.4
2025-09-01,212041460,3,1426.728
2025-10-01,212041460,3,1307.435
2025-12-01,212041460,7,3009.868
2026-01-01,212041460,2,1053.26
2026-02-01,212041460,2,892.365
2026-03-01,212041460,8,3646.614
2026-04-01,212041460,2,1204.537
2026-05-01,212041460,5,1329.091
2026-06-01,212041460,6,2303.89
2025-07-01,212041563,4,2150.0
2025-08-01,212041563,6,2100.0
2025-10-01,212041563,6,2357.72
2025-11-01,212041563,7,2655.0
2025-12-01,212041563,23,11059.136
2026-01-01,212041563,12,6596.302
2026-02-01,212041563,5,2566.881
2026-03-01,212041563,81,41210.241
2026-04-01,212041563,7,2651.255
2026-05-01,212041563,6,2243.119
2026-06-01,212041563,1,1050.0
2025-07-01,212041564,1,1000.0
2026-02-01,212041564,90,44629.0
2026-04-01,212041564,1,1758.0
2026-05-01,212041564,1,160.05
2026-06-01,212041564,2,1456.467
2025-07-01,212041565,2,1071.276
2025-08-01,212041565,2,721.1
2025-09-01,212041565,2,1892.372
2025-10-01,212041565,2,964.588
2025-11-01,212041565,1,523.864
2025-12-01,212041565,1,478.193
2026-02-01,212041565,2,1007.66
2026-03-01,212041565,1,135.8
2026-04-01,212041565,3,1745.18
2026-05-01,212041565,6,1843.141
2026-06-01,212041565,3,2231.286
2025-07-01,212041566,1,120.0
2025-09-01,212041566,2,1020.0
2025-10-01,212041566,1,900.0
2026-01-01,212041566,3,2950.0
2026-02-01,212041566,3,1122.0
2026-06-01,212041566,2,1950.0
2025-07-01,212051319,10,6153.353
2025-08-01,212051319,2,1993.26
2025-09-01,212051319,7,4377.576
2025-10-01,212051319,11,6991.31
2025-11-01,212051319,8,7264.334
2025-12-01,212051319,4,3187.002
2026-01-01,212051319,3,2295.423
2026-02-01,212051319,4,5831.569
2026-03-01,212051319,9,5254.987
2026-04-01,212051319,10,4816.967
2026-05-01,212051319,16,11658.682
2026-06-01,212051319,9,9410.167
2025-07-01,212051321,16,16688.951
2025-08-01,212051321,4,7352.991
2025-09-01,212051321,14,21442.283
2025-10-01,212051321,8,8054.799
2025-11-01,212051321,6,7158.661
2025-12-01,212051321,15,19475.146
2026-01-01,212051321,8,8573.788
2026-02-01,212051321,5,7812.0
2026-03-01,212051321,5,7722.562
2026-04-01,212051321,6,8343.166
2026-05-01,212051321,6,8408.541
2026-06-01,212051321,13,13165.265
2025-07-01,212051322,12,10032.506
2025-08-01,212051322,76,41569.844
2025-09-01,212051322,15,15697.918
2025-10-01,212051322,15,16714.71
2025-11-01,212051322,10,12484.034
2025-12-01,212051322,11,11992.411
2026-01-01,212051322,4,4780.346
2026-02-01,212051322,9,12950.935
2026-03-01,212051322,11,9539.689
2026-04-01,212051322,44,33198.954
2026-05-01,212051322,4,4200.0
2026-06-01,212051322,9,11576.058
2025-07-01,212051323,6,5758.144
2025-08-01,212051323,9,9600.621
2025-09-01,212051323,15,15816.737
2025-10-01,212051323,18,16745.023
2025-11-01,212051323,12,15226.235
2025-12-01,212051323,9,9871.938
2026-01-01,212051323,4,3209.853
2026-02-01,212051323,11,11573.857
2026-03-01,212051323,16,17812.1
2026-04-01,212051323,10,11266.851
2026-05-01,212051323,25,24982.872
2026-06-01,212051323,7,8867.313
2025-07-01,212051324,20,15963.764
2025-08-01,212051324,6,6015.211
2025-09-01,212051324,8,8287.631
2025-10-01,212051324,12,10182.357
2025-11-01,212051324,18,17709.449
2025-12-01,212051324,14,14064.744
2026-01-01,212051324,6,4800.603
2026-02-01,212051324,10,7417.431
2026-03-01,212051324,7,8390.59
2026-04-01,212051324,5,5030.0
2026-05-01,212051324,10,8861.638
2026-06-01,212051324,10,10952.083
2025-07-01,212051325,5,3425.166
2025-08-01,212051325,12,7203.378
2025-09-01,212051325,3,1150.236
2025-10-01,212051325,7,5429.055
2025-11-01,212051325,7,6796.91
2025-12-01,212051325,8,4914.965
2026-01-01,212051325,5,4675.674
2026-02-01,212051325,6,4591.242
2026-03-01,212051325,2,1045.644
2026-04-01,212051325,31,9400.0
2026-05-01,212051325,7,5911.623
2026-06-01,212051325,9,7736.189
2025-07-01,212051326,14,8987.633
2025-08-01,212051326,13,7146.923
2025-09-01,212051326,8,4949.43
2025-10-01,212051326,5,4194.977
2025-11-01,212051326,97,62752.433
2025-12-01,212051326,4,3238.763
2026-01-01,212051326,6,4994.818
2026-02-01,212051326,96,40516.315
2026-03-01,212051326,4,3479.397
2026-04-01,212051326,13,10827.466
2026-05-01,212051326,12,7672.674
2026-06-01,212051326,7,3974.896
2025-07-01,212051327,4,2645.723
2025-08-01,212051327,4,5033.347
2025-09-01,212051327,5,3623.462
2025-10-01,212051327,6,9367.022
2025-11-01,212051327,8,6687.003
2025-12-01,212051327,7,6441.874
2026-01-01,212051327,3,3625.009
2026-02-01,212051327,3,3124.834
2026-03-01,212051327,7,5024.756
2026-04-01,212051327,8,11991.581
2026-05-01,212051327,4,7037.715
2026-06-01,212051327,6,4587.865
2025-07-01,212051567,3,1627.842
2025-08-01,212051567,1,555.795
2025-09-01,212051567,6,3989.236
2025-10-01,212051567,6,2752.0
2025-12-01,212051567,3,1245.0
2026-01-01,212051567,2,1423.96
2026-02-01,212051567,2,1779.004
2026-03-01,212051567,4,2944.3
2026-04-01,212051567,3,1814.828
2026-05-01,212051567,4,1100.0
2026-06-01,212051567,2,1269.717
2025-07-01,212051568,1,954.163
2025-08-01,212051568,20,7500.0
2025-09-01,212051568,5,3069.401
2025-10-01,212051568,1,1025.942
2025-11-01,212051568,14,6300.0
2025-12-01,212051568,5,2584.138
2026-01-01,212051568,1,740.577
2026-02-01,212051568,1,743.559
2026-06-01,212051568,5,3339.158
2025-07-01,213011328,2,1200.0
2025-10-01,213011328,2,1000.0
2025-11-01,213011328,13,6112.894
2025-12-01,213011328,1,700.0
2026-01-01,213011328,5,3138.39
2026-02-01,213011328,1,120.0
2026-03-01,213011328,5,2154.024
2026-04-01,213011328,4,2043.3
2026-06-01,213011328,5,1750.0
2025-07-01,213011329,1,1043.661
2025-08-01,213011329,1,750.0
2025-10-01,213011329,4,1822.977
2025-11-01,213011329,1,393.8
2026-01-01,213011329,1,421.0
2026-03-01,213011329,2,741.0
2026-04-01,213011329,18,6801.0
2026-05-01,213011329,9,3069.0
2026-06-01,213011329,2,951.117
2026-02-01,213011331,1,1200.0
2026-04-01,213011331,2,731.8
2025-07-01,213011332,6,2475.0
2025-11-01,213011332,2,1100.0
2026-01-01,213011332,1,405.421
2026-03-01,213011332,1,629.761
2026-06-01,213011332,2,1509.894
2025-07-01,213011333,2,940.0
2025-09-01,213011333,1,450.0
2025-10-01,213011333,1,14.0
2025-11-01,213011333,1,150.0
2025-12-01,213011333,1,542.313
2026-02-01,213011333,3,750.0
2026-04-01,213011333,1,492.666
2026-05-01,213011333,1,859.993
2025-07-01,213011334,5,2771.375
2025-08-01,213011334,6,3000.0
2025-09-01,213011334,8,3773.482
2025-10-01,213011334,3,837.5
2025-11-01,213011334,2,1086.945
2025-12-01,213011334,2,500.0
2026-01-01,213011334,9,3100.0
2026-02-01,213011334,2,735.343
2026-03-01,213011334,10,4110.0
2026-04-01,213011334,2,576.18
2026-05-01,213011334,1,155.4
2026-06-01,213011334,10,3893.48
2025-07-01,213011335,3,780.0
2025-08-01,213011335,1,500.0
2025-10-01,213011335,3,1242.0
2025-11-01,213011335,7,2354.5
2025-12-01,213011335,1,60.0
2026-01-01,213011335,4,1190.0
2026-02-01,213011335,1,350.0
2026-03-01,213011335,5,1550.0
2026-04-01,213011335,1,734.0
2026-05-01,213011335,9,3243.233
2025-07-01,213011336,1,444.95
2025-08-01,213011336,1,176.1
2025-10-01,213011336,10,4381.417
2025-11-01,213011336,1,645.531
2025-12-01,213011336,5,1652.0
2026-01-01,213011336,1,1000.0
2026-02-01,213011336,34,16583.28
2026-03-01,213011336,6,2400.0
2026-05-01,213011336,152,50990.0
2026-06-01,213011336,5,2070.379
2025-07-01,213011337,2,1280.151
2025-08-01,213011337,4,1720.0
2025-09-01,213011337,7,2608.936
2025-10-01,213011337,4,2040.729
2025-11-01,213011337,1,2200.0
2025-12-01,213011337,2,1394.128
2026-01-01,213011337,10,5841.389
2026-02-01,213011337,51,24084.176
2026-03-01,213011337,5,1020.0
2026-04-01,213011337,3,1850.0
2026-05-01,213011337,9,4436.961
2026-06-01,213011337,6,3817.931
2025-07-01,213011338,4,1640.574
2025-08-01,213011338,4,2103.041
2025-09-01,213011338,1,610.423
2025-10-01,213011338,1,150.0
2025-11-01,213011338,5,1653.808
2025-12-01,213011338,3,1986.072
2026-02-01,213011338,2,1046.139
2026-03-01,213011338,7,3777.179
2026-04-01,213011338,9,3000.0
2026-05-01,213011338,2,1560.974
2026-06-01,213011338,3,1113.761
2025-07-01,213011339,1,325.0
2025-12-01,213011339,1,120.0
2026-01-01,213011339,2,560.045
2026-02-01,213011339,2,1376.207
2026-06-01,213011339,2,934.5
2025-07-01,213011340,2,1295.92
2025-08-01,213011340,3,2688.344
2025-09-01,213011340,1,675.101
2025-10-01,213011340,2,700.0
2025-11-01,213011340,1,1000.0
2026-02-01,213011340,1,807.26
2026-03-01,213011340,5,3514.598
2026-04-01,213011340,3,2160.76
2026-06-01,213011340,4,2871.737
2025-08-01,213011569,1,750.0
2025-10-01,213011569,2,1398.0
2025-11-01,213011569,1,469.598
2025-12-01,213011569,3,1475.337
2026-02-01,213011569,1,90.0
2026-03-01,213011569,3,1226.155
2026-04-01,213011569,2,1222.83
2026-05-01,213011569,6,2750.987
2026-06-01,213011569,1,667.213
2025-07-01,213011570,1,339.338
2026-04-01,213011570,1,961.691
2026-05-01,213011570,3,1759.108
2025-07-01,213021341,18,10806.782
2025-08-01,213021341,4,3435.265
2025-09-01,213021341,3,1501.403
2025-10-01,213021341,10,6266.154
2025-11-01,213021341,5,3249.692
2025-12-01,213021341,3,2550.0
2026-01-01,213021341,4,2570.541
2026-02-01,213021341,9,6959.294
2026-03-01,213021341,4,2100.0
2026-04-01,213021341,8,5577.474
2026-05-01,213021341,10,6345.599
2026-06-01,213021341,12,7385.298
2025-08-01,213021342,1,830.0
2025-09-01,213021342,4,1822.472
2025-10-01,213021342,3,1375.51
2025-11-01,213021342,3,1219.04
2025-12-01,213021342,1,712.008
2026-01-01,213021342,1,468.294
2026-02-01,213021342,4,1566.094
2026-03-01,213021342,3,1251.974
2026-04-01,213021342,3,1350.0
2026-06-01,213021342,3,2190.0
2025-07-01,213021343,10,4837.372
2025-08-01,213021343,9,4125.842
2025-09-01,213021343,8,3405.0
2025-10-01,213021343,46,19562.213
2025-11-01,213021343,19,7693.732
2025-12-01,213021343,14,5730.0
2026-01-01,213021343,7,2457.465
2026-02-01,213021343,18,7732.149
2026-03-01,213021343,13,6737.467
2026-04-01,213021343,32,15768.947
2026-05-01,213021343,20,8889.0
2026-06-01,213021343,10,4250.0
2025-07-01,213021344,9,7963.915
2025-08-01,213021344,29,18396.854
2025-09-01,213021344,7,4944.115
2025-10-01,213021344,4,2534.0
2025-11-01,213021344,8,5909.614
2025-12-01,213021344,9,4293.671
2026-01-01,213021344,9,5599.213
2026-02-01,213021344,312,134337.544
2026-03-01,213021344,3,1700.0
2026-04-01,213021344,40,12133.271
2026-05-01,213021344,11,6459.541
2026-06-01,213021344,4,3128.481
2026-01-01,213021345,1,742.166
2026-04-01,213021345,1,974.66
2025-08-01,213021346,1,1035.674
2025-10-01,213021346,7,7711.358
2025-11-01,213021346,2,2273.69
2025-12-01,213021346,2,1650.0
2026-01-01,213021346,1,650.0
2026-02-01,213021346,1,2140.102
2026-03-01,213021346,1,1000.0
2026-04-01,213021346,2,2641.976
2026-05-01,213021346,3,3013.0
2026-06-01,213021346,3,2665.8
2025-07-01,213031347,7,3707.544
2025-08-01,213031347,3,2271.528
2025-09-01,213031347,3,1364.678
2025-10-01,213031347,96,39305.096
2025-11-01,213031347,20,9808.856
2025-12-01,213031347,8,4265.704
2026-01-01,213031347,4,2532.953
2026-02-01,213031347,16,6666.121
2026-03-01,213031347,3,1030.583
2026-04-01,213031347,149,54920.27
2026-05-01,213031347,4,1635.992
2026-06-01,213031347,12,5056.75
2025-09-01,213031348,14,8000.0
2025-11-01,213031348,1,897.79
2026-02-01,213031348,8,4056.7
2026-03-01,213031348,3,750.0
2026-05-01,213031348,2,500.0
2026-06-01,213031348,15,5650.0
2025-07-01,213031349,1,890.0
2025-09-01,213031349,79,34540.0
2025-10-01,213031349,3,2490.0
2025-11-01,213031349,2,2000.0
2025-12-01,213031349,2,4020.0
2026-02-01,213031349,1,550.0
2026-03-01,213031349,1,750.0
2026-04-01,213031349,1,883.239
2026-05-01,213031349,1,189.95
2026-06-01,213031349,1,448.0
2025-08-01,213031350,2,990.0
2025-09-01,213031350,7,2242.0
2026-02-01,213031350,1,250.0
2026-04-01,213031350,5,5000.0
2026-06-01,213031350,2,1519.772
2025-10-01,213031351,3,1299.14
2025-12-01,213031351,1,659.494
2026-01-01,213031351,10,3500.0
2026-02-01,213031351,2,2738.0
2026-03-01,213031351,2,1011.38
2026-04-01,213031351,4,1623.55
2026-05-01,213031351,1,1170.958
2026-06-01,213031351,2,1809.747
2025-07-01,213031352,6,4579.728
2025-08-01,213031352,21,12501.969
2025-09-01,213031352,42,23514.012
2025-10-01,213031352,2,1295.796
2025-12-01,213031352,1,835.307
2026-01-01,213031352,1,395.0
2026-02-01,213031352,56,29892.0
2026-03-01,213031352,9,5882.048
2026-04-01,213031352,4,4194.743
2026-05-01,213031352,49,27129.171
2026-06-01,213031352,2,2409.998
2025-07-01,213041353,16,8836.29
2025-08-01,213041353,23,10597.487
2025-09-01,213041353,12,4935.066
2025-10-01,213041353,13,5200.893
2025-11-01,213041353,13,5448.525
2025-12-01,213041353,14,5665.877
2026-01-01,213041353,55,16388.559
2026-02-01,213041353,24,10625.053
2026-03-01,213041353,32,11947.629
2026-04-01,213041353,21,9520.191
2026-05-01,213041353,32,12342.07
2026-06-01,213041353,24,9950.975
2025-07-01,213041358,13,4232.725
2025-08-01,213041358,6,2099.0
2025-09-01,213041358,7,3101.715
2025-10-01,213041358,4,1497.65
2025-11-01,213041358,5,1588.877
2025-12-01,213041358,4,1237.885
2026-01-01,213041358,1,360.15
2026-02-01,213041358,1,348.98
2026-03-01,213041358,3,1510.0
2026-04-01,213041358,3,1091.289
2026-06-01,213041358,2,647.8
2025-07-01,213041359,200,68827.063
2025-08-01,213041359,151,55772.991
2025-09-01,213041359,131,49614.794
2025-10-01,213041359,150,55730.563
2025-11-01,213041359,111,41302.163
2025-12-01,213041359,142,50342.245
2026-01-01,213041359,75,28172.621
2026-02-01,213041359,121,50406.268
2026-03-01,213041359,164,59436.49
2026-04-01,213041359,133,50822.478
2026-05-01,213041359,148,56903.381
2026-06-01,213041359,156,60036.657
2025-08-01,213041360,3,3100.0
2025-09-01,213041360,1,528.705
2025-10-01,213041360,1,897.165
2025-11-01,213041360,1,736.532
2025-12-01,213041360,2,950.0
2026-03-01,213041360,1,879.699
2026-04-01,213041360,2,2023.393
2025-07-01,213041461,2,1183.552
2025-08-01,213041461,4,2615.782
2025-09-01,213041461,7,4575.594
2025-10-01,213041461,6,4408.912
2025-11-01,213041461,4,2606.071
2025-12-01,213041461,2,1361.788
2026-01-01,213041461,1,529.85
2026-02-01,213041461,4,4213.438
2026-03-01,213041461,2,1419.805
2026-04-01,213041461,2,1112.83
2026-05-01,213041461,2,956.378
2026-06-01,213041461,7,3857.193
2025-12-01,213041462,1,800.0
2025-09-01,213041463,2,1149.686
2026-02-01,213041463,1,3000.0
2026-04-01,213041463,2,1059.113
2025-07-01,213041571,3,1030.257
2025-08-01,213041571,3,1172.0
2025-10-01,213041571,3,1281.45
2025-11-01,213041571,3,1035.187
2025-12-01,213041571,2,772.629
2026-02-01,213041571,1,450.0
2026-03-01,213041571,2,774.5
2026-04-01,213041571,8,2447.993
2026-05-01,213041571,7,2663.353
2026-06-01,213041571,3,1743.592
2025-07-01,213041572,25,9518.374
2025-08-01,213041572,19,6967.859
2025-09-01,213041572,23,9255.692
2025-10-01,213041572,17,5666.944
2025-11-01,213041572,30,10798.21
2025-12-01,213041572,11,4130.666
2026-01-01,213041572,9,3854.308
2026-02-01,213041572,27,12166.66
2026-03-01,213041572,28,12026.835
2026-04-01,213041572,35,13233.587
2026-05-01,213041572,39,14025.828
2026-06-01,213041572,59,20538.844
2025-07-01,213041573,41,13158.299
2025-08-01,213041573,31,10040.041
2025-09-01,213041573,46,14367.246
2025-10-01,213041573,68,22635.452
2025-11-01,213041573,18,6379.191
2025-12-01,213041573,9,3120.0
2026-01-01,213041573,3,1030.0
2026-02-01,213041573,73,24397.668
2026-03-01,213041573,46,18038.195
2026-04-01,213041573,38,16658.339
2026-05-01,213041573,34,12016.963
2026-06-01,213041573,39,14907.542
2025-07-01,213041574,108,40732.293
2025-08-01,213041574,101,35657.344
2025-09-01,213041574,144,53395.788
2025-10-01,213041574,155,59414.246
2025-11-01,213041574,128,50142.778
2025-12-01,213041574,122,47724.483
2026-01-01,213041574,85,31514.95
2026-02-01,213041574,177,72617.993
2026-03-01,213041574,159,63441.786
2026-04-01,213041574,138,54364.034
2026-05-01,213041574,127,46883.316
2026-06-01,213041574,100,40486.615
2025-09-01,213041575,1,778.987
2025-10-01,213041575,5,1800.0
2026-01-01,213041575,1,1869.435
2026-02-01,213041575,11,4250.0
2026-03-01,213041575,2,1089.508
2026-04-01,213041575,1,850.0
2025-08-01,213041576,1,107.375
2025-09-01,213041576,3,1160.615
2025-11-01,213041576,1,343.629
2025-12-01,213041576,2,1300.0
2026-02-01,213041576,2,1135.699
2026-03-01,213041576,2,1175.0
2026-06-01,213041576,3,3349.65
2025-12-01,213041577,4,1400.0
2026-03-01,213041577,2,724.73
2026-04-01,213041577,1,215.78
2026-05-01,213041577,1,900.0
2025-07-01,213041578,26,11093.991
2025-08-01,213041578,12,4415.246
2025-09-01,213041578,20,7009.18
2025-10-01,213041578,38,12078.452
2025-11-01,213041578,29,10546.769
2025-12-01,213041578,20,7785.803
2026-01-01,213041578,19,7051.634
2026-02-01,213041578,17,6261.689
2026-03-01,213041578,17,6728.069
2026-04-01,213041578,17,5930.844
2026-05-01,213041578,15,4845.024
2026-06-01,213041578,17,6994.863
2025-07-01,213051361,3,939.749
2025-08-01,213051361,2,2753.917
2025-09-01,213051361,1,591.313
2025-10-01,213051361,1,500.0
2025-11-01,213051361,2,780.77
2025-12-01,213051361,1,335.0
2026-01-01,213051361,1,1000.0
2026-02-01,213051361,1,428.305
2026-03-01,213051361,4,5402.0
2026-04-01,213051361,2,715.169
2026-06-01,213051361,3,5730.0
2025-07-01,213051362,2,983.1
2025-08-01,213051362,3,1606.57
2025-09-01,213051362,1,575.0
2025-10-01,213051362,1,559.91
2025-11-01,213051362,1,481.685
2026-02-01,213051362,3,1750.0
2026-03-01,213051362,5,2274.865
2026-04-01,213051362,3,1295.406
2026-06-01,213051362,1,201.0
2025-07-01,213051363,4,1760.0
2025-08-01,213051363,6,2459.989
2025-09-01,213051363,2,535.915
2025-10-01,213051363,14,7600.0
2025-11-01,213051363,9,3710.79
2025-12-01,213051363,3,700.0
2026-01-01,213051363,5,1700.0
2026-02-01,213051363,9,4941.575
2026-03-01,213051363,5,2192.481
2026-04-01,213051363,10,3981.021
2026-05-01,213051363,1,438.857
2026-06-01,213051363,7,2277.952
2025-07-01,213051368,4,2364.099
2025-08-01,213051368,2,2393.0
2025-09-01,213051368,2,993.237
2025-10-01,213051368,11,4537.747
2025-11-01,213051368,8,4429.873
2025-12-01,213051368,4,1697.696
2026-01-01,213051368,6,3526.85
2026-02-01,213051368,64,28135.754
2026-03-01,213051368,1,385.239
2026-04-01,213051368,2,1072.927
2026-05-01,213051368,4,1477.482
2026-06-01,213051368,6,3931.799
2025-07-01,213051464,5,3488.144
2025-08-01,213051464,5,3483.898
2025-09-01,213051464,4,1690.898
2025-10-01,213051464,2,1400.893
2025-11-01,213051464,5,3363.752
2026-02-01,213051464,11,5527.218
2026-03-01,213051464,19,13626.584
2026-04-01,213051464,9,5443.973
2026-05-01,213051464,10,7022.765
2026-06-01,213051464,6,5544.353
2025-07-01,213051466,5,2842.986
2025-08-01,213051466,3,2037.291
2025-09-01,213051466,3,1736.327
2025-10-01,213051466,4,2406.589
2025-11-01,213051466,3,1648.579
2025-12-01,213051466,1,1580.0
2026-01-01,213051466,2,2500.0
2026-02-01,213051466,7,4376.165
2026-04-01,213051466,2,1462.495
2026-06-01,213051466,2,1290.475
2025-07-01,213051467,4,1282.0
2025-08-01,213051467,4,1169.8
2025-09-01,213051467,1,496.833
2025-10-01,213051467,9,2702.19
2025-11-01,213051467,3,1059.284
2025-12-01,213051467,4,6174.596
2026-01-01,213051467,2,953.344
2026-02-01,213051467,1,163.827
2026-03-01,213051467,4,1863.537
2026-04-01,213051467,3,817.14
2026-05-01,213051467,11,3290.028
2026-06-01,213051467,5,1545.272
2025-07-01,213051468,91,33441.79
2025-08-01,213051468,65,26327.996
2025-09-01,213051468,93,34973.484
2025-10-01,213051468,113,43348.973
2025-11-01,213051468,66,24139.688
2025-12-01,213051468,71,26595.532
2026-01-01,213051468,29,10738.121
2026-02-01,213051468,89,34685.605
2026-03-01,213051468,60,26015.537
2026-04-01,213051468,117,43362.048
2026-05-01,213051468,59,23400.138
2026-06-01,213051468,65,28008.473
2025-07-01,213051579,42,16226.864
2025-08-01,213051579,31,11629.587
2025-09-01,213051579,25,9954.686
2025-10-01,213051579,43,17081.17
2025-11-01,213051579,20,7698.042
2025-12-01,213051579,23,10019.705
2026-01-01,213051579,15,7590.384
2026-02-01,213051579,25,10557.769
2026-03-01,213051579,55,19198.022
2026-04-01,213051579,23,10844.533
2026-05-01,213051579,15,6858.104
2026-06-01,213051579,22,9810.538
2025-08-01,213051580,1,1300.0
2025-10-01,213051580,1,934.431
2026-01-01,213051580,2,987.401
2026-03-01,213051580,2,2820.0
2026-04-01,213051580,2,2377.347
2026-05-01,213051580,1,1000.0
2026-06-01,213051580,4,3747.83
2025-09-01,213051581,1,1500.0
2025-10-01,213051581,1,720.116
2025-11-01,213051581,1,385.0
2026-03-01,213051581,1,1250.0
2026-05-01,213051581,1,396.0
2026-06-01,213051581,2,1995.0
2025-07-01,213051582,88,36082.209
2025-08-01,213051582,101,34027.858
2025-09-01,213051582,78,33549.122
2025-10-01,213051582,71,29900.943
2025-11-01,213051582,70,29830.195
2025-12-01,213051582,66,27182.775
2026-01-01,213051582,27,11834.84
2026-02-01,213051582,96,38539.142
2026-03-01,213051582,53,23684.639
2026-04-01,213051582,80,33455.69
2026-05-01,213051582,92,43859.312
2026-06-01,213051582,85,34286.478
2025-07-01,213051583,4,2471.95
2025-08-01,213051583,2,675.0
2025-09-01,213051583,2,1520.0
2025-10-01,213051583,11,4412.938
2025-11-01,213051583,17,6945.535
2025-12-01,213051583,3,1300.255
2026-01-01,213051583,8,3303.466
2026-03-01,213051583,12,4114.116
2026-04-01,213051583,18,5762.444
2026-05-01,213051583,13,3957.84
2026-06-01,213051583,3,949.998
2025-07-01,213051584,104,40168.006
2025-08-01,213051584,65,26609.1
2025-09-01,213051584,77,30347.672
2025-10-01,213051584,76,29893.202
2025-11-01,213051584,60,22228.898
2025-12-01,213051584,41,16562.688
2026-01-01,213051584,28,11238.461
2026-02-01,213051584,49,18811.78
2026-03-01,213051584,63,24132.723
2026-04-01,213051584,63,22796.374
2026-05-01,213051584,43,15281.617
2026-06-01,213051584,104,36479.297
2025-07-01,213051585,1,400.0
2025-08-01,213051585,1,419.406
2025-10-01,213051585,4,1260.0
2025-11-01,213051585,4,2400.0
2025-12-01,213051585,2,840.0
2026-01-01,213051585,4,1400.0
2026-02-01,213051585,1,350.0
2026-03-01,213051585,4,1455.0
2026-06-01,213051585,1,773.591
2025-07-01,213051586,10,4687.37
2025-08-01,213051586,21,9991.648
2025-09-01,213051586,9,5006.662
2025-10-01,213051586,8,4355.743
2025-11-01,213051586,9,5901.236
2025-12-01,213051586,4,2067.575
2026-01-01,213051586,2,2250.0
2026-02-01,213051586,5,3430.752
2026-03-01,213051586,17,6024.627
2026-04-01,213051586,7,4836.341
2026-05-01,213051586,7,4318.968
2026-06-01,213051586,8,5836.924
2025-09-01,213051587,2,741.527
2025-10-01,213051587,2,537.504
2026-02-01,213051587,1,130.0
2026-04-01,213051587,1,897.5
2026-05-01,213051587,1,907.0
2026-06-01,213051587,4,4152.226
2025-07-01,213051588,3,2251.84
2025-08-01,213051588,1,310.0
2026-02-01,213051588,6,2211.244
2026-04-01,213051588,1,673.731
2026-05-01,213051588,2,1576.924
2025-07-01,213051589,43,13687.342
2025-08-01,213051589,31,10276.74
2025-09-01,213051589,68,19963.605
2025-10-01,213051589,63,17258.849
2025-11-01,213051589,23,7599.363
2025-12-01,213051589,25,8422.531
2026-01-01,213051589,13,4780.536
2026-02-01,213051589,49,17631.541
2026-03-01,213051589,64,22500.744
2026-04-01,213051589,33,14547.68
2026-05-01,213051589,43,14895.267
2026-06-01,213051589,39,16616.379
2025-07-01,213051590,1,348.5
2025-09-01,213051590,3,880.0
2025-10-01,213051590,2,429.725
2025-12-01,213051590,1,202.026
2026-01-01,213051590,2,700.0
2026-02-01,213051590,2,1206.425
2026-04-01,213051590,1,660.198
2026-05-01,213051590,1,350.85
2025-08-01,214011370,20,8490.0
2025-09-01,214011370,2,394.25
2025-10-01,214011370,1,124.6
2025-12-01,214011370,1,339.722
2026-01-01,214011370,2,820.0
2026-05-01,214011370,6,1695.0
2026-06-01,214011370,1,302.5
2025-07-01,214011371,3,3437.725
2025-08-01,214011371,3,1783.972
2025-09-01,214011371,10,3810.381
2025-10-01,214011371,7,2291.526
2025-11-01,214011371,98,82777.51
2025-12-01,214011371,2,1050.0
2026-01-01,214011371,1,202.314
2026-02-01,214011371,232,140933.09
2026-04-01,214011371,1,502.352
2026-05-01,214011371,2,1150.0
2026-06-01,214011371,1,616.0
2025-08-01,214011372,7,2847.82
2025-09-01,214011372,5,1950.0
2025-10-01,214011372,1,515.916
2025-11-01,214011372,4,1184.0
2025-12-01,214011372,1,245.133
2026-01-01,214011372,2,423.197
2026-03-01,214011372,17,9056.419
2026-04-01,214011372,1,350.0
2026-05-01,214011372,1,696.0
2026-06-01,214011372,1,451.0
2025-07-01,214011373,4,2695.347
2025-08-01,214011373,59,24881.944
2025-09-01,214011373,1,573.357
2025-10-01,214011373,4,2472.616
2025-11-01,214011373,2,1511.476
2026-01-01,214011373,1,1143.65
2026-02-01,214011373,2,2093.764
2026-03-01,214011373,3,3610.071
2026-04-01,214011373,1,202.762
2026-05-01,214011373,4,2058.5
2026-06-01,214011373,2,6623.321
2025-07-01,214011374,1,212.905
2025-08-01,214011374,2,1025.443
2025-09-01,214011374,2,1023.801
2025-11-01,214011374,2,832.33
2025-12-01,214011374,3,1606.389
2026-01-01,214011374,3,1645.83
2026-02-01,214011374,54,19307.466
2026-04-01,214011374,5,2199.263
2026-05-01,214011374,14,6579.325
2026-06-01,214011374,1,672.515
2025-07-01,214011375,6,3557.024
2025-08-01,214011375,9,3375.381
2025-09-01,214011375,8,3847.329
2025-10-01,214011375,9,5246.432
2025-11-01,214011375,6,2620.632
2025-12-01,214011375,4,2677.337
2026-01-01,214011375,11,4638.505
2026-02-01,214011375,8,4728.154
2026-03-01,214011375,1,110.0
2026-04-01,214011375,3,1488.549
2026-05-01,214011375,5,2691.409
2026-06-01,214011375,3,1448.5
2025-07-01,214011376,6,3288.534
2025-08-01,214011376,8,3662.356
2025-09-01,214011376,10,5094.8
2025-10-01,214011376,23,6068.904
2025-11-01,214011376,8,4543.516
2025-12-01,214011376,3,1164.755
2026-01-01,214011376,2,1315.593
2026-02-01,214011376,3,1375.657
2026-03-01,214011376,2,1428.7
2026-04-01,214011376,8,3539.632
2026-05-01,214011376,26,9925.881
2026-06-01,214011376,10,4854.327
2025-07-01,214021377,5,2811.0
2025-08-01,214021377,4,3275.891
2025-09-01,214021377,8,5466.509
2025-10-01,214021377,9,7302.426
2025-11-01,214021377,10,7948.695
2025-12-01,214021377,13,10393.585
2026-01-01,214021377,1,600.0
2026-02-01,214021377,15,11540.275
2026-03-01,214021377,7,4894.992
2026-04-01,214021377,99,55214.055
2026-05-01,214021377,7,4345.042
2026-06-01,214021377,7,6482.987
2025-07-01,214021378,3,4006.725
2025-08-01,214021378,2,3635.835
2025-09-01,214021378,3,6416.082
2025-10-01,214021378,4,9920.0
2025-11-01,214021378,3,12799.885
2025-12-01,214021378,3,2163.761
2026-01-01,214021378,2,2272.0
2026-02-01,214021378,3,9789.698
2026-03-01,214021378,1,1936.583
2026-05-01,214021378,2,2211.172
2026-06-01,214021378,4,6252.773
2025-07-01,214021379,2,625.666
2025-08-01,214021379,4,2097.824
2025-09-01,214021379,8,8854.88
2025-10-01,214021379,2,870.85
2025-11-01,214021379,10,5461.173
2025-12-01,214021379,5,3985.207
2026-01-01,214021379,9,3794.416
2026-02-01,214021379,4,1678.382
2026-03-01,214021379,7,3716.231
2026-04-01,214021379,1,999.915
2026-05-01,214021379,13,6049.304
2026-06-01,214021379,5,2485.641
2025-07-01,214021381,8,9803.376
2025-08-01,214021381,6,6588.808
2025-09-01,214021381,2,1245.0
2025-10-01,214021381,8,9484.396
2025-11-01,214021381,9,9652.437
2025-12-01,214021381,12,19523.8
2026-01-01,214021381,3,4500.0
2026-02-01,214021381,3,2399.196
2026-03-01,214021381,2,3893.474
2026-04-01,214021381,7,8273.367
2026-05-01,214021381,3,3408.354
2026-06-01,214021381,2,2938.264
2025-07-01,214021382,3,3154.279
2025-08-01,214021382,2,3794.224
2025-09-01,214021382,4,4570.735
2025-10-01,214021382,3,4327.378
2025-11-01,214021382,3,2667.425
2025-12-01,214021382,4,17313.232
2026-01-01,214021382,3,3539.54
2026-02-01,214021382,3,2494.661
2026-03-01,214021382,13,10571.58
2026-04-01,214021382,4,8560.592
2026-05-01,214021382,3,7147.588
2026-06-01,214021382,3,4555.146
2025-07-01,214021383,12,26658.077
2025-08-01,214021383,9,11099.841
2025-09-01,214021383,9,9156.146
2025-10-01,214021383,6,9760.62
2025-11-01,214021383,8,17819.006
2025-12-01,214021383,35,48206.749
2026-01-01,214021383,5,7556.043
2026-02-01,214021383,7,9789.421
2026-03-01,214021383,10,8867.686
2026-04-01,214021383,13,30901.494
2026-05-01,214021383,17,30690.538
2026-06-01,214021383,7,4751.778
2025-07-01,214021384,13,7450.0
2025-08-01,214021384,10,5114.664
2025-09-01,214021384,51,19805.497
2025-10-01,214021384,18,10169.839
2025-11-01,214021384,8,3782.1
2025-12-01,214021384,5,1704.433
2026-01-01,214021384,5,4633.0
2026-02-01,214021384,13,8633.285
2026-03-01,214021384,9,8499.951
2026-04-01,214021384,14,7517.983
2026-05-01,214021384,2,1981.032
2026-06-01,214021384,4,3824.454
2025-07-01,214021385,2,956.275
2025-08-01,214021385,1,335.824
2025-09-01,214021385,3,2172.186
2025-10-01,214021385,4,3030.776
2025-11-01,214021385,4,1797.233
2026-01-01,214021385,3,2999.709
2026-02-01,214021385,3,1472.65
2026-03-01,214021385,3,2250.571
2026-04-01,214021385,1,492.76
2026-05-01,214021385,2,1203.545
2026-06-01,214021385,2,2217.528
2025-07-01,214021591,3,1046.52
2025-08-01,214021591,1,460.429
2025-09-01,214021591,1,3300.0
2025-10-01,214021591,7,3668.5
2026-02-01,214021591,1,952.644
2026-06-01,214021591,2,1087.95
2025-07-01,214021592,12,11931.281
2025-08-01,214021592,7,5541.118
2025-09-01,214021592,1,850.0
2025-10-01,214021592,2,1884.728
2025-11-01,214021592,1,900.0
2025-12-01,214021592,1,50.0
2026-02-01,214021592,5,4044.615
2026-03-01,214021592,8,10373.572
2026-04-01,214021592,8,6387.234
2026-05-01,214021592,3,4552.224
2026-06-01,214021592,2,900.0
2025-07-01,215011386,3,1019.444
2025-08-01,215011386,4,1161.273
2025-09-01,215011386,4,1405.756
2025-10-01,215011386,1,576.0
2025-11-01,215011386,2,987.511
2025-12-01,215011386,3,1242.12
2026-02-01,215011386,1,510.191
2026-03-01,215011386,2,709.945
2026-04-01,215011386,6,2106.658
2026-05-01,215011386,7,2790.438
2025-08-01,215011387,3,1928.19
2025-09-01,215011387,1,240.0
2025-11-01,215011387,1,551.72
2025-12-01,215011387,1,502.0
2026-02-01,215011387,4,771.48
2026-03-01,215011387,1,568.146
2026-04-01,215011387,1,180.0
2026-05-01,215011387,1,528.6
2026-06-01,215011387,1,1010.83
2025-07-01,215011388,4,1723.068
2025-08-01,215011388,3,1885.525
2025-09-01,215011388,3,1237.128
2025-10-01,215011388,5,2503.981
2025-11-01,215011388,11,4795.239
2025-12-01,215011388,8,4238.496
2026-01-01,215011388,4,2393.707
2026-02-01,215011388,5,2820.816
2026-03-01,215011388,10,4953.523
2026-04-01,215011388,8,5057.304
2026-05-01,215011388,10,4998.112
2026-06-01,215011388,12,5818.651
2025-09-01,215011389,1,940.0
2025-10-01,215011389,1,785.333
2025-11-01,215011389,1,92.664
2025-12-01,215011389,1,445.172
2026-01-01,215011389,1,457.171
2026-04-01,215011389,1,99.0
2026-05-01,215011389,1,418.915
2025-08-01,215011390,1,430.455
2025-09-01,215011390,5,1781.154
2026-01-01,215011390,1,1184.639
2026-02-01,215011390,3,2302.654
2026-03-01,215011390,1,650.0
2026-04-01,215011390,1,366.33
2025-07-01,215011391,3,1724.883
2025-11-01,215011391,12,3891.981
2026-01-01,215011391,1,505.79
2025-07-01,215011392,5,2931.254
2025-09-01,215011392,3,1839.262
2025-10-01,215011392,1,611.34
2026-02-01,215011392,1,356.98
2026-03-01,215011392,2,935.592
2026-04-01,215011392,2,1235.658
2026-05-01,215011392,1,384.65
2026-06-01,215011392,2,1075.466
2025-11-01,215011393,1,707.86
2026-03-01,215011393,1,328.876
2025-07-01,215011394,1,75.05
2025-10-01,215011394,1,262.472
2025-11-01,215011394,1,330.225
2026-01-01,215011394,2,1043.247
2026-02-01,215011394,3,1318.126
2026-05-01,215011394,4,273.768
2026-06-01,215011394,1,580.173
2025-07-01,215021395,6,3116.939
2025-08-01,215021395,9,4804.154
2025-09-01,215021395,2,695.864
2025-10-01,215021395,9,3999.334
2025-11-01,215021395,4,2259.36
2025-12-01,215021395,1,485.0
2026-01-01,215021395,5,2034.041
2026-02-01,215021395,14,6415.62
2026-03-01,215021395,8,4906.754
2026-04-01,215021395,4,2454.976
2026-05-01,215021395,3,869.0
2026-06-01,215021395,5,2920.718
2025-07-01,215021396,2,973.659
2025-08-01,215021396,2,564.617
2025-09-01,215021396,2,1028.001
2025-10-01,215021396,7,2999.52
2025-11-01,215021396,4,1909.934
2025-12-01,215021396,1,293.0
2026-01-01,215021396,6,1390.929
2026-02-01,215021396,3,1037.734
2026-03-01,215021396,2,473.288
2026-04-01,215021396,7,3618.088
2026-05-01,215021396,2,678.737
2026-06-01,215021396,4,1978.786
2025-10-01,215021398,1,531.246
2025-11-01,215021398,1,650.0
2026-02-01,215021398,1,562.6
2026-05-01,215021398,1,235.658
2026-06-01,215021398,1,275.407
2025-07-01,215021399,2,746.155
2025-08-01,215021399,1,289.0
2025-09-01,215021399,2,655.624
2025-10-01,215021399,2,1026.0
2025-11-01,215021399,4,1688.971
2025-12-01,215021399,4,1349.9
2026-01-01,215021399,3,934.0
2026-02-01,215021399,6,2578.28
2026-03-01,215021399,6,2948.072
2026-04-01,215021399,5,2279.824
2026-05-01,215021399,7,3281.949
2026-06-01,215021399,6,4374.58
2025-07-01,215021469,4,2946.302
2025-08-01,215021469,1,120.0
2025-09-01,215021469,48,18115.437
2025-10-01,215021469,8,2975.0
2025-11-01,215021469,3,2401.27
2025-12-01,215021469,4,3645.0
2026-01-01,215021469,1,1054.973
2026-02-01,215021469,3,1275.0
2026-03-01,215021469,1,718.736
2026-05-01,215021469,6,3496.082
2026-06-01,215021469,4,1783.026
2025-07-01,215021470,12,5268.978
2025-08-01,215021470,12,5534.736
2025-09-01,215021470,21,8267.1
2025-10-01,215021470,10,4241.028
2025-11-01,215021470,14,6479.652
2025-12-01,215021470,12,4920.385
2026-01-01,215021470,8,3104.618
2026-02-01,215021470,14,5590.657
2026-03-01,215021470,16,6525.845
2026-04-01,215021470,18,7258.709
2026-05-01,215021470,32,13395.414
2026-06-01,215021470,14,6432.124
2025-08-01,215031400,2,638.44
2025-11-01,215031400,3,1028.623
2025-12-01,215031400,4,1127.483
2026-01-01,215031400,1,1449.2
2026-03-01,215031400,2,649.6
2026-04-01,215031400,3,1379.466
2026-05-01,215031400,1,350.0
2026-06-01,215031400,1,480.0
2025-09-01,215031401,1,498.15
2025-10-01,215031401,2,1418.972
2025-12-01,215031401,2,1412.884
2026-05-01,215031401,4,1677.713
2026-06-01,215031401,2,1052.389
2025-09-01,215031402,1,129.0
2025-10-01,215031402,2,1897.52
2026-02-01,215031402,1,573.997
2026-03-01,215031402,1,257.5
2026-04-01,215031402,1,802.0
2026-05-01,215031402,2,733.6
2025-07-01,215031403,10,3663.903
2026-06-01,215031403,4,1769.243
2025-07-01,215031404,14,4245.734
2025-08-01,215031404,2,1401.813
2025-09-01,215031404,7,7843.308
2025-10-01,215031404,12,4226.651
2025-11-01,215031404,4,1304.74
2025-12-01,215031404,7,1999.42
2026-01-01,215031404,12,4087.51
2026-02-01,215031404,4,2123.812
2026-03-01,215031404,16,7566.67
2026-04-01,215031404,5,2836.868
2026-05-01,215031404,5,2607.1
2026-06-01,215031404,5,3717.693
2025-07-01,215031405,1,640.006
2025-08-01,215031405,1,346.35
2025-09-01,215031405,1,283.079
2026-01-01,215031405,1,1300.0
2026-02-01,215031405,1,648.635
2026-05-01,215031405,1,116.735
2026-06-01,215031405,2,1341.455
2025-07-01,216011406,2,1104.851
2025-08-01,216011406,5,2832.087
2025-09-01,216011406,9,5915.198
2025-10-01,216011406,7,3983.336
2025-11-01,216011406,25,11253.302
2025-12-01,216011406,15,6869.78
2026-01-01,216011406,17,7348.331
2026-02-01,216011406,7,3745.079
2026-03-01,216011406,13,5961.937
2026-04-01,216011406,17,9486.314
2026-05-01,216011406,15,7805.1
2026-06-01,216011406,10,5310.671
2025-07-01,216011407,10,4449.222
2025-08-01,216011407,5,2180.379
2025-09-01,216011407,7,2923.179
2025-10-01,216011407,7,3270.953
2025-11-01,216011407,5,1933.811
2025-12-01,216011407,12,5191.603
2026-01-01,216011407,2,825.958
2026-02-01,216011407,6,2339.853
2026-03-01,216011407,8,3824.997
2026-04-01,216011407,3,1172.983
2026-05-01,216011407,7,2779.046
2026-06-01,216011407,7,3060.902
2025-07-01,216011408,1,670.578
2025-08-01,216011408,1,561.1
2025-09-01,216011408,2,1045.742
2025-10-01,216011408,2,524.557
2026-02-01,216011408,1,1033.4
2026-05-01,216011408,1,649.587
2026-06-01,216011408,1,595.09
2025-07-01,216011409,2,1396.336
2025-09-01,216011409,2,864.891
2025-10-01,216011409,1,406.388
2025-11-01,216011409,3,1353.801
2026-02-01,216011409,1,469.194
2025-07-01,216011410,1,487.534
2025-10-01,216011410,1,365.654
2025-12-01,216011410,1,503.024
2026-02-01,216011410,1,746.125
2026-04-01,216011410,1,331.91
2026-05-01,216011410,2,1532.875
2026-06-01,216011410,1,332.801
2025-07-01,216021411,39,5964.116
2025-08-01,216021411,2,1005.351
2025-09-01,216021411,4,4275.878
2025-10-01,216021411,10,4158.859
2025-11-01,216021411,8,3860.616
2025-12-01,216021411,3,1100.708
2026-01-01,216021411,4,1066.452
2026-02-01,216021411,5,2374.325
2026-03-01,216021411,11,5187.071
2026-04-01,216021411,3,1252.527
2026-05-01,216021411,9,3978.69
2026-06-01,216021411,9,2674.655
2025-07-01,216021412,2,1077.36
2025-08-01,216021412,1,231.36
2025-09-01,216021412,4,3160.711
2025-12-01,216021412,2,1415.781
2026-01-01,216021412,1,1413.568
2026-02-01,216021412,1,513.47
2026-05-01,216021412,2,1394.6
2026-06-01,216021412,3,1820.0
2025-07-01,216021413,11,2960.976
2025-08-01,216021413,2,708.099
2025-09-01,216021413,4,1366.16
2025-10-01,216021413,2,865.829
2025-11-01,216021413,6,2300.532
2025-12-01,216021413,2,2348.177
2026-01-01,216021413,4,2267.386
2026-02-01,216021413,4,3066.314
2026-03-01,216021413,2,1210.0
2026-04-01,216021413,1,659.745
2026-05-01,216021413,5,1077.34
2026-06-01,216021413,7,3017.351
2025-07-01,216021414,24,9362.279
2025-08-01,216021414,20,9305.755
2025-09-01,216021414,20,8074.526
2025-10-01,216021414,21,9530.785
2025-11-01,216021414,8,3224.528
2025-12-01,216021414,8,4075.117
2026-01-01,216021414,8,4059.546
2026-02-01,216021414,39,13696.114
2026-03-01,216021414,14,6375.629
2026-04-01,216021414,12,6050.499
2026-05-01,216021414,32,10303.947
2026-06-01,216021414,24,9985.287
2025-07-01,216031415,1,422.923
2025-08-01,216031415,1,371.329
2025-09-01,216031415,2,778.55
2025-10-01,216031415,6,2335.612
2025-11-01,216031415,3,1100.384
2026-01-01,216031415,1,369.431
2026-02-01,216031415,4,1663.148
2026-03-01,216031415,6,2412.22
2026-04-01,216031415,8,3179.234
2026-05-01,216031415,4,1529.018
2026-06-01,216031415,4,1552.656
2025-07-01,216031416,16,6149.234
2025-08-01,216031416,19,9837.098
2025-09-01,216031416,20,8648.475
2025-10-01,216031416,18,8558.08
2025-11-01,216031416,12,6104.85
2025-12-01,216031416,11,5348.152
2026-01-01,216031416,19,7871.079
2026-02-01,216031416,23,13299.239
2026-03-01,216031416,47,22588.591
2026-04-01,216031416,26,11972.722
2026-05-01,216031416,37,17237.446
2026-06-01,216031416,15,8239.719
2025-09-01,216031418,2,852.907
2025-11-01,216031418,1,393.438
2025-12-01,216031418,1,838.4
2026-02-01,216031418,1,517.84
2026-03-01,216031418,1,800.0
2026-04-01,216031418,1,493.9
2026-05-01,216031418,1,1582.43
2025-07-01,216031419,4,2658.257
2025-08-01,216031419,6,3334.061
2025-09-01,216031419,10,4242.242
2025-10-01,216031419,3,1053.15
2025-11-01,216031419,18,5106.825
2025-12-01,216031419,24,6854.013
2026-01-01,216031419,22,7363.771
2026-02-01,216031419,6,2377.627
2026-03-01,216031419,19,5920.313
2026-04-01,216031419,5,2313.67
2026-05-01,216031419,10,4598.29
2026-06-01,216031419,5,2311.21
2025-07-01,216031593,6,2856.766
2025-08-01,216031593,7,3312.551
2025-09-01,216031593,5,2305.445
2025-10-01,216031593,12,5268.822
2025-11-01,216031593,9,5245.449
2025-12-01,216031593,8,5126.365
2026-01-01,216031593,12,5822.085
2026-02-01,216031593,11,5120.528
2026-03-01,216031593,5,1828.867
2026-04-01,216031593,13,5790.45
2026-05-01,216031593,7,3663.982
2026-06-01,216031593,9,4103.71
2025-07-01,216031594,8,2435.964
2025-08-01,216031594,9,2990.12
2025-09-01,216031594,6,2387.915
2025-10-01,216031594,21,9536.959
2025-11-01,216031594,4,1508.724
2025-12-01,216031594,3,1462.873
2026-01-01,216031594,1,370.0
2026-02-01,216031594,8,3256.349
2026-03-01,216031594,5,1673.542
2026-04-01,216031594,7,2568.3
2026-05-01,216031594,21,6866.03
2026-06-01,216031594,27,8497.837
2025-07-01,217011420,2,1321.424
2025-08-01,217011420,1,330.0
2025-10-01,217011420,1,568.423
2025-11-01,217011420,1,650.0
2026-02-01,217011420,2,1519.0
2026-04-01,217011420,1,616.961
2026-05-01,217011420,1,499.4
2026-06-01,217011420,7,4006.122
2025-07-01,217011421,1,653.883
2025-09-01,217011421,2,746.113
2025-10-01,217011421,4,1503.731
2025-11-01,217011421,1,1272.602
2026-01-01,217011421,1,938.604
2026-02-01,217011421,12,6480.855
2026-03-01,217011421,1,741.689
2026-04-01,217011421,1,659.005
2026-05-01,217011421,1,529.921
2026-06-01,217011421,2,2102.352
2025-07-01,217011422,6,1927.513
2025-08-01,217011422,11,2307.62
2025-09-01,217011422,9,2810.622
2025-10-01,217011422,9,3290.16
2025-11-01,217011422,4,2327.944
2025-12-01,217011422,4,1417.524
2026-02-01,217011422,5,1624.095
2026-03-01,217011422,2,913.213
2026-04-01,217011422,3,1815.707
2026-05-01,217011422,2,668.041
2026-06-01,217011422,2,1348.0
2025-07-01,217011423,1,650.0
2025-10-01,217011423,3,1874.82
2025-11-01,217011423,1,209.14
2026-01-01,217011423,1,925.072
2026-02-01,217011423,1,428.032
2026-04-01,217011423,2,1049.374
2026-05-01,217011423,1,1288.71
2026-06-01,217011423,3,1774.178
2025-09-01,217031471,4,2036.428
2025-10-01,217031471,1,600.212
2025-11-01,217031471,2,500.0
2025-12-01,217031471,1,433.345
2026-02-01,217031471,1,586.629
2026-03-01,217031471,1,367.739
2026-05-01,217031471,2,1329.233
2026-06-01,217031471,1,414.444
2025-07-01,217031472,11,4452.589
2025-08-01,217031472,7,3098.644
2025-09-01,217031472,17,5011.226
2025-10-01,217031472,29,11428.851
2025-11-01,217031472,5,2142.247
2025-12-01,217031472,3,1079.985
2026-01-01,217031472,2,689.099
2026-02-01,217031472,8,4169.981
2026-03-01,217031472,11,4536.914
2026-04-01,217031472,14,5338.228
2026-05-01,217031472,11,4702.893
2026-06-01,217031472,21,9137.5
2025-07-01,217031473,3,1764.897
2025-08-01,217031473,3,1859.433
2025-09-01,217031473,1,190.0
2025-10-01,217031473,1,357.124
2025-11-01,217031473,2,1029.398
2025-12-01,217031473,2,1254.859
2026-01-01,217031473,3,1156.02
2026-02-01,217031473,1,325.0
2026-03-01,217031473,5,1992.028
2026-04-01,217031473,1,1200.0
2026-05-01,217031473,7,3734.549
2026-06-01,217031473,3,1346.559
2025-07-01,217031474,2,513.581
2025-10-01,217031474,1,535.432
2025-11-01,217031474,1,567.276
2025-12-01,217031474,1,1300.0
2026-02-01,217031474,1,335.913
2026-04-01,217031474,1,898.793
2026-05-01,217031474,1,564.057
2026-06-01,217031474,2,796.998
2025-07-01,217031475,1,746.5
2025-08-01,217031475,3,1410.226
2025-09-01,217031475,5,2298.695
2025-10-01,217031475,1,907.175
2025-11-01,217031475,3,1612.882
2025-12-01,217031475,1,482.0
2026-01-01,217031475,2,963.8
2026-02-01,217031475,6,2470.783
2026-04-01,217031475,3,2134.5
2026-05-01,217031475,1,599.997
2026-06-01,217031475,3,982.315
2025-07-01,217031476,4,2462.613
2025-08-01,217031476,3,2558.574
2025-09-01,217031476,1,300.0
2025-10-01,217031476,4,2688.984
2025-11-01,217031476,2,1101.996
2025-12-01,217031476,9,11332.293
2026-02-01,217031476,2,3041.516
2026-03-01,217031476,4,3275.5
2026-05-01,217031476,1,550.0
2026-06-01,217031476,5,7240.735
2025-07-01,217041477,2,2380.0
2025-08-01,217041477,2,861.991
2025-09-01,217041477,4,2290.614
2025-10-01,217041477,2,629.013
2026-01-01,217041477,1,108.25
2026-02-01,217041477,3,1033.492
2026-03-01,217041477,4,3352.184
2026-05-01,217041477,3,1280.807
2026-06-01,217041477,4,2478.86
2025-07-01,217041478,7,7553.951
2025-08-01,217041478,2,1269.451
2025-09-01,217041478,1,534.386
2025-10-01,217041478,3,1916.08
2025-11-01,217041478,2,2169.466
2025-12-01,217041478,2,938.965
2026-01-01,217041478,6,3169.537
2026-02-01,217041478,3,1153.795
2026-03-01,217041478,5,3816.507
2026-04-01,217041478,3,1461.002
2026-05-01,217041478,1,300.0
2026-06-01,217041478,7,4903.39
2025-07-01,217041479,23,9767.056
2025-08-01,217041479,19,7904.274
2025-09-01,217041479,15,5784.283
2025-10-01,217041479,17,6447.176
2025-11-01,217041479,38,17041.478
2025-12-01,217041479,22,8175.854
2026-01-01,217041479,14,6115.523
2026-02-01,217041479,45,19911.857
2026-03-01,217041479,37,14906.108
2026-04-01,217041479,36,14627.312
2026-05-01,217041479,33,13528.235
2026-06-01,217041479,29,11735.709
2025-07-01,217041480,7,4647.569
2025-08-01,217041480,5,2770.184
2025-09-01,217041480,3,1691.831
2025-10-01,217041480,6,4393.782
2025-11-01,217041480,1,903.5
2025-12-01,217041480,3,1496.753
2026-01-01,217041480,8,5074.316
2026-02-01,217041480,8,4777.946
2026-03-01,217041480,3,1072.645
2026-04-01,217041480,10,5082.478
2026-05-01,217041480,10,4719.526
2026-06-01,217041480,8,4089.775
2025-07-01,3,4619,2415023.208
2025-08-01,3,3989,2407797.858
2025-09-01,3,3869,2349938.473
2025-10-01,3,3602,1960136.832
2025-11-01,3,4845,3184065.574
2025-12-01,3,3536,1938050.895
2026-01-01,3,2635,1724140.846
2026-02-01,3,4162,3033463.301
2026-03-01,3,4388,2855521.683
2026-04-01,3,4059,2568198.767
2026-05-01,3,3458,1881725.904
2026-06-01,3,5423,3898711.524
2025-07-01,301011001,4,1557.579
2025-08-01,301011001,18,11101.154
2025-09-01,301011001,6,1713.586
2025-10-01,301011001,4,2157.22
2025-11-01,301011001,5,1557.876
2025-12-01,301011001,2,583.204
2026-01-01,301011001,1,296.883
2026-03-01,301011001,2,616.0
2026-04-01,301011001,4,2393.837
2026-05-01,301011001,1,277.624
2026-06-01,301011001,4,2343.201
2025-08-01,301011002,2,2458.689
2025-09-01,301011002,2,2294.925
2025-11-01,301011002,2,447.6
2025-12-01,301011002,6,4263.762
2026-01-01,301011002,3,3303.493
2026-02-01,301011002,2,2601.377
2026-03-01,301011002,2,1016.971
2026-04-01,301011002,2,5328.788
2026-05-01,301011002,1,690.702
2026-06-01,301011002,1,937.402
2025-07-01,301011003,8,3828.702
2025-08-01,301011003,3,1320.925
2025-09-01,301011003,6,1763.797
2025-10-01,301011003,5,4562.63
2025-11-01,301011003,8,3141.995
2025-12-01,301011003,5,2401.713
2026-01-01,301011003,9,4094.757
2026-02-01,301011003,10,4644.015
2026-03-01,301011003,26,11622.383
2026-04-01,301011003,7,3880.185
2026-05-01,301011003,7,3777.141
2026-06-01,301011003,18,6736.727
2025-07-01,301011004,9,3613.942
2025-08-01,301011004,1,527.545
2025-09-01,301011004,4,1018.6
2025-10-01,301011004,2,759.722
2025-11-01,301011004,4,1335.91
2025-12-01,301011004,6,3177.414
2026-01-01,301011004,8,3042.956
2026-02-01,301011004,6,3092.424
2026-03-01,301011004,4,3130.229
2026-04-01,301011004,5,2964.526
2026-05-01,301011004,6,2604.001
2026-06-01,301011004,13,4219.708
2025-07-01,301011005,3,1537.971
2025-08-01,301011005,1,309.936
2025-11-01,301011005,1,1426.268
2025-12-01,301011005,3,1201.575
2026-05-01,301011005,5,3149.07
2026-06-01,301011005,1,1783.5
2025-07-01,301011006,3,2479.1
2025-09-01,301011006,3,1965.247
2025-10-01,301011006,3,1945.0
2025-11-01,301011006,3,2068.318
2026-01-01,301011006,2,653.44
2026-02-01,301011006,2,1671.244
2026-04-01,301011006,4,2785.928
2026-05-01,301011006,3,2689.906
2026-06-01,301011006,2,1655.34
2025-07-01,301021007,13,6425.494
2025-08-01,301021007,3,1637.439
2025-09-01,301021007,34,23648.871
2025-10-01,301021007,4,1946.739
2025-11-01,301021007,53,41996.0
2025-12-01,301021007,3,2461.358
2026-01-01,301021007,1,1238.304
2026-02-01,301021007,3,1079.373
2026-03-01,301021007,2,1998.304
2026-04-01,301021007,5,5728.408
2026-05-01,301021007,10,7778.614
2026-06-01,301021007,129,68031.068
2025-07-01,301021008,2,1573.645
2025-08-01,301021008,5,4314.772
2025-12-01,301021008,2,2224.02
2026-01-01,301021008,2,1212.677
2026-02-01,301021008,26,15529.836
2026-03-01,301021008,2,3310.0
2026-04-01,301021008,6,5908.755
2026-05-01,301021008,8,4807.544
2026-06-01,301021008,1,655.791
2025-07-01,301021009,8,4623.384
2025-08-01,301021009,31,11855.292
2025-09-01,301021009,27,11903.304
2025-10-01,301021009,41,19554.398
2025-11-01,301021009,39,18142.113
2025-12-01,301021009,7,3821.081
2026-01-01,301021009,13,6380.043
2026-02-01,301021009,41,26138.93
2026-03-01,301021009,14,8149.543
2026-04-01,301021009,21,12149.803
2026-05-01,301021009,9,4224.586
2026-06-01,301021009,14,8733.834
2025-07-01,301021011,1,702.066
2025-08-01,301021011,1,330.0
2025-09-01,301021011,1,70.0
2025-10-01,301021011,2,1026.22
2025-12-01,301021011,2,985.0
2026-01-01,301021011,1,261.734
2026-03-01,301021011,1,275.0
2026-04-01,301021011,2,1420.169
2026-05-01,301021011,2,1134.82
2025-07-01,301021012,2,829.568
2025-08-01,301021012,45,18542.655
2025-09-01,301021012,6,5027.117
2025-10-01,301021012,2,609.733
2025-11-01,301021012,4,1048.37
2025-12-01,301021012,2,738.89
2026-01-01,301021012,1,520.619
2026-02-01,301021012,4,1859.626
2026-03-01,301021012,7,5426.682
2026-04-01,301021012,29,12681.768
2026-05-01,301021012,5,3099.271
2026-06-01,301021012,4,3165.821
2025-07-01,301021013,21,10538.861
2025-08-01,301021013,20,9103.035
2025-09-01,301021013,23,11136.543
2025-10-01,301021013,43,20581.468
2025-11-01,301021013,41,19838.977
2025-12-01,301021013,31,16540.625
2026-01-01,301021013,23,11660.652
2026-02-01,301021013,21,10617.215
2026-03-01,301021013,57,24916.921
2026-04-01,301021013,14,6640.585
2026-05-01,301021013,8,5018.466
2026-06-01,301021013,7,3738.535
2025-07-01,301021550,1,350.0
2025-09-01,301021550,5,7075.99
2026-01-01,301021550,1,380.0
2026-02-01,301021550,2,1548.0
2026-04-01,301021550,1,8030.0
2025-07-01,301021551,27,6365.239
2025-08-01,301021551,29,5936.269
2025-09-01,301021551,37,8005.254
2025-10-01,301021551,28,6390.485
2025-11-01,301021551,58,13266.19
2025-12-01,301021551,23,5369.383
2026-01-01,301021551,15,3975.502
2026-02-01,301021551,25,6859.89
2026-03-01,301021551,23,6193.432
2026-04-01,301021551,42,9409.11
2026-05-01,301021551,37,9831.544
2026-06-01,301021551,30,6991.953
2025-08-01,301031015,196,88811.011
2025-09-01,301031015,14,21241.558
2025-10-01,301031015,2,1508.249
2025-11-01,301031015,1,2021.052
2025-12-01,301031015,5,5135.683
2026-01-01,301031015,2,1743.461
2026-02-01,301031015,2,1353.042
2026-03-01,301031015,3,5025.631
2026-04-01,301031015,1,480.0
2026-05-01,301031015,3,1998.363
2026-06-01,301031015,4,5249.15
2025-08-01,301031016,2,1027.458
2025-09-01,301031016,1,747.552
2025-10-01,301031016,1,529.82
2025-11-01,301031016,1,120.0
2025-12-01,301031016,1,807.787
2026-02-01,301031016,2,1245.94
2026-04-01,301031016,3,2283.0
2026-05-01,301031016,1,852.91
2026-06-01,301031016,2,1640.349
2025-09-01,301031017,1,100.0
2025-12-01,301031017,1,632.076
2026-03-01,301031017,21,10107.661
2026-04-01,301031017,1,832.461
2026-05-01,301031017,2,1050.226
2025-07-01,301031018,1,497.502
2025-08-01,301031018,4,2211.495
2025-09-01,301031018,1,214.6
2025-10-01,301031018,2,1249.132
2025-12-01,301031018,2,748.517
2026-01-01,301031018,5,3822.807
2026-02-01,301031018,6,3822.897
2026-03-01,301031018,6,3365.717
2026-04-01,301031018,5,2166.111
2026-05-01,301031018,6,2635.573
2026-06-01,301031018,5,3018.04
2025-08-01,301031019,1,1075.857
2025-10-01,301031019,1,764.048
2026-04-01,301031019,1,619.487
2025-07-01,301031020,2,1359.278
2025-08-01,301031020,4,1552.931
2025-09-01,301031020,3,1853.057
2025-10-01,301031020,3,2602.551
2025-11-01,301031020,1,2142.997
2026-02-01,301031020,1,860.0
2026-03-01,301031020,2,2250.863
2026-04-01,301031020,7,4305.088
2026-05-01,301031020,2,1011.511
2026-06-01,301031020,7,8129.383
2025-07-01,301031021,4,10098.991
2025-08-01,301031021,3,1554.712
2025-09-01,301031021,9,5024.542
2025-10-01,301031021,7,5649.429
2025-11-01,301031021,3,1840.668
2025-12-01,301031021,4,2777.203
2026-01-01,301031021,9,5086.186
2026-02-01,301031021,7,4998.431
2026-03-01,301031021,5,2984.156
2026-04-01,301031021,3,1647.148
2026-05-01,301031021,4,2288.667
2026-06-01,301031021,5,3394.796
2025-07-01,302011022,1,432.008
2025-09-01,302011022,1,175.0
2025-11-01,302011022,2,1239.788
2026-01-01,302011022,1,461.136
2026-02-01,302011022,3,1598.938
2026-03-01,302011022,2,1069.576
2026-04-01,302011022,4,1431.941
2026-06-01,302011022,4,1827.098
2025-07-01,302011023,5,4208.338
2025-08-01,302011023,9,5428.124
2025-09-01,302011023,12,8567.47
2025-10-01,302011023,4,3069.601
2025-11-01,302011023,8,5717.825
2025-12-01,302011023,2,1151.636
2026-01-01,302011023,4,3028.641
2026-02-01,302011023,4,2553.357
2026-03-01,302011023,4,3749.273
2026-04-01,302011023,16,9172.88
2026-05-01,302011023,5,3793.449
2026-06-01,302011023,8,5772.371
2025-07-01,302011024,1,485.432
2025-08-01,302011024,71,35656.75
2025-10-01,302011024,2,1071.873
2025-11-01,302011024,1,708.421
2025-12-01,302011024,153,95329.99
2026-01-01,302011024,1,346.244
2026-03-01,302011024,1,750.0
2026-04-01,302011024,3,2603.622
2025-07-01,302011025,3,2166.841
2025-09-01,302011025,6,4877.99
2025-10-01,302011025,9,7034.143
2025-11-01,302011025,43,24390.905
2025-12-01,302011025,5,3116.254
2026-01-01,302011025,2,1518.435
2026-04-01,302011025,1,450.0
2026-05-01,302011025,4,3459.074
2025-07-01,302011026,23,12756.525
2025-09-01,302011026,1,734.129
2026-01-01,302011026,1,640.0
2026-03-01,302011026,1,648.5
2026-04-01,302011026,1,379.142
2026-05-01,302011026,1,564.13
2026-06-01,302011026,1,695.747
2025-10-01,302021027,3,1276.627
2025-12-01,302021027,1,150.0
2026-02-01,302021027,2,1325.385
2026-03-01,302021027,1,500.0
2026-04-01,302021027,3,2008.797
2026-05-01,302021027,3,1162.87
2026-06-01,302021027,3,2231.643
2025-07-01,302021028,4,3543.245
2025-10-01,302021028,64,27090.557
2025-11-01,302021028,2,1283.514
2026-01-01,302021028,2,753.0
2026-02-01,302021028,36,12751.278
2026-03-01,302021028,58,35025.766
2026-04-01,302021028,3,2381.134
2026-05-01,302021028,4,2215.2
2025-07-01,302021029,1,576.305
2025-08-01,302021029,2,1190.672
2025-09-01,302021029,3,2199.03
2025-10-01,302021029,2,1350.477
2025-11-01,302021029,1,304.19
2026-02-01,302021029,2,406.499
2026-03-01,302021029,2,857.43
2026-05-01,302021029,5,1834.778
2026-06-01,302021029,1,781.176
2025-07-01,302021030,1,900.0
2025-09-01,302021030,6,3358.797
2025-10-01,302021030,2,822.826
2025-11-01,302021030,2,2029.631
2026-01-01,302021030,1,722.309
2026-03-01,302021030,3,2502.865
2026-04-01,302021030,2,750.0
2026-05-01,302021030,1,785.0
2026-06-01,302021030,1,214.556
2025-07-01,302021031,6,3262.028
2025-08-01,302021031,10,8500.0
2025-09-01,302021031,7,2769.678
2025-10-01,302021031,2,1940.484
2025-12-01,302021031,5,3280.593
2026-01-01,302021031,1,758.75
2026-02-01,302021031,1,747.274
2026-03-01,302021031,10,8519.365
2026-04-01,302021031,2,2089.696
2026-05-01,302021031,3,2213.384
2025-08-01,302021032,65,46209.063
2025-09-01,302021032,4,2575.059
2025-10-01,302021032,2,1151.749
2025-11-01,302021032,5,2529.076
2025-12-01,302021032,1,1338.7
2026-03-01,302021032,11,8648.524
2026-05-01,302021032,1,580.0
2026-06-01,302021032,3,2087.313
2025-07-01,302021033,1,612.324
2025-08-01,302021033,2,1055.3
2025-11-01,302021033,1,773.0
2025-12-01,302021033,1,663.76
2026-02-01,302021033,1,1316.994
2026-03-01,302021033,1,800.0
2026-04-01,302021033,50,30000.0
2025-07-01,302021034,5,4189.166
2025-08-01,302021034,3,3294.681
2025-09-01,302021034,4,3567.229
2025-10-01,302021034,2,2098.187
2025-11-01,302021034,5,6638.869
2025-12-01,302021034,2,2165.595
2026-01-01,302021034,7,3377.438
2026-02-01,302021034,4,4710.169
2026-03-01,302021034,6,8368.058
2026-04-01,302021034,2,3212.877
2026-05-01,302021034,5,4396.273
2026-06-01,302021034,3,2538.138
2025-07-01,302031035,5,1710.072
2025-08-01,302031035,2,1192.736
2025-09-01,302031035,2,889.967
2025-11-01,302031035,2,890.841
2025-12-01,302031035,2,526.872
2026-01-01,302031035,3,1777.936
2026-02-01,302031035,1,351.752
2026-03-01,302031035,2,525.774
2026-04-01,302031035,3,1229.663
2026-05-01,302031035,1,303.663
2025-10-01,302031037,171,100000.0
2026-04-01,302031037,1,133.0
2026-05-01,302031037,200,150000.0
2026-06-01,302031037,166,108280.0
2025-07-01,302031038,5,3524.196
2025-08-01,302031038,3,1894.359
2025-09-01,302031038,2,1691.48
2025-10-01,302031038,2,1507.913
2025-11-01,302031038,4,4368.565
2025-12-01,302031038,1,970.6
2026-02-01,302031038,3,2181.05
2026-04-01,302031038,2,2225.0
2026-05-01,302031038,2,1435.565
2026-06-01,302031038,3,2112.476
2025-07-01,302031039,2,1047.864
2025-08-01,302031039,7,5768.152
2025-09-01,302031039,3,2097.764
2025-10-01,302031039,2,1213.311
2025-11-01,302031039,3,1489.87
2025-12-01,302031039,1,848.0
2026-01-01,302031039,2,915.0
2026-02-01,302031039,6,2786.32
2026-03-01,302031039,4,2968.463
2026-04-01,302031039,6,3390.795
2026-05-01,302031039,4,3288.299
2026-06-01,302031039,2,1416.727
2025-07-01,302031040,2,3275.974
2025-09-01,302031040,2,1519.022
2025-10-01,302031040,4,1905.35
2025-12-01,302031040,1,1499.716
2026-01-01,302031040,1,386.517
2026-03-01,302031040,1,2750.0
2026-04-01,302031040,3,2170.64
2026-05-01,302031040,2,1379.931
2025-07-01,302041041,8,3662.635
2025-08-01,302041041,5,2158.981
2025-09-01,302041041,5,2219.062
2025-10-01,302041041,1,793.447
2025-11-01,302041041,5,2230.299
2025-12-01,302041041,1,398.65
2026-01-01,302041041,1,698.453
2026-02-01,302041041,1,464.963
2026-03-01,302041041,2,887.546
2026-05-01,302041041,3,2100.5
2026-06-01,302041041,1,382.711
2025-07-01,302041042,1,460.437
2025-08-01,302041042,2,1224.248
2025-09-01,302041042,2,874.789
2025-12-01,302041042,2,1616.15
2026-02-01,302041042,1,110.0
2026-03-01,302041042,4,4606.037
2026-04-01,302041042,2,962.428
2026-05-01,302041042,3,3346.305
2026-06-01,302041042,4,2759.763
2025-07-01,302041043,1,850.0
2025-08-01,302041043,1,650.0
2025-09-01,302041043,1,110.0
2025-10-01,302041043,2,912.112
2025-12-01,302041043,1,468.609
2026-01-01,302041043,1,665.159
2026-02-01,302041043,1,200.0
2026-03-01,302041043,1,381.54
2026-04-01,302041043,1,440.0
2026-05-01,302041043,1,460.189
2026-06-01,302041043,3,2527.26
2025-07-01,302041044,1,1035.0
2025-10-01,302041044,1,231.06
2025-12-01,302041044,3,700.0
2026-03-01,302041044,3,2919.401
2026-04-01,302041044,2,2074.927
2026-05-01,302041044,1,1283.519
2025-07-01,302041045,3,1195.015
2025-08-01,302041045,2,996.96
2025-09-01,302041045,4,1687.525
2025-10-01,302041045,9,4690.556
2025-11-01,302041045,29,13267.479
2025-12-01,302041045,7,3276.842
2026-01-01,302041045,11,5117.69
2026-02-01,302041045,5,2441.573
2026-03-01,302041045,149,67196.707
2026-04-01,302041045,4,2646.035
2026-05-01,302041045,3,1418.905
2026-06-01,302041045,19,7624.668
2025-07-01,302041046,3,1878.541
2025-08-01,302041046,1,400.0
2025-11-01,302041046,1,778.166
2026-02-01,302041046,1,660.0
2026-03-01,302041046,3,1097.94
2026-04-01,302041046,23,5877.893
2026-05-01,302041046,2,467.036
2025-07-01,303011047,3,4440.018
2025-08-01,303011047,4,4379.691
2025-09-01,303011047,2,3167.0
2025-10-01,303011047,7,8962.316
2025-11-01,303011047,8,8194.011
2025-12-01,303011047,2,4021.753
2026-01-01,303011047,2,3778.94
2026-02-01,303011047,3,3616.798
2026-03-01,303011047,4,5694.829
2026-04-01,303011047,6,4515.378
2026-05-01,303011047,5,5450.992
2026-06-01,303011047,2,1824.75
2025-07-01,303011048,3,2587.578
2025-08-01,303011048,1,695.731
2025-09-01,303011048,5,2970.837
2025-10-01,303011048,1,495.475
2025-11-01,303011048,1,1000.0
2025-12-01,303011048,5,4781.336
2026-01-01,303011048,1,124.7
2026-02-01,303011048,2,3288.529
2026-03-01,303011048,6,5386.288
2026-04-01,303011048,4,3034.0
2026-05-01,303011048,5,5038.23
2026-06-01,303011048,2,1121.851
2025-07-01,303011049,4,3165.068
2025-08-01,303011049,19,11480.785
2025-09-01,303011049,7,5772.063
2025-10-01,303011049,12,8456.926
2025-11-01,303011049,5,4440.623
2025-12-01,303011049,1,842.932
2026-01-01,303011049,1,1018.885
2026-02-01,303011049,1,1220.0
2026-03-01,303011049,2,1986.447
2026-04-01,303011049,13,7045.331
2026-05-01,303011049,7,5045.173
2025-07-01,303011050,1,2000.0
2025-09-01,303011050,3,3432.001
2025-10-01,303011050,2,2187.738
2026-02-01,303011050,1,1400.0
2026-05-01,303011050,2,1478.838
2026-06-01,303011050,1,528.0
2025-07-01,303011051,3,2038.0
2025-09-01,303011051,1,2000.0
2025-10-01,303011051,1,1844.861
2025-12-01,303011051,1,604.078
2026-03-01,303011051,2,3796.727
2026-04-01,303011051,3,2188.865
2026-05-01,303011051,96,46642.69
2026-06-01,303011051,3,2175.942
2025-10-01,303021052,2,500.0
2025-12-01,303021052,1,978.459
2026-02-01,303021052,2,717.0
2026-03-01,303021052,3,2573.475
2026-04-01,303021052,2,1213.498
2026-05-01,303021052,1,501.128
2025-07-01,303021053,4,7080.0
2025-08-01,303021053,2,1955.638
2025-09-01,303021053,3,5349.625
2025-10-01,303021053,6,8385.856
2025-11-01,303021053,2,3210.0
2025-12-01,303021053,1,960.0
2026-01-01,303021053,6,5580.783
2026-02-01,303021053,3,4242.461
2026-03-01,303021053,6,14998.471
2026-04-01,303021053,2,1979.529
2026-05-01,303021053,4,4976.934
2026-06-01,303021053,1,1034.0
2025-08-01,303021054,2,1500.0
2025-10-01,303021054,1,595.0
2025-12-01,303021054,1,929.693
2026-03-01,303021054,1,680.689
2025-07-01,303021055,1,789.399
2025-09-01,303021055,3,3112.179
2025-10-01,303021055,88,55000.0
2026-01-01,303021055,13,16374.274
2026-03-01,303021055,2,2617.468
2026-04-01,303021055,1,665.628
2026-05-01,303021055,2,713.69
2025-07-01,303021056,4,4362.68
2025-08-01,303021056,7,9156.396
2025-09-01,303021056,5,3900.347
2025-10-01,303021056,6,5371.945
2025-11-01,303021056,2,5425.0
2025-12-01,303021056,3,4283.476
2026-01-01,303021056,5,5923.845
2026-02-01,303021056,1,734.655
2026-03-01,303021056,1,1201.238
2026-04-01,303021056,3,2948.549
2026-06-01,303021056,1,874.639
2025-07-01,303021057,1,1000.0
2025-08-01,303021057,1,980.0
2025-09-01,303021057,1,919.491
2025-10-01,303021057,3,2572.403
2025-11-01,303021057,2,1037.548
2026-02-01,303021057,2,3078.03
2026-04-01,303021057,1,1000.369
2026-05-01,303021057,5,3793.175
2026-06-01,303021057,1,1422.57
2025-08-01,303021058,1,1400.0
2025-09-01,303021058,82,52227.467
2025-11-01,303021058,1,355.2
2025-12-01,303021058,126,45000.0
2026-01-01,303021058,45,40000.0
2026-02-01,303021058,2,1450.0
2026-03-01,303021058,1,143.0
2026-04-01,303021058,3,1768.094
2026-05-01,303021058,1,1243.0
2025-07-01,303021059,1,9974.868
2025-09-01,303021059,8,4800.0
2025-12-01,303021059,1,1560.0
2026-01-01,303021059,4,5139.23
2026-02-01,303021059,4,5146.083
2026-03-01,303021059,1,800.0
2026-05-01,303021059,1,1089.0
2026-06-01,303021059,1,1307.717
2025-07-01,303031060,3,1641.552
2025-08-01,303031060,3,1647.115
2025-09-01,303031060,2,1195.4
2025-10-01,303031060,2,1965.264
2025-11-01,303031060,5,3874.21
2025-12-01,303031060,20,11500.0
2026-01-01,303031060,1,263.0
2026-02-01,303031060,4,2451.142
2026-03-01,303031060,3,1509.84
2026-04-01,303031060,5,3599.422
2026-05-01,303031060,1,836.308
2026-06-01,303031060,7,5706.714
2025-07-01,303031061,1,805.214
2025-08-01,303031061,2,1028.287
2025-09-01,303031061,1,200.0
2026-01-01,303031061,1,1044.342
2026-02-01,303031061,1,1000.0
2026-03-01,303031061,1,750.084
2026-05-01,303031061,1,248.5
2026-06-01,303031061,2,745.0
2025-07-01,303031062,2,1652.911
2025-08-01,303031062,1,725.15
2025-11-01,303031062,2,1327.616
2026-01-01,303031062,1,2000.0
2026-04-01,303031062,2,1431.976
2026-05-01,303031062,4,2950.807
2026-06-01,303031062,4,2501.544
2025-07-01,303031063,3,1296.746
2025-08-01,303031063,7,5947.198
2025-09-01,303031063,5,3435.153
2025-10-01,303031063,11,5590.434
2025-11-01,303031063,3,1259.99
2025-12-01,303031063,7,4963.952
2026-01-01,303031063,1,800.0
2026-02-01,303031063,6,5327.079
2026-03-01,303031063,1,800.0
2026-04-01,303031063,7,4652.34
2026-05-01,303031063,3,1762.626
2026-06-01,303031063,3,2204.596
2025-07-01,303031064,7,6210.722
2025-08-01,303031064,10,13052.473
2025-09-01,303031064,11,10161.469
2025-10-01,303031064,7,5550.962
2025-11-01,303031064,9,8182.433
2025-12-01,303031064,11,8165.671
2026-01-01,303031064,10,10840.743
2026-02-01,303031064,23,23643.2
2026-03-01,303031064,18,13836.87
2026-04-01,303031064,14,13425.829
2026-05-01,303031064,15,12836.819
2026-06-01,303031064,27,24587.604
2025-07-01,303031065,5,4655.124
2025-09-01,303031065,6,2332.645
2025-10-01,303031065,4,2775.602
2025-11-01,303031065,1,850.0
2025-12-01,303031065,88,42376.4
2026-01-01,303031065,1,750.0
2026-02-01,303031065,3,2466.64
2026-03-01,303031065,3,1521.17
2026-04-01,303031065,4,2592.592
2026-05-01,303031065,1,659.874
2026-06-01,303031065,1,727.56
2025-07-01,303031066,1,692.47
2025-08-01,303031066,1,870.444
2025-09-01,303031066,2,1203.828
2025-10-01,303031066,1,200.0
2025-11-01,303031066,1,681.686
2025-12-01,303031066,1,9358.567
2026-03-01,303031066,1,611.605
2026-04-01,303031066,1,285.0
2026-05-01,303031066,2,1846.719
2025-07-01,303041067,4,1540.561
2025-08-01,303041067,2,1295.358
2025-10-01,303041067,1,145.0
2025-11-01,303041067,1,120.0
2025-12-01,303041067,2,1006.096
2026-01-01,303041067,1,800.0
2026-02-01,303041067,2,1684.606
2026-03-01,303041067,56,31468.084
2026-04-01,303041067,2,1390.293
2026-05-01,303041067,2,1230.076
2026-06-01,303041067,1,871.818
2025-07-01,303041068,1,1037.233
2025-09-01,303041068,1,663.77
2025-10-01,303041068,1,2433.16
2025-11-01,303041068,1,294.739
2025-12-01,303041068,2,1842.064
2026-02-01,303041068,1,122.998
2026-04-01,303041068,2,694.023
2026-06-01,303041068,2,908.929
2025-08-01,303041069,2,2947.0
2025-10-01,303041069,3,3616.392
2025-11-01,303041069,1,1200.0
2026-01-01,303041069,2,2973.381
2026-02-01,303041069,5,5596.585
2026-03-01,303041069,1,724.45
2026-04-01,303041069,1,1250.0
2026-05-01,303041069,3,4336.102
2026-06-01,303041069,1,150.0
2025-07-01,303041070,2,702.492
2025-09-01,303041070,1,689.103
2025-10-01,303041070,2,366.86
2025-11-01,303041070,8,6058.664
2025-12-01,303041070,4,2429.141
2026-03-01,303041070,3,2708.571
2026-04-01,303041070,3,2098.689
2026-05-01,303041070,3,1774.332
2026-06-01,303041070,3,2517.297
2025-07-01,303041071,6,8274.782
2025-08-01,303041071,4,5135.691
2025-09-01,303041071,4,3512.0
2025-10-01,303041071,2,3112.055
2025-11-01,303041071,5,10936.941
2025-12-01,303041071,4,4525.295
2026-01-01,303041071,3,3248.512
2026-02-01,303041071,3,2791.356
2026-04-01,303041071,5,7099.458
2026-05-01,303041071,4,6650.43
2026-06-01,303041071,1,1096.079
2025-07-01,303051072,3,1396.48
2025-08-01,303051072,3,1715.615
2025-09-01,303051072,1,620.0
2025-10-01,303051072,1,260.0
2025-11-01,303051072,1,609.727
2025-12-01,303051072,1,884.063
2026-01-01,303051072,2,880.0
2026-02-01,303051072,1,457.337
2026-03-01,303051072,2,883.98
2026-04-01,303051072,4,1797.864
2026-05-01,303051072,2,1903.147
2026-06-01,303051072,8,5195.249
2025-07-01,303051073,5,3808.104
2025-08-01,303051073,3,2294.214
2025-09-01,303051073,8,6140.084
2025-10-01,303051073,7,4229.591
2025-11-01,303051073,4,4152.286
2025-12-01,303051073,1,1547.971
2026-01-01,303051073,5,3500.638
2026-02-01,303051073,4,3862.498
2026-03-01,303051073,4,3435.986
2026-04-01,303051073,2,1540.866
2026-05-01,303051073,1,680.0
2026-06-01,303051073,3,1626.416
2025-07-01,303051074,6,3687.614
2025-08-01,303051074,17,9120.809
2025-09-01,303051074,9,4344.825
2025-10-01,303051074,5,3004.982
2025-11-01,303051074,6,3438.545
2025-12-01,303051074,8,4384.872
2026-01-01,303051074,8,5354.557
2026-02-01,303051074,2,1375.484
2026-03-01,303051074,3,1493.62
2026-04-01,303051074,3,1390.811
2026-05-01,303051074,44,21609.433
2026-06-01,303051074,30,16215.861
2025-07-01,303051075,1,715.451
2025-08-01,303051075,1,590.051
2025-09-01,303051075,3,2004.9
2025-10-01,303051075,5,3074.544
2025-11-01,303051075,6,4000.586
2025-12-01,303051075,8,4158.671
2026-01-01,303051075,4,2417.194
2026-02-01,303051075,6,3782.082
2026-03-01,303051075,29,11739.106
2026-04-01,303051075,3,2381.233
2026-05-01,303051075,2,766.046
2026-06-01,303051075,3,2012.214
2025-07-01,303051076,17,6808.021
2025-08-01,303051076,1,642.0
2025-10-01,303051076,2,516.0
2025-11-01,303051076,2,280.0
2025-12-01,303051076,2,315.518
2026-03-01,303051076,1,425.381
2025-07-01,303061077,1,100.0
2025-09-01,303061077,1,440.0
2025-10-01,303061077,7,4590.356
2025-11-01,303061077,3,1376.37
2025-12-01,303061077,1,599.73
2026-01-01,303061077,2,1184.056
2026-02-01,303061077,1,626.126
2026-03-01,303061077,1,1203.051
2026-04-01,303061077,1,689.473
2026-05-01,303061077,1,385.0
2026-06-01,303061077,2,1340.017
2025-08-01,303061078,4,2098.132
2025-09-01,303061078,26,13461.0
2025-10-01,303061078,3,1049.5
2025-11-01,303061078,2,1725.0
2025-12-01,303061078,1,193.2
2026-02-01,303061078,1,1100.0
2026-04-01,303061078,2,355.0
2026-05-01,303061078,3,1987.5
2026-06-01,303061078,3,2221.255
2025-07-01,303061079,3,1962.9
2025-08-01,303061079,5,4236.556
2025-09-01,303061079,6,5107.548
2025-10-01,303061079,1,880.0
2025-11-01,303061079,3,1548.0
2025-12-01,303061079,2,1839.246
2026-01-01,303061079,2,1301.253
2026-02-01,303061079,4,2835.808
2026-03-01,303061079,5,3053.447
2026-04-01,303061079,6,2868.314
2026-05-01,303061079,1,851.2
2026-06-01,303061079,3,1922.163
2025-08-01,303061080,7,3832.81
2025-09-01,303061080,3,1985.063
2025-10-01,303061080,3,1587.46
2025-11-01,303061080,3,1870.059
2025-12-01,303061080,2,1756.283
2026-01-01,303061080,2,2696.968
2026-02-01,303061080,3,2134.74
2026-03-01,303061080,10,6831.737
2026-04-01,303061080,5,2595.0
2026-05-01,303061080,8,3581.482
2026-06-01,303061080,6,3776.348
2025-07-01,304011081,1,313.172
2025-09-01,304011081,127,65647.052
2025-10-01,304011081,1,1100.0
2025-11-01,304011081,1,3399.0
2026-02-01,304011081,1,2800.0
2026-04-01,304011081,1,270.43
2026-06-01,304011081,2,4079.946
2025-10-01,304011082,1,777.042
2026-05-01,304011082,3,1255.0
2025-07-01,304011083,1,477.183
2025-09-01,304011083,1,576.338
2026-05-01,304011083,1,670.0
2025-08-01,304011084,2,1398.174
2025-09-01,304011084,2,1372.12
2025-10-01,304011084,1,330.0
2025-11-01,304011084,1,729.843
2026-01-01,304011084,1,721.466
2026-05-01,304011084,1,677.911
2025-07-01,304021086,2,1040.0
2025-08-01,304021086,1,1100.0
2025-09-01,304021086,3,2394.77
2025-10-01,304021086,4,2346.23
2025-11-01,304021086,3,1914.123
2025-12-01,304021086,1,538.312
2026-01-01,304021086,4,2886.585
2026-02-01,304021086,4,2923.037
2026-03-01,304021086,2,1194.147
2026-04-01,304021086,2,735.877
2026-05-01,304021086,1,673.367
2026-06-01,304021086,2,1148.529
2025-07-01,304021087,1,150.0
2025-08-01,304021087,1,2378.555
2025-09-01,304021087,1,959.186
2025-10-01,304021087,1,1088.684
2025-11-01,304021087,1,684.388
2026-02-01,304021087,1,1772.529
2026-04-01,304021087,2,700.0
2026-06-01,304021087,1,550.0
2025-08-01,304021088,3,3000.761
2025-10-01,304021088,1,621.514
2025-11-01,304021088,1,881.196
2025-12-01,304021088,3,1091.484
2026-02-01,304021088,1,878.831
2026-04-01,304021088,1,553.499
2026-05-01,304021088,1,1023.2
2026-06-01,304021088,1,520.892
2025-08-01,304021089,1,510.872
2025-09-01,304021089,1,738.81
2025-12-01,304021089,1,2610.0
2026-03-01,304021089,1,1623.76
2026-04-01,304021089,2,1342.949
2026-05-01,304021089,1,800.0
2026-06-01,304021089,3,3524.812
2025-07-01,304021090,1,800.0
2025-08-01,304021090,1,799.654
2025-09-01,304021090,3,2340.973
2025-11-01,304021090,10,3590.136
2025-12-01,304021090,6,3422.717
2026-01-01,304021090,1,1260.212
2026-02-01,304021090,1,212.33
2026-03-01,304021090,1,510.0
2026-05-01,304021090,1,173.0
2026-06-01,304021090,3,738.414
2025-07-01,304021091,1,1243.051
2025-08-01,304021091,4,2032.042
2026-01-01,304021091,1,1534.44
2026-02-01,304021091,1,150.0
2026-03-01,304021091,1,10.5
2026-05-01,304021091,2,1248.298
2025-07-01,304031092,3,4927.799
2025-08-01,304031092,1,2000.0
2025-09-01,304031092,1,1674.228
2025-10-01,304031092,2,4308.407
2025-11-01,304031092,2,1761.939
2026-02-01,304031092,2,3488.195
2026-03-01,304031092,2,9066.4
2026-04-01,304031092,3,2269.671
2026-05-01,304031092,2,1616.186
2025-07-01,304031093,25,14100.0
2025-09-01,304031093,2,1879.592
2025-10-01,304031093,1,854.975
2025-11-01,304031093,2,3010.409
2025-12-01,304031093,1,786.951
2026-05-01,304031093,3,2471.426
2026-06-01,304031093,2,1296.38
2025-07-01,304031094,2,3267.767
2025-08-01,304031094,5,4807.375
2025-09-01,304031094,16,16700.0
2025-10-01,304031094,2,3529.6
2025-11-01,304031094,23,13200.0
2025-12-01,304031094,1,868.13
2026-01-01,304031094,2,4134.432
2026-02-01,304031094,1,977.952
2026-03-01,304031094,1,4267.682
2026-04-01,304031094,3,8219.33
2026-05-01,304031094,1,800.0
2026-06-01,304031094,11,18375.0
2025-07-01,304031095,1,795.0
2025-08-01,304031095,1,975.837
2025-09-01,304031095,2,1000.0
2025-10-01,304031095,3,1948.69
2025-11-01,304031095,1,767.065
2026-01-01,304031095,2,2776.87
2026-02-01,304031095,2,1455.165
2026-03-01,304031095,2,1387.465
2026-04-01,304031095,2,1996.0
2026-05-01,304031095,4,2599.954
2025-07-01,304031096,1,586.054
2026-02-01,304031096,1,1600.0
2026-03-01,304031096,2,2547.856
2026-04-01,304031096,1,2000.0
2026-05-01,304031096,2,2177.409
2026-06-01,304031096,2,2446.731
2025-09-01,304031097,1,649.0
2025-10-01,304031097,2,3000.0
2026-02-01,304031097,43,18000.0
2026-03-01,304031097,7,7547.275
2026-04-01,304031097,1,139.0
2026-06-01,304031097,1,1247.368
2025-07-01,304041098,2,1763.472
2025-08-01,304041098,1,920.3
2025-09-01,304041098,2,1293.88
2025-10-01,304041098,31,15877.716
2025-11-01,304041098,2,2605.447
2025-12-01,304041098,3,2904.416
2026-01-01,304041098,5,2991.162
2026-02-01,304041098,4,3365.177
2026-03-01,304041098,1,707.225
2026-04-01,304041098,2,1776.453
2026-05-01,304041098,4,3651.89
2026-06-01,304041098,2,1781.969
2025-07-01,304041100,6,4225.834
2025-08-01,304041100,3,2554.459
2025-09-01,304041100,2,1384.7
2025-10-01,304041100,9,8259.077
2025-11-01,304041100,4,3194.671
2025-12-01,304041100,7,7708.288
2026-01-01,304041100,1,2200.0
2026-02-01,304041100,3,3620.284
2026-03-01,304041100,3,2990.597
2026-04-01,304041100,5,3931.127
2026-05-01,304041100,4,3116.96
2026-06-01,304041100,11,9104.437
2025-07-01,304041101,3,1937.026
2025-08-01,304041101,2,1544.932
2025-09-01,304041101,2,1631.735
2025-11-01,304041101,2,646.132
2025-12-01,304041101,5,4832.705
2026-01-01,304041101,3,1929.994
2026-02-01,304041101,3,2729.324
2026-03-01,304041101,2,1048.906
2026-04-01,304041101,3,1775.747
2026-05-01,304041101,7,5204.503
2026-06-01,304041101,82,26985.186
2025-07-01,304041103,3,4020.4
2025-09-01,304041103,1,595.153
2025-10-01,304041103,1,21278.0
2026-01-01,304041103,2,1325.349
2026-02-01,304041103,6,4014.681
2026-03-01,304041103,2,1096.451
2026-05-01,304041103,1,573.41
2026-06-01,304041103,2,1391.962
2025-07-01,304041104,1,190.695
2025-08-01,304041104,1,690.7
2025-09-01,304041104,7,4924.186
2025-10-01,304041104,9,6782.884
2025-11-01,304041104,12,7150.881
2025-12-01,304041104,10,6533.966
2026-01-01,304041104,2,1027.206
2026-02-01,304041104,4,2876.543
2026-03-01,304041104,9,5576.059
2026-04-01,304041104,1,804.482
2026-05-01,304041104,6,3781.216
2026-06-01,304041104,11,7022.608
2025-10-01,305011105,1,355.0
2026-01-01,305011106,20,20000.0
2025-07-01,305011107,1,350.0
2025-08-01,305011107,6,4153.177
2025-09-01,305011107,4,2661.137
2025-12-01,305011107,3,4025.0
2026-01-01,305011107,1,1797.462
2026-02-01,305011107,1,1500.0
2026-03-01,305011107,1,4500.0
2026-04-01,305011107,1,150.0
2026-05-01,305011107,1,652.699
2025-07-01,305011108,1,2616.362
2025-10-01,305011108,1,710.0
2026-01-01,305011108,5,13000.0
2026-02-01,305011108,1,120.0
2025-08-01,305011109,1,2294.509
2025-10-01,305011109,5,24724.0
2026-02-01,305011109,9,11000.0
2026-03-01,305011109,41,65669.408
2026-06-01,305011109,2,1197.7
2025-08-01,305011110,324,110000.0
2025-09-01,305011110,268,240000.0
2025-11-01,305011110,56,19000.0
2025-12-01,305011110,204,200000.0
2026-02-01,305011110,147,200000.0
2026-05-01,305011110,60,24000.0
2026-06-01,305011110,569,551000.0
2025-09-01,305011111,1,350.0
2025-11-01,305011111,2,1453.907
2025-07-01,305011112,97,169512.5
2025-08-01,305011112,3,1876.464
2026-01-01,305011112,246,252518.845
2026-02-01,305011112,97,45254.1
2026-04-01,305011112,3,6200.395
2026-06-01,305011112,1,1145.662
2025-07-01,305021113,1,2150.0
2025-10-01,305021113,1,1484.894
2025-11-01,305021113,2,2085.16
2025-12-01,305021113,2,2429.303
2026-04-01,305021113,1,1600.0
2026-05-01,305021113,1,1839.986
2025-07-01,305021114,8,11368.17
2025-09-01,305021114,1,1065.413
2025-10-01,305021114,17,16318.576
2025-12-01,305021114,1,2364.574
2026-03-01,305021114,1,1092.122
2025-07-01,305021115,1,1286.767
2025-08-01,305021115,3,2913.5
2025-10-01,305021115,2,1200.728
2025-12-01,305021115,2,2051.665
2026-01-01,305021115,1,1158.293
2026-06-01,305021115,1,1382.457
2025-07-01,305021116,4,10292.806
2025-08-01,305021116,2,1684.0
2025-10-01,305021116,1,420.993
2025-11-01,305021116,2,7152.368
2026-03-01,305021116,1,2652.368
2025-07-01,305021117,12,9467.516
2025-08-01,305021117,5,8770.308
2025-09-01,305021117,10,8647.736
2025-10-01,305021117,4,5163.899
2025-11-01,305021117,7,9657.452
2025-12-01,305021117,4,4360.674
2026-01-01,305021117,2,3886.243
2026-02-01,305021117,5,6336.203
2026-03-01,305021117,4,3471.076
2026-04-01,305021117,5,4574.663
2026-05-01,305021117,1,883.916
2026-06-01,305021117,31,11811.576
2025-08-01,305021118,1,2250.0
2025-09-01,305021118,3,2823.569
2025-10-01,305021118,1,1646.441
2025-11-01,305021118,4,4332.726
2025-12-01,305021118,2,2057.3
2026-01-01,305021118,2,2335.7
2026-04-01,305021118,3,2129.406
2026-06-01,305021118,7,3957.293
2025-08-01,305031119,1,1300.0
2025-09-01,305031119,1,5984.452
2026-04-01,305031119,85,125458.15
2026-06-01,305031119,76,100000.0
2025-07-01,305031120,1,550.0
2025-08-01,305031120,2,1771.0
2025-10-01,305031120,11,6661.989
2025-11-01,305031120,3,3727.903
2025-12-01,305031120,2,2258.687
2026-02-01,305031120,2,2164.856
2026-03-01,305031120,1,1182.732
2026-05-01,305031120,1,2165.81
2026-06-01,305031120,1,1521.295
2025-08-01,305031121,1,7738.854
2025-10-01,305031121,74,80430.176
2026-03-01,305031121,2,2621.766
2026-04-01,305031121,1,6000.0
2026-05-01,305031121,1,1082.974
2025-08-01,305031122,16,5600.0
2025-09-01,305031122,9,9546.982
2025-11-01,305031122,1,711.451
2026-01-01,305031122,1,4200.0
2026-02-01,305031122,2,3000.0
2026-03-01,305031122,3,4845.255
2026-05-01,305031122,2,2720.842
2026-06-01,305031122,2,2291.722
2025-07-01,305031123,2,3116.001
2025-09-01,305031123,1,1161.0
2025-10-01,305031123,2,2263.605
2025-11-01,305031123,1,1595.27
2026-01-01,305031123,1,1988.169
2026-02-01,305031123,1,1064.7
2026-03-01,305031123,1,1100.0
2026-05-01,305031123,3,5682.788
2026-06-01,305031123,1,1600.0
2025-07-01,305031124,3,2000.0
2026-02-01,305031124,1,1600.0
2026-03-01,305031124,1,5000.0
2026-04-01,305031124,1,1128.53
2026-06-01,305031124,1,1128.53
2025-07-01,305031125,1,763.811
2025-09-01,305031125,3,3004.0
2025-10-01,305031125,4,4440.621
2025-11-01,305031125,1,750.0
2025-12-01,305031125,1,1189.357
2026-02-01,305031125,1,1900.0
2026-04-01,305031125,3,3633.684
2026-05-01,305031125,1,750.0
2026-06-01,305031125,1,1412.0
2025-07-01,305031126,15,10108.8
2025-08-01,305031126,2,2576.0
2025-09-01,305031126,8,4100.0
2026-02-01,305031126,2,1980.0
2026-03-01,305031126,1,488.322
2026-04-01,305031126,6,5029.2
2026-05-01,305031126,2,1669.568
2026-06-01,305031126,1,1628.633
2025-09-01,305031127,2,2742.906
2025-10-01,305031127,1,613.519
2025-11-01,305031127,2,1337.919
2026-06-01,305031127,3,1600.0
2025-08-01,305031128,122,145297.6
2025-09-01,305031128,62,102040.483
2026-01-01,305031128,40,30000.0
2026-04-01,305031128,40,64300.867
2026-06-01,305031128,195,200000.0
2025-07-01,305031129,2,1772.0
2025-10-01,305031129,4,2200.0
2025-12-01,305031129,2,2505.588
2026-03-01,305031129,2,3497.132
2025-07-01,305031130,3,2111.94
2025-09-01,305031130,51,14000.0
2025-10-01,305031130,2,3219.806
2025-11-01,305031130,1,156.0
2025-12-01,305031130,1,700.0
2026-01-01,305031130,3,2525.037
2026-02-01,305031130,6,4596.388
2026-04-01,305031130,211,105000.0
2026-05-01,305031130,7,10840.0
2025-07-01,305031131,24,12555.931
2025-08-01,305031131,103,39235.514
2025-09-01,305031131,18,12993.504
2025-10-01,305031131,1,970.0
2026-01-01,305031131,16,6400.0
2026-02-01,305031131,1,212.8
2026-03-01,305031131,2,1232.0
2026-04-01,305031131,1,1286.909
2026-05-01,305031131,4,2663.12
2025-07-01,305041132,2,1624.847
2025-08-01,305041132,4,4311.283
2025-10-01,305041132,1,1049.739
2025-11-01,305041132,2,3669.5
2025-12-01,305041132,1,1552.431
2026-01-01,305041132,5,4883.207
2026-02-01,305041132,1,1300.0
2026-03-01,305041132,9,6832.511
2026-04-01,305041132,4,5625.853
2026-05-01,305041132,2,1707.776
2026-06-01,305041132,1,2110.893
2025-08-01,305041133,1,800.0
2025-12-01,305041133,1,626.86
2026-02-01,305041133,2,1200.0
2026-03-01,305041133,1,1704.2
2026-05-01,305041133,36,30000.0
2025-07-01,305041134,2,1456.5
2025-08-01,305041134,2,5124.28
2025-09-01,305041134,1,1154.897
2025-11-01,305041134,1,1976.404
2026-03-01,305041134,1,1800.0
2026-05-01,305041134,1,1650.0
2026-06-01,305041134,2,5491.29
2025-08-01,305041135,1,296.843
2025-09-01,305041135,1,6040.935
2025-11-01,305041135,1,2500.0
2026-02-01,305041135,2,3365.0
2026-03-01,305041135,168,121699.489
2026-04-01,305041135,1,5200.0
2025-07-01,305041136,1,1802.884
2025-08-01,305041136,1,2700.0
2025-09-01,305041136,2,4145.025
2026-03-01,305041136,1,971.714
2026-04-01,305041136,1,384.388
2025-09-01,305041137,1,726.08
2025-10-01,305041137,11,8000.0
2025-11-01,305041137,3,3865.147
2026-01-01,305041137,4,6131.804
2026-02-01,305041137,4,5429.475
2026-04-01,305041137,33,25274.536
2026-05-01,305041137,1,1327.429
2025-08-01,306011138,3,1492.566
2025-09-01,306011138,2,1248.0
2025-10-01,306011138,2,1505.69
2026-01-01,306011138,1,567.39
2026-03-01,306011138,1,802.772
2026-04-01,306011138,3,1683.592
2026-05-01,306011138,4,5228.648
2025-07-01,306011139,24,8836.858
2025-08-01,306011139,9,4377.359
2025-09-01,306011139,5,3344.868
2025-10-01,306011139,18,7442.889
2025-11-01,306011139,12,7346.217
2025-12-01,306011139,12,5891.408
2026-01-01,306011139,7,4711.915
2026-02-01,306011139,2,1500.364
2026-03-01,306011139,14,6093.284
2026-04-01,306011139,12,5089.34
2026-05-01,306011139,11,4449.011
2026-06-01,306011139,9,6528.056
2025-07-01,306011140,13,2100.0
2025-09-01,306011140,2,995.0
2025-12-01,306011140,1,442.076
2026-05-01,306011140,1,750.0
2025-07-01,306011141,5,1541.595
2025-08-01,306011141,9,3257.219
2025-09-01,306011141,12,6133.176
2025-10-01,306011141,9,3978.315
2025-11-01,306011141,18,6192.932
2025-12-01,306011141,2,894.49
2026-01-01,306011141,10,3751.19
2026-02-01,306011141,2,553.099
2026-03-01,306011141,9,3054.906
2026-04-01,306011141,4,2076.711
2026-05-01,306011141,3,3049.92
2026-06-01,306011141,5,2492.566
2025-07-01,306011142,2,700.828
2025-08-01,306011142,7,2281.427
2025-09-01,306011142,3,1329.55
2025-10-01,306011142,4,2333.926
2025-11-01,306011142,3,961.782
2026-02-01,306011142,4,1543.138
2026-03-01,306011142,13,8583.974
2026-04-01,306011142,5,2273.015
2026-05-01,306011142,5,2871.958
2026-06-01,306011142,4,2284.945
2025-07-01,306011143,15,8839.04
2025-10-01,306011143,3,2841.622
2025-11-01,306011143,2,986.0
2026-01-01,306011143,3,1014.565
2026-03-01,306011143,4,1504.043
2026-06-01,306011143,18,4221.162
2025-07-01,306021144,2,753.382
2025-10-01,306021144,3,1286.393
2026-01-01,306021144,1,354.929
2026-02-01,306021144,4,1794.348
2026-03-01,306021144,2,649.6
2026-04-01,306021144,2,856.946
2026-05-01,306021144,3,1501.855
2026-06-01,306021144,3,1319.857
2025-07-01,306021145,40,28800.0
2025-11-01,306021145,1,451.765
2026-04-01,306021145,12,3169.7
2025-07-01,306021146,1,260.0
2025-09-01,306021146,2,947.905
2025-10-01,306021146,2,1413.972
2025-11-01,306021146,2,1785.093
2026-02-01,306021146,1,600.0
2025-07-01,306021147,5,2029.484
2025-08-01,306021147,10,4283.749
2025-10-01,306021147,2,837.717
2025-11-01,306021147,5,2498.881
2025-12-01,306021147,4,1866.669
2026-01-01,306021147,2,817.962
2026-02-01,306021147,2,1121.036
2026-03-01,306021147,7,2843.747
2026-04-01,306021147,6,2246.946
2026-05-01,306021147,2,1168.635
2026-06-01,306021147,7,2418.785
2025-07-01,306021148,17,9130.275
2025-08-01,306021148,23,11527.379
2025-09-01,306021148,14,6531.371
2025-10-01,306021148,14,6076.826
2025-11-01,306021148,10,5501.672
2025-12-01,306021148,7,2810.919
2026-01-01,306021148,4,1684.794
2026-02-01,306021148,8,3905.137
2026-03-01,306021148,31,12480.184
2026-04-01,306021148,16,6736.124
2026-05-01,306021148,16,7552.367
2026-06-01,306021148,35,17722.859
2025-07-01,306021149,7,2149.827
2025-08-01,306021149,1,1983.14
2025-10-01,306021149,2,1958.965
2025-11-01,306021149,1,588.45
2026-01-01,306021149,2,2141.733
2026-02-01,306021149,10,3742.374
2026-03-01,306021149,2,780.0
2026-05-01,306021149,1,1172.194
2026-06-01,306021149,1,101.2
2025-07-01,306021151,40,24027.9
2026-05-01,306021151,10,3342.348
2025-09-01,306021152,2,757.68
2026-01-01,306021152,2,769.23
2026-02-01,306021152,2,817.74
2026-03-01,306021152,3,1106.19
2026-04-01,306021152,2,837.21
2026-05-01,306021152,6,2307.69
2026-06-01,306021152,1,282.5
2025-07-01,306021153,2,1638.0
2025-09-01,306021153,5,1768.0
2025-12-01,306021153,2,605.0
2026-03-01,306021153,2,1107.0
2026-05-01,306021153,4,2164.9
2025-07-01,306021154,10,3169.7
2025-07-01,306021155,2,643.491
2025-08-01,306021155,10,3120.0
2025-09-01,306021155,3,1031.02
2025-10-01,306021155,1,337.75
2025-11-01,306021155,7,2476.1
2025-12-01,306021155,1,430.0
2026-01-01,306021155,6,1958.65
2026-02-01,306021155,10,3270.0
2026-03-01,306021155,11,6351.675
2026-04-01,306021155,3,796.485
2025-07-01,306021156,1,230.0
2025-08-01,306021156,1,725.0
2025-09-01,306021156,1,2000.0
2025-10-01,306021156,1,430.0
2025-11-01,306021156,3,1846.35
2025-12-01,306021156,1,300.0
2026-02-01,306021156,1,248.176
2026-06-01,306021156,1,536.746
2025-07-01,306021157,468,170000.0
2025-10-01,306021157,1,1278.009
2025-07-01,306031158,1,469.96
2025-09-01,306031158,2,216.0
2025-10-01,306031158,1,744.944
2025-11-01,306031158,3,1677.9
2025-12-01,306031158,3,819.3
2026-02-01,306031158,2,1305.0
2026-05-01,306031158,2,230.0
2026-06-01,306031158,2,547.465
2025-08-01,306031159,1,426.0
2025-09-01,306031159,7,2168.0
2025-11-01,306031159,4,1180.0
2026-01-01,306031159,4,1449.59
2026-02-01,306031159,27,9066.239
2026-03-01,306031159,1,521.747
2026-04-01,306031159,4,1292.0
2026-05-01,306031159,3,1144.586
2026-06-01,306031159,1,502.0
2025-07-01,306031160,2,900.651
2025-08-01,306031160,2,598.428
2025-10-01,306031160,3,1669.693
2025-11-01,306031160,2,1510.57
2026-01-01,306031160,1,177.54
2026-04-01,306031160,3,1064.561
2026-05-01,306031160,3,2343.788
2026-06-01,306031160,4,2034.855
2025-07-01,306031161,4,1224.398
2025-08-01,306031161,10,3967.75
2025-09-01,306031161,8,2015.434
2025-10-01,306031161,12,9492.433
2025-11-01,306031161,11,3216.89
2025-12-01,306031161,5,2598.777
2026-01-01,306031161,3,730.661
2026-02-01,306031161,7,4324.3
2026-03-01,306031161,10,3980.641
2026-04-01,306031161,6,2795.53
2026-05-01,306031161,12,3576.841
2026-06-01,306031161,9,4760.63
2026-06-01,306031163,31,15300.0
2025-07-01,306041164,4,1273.267
2025-08-01,306041164,2,619.224
2025-09-01,306041164,6,2767.428
2025-10-01,306041164,4,1533.68
2025-11-01,306041164,2,549.481
2025-12-01,306041164,1,250.0
2026-01-01,306041164,1,300.0
2026-02-01,306041164,2,1846.0
2026-03-01,306041164,3,1026.498
2026-04-01,306041164,1,438.903
2026-05-01,306041164,2,1139.637
2026-06-01,306041164,3,1561.067
2025-07-01,306041165,2,628.186
2025-08-01,306041165,3,795.166
2025-10-01,306041165,2,2176.924
2025-12-01,306041165,1,380.0
2026-01-01,306041165,2,1724.885
2026-03-01,306041165,5,8441.677
2026-04-01,306041165,1,300.0
2026-05-01,306041165,3,3246.251
2025-07-01,306051166,19,5716.957
2025-08-01,306051166,6,3366.399
2025-09-01,306051166,3,1358.489
2025-10-01,306051166,9,3505.592
2025-11-01,306051166,7,2964.803
2025-12-01,306051166,3,450.0
2026-01-01,306051166,6,1761.325
2026-02-01,306051166,3,1383.292
2026-03-01,306051166,9,3568.199
2026-04-01,306051166,12,4310.074
2026-05-01,306051166,3,1199.954
2026-06-01,306051166,10,4517.431
2025-08-01,306051167,1,460.0
2025-09-01,306051167,1,92.05
2025-10-01,306051167,2,1130.0
2026-02-01,306051167,1,140.721
2026-03-01,306051167,1,130.0
2026-05-01,306051167,1,220.0
2026-06-01,306051167,1,340.0
2025-08-01,306051168,1,632.012
2025-10-01,306051168,1,440.0
2025-11-01,306051168,1,110.0
2026-03-01,306051168,1,242.364
2026-04-01,306051168,1,165.0
2026-05-01,306051168,2,802.67
2025-07-01,306051169,9,5113.946
2025-08-01,306051169,11,7072.85
2025-09-01,306051169,12,4479.773
2025-10-01,306051169,17,7006.804
2025-11-01,306051169,7,3262.03
2025-12-01,306051169,1,342.268
2026-01-01,306051169,5,2313.454
2026-02-01,306051169,7,2486.559
2026-03-01,306051169,10,4977.815
2026-04-01,306051169,13,9083.772
2026-05-01,306051169,5,4131.398
2026-06-01,306051169,9,3840.849
2025-07-01,306051170,9,3619.489
2025-08-01,306051170,11,5517.77
2025-09-01,306051170,10,3826.813
2025-10-01,306051170,6,2674.815
2025-11-01,306051170,1,165.0
2025-12-01,306051170,5,2259.342
2026-01-01,306051170,3,1277.848
2026-02-01,306051170,4,1934.317
2026-03-01,306051170,2,857.457
2026-04-01,306051170,4,1754.477
2026-05-01,306051170,2,594.0
2026-06-01,306051170,8,3170.938
2025-10-01,307011171,3,1931.0
2025-11-01,307011171,1,89.0
2026-01-01,307011171,2,368.017
2026-05-01,307011171,3,2695.588
2025-07-01,307011172,2,523.258
2025-08-01,307011172,2,663.82
2025-09-01,307011172,6,2347.917
2025-10-01,307011172,1,410.0
2026-01-01,307011172,1,350.0
2026-02-01,307011172,2,1034.746
2026-03-01,307011172,1,310.0
2026-04-01,307011172,1,195.0
2026-05-01,307011172,1,561.307
2026-06-01,307011172,1,527.346
2025-08-01,307011173,1,555.253
2026-02-01,307011173,4,4888.955
2026-03-01,307011173,2,1230.675
2026-05-01,307011173,1,626.049
2026-06-01,307011173,6,3148.96
2025-10-01,307011174,1,76.0
2025-11-01,307011174,2,2549.787
2025-12-01,307011174,1,95.0
2026-01-01,307011174,1,399.0
2026-03-01,307011174,1,608.626
2026-06-01,307011174,1,400.0
2025-07-01,307011175,1,266.32
2025-11-01,307011175,1,300.0
2025-07-01,307011176,1,525.0
2025-10-01,307011176,1,338.57
2026-01-01,307011176,1,340.0
2026-03-01,307011176,1,674.866
2026-05-01,307011176,1,650.0
2025-07-01,307011177,1,484.089
2025-09-01,307011177,1,500.0
2025-10-01,307011177,1,182.0
2026-05-01,307011177,1,350.0
2025-07-01,307011178,3,250.0
2025-08-01,307011178,2,130.0
2025-10-01,307011178,1,152.08
2025-11-01,307011178,1,80.0
2026-02-01,307011178,1,80.0
2026-03-01,307011178,1,250.0
2026-04-01,307011178,1,80.0
2026-06-01,307011178,1,69.4
2025-07-01,307021179,3,1249.481
2025-08-01,307021179,3,2807.156
2025-09-01,307021179,2,1091.0
2025-10-01,307021179,2,657.531
2025-11-01,307021179,6,2584.594
2025-12-01,307021179,3,1510.265
2026-01-01,307021179,1,280.0
2026-02-01,307021179,4,1713.802
2026-03-01,307021179,27,9042.781
2026-04-01,307021179,30,13194.974
2026-05-01,307021179,15,7240.994
2026-06-01,307021179,15,7210.669
2025-09-01,307021180,3,1524.104
2025-10-01,307021180,3,1093.416
2026-02-01,307021180,1,950.0
2026-03-01,307021180,1,535.517
2026-04-01,307021180,1,443.736
2026-05-01,307021180,1,437.474
2026-06-01,307021180,1,502.596
2025-07-01,307021181,3,661.252
2025-08-01,307021181,1,130.0
2025-12-01,307021181,1,120.0
2026-01-01,307021181,1,215.0
2026-06-01,307021181,2,685.5
2025-07-01,307021182,6,2944.534
2025-08-01,307021182,21,8515.246
2025-09-01,307021182,1,421.03
2025-10-01,307021182,5,1855.787
2025-11-01,307021182,3,1462.876
2025-12-01,307021182,2,770.883
2026-02-01,307021182,2,754.915
2026-03-01,307021182,6,2489.54
2026-04-01,307021182,4,1193.203
2026-06-01,307021182,1,368.06
2025-07-01,307021183,5,2661.383
2025-08-01,307021183,5,2852.765
2025-10-01,307021183,4,1755.601
2025-12-01,307021183,2,1213.518
2026-01-01,307021183,1,517.169
2026-02-01,307021183,2,1360.0
2026-03-01,307021183,1,817.285
2026-04-01,307021183,3,1651.0
2026-05-01,307021183,4,1863.762
2026-06-01,307021183,3,2128.605
2025-07-01,307031184,2,726.0
2025-08-01,307031184,2,934.969
2025-09-01,307031184,2,1358.501
2025-11-01,307031184,2,200.0
2025-12-01,307031184,3,1719.846
2026-01-01,307031184,10,5574.749
2026-03-01,307031184,1,510.505
2026-04-01,307031184,2,795.339
2026-05-01,307031184,1,59.0
2026-06-01,307031184,1,448.65
2025-07-01,307031185,5,2753.993
2025-08-01,307031185,1,440.0
2025-10-01,307031185,6,1904.02
2025-11-01,307031185,2,1015.091
2025-12-01,307031185,3,2213.75
2026-01-01,307031185,2,516.075
2026-02-01,307031185,4,3316.059
2026-03-01,307031185,6,1772.137
2026-04-01,307031185,1,250.0
2026-05-01,307031185,1,492.917
2026-06-01,307031185,2,410.0
2025-07-01,307031186,1,438.823
2025-08-01,307031186,3,726.325
2025-09-01,307031186,1,416.38
2025-10-01,307031186,3,475.5
2025-11-01,307031186,3,1215.15
2025-12-01,307031186,2,705.275
2026-01-01,307031186,3,1509.687
2026-02-01,307031186,8,2234.774
2026-03-01,307031186,1,155.0
2026-04-01,307031186,4,800.0
2026-05-01,307031186,4,354.07
2026-06-01,307031186,5,1032.263
2025-07-01,307031187,1,650.0
2025-08-01,307031187,2,1245.875
2025-09-01,307031187,1,450.0
2025-11-01,307031187,4,1400.0
2025-12-01,307031187,1,423.318
2026-01-01,307031187,2,2272.442
2026-02-01,307031187,1,319.877
2026-03-01,307031187,3,1659.878
2026-04-01,307031187,2,280.0
2026-05-01,307031187,2,730.744
2026-06-01,307031187,4,2072.889
2025-09-01,307031188,1,400.0
2025-10-01,307031188,1,210.0
2025-11-01,307031188,2,615.5
2025-12-01,307031188,1,450.0
2026-02-01,307031188,3,1176.29
2026-03-01,307031188,1,189.0
2026-04-01,307031188,1,300.0
2026-05-01,307031188,3,1519.571
2026-06-01,307031188,2,700.0
2025-07-01,307031189,14,5465.052
2025-08-01,307031189,14,4741.892
2025-09-01,307031189,14,5740.778
2025-10-01,307031189,6,2174.814
2025-11-01,307031189,10,4399.108
2025-12-01,307031189,18,8251.488
2026-01-01,307031189,10,3926.7
2026-02-01,307031189,40,20532.373
2026-03-01,307031189,14,3594.127
2026-04-01,307031189,7,2587.961
2026-05-01,307031189,7,2587.708
2026-06-01,307031189,2,794.684
2026-01-01,308011190,27,12200.0
2026-03-01,308011190,1,1100.0
2025-07-01,308011191,2,1280.994
2025-09-01,308011191,1,1177.729
2025-11-01,308011191,1,185.5
2026-02-01,308011191,1,868.26
2026-03-01,308011191,1,480.0
2026-04-01,308011191,3,1790.433
2026-06-01,308011191,2,1200.864
2025-07-01,308011192,18,11751.2
2025-09-01,308011192,1,468.55
2025-10-01,308011192,3,1744.389
2025-11-01,308011192,4,1159.643
2025-12-01,308011192,5,1020.408
2026-01-01,308011192,1,462.0
2026-02-01,308011192,1,617.5
2026-03-01,308011192,4,2139.952
2026-05-01,308011192,1,495.0
2025-07-01,308031205,2,221.199
2025-08-01,308031205,8,2424.672
2025-09-01,308031205,2,1510.0
2025-10-01,308031205,3,642.95
2025-11-01,308031205,7,2291.18
2026-02-01,308031205,22,6972.0
2026-03-01,308031205,1,300.0
2026-04-01,308031205,1,489.684
2025-09-01,308031206,1,530.0
2025-10-01,308031206,1,402.218
2025-12-01,308031206,1,293.0
2026-01-01,308031206,1,376.0
2025-07-01,308031207,3,1011.799
2025-08-01,308031207,6,2876.996
2025-09-01,308031207,7,3935.79
2025-10-01,308031207,1,600.0
2025-11-01,308031207,3,1593.103
2025-12-01,308031207,2,577.5
2026-01-01,308031207,5,1814.561
2026-02-01,308031207,2,1050.0
2026-03-01,308031207,3,1224.0
2026-04-01,308031207,3,1851.618
2026-05-01,308031207,4,2102.664
2026-06-01,308031207,2,580.0
2025-07-01,308031208,1,200.0
2025-08-01,308031208,3,866.18
2025-09-01,308031208,1,454.5
2026-02-01,308031208,1,315.271
2026-03-01,308031208,2,730.475
2025-07-01,308031209,3,1449.175
2025-08-01,308031209,3,1645.276
2025-09-01,308031209,3,1972.812
2025-10-01,308031209,3,1568.372
2025-12-01,308031209,2,1222.4
2026-01-01,308031209,1,529.975
2026-02-01,308031209,4,2263.568
2026-03-01,308031209,4,2096.467
2026-05-01,308031209,2,1330.837
2026-06-01,308031209,4,2403.013
2025-07-01,308031210,3,1245.823
2025-09-01,308031210,7,4000.0
2026-01-01,308031210,1,413.6
2026-02-01,308031210,3,995.7
2026-04-01,308031210,1,250.962
2026-06-01,308031210,11,4507.874
2025-07-01,308031211,1,650.0
2025-09-01,308031211,1,500.69
2025-11-01,308031211,1,605.057
2026-02-01,308031211,1,473.265
2026-03-01,308031211,1,508.0
2025-08-01,308031212,1,100.0
2026-05-01,308031212,1,155.1
2026-06-01,308031212,1,489.286
2025-07-01,308031213,4,1109.67
2025-08-01,308031213,3,963.3
2025-10-01,308031213,19,7710.68
2025-11-01,308031213,6,2269.647
2025-12-01,308031213,3,1478.42
2026-02-01,308031213,3,1477.359
2026-03-01,308031213,2,705.091
2026-04-01,308031213,2,945.3
2026-05-01,308031213,3,930.78
2025-08-01,308031214,1,236.362
2026-06-01,308031214,1,61.6
2025-07-01,308031215,1,643.0
2025-08-01,308031215,9,5015.27
2025-09-01,308031215,6,3209.317
2025-10-01,308031215,4,2127.341
2025-11-01,308031215,11,5347.201
2025-12-01,308031215,8,4870.943
2026-01-01,308031215,2,1065.241
2026-02-01,308031215,23,9705.862
2026-03-01,308031215,6,2935.715
2026-04-01,308031215,18,9176.748
2026-05-01,308031215,22,11131.079
2026-06-01,308031215,21,10543.75
2025-08-01,308031216,2,645.0
2025-11-01,308031216,1,437.8
2026-04-01,308031216,1,906.435
2026-05-01,308031216,1,374.0
2025-11-01,308031217,18,8311.881
2026-02-01,308031217,1,433.369
2026-04-01,308031217,2,1027.074
2026-06-01,308031217,1,624.22
2025-07-01,308031218,2,1394.582
2025-10-01,308031218,4,1588.503
2025-11-01,308031218,1,738.263
2025-12-01,308031218,1,336.0
2026-03-01,308031218,3,1372.537
2026-06-01,308031218,5,2641.116
2025-07-01,308031219,2,950.0
2025-08-01,308031219,1,122.756
2025-09-01,308031219,1,60.0
2025-10-01,308031219,3,2120.818
2025-12-01,308031219,3,1630.387
2026-01-01,308031219,3,2180.787
2026-02-01,308031219,1,1450.0
2026-03-01,308031219,3,1984.47
2026-04-01,308031219,3,2384.249
2026-05-01,308031219,1,125.0
2026-06-01,308031219,2,1519.0
2025-08-01,308031220,2,1367.411
2025-09-01,308031220,2,852.0
2025-10-01,308031220,1,150.0
2025-11-01,308031220,2,966.843
2025-12-01,308031220,1,589.2
2026-02-01,308031220,1,486.689
2026-03-01,308031220,1,507.0
2026-04-01,308031220,2,1363.183
2026-05-01,308031220,2,206.6
2026-06-01,308031220,1,140.0
2025-07-01,308031222,1,141.0
2025-08-01,308031222,3,1336.322
2026-02-01,308031222,10,5742.888
2026-04-01,308031222,1,531.314
2026-05-01,308031222,2,2114.053
2025-07-01,308031223,7,6396.194
2025-08-01,308031223,7,4441.118
2025-09-01,308031223,5,1867.982
2025-10-01,308031223,7,2973.921
2025-11-01,308031223,3,2438.737
2025-12-01,308031223,6,3016.506
2026-01-01,308031223,4,1755.539
2026-02-01,308031223,20,9500.776
2026-03-01,308031223,33,17682.605
2026-04-01,308031223,10,4511.102
2026-05-01,308031223,32,13949.094
2026-06-01,308031223,41,19103.317
2025-07-01,308041528,1,500.0
2025-08-01,308041528,3,3010.0
2025-09-01,308041528,1,100.0
2025-10-01,308041528,1,789.505
2025-11-01,308041528,1,284.0
2025-12-01,308041528,1,785.26
2026-02-01,308041528,2,577.141
2026-04-01,308041528,1,280.0
2026-06-01,308041528,2,595.426
2025-08-01,308041529,10,1500.0
2025-09-01,308041529,1,250.0
2025-12-01,308041529,1,300.0
2026-01-01,308041529,1,395.0
2026-03-01,308041529,1,125.0
2026-04-01,308041529,3,425.0
2025-07-01,308051530,2,476.207
2025-08-01,308051530,5,4328.075
2025-09-01,308051530,3,1364.321
2025-10-01,308051530,7,3122.489
2025-11-01,308051530,10,4456.878
2025-12-01,308051530,9,4008.609
2026-01-01,308051530,9,3709.493
2026-02-01,308051530,6,2977.407
2026-03-01,308051530,7,3288.974
2026-04-01,308051530,5,2660.203
2026-05-01,308051530,7,4642.449
2026-06-01,308051530,6,7813.014
2025-07-01,308051531,2,919.39
2025-08-01,308051531,2,1442.327
2025-09-01,308051531,7,4518.25
2025-10-01,308051531,7,3008.903
2025-11-01,308051531,5,2842.396
2025-12-01,308051531,3,1516.565
2026-01-01,308051531,3,2413.58
2026-02-01,308051531,3,1706.197
2026-03-01,308051531,6,2929.108
2026-04-01,308051531,3,1600.585
2026-05-01,308051531,10,5589.007
2026-06-01,308051531,1,497.519
2025-07-01,308051533,8,2884.37
2025-08-01,308051533,2,739.0
2025-09-01,308051533,2,719.77
2025-10-01,308051533,9,4214.985
2025-11-01,308051533,4,1843.721
2025-12-01,308051533,2,926.017
2026-01-01,308051533,2,1125.714
2026-03-01,308051533,3,1053.394
2026-05-01,308051533,3,1470.459
2025-08-01,308051534,1,649.59
2025-09-01,308051534,1,364.9
2026-06-01,308051534,1,780.0
2025-07-01,308051535,2,849.959
2025-08-01,308051535,2,1255.968
2025-09-01,308051535,4,2258.864
2025-10-01,308051535,2,1444.5
2025-12-01,308051535,1,661.9
2026-01-01,308051535,2,752.945
2026-02-01,308051535,1,326.74
2026-04-01,308051535,3,4335.811
2026-05-01,308051535,4,1656.366
2026-06-01,308051535,3,1993.837
2025-11-01,308051536,2,878.083
2025-07-01,308051538,1,578.2
2025-08-01,308051538,1,642.0
2025-09-01,308051538,2,840.0
2025-10-01,308051538,1,342.5
2025-11-01,308051538,1,535.736
2025-12-01,308051538,4,1844.14
2026-01-01,308051538,1,733.9
2026-02-01,308051538,1,660.393
2026-03-01,308051538,4,1764.69
2026-04-01,308051538,22,7790.224
2026-05-01,308051538,5,2131.66
2026-06-01,308051538,2,1080.546
2025-07-01,309011224,2,6610.34
2025-08-01,309011224,8,9572.306
2025-09-01,309011224,7,19146.606
2025-10-01,309011224,8,11755.033
2025-11-01,309011224,1,5444.242
2026-01-01,309011224,3,8005.75
2026-02-01,309011224,2,1980.0
2026-03-01,309011224,3,8688.8
2026-04-01,309011224,6,6686.423
2026-05-01,309011224,1,2000.0
2026-06-01,309011224,3,10738.86
2025-07-01,309011225,2,2700.0
2025-08-01,309011225,34,84306.997
2025-09-01,309011225,3,8825.119
2025-10-01,309011225,5,6214.848
2025-11-01,309011225,2,721.175
2025-12-01,309011225,1,1085.635
2026-01-01,309011225,1,2200.0
2026-03-01,309011225,7,9731.256
2026-04-01,309011225,3,2452.063
2026-05-01,309011225,32,88930.0
2026-06-01,309011225,3,4211.353
2025-07-01,309011226,5,5798.3
2025-08-01,309011226,1,1600.0
2025-09-01,309011226,6,8015.675
2025-10-01,309011226,5,3593.155
2025-11-01,309011226,6,6249.858
2025-12-01,309011226,2,3352.554
2026-03-01,309011226,7,8855.538
2026-04-01,309011226,7,8427.673
2026-05-01,309011226,2,4444.198
2026-06-01,309011226,3,2790.125
2025-08-01,309011227,80,174771.708
2025-09-01,309011227,182,180990.0
2025-11-01,309011227,34,59911.911
2025-12-01,309011227,65,72500.0
2026-01-01,309011227,38,124290.186
2026-02-01,309011227,213,550610.796
2026-06-01,309011227,92,150200.0
2025-07-01,309011228,6,11214.766
2025-08-01,309011228,5,10861.876
2025-09-01,309011228,7,11115.0
2025-10-01,309011228,3,4797.0
2025-11-01,309011228,983,1207718.302
2025-12-01,309011228,2,2950.0
2026-01-01,309011228,59,66117.098
2026-02-01,309011228,4,4990.0
2026-03-01,309011228,5,5650.4
2026-04-01,309011228,6,10008.603
2026-05-01,309011228,8,10157.911
2026-06-01,309011228,6,13642.181
2025-08-01,309011229,37,72284.264
2025-09-01,309011229,5,4154.639
2026-01-01,309011229,2,2223.654
2026-02-01,309011229,3,4092.053
2026-03-01,309011229,4,1861.34
2026-05-01,309011229,6,7500.0
2026-06-01,309011229,3,2295.018
2025-08-01,309021230,7,11349.5
2025-09-01,309021230,97,30000.0
2025-10-01,309021230,2,3000.0
2025-12-01,309021230,1,3774.068
2026-03-01,309021230,70,222179.0
2026-04-01,309021230,87,130000.0
2026-06-01,309021230,65,90000.0
2025-07-01,309021231,23,43127.581
2025-08-01,309021231,1,1006.5
2025-10-01,309021231,4,4098.312
2025-11-01,309021231,7,20000.0
2025-12-01,309021231,5,8505.0
2026-01-01,309021231,1,2800.0
2026-02-01,309021231,49,44576.788
2026-03-01,309021231,26,33000.01
2026-04-01,309021231,10,24000.0
2026-06-01,309021231,4,7898.435
2025-07-01,309021232,3,1180.0
2025-09-01,309021232,1,2480.0
2025-11-01,309021232,3,3225.759
2026-01-01,309021232,2,1607.85
2026-03-01,309021232,1,970.0
2026-04-01,309021232,31,18379.601
2026-05-01,309021232,1,346.0
2026-06-01,309021232,5,2725.012
2025-07-01,309021233,1,350.802
2026-01-01,309021233,1,220.0
2026-04-01,309021233,3,1500.0
2026-05-01,309021233,1,1020.037
2026-06-01,309021233,3,891.792
2025-07-01,309021234,9,8419.061
2025-08-01,309021234,24,34800.0
2025-09-01,309021234,37,53879.873
2025-10-01,309021234,3,3036.529
2025-11-01,309021234,120,109293.621
2025-12-01,309021234,4,9524.125
2026-01-01,309021234,7,12104.777
2026-02-01,309021234,107,99031.653
2026-03-01,309021234,3,4897.12
2026-04-01,309021234,36,36554.142
2026-05-01,309021234,4,4701.34
2026-06-01,309021234,9,11338.243
2025-08-01,309031235,1,82.0
2026-04-01,309031235,1,500.0
2025-07-01,309031236,7,2500.0
2025-08-01,309031236,14,31003.169
2025-10-01,309031236,1,800.0
2025-11-01,309031236,3,2970.0
2025-12-01,309031236,2,949.0
2026-01-01,309031236,4,2442.316
2026-06-01,309031236,91,55000.0
2025-07-01,309031237,1,474.474
2025-10-01,309031237,2,550.0
2026-03-01,309031237,2,816.52
2025-07-01,309031238,4,1630.189
2025-08-01,309031238,4,2413.657
2025-09-01,309031238,3,1332.842
2025-10-01,309031238,1,233.847
2025-11-01,309031238,1,344.636
2025-12-01,309031238,3,2260.0
2026-01-01,309031238,3,1595.119
2026-02-01,309031238,8,4320.836
2026-03-01,309031238,2,1293.552
2026-04-01,309031238,1,380.0
2026-05-01,309031238,2,1509.915
2026-06-01,309031238,3,2254.696
2025-07-01,309031239,2,5571.05
2025-08-01,309031239,5,2383.673
2025-09-01,309031239,8,1750.0
2025-10-01,309031239,6,5788.088
2025-11-01,309031239,2,1500.0
2025-12-01,309031239,25,13974.013
2026-02-01,309031239,10,12120.0
2026-03-01,309031239,1,250.895
2026-04-01,309031239,12,10990.0
2026-05-01,309031239,2,1106.59
2026-06-01,309031239,7,8281.273
2025-07-01,309031240,7,4840.235
2025-08-01,309031240,1,413.0
2025-10-01,309031240,1,9945.057
2025-11-01,309031240,3,2967.507
2026-03-01,309031240,1,150.0
2026-04-01,309031240,9,10800.0
2026-06-01,309031240,1,4000.0
2025-07-01,309041241,1,2950.0
2025-08-01,309041241,1,535.147
2025-10-01,309041241,1,450.0
2025-12-01,309041241,1,707.2
2026-01-01,309041241,1,700.0
2026-02-01,309041241,1,278.85
2026-04-01,309041241,1,150.0
2026-05-01,309041241,2,713.872
2025-07-01,309041242,11,6263.477
2025-08-01,309041242,3,914.89
2025-09-01,309041242,27,9462.129
2025-10-01,309041242,21,7126.727
2025-11-01,309041242,6,6430.195
2025-12-01,309041242,8,2114.237
2026-01-01,309041242,6,2977.575
2026-02-01,309041242,4,2164.709
2026-03-01,309041242,4,1931.915
2026-04-01,309041242,2,1567.38
2026-05-01,309041242,27,9273.094
2026-06-01,309041242,6,2592.154
2025-07-01,309051243,5,4225.333
2025-08-01,309051243,2,539.486
2025-09-01,309051243,4,2061.073
2025-10-01,309051243,7,12014.887
2026-01-01,309051243,3,1969.344
2026-02-01,309051243,2,3260.0
2026-03-01,309051243,3,654.0
2026-04-01,309051243,2,6508.42
2026-05-01,309051243,2,1244.139
2026-06-01,309051243,3,911.688
2025-07-01,309051244,1,180.0
2025-09-01,309051244,1,1665.315
2025-10-01,309051244,2,1073.5
2025-11-01,309051244,3,2074.902
2025-12-01,309051244,4,3570.0
2026-01-01,309051244,3,2109.465
2026-02-01,309051244,4,7378.458
2026-03-01,309051244,3,3511.82
2026-04-01,309051244,4,1894.867
2026-05-01,309051244,5,3467.584
2026-06-01,309051244,3,1540.52
2025-07-01,309051245,3,2486.0
2025-08-01,309051245,1,972.928
2025-09-01,309051245,2,2338.678
2025-10-01,309051245,4,5040.812
2025-12-01,309051245,1,1500.0
2026-02-01,309051245,1,28.0
2026-03-01,309051245,2,1959.388
2026-04-01,309051245,2,1709.148
2026-05-01,309051245,1,1166.518
2026-06-01,309051245,1,2100.0
2025-10-01,309061246,59,35000.0
2025-12-01,309061246,1,280.662
2026-01-01,309061246,1,1200.0
2026-02-01,309061246,2,2670.31
2026-03-01,309061246,2,874.241
2026-04-01,309061246,4,1856.433
2026-05-01,309061246,2,1092.621
2026-06-01,309061246,3,932.1
2025-07-01,309061247,1,849.12
2025-08-01,309061247,3,1905.752
2025-11-01,309061247,1,235.967
2026-01-01,309061247,1,353.243
2026-04-01,309061247,1,240.0
2026-05-01,309061247,1,165.65
2025-07-01,309061248,3,1484.559
2025-08-01,309061248,2,1472.314
2025-09-01,309061248,4,2271.057
2025-10-01,309061248,7,3377.483
2025-11-01,309061248,6,5063.962
2025-12-01,309061248,8,3741.657
2026-01-01,309061248,5,3101.681
2026-02-01,309061248,14,8022.799
2026-03-01,309061248,4,2332.795
2026-04-01,309061248,7,2965.776
2026-05-01,309061248,9,4721.248
2026-06-01,309061248,7,3427.659
2025-07-01,309061249,1,340.445
2025-08-01,309061249,4,1546.782
2025-09-01,309061249,2,546.045
2025-10-01,309061249,1,115.0
2025-11-01,309061249,1,195.3
2026-05-01,309061249,1,64.864
2026-06-01,309061249,2,413.613
2025-07-01,309061250,14,11734.368
2025-08-01,309061250,8,3257.756
2025-09-01,309061250,2,1603.435
2025-10-01,309061250,8,3468.305
2025-11-01,309061250,4,2565.441
2025-12-01,309061250,4,2808.75
2026-01-01,309061250,2,1195.152
2026-02-01,309061250,2,1450.0
2026-03-01,309061250,4,4855.912
2026-04-01,309061250,24,15704.79
2026-05-01,309061250,12,8232.267
2026-06-01,309061250,12,9789.368
2025-07-01,309071251,2,900.0
2025-08-01,309071251,2,788.352
2025-10-01,309071251,13,6357.522
2026-01-01,309071251,3,991.501
2026-02-01,309071251,1,389.84
2026-06-01,309071251,14,7621.15
2025-07-01,309071252,118,93438.102
2025-08-01,309071252,4,2911.092
2025-09-01,309071252,7,6210.394
2025-10-01,309071252,7,5533.45
2025-11-01,309071252,2,2202.869
2025-12-01,309071252,4,2201.648
2026-01-01,309071252,1,1100.0
2026-02-01,309071252,3,1639.76
2026-03-01,309071252,5,6495.402
2026-04-01,309071252,5,6392.317
2026-05-01,309071252,8,5332.704
2026-06-01,309071252,4,3882.912
2025-07-01,309071253,25,16017.108
2025-08-01,309071253,3,2702.331
2025-09-01,309071253,3,4499.9
2025-10-01,309071253,4,3900.252
2025-11-01,309071253,211,102847.65
2025-12-01,309071253,1,1512.943
2026-01-01,309071253,4,9493.733
2026-02-01,309071253,1,1230.0
2026-03-01,309071253,43,26700.0
2026-04-01,309071253,2,1929.073
2026-05-01,309071253,4,6537.756
2026-06-01,309071253,2,5599.98
2025-07-01,309071254,6,5580.82
2025-08-01,309071254,4,3222.225
2025-09-01,309071254,4,3338.622
2025-10-01,309071254,8,5243.711
2025-11-01,309071254,3,3831.214
2025-12-01,309071254,3,2791.926
2026-01-01,309071254,3,2139.375
2026-02-01,309071254,35,27935.784
2026-03-01,309071254,4,3687.607
2026-04-01,309071254,3,2071.082
2026-05-01,309071254,2,1466.753
2026-06-01,309071254,6,8396.402
2025-07-01,309071256,26,13256.533
2025-08-01,309071256,2,1131.309
2025-09-01,309071256,3,830.0
2025-10-01,309071256,3,1000.0
2025-11-01,309071256,2,866.298
2026-01-01,309071256,3,541.715
2026-02-01,309071256,3,797.0
2026-03-01,309071256,1,162.0
2025-07-01,309071552,3,1411.39
2025-08-01,309071552,12,5833.34
2025-09-01,309071552,2,781.49
2025-10-01,309071552,7,3336.417
2025-11-01,309071552,1,880.0
2025-12-01,309071552,4,1528.893
2026-01-01,309071552,1,480.0
2026-02-01,309071552,6,3775.222
2026-03-01,309071552,2,7712.482
2026-04-01,309071552,2,1108.69
2026-05-01,309071552,9,4207.271
2026-06-01,309071552,1,450.0
2025-07-01,309071553,1,230.351
2025-08-01,309071553,4,852.825
2025-09-01,309071553,3,2536.457
2025-10-01,309071553,1,500.07
2025-11-01,309071553,3,1417.62
2025-12-01,309071553,2,1229.103
2026-01-01,309071553,2,1147.0
2026-02-01,309071553,2,856.0
2026-03-01,309071553,3,1749.294
2026-04-01,309071553,2,978.011
2026-05-01,309071553,3,1427.9
2025-07-01,309071554,1,505.685
2025-08-01,309071554,1,150.0
2025-09-01,309071554,1,317.712
2025-10-01,309071554,1,1220.0
2025-11-01,309071554,3,1357.412
2026-02-01,309071554,6,2386.05
2026-03-01,309071554,2,832.608
2026-04-01,309071554,1,145.0
2025-07-01,309071555,1,157.6
2025-10-01,309071555,1,460.0
2025-11-01,309071555,4,1950.047
2025-12-01,309071555,2,1093.303
2026-01-01,309071555,4,1860.75
2026-05-01,309071555,73,45000.0
2026-06-01,309071555,1,495.0
2025-09-01,309071556,2,2049.571
2025-10-01,309071556,4,1921.591
2025-11-01,309071556,3,1375.067
2025-12-01,309071556,1,912.25
2026-02-01,309071556,2,1814.484
2026-03-01,309071556,2,1993.848
2026-04-01,309071556,6,12998.12
2026-05-01,309071556,2,3310.488
2026-06-01,309071556,10,4654.973
2025-08-01,309071557,1,700.0
2025-09-01,309071557,1,197.95
2025-10-01,309071557,26,18111.582
2025-11-01,309071557,18,10834.76
2025-12-01,309071557,7,4852.255
2026-01-01,309071557,8,5256.367
2026-02-01,309071557,3,1738.64
2026-03-01,309071557,5,2472.521
2026-04-01,309071557,9,5778.302
2026-05-01,309071557,4,2238.408
2026-06-01,309071557,7,4356.96
2025-07-01,309071558,2,769.799
2025-08-01,309071558,12,5597.953
2025-09-01,309071558,8,3136.896
2025-10-01,309071558,9,4408.681
2025-11-01,309071558,6,3683.489
2025-12-01,309071558,2,706.0
2026-01-01,309071558,1,306.787
2026-02-01,309071558,6,2301.84
2026-03-01,309071558,13,5020.4
2026-05-01,309071558,7,2555.757
2026-06-01,309071558,12,4934.834
2025-07-01,309081259,1,1270.0
2026-02-01,309081259,1,1300.0
2025-07-01,309081260,1,225.839
2025-09-01,309081260,1,407.833
2025-11-01,309081260,1,578.464
2026-05-01,309081260,1,317.0
2025-07-01,309081262,289,116100.0
2025-08-01,309081262,1,523.452
2025-09-01,309081262,1,400.25
2026-03-01,309081262,156,200000.0
2026-06-01,309081262,2,1048.172
2025-07-01,309081559,1,250.0
2025-11-01,309081559,21,13866.847
2025-07-01,309091263,3,1856.852
2025-08-01,309091263,1,705.84
2025-10-01,309091263,35,18697.453
2025-11-01,309091263,2,1255.225
2025-12-01,309091263,1,441.6
2026-01-01,309091263,3,1226.242
2026-02-01,309091263,5,3742.166
2026-04-01,309091263,1,1200.0
2026-05-01,309091263,3,1937.894
2026-06-01,309091263,2,699.47
2025-09-01,309091264,2,425.974
2026-01-01,309091264,2,284.909
2026-02-01,309091264,3,2196.096
2026-04-01,309091264,1,274.8
2026-06-01,309091264,2,513.284
2025-12-01,309091265,1,375.0
2026-02-01,309091265,1,684.905
2026-03-01,309091265,1,290.0
2025-07-01,309091540,201,75191.0
2025-09-01,309091540,8,3631.648
2025-10-01,309091540,2,1200.0
2025-11-01,309091540,1,293.0
2026-01-01,309091540,3,2220.0
2026-02-01,309091540,2,2232.482
2026-05-01,309091540,5,2460.099
2025-07-01,309091541,1,499.8
2025-08-01,309091541,4,4966.308
2025-09-01,309091541,2,3508.593
2025-10-01,309091541,113,72573.258
2025-11-01,309091541,5,3316.406
2025-12-01,309091541,8,5765.837
2026-01-01,309091541,1,1100.0
2026-02-01,309091541,3,1850.0
2026-03-01,309091541,383,416446.011
2026-04-01,309091541,1,693.585
2026-05-01,309091541,21,15308.866
2026-06-01,309091541,40,22783.775
2025-08-01,309101267,2,1500.0
2025-09-01,309101267,1,1000.0
2026-02-01,309101267,1,1300.0
2026-03-01,309101267,3,1865.416
2026-05-01,309101267,2,1106.981
2026-06-01,309101267,1,2000.0
2025-07-01,309101268,2,1847.83
2025-08-01,309101268,2,2827.457
2025-10-01,309101268,4,2463.49
2025-12-01,309101268,1,782.839
2026-02-01,309101268,2,4245.0
2026-06-01,309101268,3,2973.658
2025-09-01,309101269,31,108500.0
2025-10-01,309101561,13,22500.0
2026-02-01,309101561,1,508.78
2026-03-01,309101561,2,1450.0
2026-04-01,309101561,3,2887.622
2026-05-01,309101561,5,5191.91
2026-06-01,309101561,284,281221.036
2025-07-01,309101562,1,5360.24
2025-08-01,309101562,32,160011.834
2025-09-01,309101562,3,2290.0
2025-10-01,309101562,1,776.799
2025-11-01,309101562,22,27872.0
2026-01-01,309101562,116,130000.0
2026-02-01,309101562,349,402500.0
2026-04-01,309101562,348,436085.058
2026-06-01,309101562,451,600000.0
2025-07-01,310011271,3,1206.45
2025-08-01,310011271,1,1130.35
2025-10-01,310011271,1,478.55
2025-11-01,310011271,1,542.5
2026-01-01,310011271,1,443.129
2026-02-01,310011271,1,443.499
2026-04-01,310011271,2,1192.378
2026-05-01,310011271,1,826.949
2026-06-01,310011271,1,100.0
2025-07-01,310011272,1,284.636
2025-08-01,310011272,3,804.586
2025-09-01,310011272,1,269.1
2025-10-01,310011272,10,1290.29
2025-12-01,310011272,3,1316.942
2026-01-01,310011272,1,260.0
2026-02-01,310011272,1,357.225
2026-04-01,310011272,1,269.507
2026-06-01,310011272,4,1300.649
2025-07-01,310011274,5,1307.149
2025-08-01,310011274,11,3943.135
2025-09-01,310011274,3,1514.946
2025-10-01,310011274,23,15359.935
2025-11-01,310011274,8,3611.546
2025-12-01,310011274,3,498.925
2026-01-01,310011274,12,5982.537
2026-02-01,310011274,2,682.9
2026-03-01,310011274,4,924.481
2026-04-01,310011274,29,10506.573
2026-05-01,310011274,6,1742.037
2026-06-01,310011274,5,1655.755
2025-07-01,310011275,16,8327.401
2025-08-01,310011275,5,4425.624
2025-09-01,310011275,2,1366.52
2025-10-01,310011275,1,222.937
2025-11-01,310011275,1,795.539
2025-12-01,310011275,1,649.605
2026-01-01,310011275,2,1221.683
2026-02-01,310011275,37,28001.041
2026-03-01,310011275,1,330.0
2026-04-01,310011275,4,3124.963
2026-06-01,310011275,1,1096.987
2026-06-01,310011276,1,190.0
2025-07-01,310011563,4,1677.002
2025-08-01,310011563,1,347.8
2025-09-01,310011563,4,1838.988
2025-11-01,310011563,1,322.741
2026-02-01,310011563,3,2680.106
2026-03-01,310011563,6,2411.953
2026-04-01,310011563,5,2799.717
2026-05-01,310011563,8,3436.479
2026-06-01,310011563,7,3976.504
2025-07-01,310011564,1,278.151
2025-09-01,310011564,1,220.0
2025-11-01,310011564,1,199.661
2026-04-01,310011564,1,587.627
2026-05-01,310011564,1,449.665
2026-06-01,310011564,1,145.0
2025-07-01,310021277,18,8057.103
2025-08-01,310021277,9,5710.953
2025-09-01,310021277,27,9473.28
2025-10-01,310021277,21,9069.4
2025-11-01,310021277,18,8301.818
2025-12-01,310021277,11,4656.89
2026-01-01,310021277,7,3451.62
2026-02-01,310021277,13,5023.854
2026-03-01,310021277,11,8669.172
2026-04-01,310021277,14,5855.869
2026-05-01,310021277,28,14649.148
2026-06-01,310021277,17,8448.088
2025-07-01,310021278,1,315.0
2025-08-01,310021278,1,379.419
2025-09-01,310021278,1,140.0
2025-10-01,310021278,6,2097.006
2025-11-01,310021278,4,1469.0
2025-12-01,310021278,3,1844.57
2026-01-01,310021278,1,702.81
2026-02-01,310021278,3,1212.648
2026-03-01,310021278,6,2819.884
2026-04-01,310021278,2,852.149
2026-05-01,310021278,3,1296.836
2026-06-01,310021278,3,2207.252
2025-07-01,310021280,12,6231.282
2025-08-01,310021280,7,3712.968
2025-09-01,310021280,21,8720.446
2025-10-01,310021280,30,14278.65
2025-11-01,310021280,18,7049.47
2025-12-01,310021280,15,7368.433
2026-01-01,310021280,9,4939.436
2026-02-01,310021280,12,6585.744
2026-03-01,310021280,15,8156.67
2026-04-01,310021280,12,4621.378
2026-05-01,310021280,20,11694.765
2026-06-01,310021280,41,16770.056
2025-07-01,310021281,5,2451.332
2025-08-01,310021281,2,1273.217
2025-09-01,310021281,5,2114.089
2025-10-01,310021281,11,6517.413
2025-11-01,310021281,4,2530.262
2025-12-01,310021281,5,2165.118
2026-02-01,310021281,6,2547.219
2026-03-01,310021281,7,2901.664
2026-04-01,310021281,1,500.0
2026-05-01,310021281,4,1657.384
2026-06-01,310021281,37,15662.401
2025-07-01,310021282,8,3347.793
2025-08-01,310021282,1,650.635
2025-09-01,310021282,14,4830.755
2025-10-01,310021282,19,6682.693
2025-11-01,310021282,16,6747.743
2025-12-01,310021282,8,4369.857
2026-01-01,310021282,11,5574.793
2026-02-01,310021282,13,6385.345
2026-03-01,310021282,41,16881.9
2026-04-01,310021282,84,36166.375
2026-05-01,310021282,37,14553.611
2026-06-01,310021282,72,29209.901
2025-07-01,310031283,3,1432.616
2025-09-01,310031283,3,1678.917
2025-11-01,310031283,2,505.0
2025-12-01,310031283,2,572.107
2026-02-01,310031283,4,1679.068
2026-03-01,310031283,3,1225.7
2026-04-01,310031283,3,753.005
2026-05-01,310031283,1,638.754
2026-06-01,310031283,1,243.729
2025-07-01,310031284,4,1221.065
2025-09-01,310031284,7,1571.818
2025-10-01,310031284,4,1371.643
2025-11-01,310031284,5,1770.966
2025-12-01,310031284,2,664.825
2026-01-01,310031284,5,1255.595
2026-02-01,310031284,26,17551.121
2026-03-01,310031284,3,770.713
2026-04-01,310031284,4,1018.032
2026-05-01,310031284,5,1374.615
2025-12-01,310031285,2,500.0
2026-03-01,310031285,1,165.0
2026-04-01,310031285,1,228.0
2025-08-01,310031286,1,398.524
2025-12-01,310031286,1,408.495
2026-01-01,310031286,1,194.2
2026-02-01,310031286,1,1135.471
2026-03-01,310031286,3,1141.968
2026-04-01,310031286,2,1172.309
2025-07-01,310031287,2,649.17
2025-08-01,310031287,4,1378.634
2025-10-01,310031287,2,670.4
2025-11-01,310031287,6,1914.32
2026-01-01,310031287,3,910.9
2026-02-01,310031287,4,1069.073
2026-03-01,310031287,4,1229.036
2026-04-01,310031287,1,369.836
2026-05-01,310031287,1,368.182
2026-06-01,310031287,4,1124.455
2025-07-01,310031288,8,2000.211
2025-10-01,310031288,1,295.723
2025-11-01,310031288,2,1134.083
2026-01-01,310031288,1,1058.35
2026-02-01,310031288,1,7632.844
2026-03-01,310031288,4,1193.865
2026-06-01,310031288,1,729.14
2025-07-01,310031289,2,356.348
2025-08-01,310031289,5,3221.7
2025-09-01,310031289,3,1802.725
2025-10-01,310031289,8,4803.322
2025-11-01,310031289,4,2050.572
2025-12-01,310031289,2,1548.331
2026-01-01,310031289,1,117.781
2026-02-01,310031289,4,1502.594
2026-03-01,310031289,9,4860.88
2026-04-01,310031289,5,2847.834
2026-05-01,310031289,1,908.452
2026-06-01,310031289,4,2855.011
2025-08-01,310031290,1,150.0
2025-09-01,310031290,1,971.409
2025-10-01,310031290,1,180.0
2025-11-01,310031290,1,395.394
2026-01-01,310031290,1,400.0
2026-02-01,310031290,1,1298.356
2026-03-01,310031290,2,141.0
2026-06-01,310031290,1,899.994
2025-08-01,310031291,1,258.666
2025-09-01,310031291,1,113.199
2025-11-01,310031291,1,339.695
2025-07-01,310031292,24,12566.4
2025-11-01,310031292,1,463.761
2026-04-01,310031292,1,304.466
2026-06-01,310031292,1,413.25
2025-08-01,310031293,2,200.0
2025-09-01,310031293,3,981.13
2025-10-01,310031293,6,2359.87
2025-11-01,310031293,10,3995.567
2025-12-01,310031293,3,896.518
2026-01-01,310031293,5,1823.51
2026-02-01,310031293,43,16909.121
2026-03-01,310031293,13,5081.872
2026-04-01,310031293,1,426.44
2026-05-01,310031293,3,1189.05
2026-06-01,310031293,1,413.1
2025-07-01,310031294,195,79059.07
2025-08-01,310031294,152,60717.397
2025-09-01,310031294,174,70958.237
2025-10-01,310031294,99,39617.08
2025-11-01,310031294,80,31930.866
2025-12-01,310031294,75,30019.004
2026-01-01,310031294,95,37674.6
2026-02-01,310031294,158,60791.206
2026-03-01,310031294,197,77680.541
2026-04-01,310031294,213,88867.339
2026-05-01,310031294,109,47393.896
2026-06-01,310031294,169,76724.539
2025-10-01,310031295,1,323.975
2026-06-01,310031295,1,103.0
2025-08-01,310041297,1,379.516
2025-09-01,310041297,3,1211.573
2025-10-01,310041297,2,354.891
2025-11-01,310041297,1,75.0
2026-02-01,310041297,3,1116.4
2026-03-01,310041297,6,2164.274
2026-05-01,310041297,4,2104.956
2026-06-01,310041297,1,300.993
2025-07-01,310041299,32,11015.232
2025-08-01,310041299,13,5095.227
2025-09-01,310041299,11,3857.559
2025-10-01,310041299,19,7060.714
2025-11-01,310041299,7,2534.24
2025-12-01,310041299,65,23827.297
2026-01-01,310041299,7,3073.33
2026-02-01,310041299,10,3851.684
2026-03-01,310041299,42,15415.56
2026-04-01,310041299,17,5950.945
2026-05-01,310041299,16,6456.884
2026-06-01,310041299,27,10744.335
2025-09-01,310041300,1,809.378
2025-11-01,310041300,1,569.989
2025-12-01,310041300,7,3047.559
2026-02-01,310041300,35,13406.218
2026-03-01,310041300,10,4342.3
2026-04-01,310041300,16,6455.799
2026-05-01,310041300,4,1587.1
2026-06-01,310041300,4,1204.198
2025-07-01,310041302,46,17457.029
2025-08-01,310041302,13,3784.083
2025-09-01,310041302,88,39017.313
2025-10-01,310041302,37,8099.792
2025-11-01,310041302,14,2808.995
2025-12-01,310041302,105,36702.747
2026-01-01,310041302,36,12345.72
2026-02-01,310041302,42,15376.228
2026-03-01,310041302,42,13703.639
2026-04-01,310041302,28,10449.047
2026-05-01,310041302,19,7157.596
2026-06-01,310041302,38,13819.214
2025-08-01,310041303,1,436.5
2025-09-01,310041303,1,413.5
2025-12-01,310041303,1,375.0
2026-03-01,310041303,2,686.765
2025-07-01,310041304,5,3600.75
2025-08-01,310041304,3,2020.074
2025-09-01,310041304,5,3998.221
2025-10-01,310041304,4,3075.011
2025-11-01,310041304,11,6376.374
2025-12-01,310041304,3,1961.026
2026-01-01,310041304,3,2166.85
2026-02-01,310041304,4,3018.986
2026-03-01,310041304,84,50530.6
2026-04-01,310041304,2,1682.195
2026-05-01,310041304,2,1180.0
2026-06-01,310041304,1,619.289
2025-07-01,310041565,62,41500.0
2025-09-01,310041565,4,4801.826
2025-10-01,310041565,2,2100.0
2025-11-01,310041565,7,9309.715
2026-01-01,310041565,1,950.0
2026-03-01,310041565,2,2200.0
2026-04-01,310041565,1,1250.0
2026-05-01,310041565,3,4306.624
2026-06-01,310041565,3,2487.419
2025-07-01,310041566,4,2061.835
2025-08-01,310041566,3,1273.714
2025-09-01,310041566,1,751.185
2025-10-01,310041566,3,2544.5
2025-11-01,310041566,2,522.647
2025-12-01,310041566,11,3213.006
2026-01-01,310041566,5,1836.244
2026-02-01,310041566,2,709.8
2026-03-01,310041566,4,1657.851
2026-05-01,310041566,34,15817.086
2026-06-01,310041566,1,631.415
2025-07-01,311011305,12,4107.929
2025-08-01,311011305,10,4347.923
2025-09-01,311011305,24,9677.446
2025-10-01,311011305,12,6430.651
2025-11-01,311011305,24,8647.1
2025-12-01,311011305,15,4681.806
2026-01-01,311011305,5,1236.774
2026-02-01,311011305,7,3085.889
2026-03-01,311011305,10,3667.697
2026-04-01,311011305,11,3735.259
2026-05-01,311011305,23,9749.86
2026-06-01,311011305,11,5735.825
2025-07-01,311021306,2,1104.249
2025-09-01,311021306,9,2780.0
2025-10-01,311021306,46,12257.0
2025-12-01,311021306,50,19000.0
2026-01-01,311021306,1,103.199
2026-02-01,311021306,1,785.87
2026-03-01,311021306,2,699.0
2026-05-01,311021306,1,331.435
2026-06-01,311021306,5,1300.0
2025-07-01,311021307,6,1980.723
2025-08-01,311021307,2,485.085
2025-09-01,311021307,3,889.124
2025-10-01,311021307,10,3392.188
2025-11-01,311021307,7,2189.729
2025-12-01,311021307,3,1015.707
2026-01-01,311021307,5,1905.944
2026-02-01,311021307,5,1614.304
2026-03-01,311021307,3,1014.987
2026-04-01,311021307,3,1435.996
2026-05-01,311021307,3,1041.75
2026-06-01,311021307,11,3320.331
2025-07-01,311021308,16,6044.396
2025-08-01,311021308,4,1857.155
2025-09-01,311021308,2,580.0
2025-10-01,311021308,2,950.0
2025-12-01,311021308,1,425.0
2026-01-01,311021308,1,350.0
2026-02-01,311021308,1,273.203
2026-05-01,311021308,4,1706.5
2026-06-01,311021308,1,429.0
2025-07-01,311021309,1,557.695
2025-08-01,311021309,1,385.0
2026-06-01,311021309,1,200.0
2025-07-01,311021310,17,6557.855
2025-08-01,311021310,7,3762.141
2025-09-01,311021310,6,2249.899
2025-10-01,311021310,13,5558.276
2025-11-01,311021310,13,5934.592
2025-12-01,311021310,9,3812.528
2026-01-01,311021310,11,5065.775
2026-02-01,311021310,18,7211.177
2026-03-01,311021310,17,7832.083
2026-04-01,311021310,41,20222.333
2026-05-01,311021310,25,11551.087
2026-06-01,311021310,16,8165.33
2025-07-01,311031311,44,16617.333
2025-08-01,311031311,63,24917.278
2025-09-01,311031311,49,18771.674
2025-10-01,311031311,125,42045.778
2025-11-01,311031311,105,36458.051
2025-12-01,311031311,77,27943.546
2026-01-01,311031311,87,29573.939
2026-02-01,311031311,35,15519.293
2026-03-01,311031311,71,28843.089
2026-04-01,311031311,82,31749.303
2026-05-01,311031311,107,41966.778
2026-06-01,311031311,93,31301.077
2025-07-01,311031312,1,182.55
2025-08-01,311031312,2,537.316
2025-09-01,311031312,1,403.387
2025-11-01,311031312,1,874.771
2025-12-01,311031312,2,508.277
2026-01-01,311031312,1,317.682
2026-02-01,311031312,3,715.0
2026-03-01,311031312,3,718.553
2026-04-01,311031312,5,1464.714
2026-05-01,311031312,4,1880.0
2026-06-01,311031312,5,1763.673
2025-07-01,311031313,97,32559.974
2025-08-01,311031313,69,23186.242
2025-09-01,311031313,35,14013.918
2025-10-01,311031313,68,23743.207
2025-11-01,311031313,195,55367.685
2025-12-01,311031313,38,12192.902
2026-01-01,311031313,66,24548.601
2026-02-01,311031313,89,31001.98
2026-03-01,311031313,101,34079.325
2026-04-01,311031313,108,33382.007
2026-05-01,311031313,60,21329.872
2026-06-01,311031313,51,19658.816
2025-07-01,311031314,1,371.494
2025-08-01,311031314,1,388.255
2025-12-01,311031314,1,110.0
2026-02-01,311031314,1,278.27
2026-03-01,311031314,46,13018.884
2026-04-01,311031314,2,516.081
2026-05-01,311031314,4,1126.24
2026-04-01,311031315,7,2751.9
2025-07-01,311031316,5,2735.368
2025-08-01,311031316,1,392.36
2025-09-01,311031316,3,737.456
2025-10-01,311031316,3,1356.0
2025-11-01,311031316,3,960.0
2025-12-01,311031316,4,1089.508
2026-01-01,311031316,2,650.0
2026-02-01,311031316,3,1767.755
2026-03-01,311031316,2,1647.472
2026-04-01,311031316,2,525.58
2026-05-01,311031316,1,150.0
2026-06-01,311031316,1,392.59
2025-07-01,311031317,9,2847.939
2025-08-01,311031317,11,3943.193
2025-09-01,311031317,2,472.107
2025-10-01,311031317,4,891.61
2025-11-01,311031317,27,8932.725
2025-12-01,311031317,6,1763.349
2026-01-01,311031317,5,1533.897
2026-02-01,311031317,5,1498.257
2026-03-01,311031317,2,1332.0
2026-04-01,311031317,7,2198.072
2026-05-01,311031317,4,1254.193
2026-06-01,311031317,7,2077.41
2025-09-01,311031318,2,790.45
2025-11-01,311031318,2,1065.845
2026-03-01,311031318,2,473.9
2026-06-01,311031318,1,80.0
2025-07-01,311031319,2,1575.0
2025-08-01,311031319,2,1149.183
2025-10-01,311031319,1,189.58
2025-11-01,311031319,1,280.153
2026-01-01,311031319,1,857.961
2026-02-01,311031319,2,1186.265
2026-03-01,311031319,2,404.025
2026-04-01,311031319,11,4637.836
2026-05-01,311031319,19,7245.713
2026-06-01,311031319,11,3757.7
2025-07-01,311041322,2,340.0
2025-09-01,311041322,2,684.846
2025-10-01,311041322,16,6267.226
2025-11-01,311041322,28,7457.747
2025-12-01,311041322,5,1515.5
2026-01-01,311041322,7,2591.713
2026-02-01,311041322,14,5753.644
2026-03-01,311041322,6,3024.183
2026-04-01,311041322,2,1900.0
2026-05-01,311041322,2,1395.866
2026-06-01,311041322,3,1498.121
2025-08-01,311041567,1,273.608
2025-09-01,311041567,1,381.015
2025-10-01,311041567,10,4038.468
2025-11-01,311041567,1,136.69
2026-01-01,311041567,6,2764.723
2026-02-01,311041567,4,1236.188
2026-03-01,311041567,1,337.213
2026-04-01,311041567,2,250.0
2026-05-01,311041567,1,170.0
2026-06-01,311041567,4,1554.621
2025-07-01,311041568,45,19504.474
2025-08-01,311041568,51,20604.429
2025-09-01,311041568,52,20899.444
2025-10-01,311041568,65,26252.51
2025-11-01,311041568,28,11909.138
2025-12-01,311041568,25,9375.993
2026-01-01,311041568,38,15393.848
2026-02-01,311041568,50,20902.952
2026-03-01,311041568,53,22893.696
2026-04-01,311041568,56,25193.083
2026-05-01,311041568,20,8013.669
2026-06-01,311041568,28,11889.038
2025-07-01,311041569,103,40637.436
2025-08-01,311041569,60,23618.544
2025-09-01,311041569,25,10018.068
2025-10-01,311041569,46,19182.116
2025-11-01,311041569,47,20760.439
2025-12-01,311041569,53,20902.824
2026-01-01,311041569,58,25738.548
2026-02-01,311041569,62,24429.474
2026-03-01,311041569,58,25107.929
2026-04-01,311041569,61,27063.258
2026-05-01,311041569,51,23219.796
2026-06-01,311041569,45,22214.629
2025-07-01,311041570,27,9402.337
2025-08-01,311041570,9,4014.334
2025-09-01,311041570,6,3027.529
2025-10-01,311041570,22,8119.147
2025-11-01,311041570,14,8161.103
2025-12-01,311041570,13,5570.045
2026-01-01,311041570,8,4135.334
2026-02-01,311041570,28,11873.558
2026-03-01,311041570,23,9270.138
2026-04-01,311041570,19,7886.637
2026-05-01,311041570,10,3723.633
2026-06-01,311041570,9,4705.478
2025-07-01,311041571,38,14890.576
2025-08-01,311041571,27,10805.036
2025-09-01,311041571,46,16765.787
2025-10-01,311041571,19,9040.552
2025-11-01,311041571,15,7376.875
2025-12-01,311041571,5,2377.001
2026-01-01,311041571,25,10143.643
2026-02-01,311041571,27,12427.343
2026-03-01,311041571,58,25276.718
2026-04-01,311041571,52,23253.489
2026-05-01,311041571,53,22945.447
2026-06-01,311041571,35,15018.413
2025-07-01,311051323,1,120.0
2025-08-01,311051323,2,1088.99
2025-09-01,311051323,1,150.0
2026-01-01,311051323,3,1026.47
2026-02-01,311051323,1,275.783
2026-03-01,311051323,18,4125.0
2026-04-01,311051323,6,1944.3
2026-05-01,311051323,4,1297.0
2026-06-01,311051323,4,1060.805
2025-07-01,311051324,5,2286.541
2025-08-01,311051324,3,2150.271
2025-09-01,311051324,1,500.0
2025-10-01,311051324,3,1509.659
2025-11-01,311051324,2,464.7
2025-12-01,311051324,3,850.0
2026-01-01,311051324,4,2026.165
2026-02-01,311051324,3,2229.182
2026-03-01,311051324,1,392.0
2026-04-01,311051324,3,1700.0
2026-05-01,311051324,6,3105.642
2026-06-01,311051324,4,1708.844
2025-07-01,311051325,8,2273.147
2025-08-01,311051325,2,480.0
2025-09-01,311051325,4,1690.317
2025-10-01,311051325,29,8830.0
2025-11-01,311051325,2,1109.626
2025-12-01,311051325,3,845.816
2026-01-01,311051325,7,2604.61
2026-02-01,311051325,2,720.971
2026-03-01,311051325,33,12481.15
2026-04-01,311051325,7,2662.827
2026-05-01,311051325,5,1666.8
2026-06-01,311051325,9,3211.914
2025-07-01,311051326,5,1267.456
2025-08-01,311051326,36,11368.305
2025-09-01,311051326,8,2812.63
2025-10-01,311051326,1,520.0
2025-12-01,311051326,1,350.0
2026-01-01,311051326,1,369.947
2026-03-01,311051326,5,1581.98
2026-04-01,311051326,8,3000.0
2026-05-01,311051326,10,4733.885
2026-06-01,311051326,14,4200.0
2025-07-01,311051327,3,1233.244
2025-09-01,311051327,2,1198.473
2026-01-01,311051327,3,924.775
2026-02-01,311051327,1,250.0
2026-03-01,311051327,1,372.0
2026-04-01,311051327,2,1111.495
2026-05-01,311051327,2,750.0
2026-06-01,311051327,1,298.0
2025-07-01,311051328,6,1384.939
2025-08-01,311051328,3,820.435
2025-09-01,311051328,6,2192.145
2025-10-01,311051328,2,514.45
2025-11-01,311051328,3,740.029
2026-03-01,311051328,44,15092.959
2026-04-01,311051328,6,1505.291
2026-05-01,311051328,4,932.95
2026-06-01,311051328,6,1772.809
2025-07-01,311061329,1,587.401
2025-08-01,311061329,2,904.683
2025-10-01,311061329,1,785.818
2026-04-01,311061329,2,855.045
2025-07-01,311061330,4,1359.922
2025-08-01,311061330,1,998.924
2025-09-01,311061330,1,289.126
2025-10-01,311061330,2,618.344
2025-11-01,311061330,2,682.533
2025-12-01,311061330,1,229.5
2026-02-01,311061330,1,75.0
2026-03-01,311061330,5,1755.283
2026-04-01,311061330,4,1875.346
2026-05-01,311061330,15,4115.541
2026-06-01,311061330,5,1310.9
2025-09-01,311061331,1,200.0
2025-10-01,311061331,1,228.04
2025-11-01,311061331,2,764.602
2025-12-01,311061331,1,250.0
2026-01-01,311061331,1,297.158
2026-02-01,311061331,1,311.911
2026-03-01,311061331,3,694.565
2025-07-01,311061332,2,1556.616
2025-10-01,311061332,1,390.0
2025-11-01,311061332,1,700.0
2025-12-01,311061332,2,708.749
2026-01-01,311061332,3,1114.936
2026-02-01,311061332,2,1432.283
2026-03-01,311061332,2,1128.505
2026-04-01,311061332,8,3338.34
2026-05-01,311061332,8,3171.116
2026-06-01,311061332,14,5578.379
2025-07-01,311061333,2,649.5
2025-08-01,311061333,1,259.936
2025-10-01,311061333,2,354.221
2026-04-01,311061333,1,542.125
2026-05-01,311061333,3,628.262
2026-06-01,311061333,3,806.022
2025-08-01,311061334,1,610.006
2025-11-01,311061334,2,590.0
2026-02-01,311061334,1,1100.0
2026-03-01,311061334,1,327.793
2026-04-01,311061334,1,1500.0
2026-05-01,311061334,3,1249.314
2025-07-01,311061335,3,2429.0
2025-08-01,311061335,2,2184.742
2025-09-01,311061335,2,1231.738
2025-10-01,311061335,4,3127.809
2025-11-01,311061335,4,2617.002
2025-12-01,311061335,2,1835.739
2026-01-01,311061335,1,565.26
2026-02-01,311061335,3,1567.069
2026-04-01,311061335,3,1267.0
2026-05-01,311061335,3,878.0
2026-06-01,311061335,1,2000.0
2025-08-01,311061336,2,406.042
2025-11-01,311061336,2,489.018
2025-12-01,311061336,1,75.0
2026-01-01,311061336,4,1222.166
2026-03-01,311061336,4,664.308
2026-05-01,311061336,1,200.0
2026-06-01,311061336,1,273.578
2025-07-01,312011337,3,2108.04
2025-08-01,312011337,3,1635.384
2025-09-01,312011337,5,3937.508
2025-10-01,312011337,1,900.0
2025-11-01,312011337,2,800.0
2026-01-01,312011337,2,2832.194
2026-02-01,312011337,3,6302.071
2026-03-01,312011337,6,4781.997
2026-04-01,312011337,1,1221.292
2026-05-01,312011337,2,942.22
2026-06-01,312011337,2,1089.56
2025-08-01,312011338,1,1213.526
2026-03-01,312011338,1,180.0
2026-06-01,312011338,1,2129.471
2025-11-01,312011339,1,2400.0
2026-04-01,312011339,23,11548.331
2025-08-01,312011340,1,395.0
2026-03-01,312011340,1,526.362
2025-07-01,312021342,10,5058.69
2025-08-01,312021342,6,2339.895
2025-09-01,312021342,2,1179.592
2025-10-01,312021342,5,2622.08
2025-11-01,312021342,11,4102.873
2025-12-01,312021342,8,3464.615
2026-01-01,312021342,7,3107.095
2026-02-01,312021342,11,5544.116
2026-03-01,312021342,19,9491.343
2026-04-01,312021342,10,5002.036
2026-05-01,312021342,13,6389.058
2026-06-01,312021342,10,5653.433
2025-07-01,312021343,1,290.0
2025-10-01,312021343,2,1095.52
2025-11-01,312021343,1,562.0
2025-12-01,312021343,6,1957.888
2026-01-01,312021343,4,1358.466
2026-02-01,312021343,1,160.0
2026-03-01,312021343,1,324.38
2026-05-01,312021343,1,324.38
2025-07-01,312021344,8,3827.042
2025-08-01,312021344,11,4375.94
2025-09-01,312021344,8,3652.273
2025-10-01,312021344,10,4472.603
2025-11-01,312021344,3,1456.0
2025-12-01,312021344,1,300.0
2026-01-01,312021344,8,3582.83
2026-02-01,312021344,9,3601.76
2026-03-01,312021344,5,2302.782
2026-04-01,312021344,8,3166.506
2026-05-01,312021344,4,2650.915
2026-06-01,312021344,3,2243.999
2025-07-01,312021346,18,10063.0
2025-10-01,312021346,1,350.0
2026-02-01,312021346,7,7785.023
2025-07-01,312021347,3,1545.4
2025-08-01,312021347,1,445.22
2025-09-01,312021347,1,548.73
2025-11-01,312021347,2,1576.24
2025-12-01,312021347,4,2858.86
2026-01-01,312021347,5,2981.674
2026-03-01,312021347,5,3151.23
2026-04-01,312021347,1,479.999
2026-05-01,312021347,4,1839.958
2026-06-01,312021347,4,2540.455
2025-07-01,312021348,3,1746.708
2025-08-01,312021348,2,1427.75
2025-09-01,312021348,9,5284.862
2025-10-01,312021348,5,3188.601
2025-11-01,312021348,6,3699.778
2025-12-01,312021348,3,1479.907
2026-01-01,312021348,5,3625.258
2026-02-01,312021348,5,2167.911
2026-03-01,312021348,4,4028.615
2026-04-01,312021348,5,3622.421
2026-05-01,312021348,4,2942.501
2026-06-01,312021348,6,3235.257
2025-07-01,312021349,3,1642.0
2025-08-01,312021349,1,490.5
2025-11-01,312021349,1,100.0
2025-12-01,312021349,1,471.0
2026-01-01,312021349,1,1050.0
2026-03-01,312021349,2,786.5
2026-04-01,312021349,1,395.56
2026-05-01,312021349,1,453.4
2026-06-01,312021349,28,8000.0
2025-07-01,312021350,5,1559.865
2025-09-01,312021350,2,1360.925
2025-10-01,312021350,2,964.598
2025-11-01,312021350,1,506.9
2025-12-01,312021350,2,1159.503
2025-07-01,312021351,2,827.245
2025-08-01,312021351,2,1092.485
2025-09-01,312021351,3,1004.874
2025-10-01,312021351,2,1601.343
2025-11-01,312021351,5,2816.097
2025-12-01,312021351,3,1471.592
2026-01-01,312021351,1,332.274
2026-02-01,312021351,2,929.87
2026-03-01,312021351,4,2232.105
2026-04-01,312021351,1,1032.668
2026-05-01,312021351,3,1389.531
2026-06-01,312021351,2,968.344
2025-07-01,312021352,4,2145.778
2025-08-01,312021352,2,1143.692
2025-09-01,312021352,4,997.163
2025-10-01,312021352,3,1605.334
2025-11-01,312021352,6,2686.729
2026-01-01,312021352,2,516.125
2026-02-01,312021352,1,533.052
2026-03-01,312021352,2,798.237
2026-04-01,312021352,3,1647.98
2026-05-01,312021352,4,1945.712
2026-06-01,312021352,3,1591.033
2025-07-01,312021353,4,2948.674
2025-08-01,312021353,3,1409.977
2025-09-01,312021353,6,4066.214
2025-10-01,312021353,3,1899.214
2025-11-01,312021353,5,1545.442
2025-12-01,312021353,4,4324.083
2026-01-01,312021353,1,939.5
2026-02-01,312021353,2,718.7
2026-03-01,312021353,3,838.316
2026-04-01,312021353,3,5004.788
2026-05-01,312021353,3,981.331
2026-06-01,312021353,4,1768.672
2025-07-01,312021354,16,6453.305
2025-08-01,312021354,7,3541.042
2025-09-01,312021354,6,2756.6
2025-10-01,312021354,5,2274.785
2025-11-01,312021354,7,2004.9
2025-12-01,312021354,7,4003.805
2026-01-01,312021354,3,1953.819
2026-02-01,312021354,2,843.565
2026-03-01,312021354,5,2221.197
2026-04-01,312021354,5,2328.628
2026-05-01,312021354,12,4851.03
2026-06-01,312021354,7,3788.116
2025-09-01,312021355,2,2424.85
2025-10-01,312021355,1,699.0
2026-01-01,312021355,1,180.0
2026-02-01,312021355,1,462.265
2026-05-01,312021355,1,1946.2
2025-09-01,312021356,1,366.1
2025-10-01,312021356,1,342.1
2025-12-01,312021356,1,80.0
2025-07-01,312021357,2,1655.807
2025-08-01,312021357,3,2006.549
2025-09-01,312021357,3,3150.309
2025-10-01,312021357,3,1539.845
2025-11-01,312021357,2,1376.144
2025-12-01,312021357,1,567.841
2026-01-01,312021357,2,1863.085
2026-03-01,312021357,2,780.282
2026-04-01,312021357,1,743.697
2026-05-01,312021357,2,1855.0
2026-06-01,312021357,4,2761.149
2025-07-01,312021358,3,815.799
2025-12-01,312021358,1,597.8
2026-02-01,312021358,1,200.042
2026-04-01,312021358,4,2321.265
2025-07-01,312031359,11,21042.182
2025-08-01,312031359,6,3484.151
2025-09-01,312031359,8,13135.374
2025-10-01,312031359,11,22254.87
2025-11-01,312031359,11,12326.939
2025-12-01,312031359,12,32279.641
2026-01-01,312031359,15,27593.574
2026-02-01,312031359,5,8635.911
2026-03-01,312031359,7,9984.256
2026-04-01,312031359,4,9890.32
2026-05-01,312031359,7,14192.82
2026-06-01,312031359,7,17409.134
2025-07-01,312031361,6,11171.134
2025-09-01,312031361,2,1637.79
2025-10-01,312031361,2,4890.0
2025-11-01,312031361,1,785.4
2025-12-01,312031361,1,1584.0
2026-01-01,312031361,4,11254.208
2026-02-01,312031361,6,4915.0
2026-03-01,312031361,1,1290.0
2026-04-01,312031361,1,4200.0
2026-05-01,312031361,4,4319.38
2026-06-01,312031361,5,6572.654
2025-07-01,313011362,3,3112.963
2025-08-01,313011362,6,3134.604
2025-09-01,313011362,10,4440.24
2025-10-01,313011362,4,1882.54
2025-11-01,313011362,5,1772.817
2025-12-01,313011362,3,1632.911
2026-01-01,313011362,6,1620.741
2026-02-01,313011362,8,3071.732
2026-03-01,313011362,6,1906.732
2026-04-01,313011362,4,1312.498
2026-05-01,313011362,2,1116.249
2026-06-01,313011362,2,861.9
2025-07-01,313011363,1,2078.761
2025-09-01,313011363,6,4410.23
2025-10-01,313011363,5,2832.832
2025-11-01,313011363,3,2433.286
2025-12-01,313011363,7,6761.451
2026-01-01,313011363,5,2879.862
2026-02-01,313011363,1,1027.872
2026-03-01,313011363,1,699.787
2026-05-01,313011363,2,1018.33
2026-06-01,313011363,11,4724.967
2025-08-01,313021364,2,450.0
2025-09-01,313021364,5,2157.3
2025-10-01,313021364,7,4266.272
2025-11-01,313021364,5,2174.072
2025-12-01,313021364,9,3596.512
2026-01-01,313021364,8,2403.794
2026-02-01,313021364,28,14439.411
2026-03-01,313021364,23,11034.873
2026-04-01,313021364,20,7804.2
2026-05-01,313021364,18,8258.761
2026-06-01,313021364,17,6341.326
2025-07-01,313021366,17,6278.473
2025-08-01,313021366,16,5189.202
2025-09-01,313021366,9,3926.44
2025-10-01,313021366,91,39690.677
2025-11-01,313021366,39,15860.752
2025-12-01,313021366,37,14576.709
2026-01-01,313021366,36,13912.378
2026-02-01,313021366,110,39006.405
2026-03-01,313021366,84,31354.277
2026-04-01,313021366,110,41417.293
2026-05-01,313021366,23,9898.907
2026-06-01,313021366,30,13216.264
2025-07-01,313021367,4,2937.061
2025-08-01,313021367,1,70.0
2025-10-01,313021367,2,1127.082
2025-11-01,313021367,2,1154.314
2025-12-01,313021367,1,993.387
2026-01-01,313021367,1,450.0
2026-02-01,313021367,2,830.346
2026-03-01,313021367,3,1352.296
2026-04-01,313021367,1,480.0
2026-05-01,313021367,2,716.224
2026-06-01,313021367,6,3291.889
2025-07-01,313021368,4,1441.902
2025-08-01,313021368,4,1682.048
2025-09-01,313021368,18,6471.704
2025-10-01,313021368,1,329.0
2025-11-01,313021368,19,6761.314
2025-12-01,313021368,3,1014.389
2026-01-01,313021368,5,1790.888
2026-02-01,313021368,16,6338.732
2026-03-01,313021368,20,8194.55
2026-04-01,313021368,36,13324.659
2026-05-01,313021368,27,10875.52
2026-06-01,313021368,25,9998.194
2025-07-01,313021369,1,245.412
2025-08-01,313021369,1,199.556
2025-11-01,313021369,1,150.0
2025-12-01,313021369,1,600.0
2026-04-01,313021369,2,800.0
2026-05-01,313021369,3,1323.635
2026-06-01,313021369,2,1406.611
2025-07-01,313021572,5,1958.334
2025-09-01,313021572,5,1593.149
2025-10-01,313021572,18,6245.496
2025-11-01,313021572,13,3612.243
2025-12-01,313021572,11,4634.562
2026-01-01,313021572,61,18874.047
2026-02-01,313021572,13,5621.276
2026-03-01,313021572,16,5561.09
2026-04-01,313021572,9,3363.8
2026-05-01,313021572,70,22857.202
2026-06-01,313021572,11,3815.2
2025-07-01,313021573,24,10002.181
2025-08-01,313021573,9,3269.911
2025-09-01,313021573,12,5791.578
2025-10-01,313021573,8,3773.421
2025-11-01,313021573,7,2968.84
2025-12-01,313021573,15,6163.492
2026-01-01,313021573,26,10013.403
2026-02-01,313021573,17,6378.203
2026-03-01,313021573,54,17422.229
2026-04-01,313021573,36,13143.991
2026-05-01,313021573,16,6409.713
2026-06-01,313021573,10,2932.1
2025-07-01,313031370,8,3625.734
2025-08-01,313031370,11,4804.706
2025-09-01,313031370,5,3103.473
2025-10-01,313031370,11,4308.942
2025-11-01,313031370,7,2371.8
2025-12-01,313031370,13,4487.802
2026-01-01,313031370,8,3050.2
2026-02-01,313031370,18,6440.646
2026-03-01,313031370,14,5239.904
2026-04-01,313031370,15,5522.582
2026-05-01,313031370,12,3662.2
2026-06-01,313031370,15,5086.249
2025-07-01,313031371,10,3520.214
2025-08-01,313031371,6,3083.229
2025-09-01,313031371,8,4529.641
2025-10-01,313031371,10,3681.456
2025-11-01,313031371,8,5144.893
2025-12-01,313031371,14,7611.101
2026-01-01,313031371,7,2285.072
2026-02-01,313031371,32,12548.064
2026-03-01,313031371,9,6640.196
2026-04-01,313031371,9,3512.831
2026-05-01,313031371,6,2356.331
2026-06-01,313031371,4,1900.122
2025-07-01,313041372,4,1451.928
2025-08-01,313041372,22,7953.988
2025-09-01,313041372,17,5611.919
2025-10-01,313041372,10,3664.228
2025-11-01,313041372,59,22049.277
2025-12-01,313041372,146,53321.321
2026-01-01,313041372,2,1079.852
2026-02-01,313041372,2,380.0
2026-03-01,313041372,10,4561.682
2026-04-01,313041372,16,6187.877
2026-05-01,313041372,45,17300.158
2026-06-01,313041372,21,8709.188
2025-07-01,313041373,41,17329.684
2025-08-01,313041373,29,11690.534
2025-09-01,313041373,47,18523.942
2025-10-01,313041373,37,15365.685
2025-11-01,313041373,26,9380.685
2025-12-01,313041373,35,13552.207
2026-01-01,313041373,57,25041.383
2026-02-01,313041373,20,7491.033
2026-03-01,313041373,21,7756.089
2026-04-01,313041373,29,10120.327
2026-05-01,313041373,64,21573.936
2026-06-01,313041373,68,26501.34
2025-07-01,313041374,50,17859.015
2025-08-01,313041374,18,6697.388
2025-09-01,313041374,91,33876.672
2025-10-01,313041374,85,31796.903
2025-11-01,313041374,74,27184.127
2025-12-01,313041374,64,24110.21
2026-01-01,313041374,41,15104.208
2026-02-01,313041374,91,36425.973
2026-03-01,313041374,55,22120.514
2026-04-01,313041374,63,23397.499
2026-05-01,313041374,25,9542.613
2026-06-01,313041374,58,22971.018
2025-07-01,313041375,39,14182.692
2025-08-01,313041375,13,4554.053
2025-09-01,313041375,41,14228.135
2025-10-01,313041375,15,5570.254
2025-11-01,313041375,27,10102.703
2025-12-01,313041375,17,7591.238
2026-01-01,313041375,26,9744.802
2026-02-01,313041375,24,8316.097
2026-03-01,313041375,28,10541.939
2026-04-01,313041375,37,13740.777
2026-05-01,313041375,39,12843.357
2026-06-01,313041375,38,14433.904
2025-07-01,313041376,13,6385.297
2025-08-01,313041376,135,40862.455
2025-09-01,313041376,32,10873.578
2025-10-01,313041376,51,19947.369
2025-11-01,313041376,39,13772.892
2025-12-01,313041376,33,11636.515
2026-01-01,313041376,34,16160.993
2026-02-01,313041376,60,25293.787
2026-03-01,313041376,44,16515.899
2026-04-01,313041376,30,11167.028
2026-05-01,313041376,62,24219.693
2026-06-01,313041376,62,24580.6
2025-07-01,313051377,1,451.44
2025-09-01,313051377,1,422.213
2025-10-01,313051377,1,97.916
2025-11-01,313051377,1,415.0
2025-12-01,313051377,6,1570.603
2026-01-01,313051377,1,222.85
2026-02-01,313051377,2,1192.645
2026-03-01,313051377,1,400.0
2025-07-01,313051378,3,1911.866
2025-08-01,313051378,4,1865.245
2025-09-01,313051378,5,2344.249
2025-11-01,313051378,7,3155.931
2025-12-01,313051378,63,19079.519
2026-01-01,313051378,3,1435.27
2026-02-01,313051378,7,1438.496
2026-03-01,313051378,1,381.8
2026-04-01,313051378,10,4616.57
2026-05-01,313051378,1,648.364
2026-06-01,313051378,106,40998.85
2025-07-01,313051379,50,29158.888
2025-09-01,313051379,214,100000.0
2025-10-01,313051379,2,448.793
2025-11-01,313051379,31,15899.6
2025-12-01,313051379,19,22013.656
2026-01-01,313051379,2,934.0
2026-02-01,313051379,1,120.0
2026-03-01,313051379,4,1497.085
2026-04-01,313051379,2,754.116
2026-05-01,313051379,3,1345.39
2026-06-01,313051379,4,3022.601
2025-07-01,313051380,14,4278.576
2025-08-01,313051380,13,4223.643
2025-09-01,313051380,7,2154.114
2025-10-01,313051380,16,5304.848
2025-11-01,313051380,4,1063.678
2025-12-01,313051380,242,160867.458
2026-02-01,313051380,16,5748.936
2026-04-01,313051380,10,3840.807
2026-05-01,313051380,10,3103.402
2025-07-01,313051574,1,1680.173
2025-09-01,313051574,4,1850.0
2025-12-01,313051574,1,600.0
2026-06-01,313051574,1,600.0
2025-07-01,313051575,8,12789.92
2025-08-01,313051575,5,3694.18
2025-09-01,313051575,6,2946.513
2025-10-01,313051575,1,713.868
2025-11-01,313051575,138,47458.91
2025-12-01,313051575,9,8326.347
2026-01-01,313051575,6,7951.143
2026-02-01,313051575,6,7801.147
2026-03-01,313051575,7,5045.674
2026-04-01,313051575,8,6105.551
2026-05-01,313051575,12,11063.667
2026-06-01,313051575,10,9463.571
2025-07-01,314011382,25,12444.411
2025-08-01,314011382,2,381.65
2025-10-01,314011382,1,150.0
2025-11-01,314011382,1,1023.179
2026-01-01,314011382,1,877.233
2026-02-01,314011382,1,237.498
2026-03-01,314011382,2,1200.416
2025-07-01,314011383,2,687.189
2025-08-01,314011383,54,23892.848
2025-09-01,314011383,48,16667.703
2025-10-01,314011383,47,17864.29
2025-11-01,314011383,11,4220.003
2025-12-01,314011383,15,8281.324
2026-01-01,314011383,27,10263.441
2026-02-01,314011383,46,15792.441
2026-03-01,314011383,98,39094.754
2026-04-01,314011383,144,57390.383
2026-05-01,314011383,34,14790.374
2026-06-01,314011383,46,22456.374
2025-07-01,314011384,6,4012.666
2025-09-01,314011384,4,2762.69
2025-10-01,314011384,4,1562.351
2025-11-01,314011384,5,2202.968
2025-12-01,314011384,2,1645.734
2026-02-01,314011384,2,1842.078
2026-03-01,314011384,4,2148.987
2026-04-01,314011384,3,1732.0
2026-05-01,314011384,3,1763.603
2026-06-01,314011384,1,320.0
2025-08-01,314011385,1,474.067
2025-09-01,314011385,1,600.0
2025-10-01,314011385,1,250.562
2025-12-01,314011385,1,65.47
2026-04-01,314011385,1,354.154
2026-06-01,314011385,3,1202.803
2025-07-01,314011386,2,1385.475
2025-08-01,314011386,1,460.564
2025-09-01,314011386,7,4060.377
2025-10-01,314011386,4,3024.743
2025-11-01,314011386,2,1683.067
2025-12-01,314011386,27,12544.2
2026-01-01,314011386,1,360.0
2026-02-01,314011386,2,1673.754
2026-03-01,314011386,11,5493.699
2026-04-01,314011386,19,12143.885
2026-05-01,314011386,13,11718.898
2026-06-01,314011386,4,3090.652
2025-07-01,314011387,1,120.0
2025-08-01,314011387,5,3349.822
2025-09-01,314011387,8,3390.15
2025-10-01,314011387,5,3885.145
2025-11-01,314011387,5,3824.823
2025-12-01,314011387,5,2851.085
2026-01-01,314011387,3,1456.261
2026-02-01,314011387,5,2685.251
2026-03-01,314011387,1,200.0
2026-04-01,314011387,4,1196.959
2026-05-01,314011387,1,2638.447
2026-06-01,314011387,3,554.696
2025-07-01,314021389,3,1860.567
2025-08-01,314021389,8,3559.284
2025-09-01,314021389,17,6745.384
2025-10-01,314021389,14,5257.983
2025-11-01,314021389,26,12169.613
2025-12-01,314021389,6,3056.346
2026-01-01,314021389,4,1887.541
2026-02-01,314021389,2,1122.791
2026-03-01,314021389,8,2821.323
2026-04-01,314021389,9,3234.32
2026-05-01,314021389,2,880.857
2026-06-01,314021389,3,1030.9
2025-07-01,314021576,2,705.933
2025-09-01,314021576,16,7450.983
2025-10-01,314021576,1,398.261
2025-11-01,314021576,5,2071.296
2025-12-01,314021576,6,1808.1
2026-01-01,314021576,28,9092.273
2026-02-01,314021576,19,6624.297
2026-03-01,314021576,8,2899.611
2026-04-01,314021576,33,12223.246
2026-05-01,314021576,5,2682.875
2026-06-01,314021576,7,3214.791
2025-08-01,314021577,7,2548.45
2025-09-01,314021577,5,1850.0
2025-11-01,314021577,2,268.825
2025-12-01,314021577,2,356.964
2026-01-01,314021577,1,173.8
2026-02-01,314021577,3,968.17
2026-03-01,314021577,2,414.8
2026-04-01,314021577,9,3531.776
2026-05-01,314021577,1,210.0
2026-06-01,314021577,1,207.644
2025-07-01,314021578,1,560.0
2025-08-01,314021578,3,1278.467
2025-09-01,314021578,2,1198.672
2025-10-01,314021578,5,3021.152
2025-11-01,314021578,10,4175.832
2025-12-01,314021578,53,28150.945
2026-01-01,314021578,8,3772.189
2026-02-01,314021578,88,30154.393
2026-03-01,314021578,1,746.168
2026-04-01,314021578,6,3409.858
2026-05-01,314021578,2,1170.904
2026-06-01,314021578,2,1473.293
2025-10-01,314021579,1,363.759
2025-11-01,314021579,1,405.089
2025-12-01,314021579,1,573.329
2026-01-01,314021579,1,515.152
2026-06-01,314021579,1,479.42
2025-08-01,314031391,2,657.157
2025-10-01,314031391,1,713.0
2025-11-01,314031391,1,227.288
2026-03-01,314031391,1,639.849
2026-04-01,314031391,1,80.0
2026-05-01,314031391,1,387.51
2025-07-01,314031392,3,907.95
2025-08-01,314031392,1,721.909
2025-09-01,314031392,31,9193.744
2025-10-01,314031392,11,3521.545
2025-11-01,314031392,11,3020.576
2026-01-01,314031392,1,595.977
2026-02-01,314031392,8,2041.762
2026-03-01,314031392,8,3385.039
2026-04-01,314031392,12,4613.016
2026-05-01,314031392,12,4725.355
2026-06-01,314031392,36,15905.786
2025-08-01,314031393,1,252.001
2025-10-01,314031393,1,433.268
2025-11-01,314031393,2,711.307
2026-01-01,314031393,2,470.402
2026-05-01,314031393,1,1056.106
2026-06-01,314031393,3,420.0
2025-09-01,314031394,3,978.982
2025-11-01,314031394,1,200.0
2026-01-01,314031394,1,232.78
2026-02-01,314031394,1,487.279
2026-03-01,314031394,2,717.195
2026-04-01,314031394,2,529.862
2026-05-01,314031394,1,203.6
2026-06-01,314031394,1,223.843
2025-07-01,315011396,2,699.0
2025-09-01,315011396,2,617.25
2025-10-01,315011396,1,235.0
2025-12-01,315011396,2,288.0
2026-02-01,315011396,9,2972.856
2026-03-01,315011396,2,720.0
2026-05-01,315011396,3,390.0
2026-06-01,315011396,7,8516.088
2025-10-01,315011397,4,1350.703
2025-11-01,315011397,6,4579.2
2025-08-01,315011400,1,637.56
2025-10-01,315011400,2,1306.14
2026-02-01,315011400,1,400.274
2026-03-01,315011400,1,480.48
2026-05-01,315011400,2,705.4
2026-06-01,315011400,2,627.0
2025-09-01,315011401,25,32771.242
2025-10-01,315011401,2,600.0
2025-11-01,315011402,5,1538.5
2026-02-01,315011402,1,1446.815
2026-03-01,315011402,2,1457.599
2025-09-01,315011403,6,4488.0
2026-02-01,315021404,1,590.667
2026-06-01,315021404,10,17234.0
2026-02-01,315021406,1,1224.41
2025-11-01,315031408,1,100.0
2025-12-01,315031408,1,112.0
2026-01-01,315031408,2,1209.825
2026-02-01,315031408,1,96.0
2026-05-01,315031408,2,400.0
2025-07-01,315031409,1,440.0
2025-11-01,315031409,1,315.0
2026-02-01,315031409,1,345.0
2025-07-01,315031410,2,788.539
2026-01-01,315031410,1,300.0
2025-07-01,315031411,4,1000.0
2026-02-01,315031411,1,245.0
2026-05-01,315031411,1,415.788
2025-09-01,315031412,1,815.5
2025-11-01,315031412,1,860.6
2026-01-01,315031412,3,2072.445
2026-04-01,315031412,2,832.211
2025-07-01,316011413,4,2100.019
2025-08-01,316011413,4,1615.953
2025-09-01,316011413,6,5821.262
2025-10-01,316011413,1,150.0
2025-11-01,316011413,7,5493.25
2025-12-01,316011413,3,6016.7
2026-01-01,316011413,7,3113.452
2026-02-01,316011413,3,1700.96
2026-03-01,316011413,3,2719.44
2026-04-01,316011413,3,4441.077
2026-06-01,316011413,1,120.0
2025-09-01,316011414,2,1700.0
2025-10-01,316011414,14,12164.71
2025-11-01,316011414,3,3557.414
2026-03-01,316011414,3,1288.959
2026-05-01,316011414,6,3653.431
2026-06-01,316011414,2,550.0
2025-07-01,316011415,4,1600.0
2025-08-01,316011415,2,493.9
2026-02-01,316011415,1,1283.68
2026-03-01,316011415,2,1138.615
2025-11-01,316011416,26,13000.0
2026-02-01,316011416,42,24300.0
2025-07-01,316021417,1,1437.842
2025-08-01,316021417,4,2403.498
2025-09-01,316021417,4,3794.74
2025-11-01,316021417,4,1655.688
2026-01-01,316021417,3,1789.492
2026-02-01,316021417,4,3907.999
2026-03-01,316021417,1,110.0
2026-04-01,316021417,3,1961.725
2026-05-01,316021417,2,1193.44
2026-06-01,316021417,1,495.0
2025-07-01,316021418,2,7326.0
2025-08-01,316021418,3,4077.306
2025-09-01,316021418,3,6125.22
2025-10-01,316021418,3,7974.638
2025-11-01,316021418,1,1812.0
2025-12-01,316021418,1,890.0
2026-01-01,316021418,4,4881.24
2026-02-01,316021418,1,1753.0
2026-03-01,316021418,3,4421.278
2026-04-01,316021418,4,8943.334
2026-05-01,316021418,2,1160.112
2026-06-01,316021418,4,6572.294
2025-07-01,316021419,36,21000.0
2025-10-01,316021419,5,1800.0
2026-02-01,316021419,179,150000.0
2026-03-01,316021419,4,2000.0
2026-05-01,316021419,1,984.897
2026-06-01,316021419,7,6362.459
2025-07-01,316021421,13,10256.65
2025-08-01,316021421,9,8235.185
2025-09-01,316021421,10,7734.845
2025-10-01,316021421,11,6797.862
2025-11-01,316021421,10,6813.534
2025-12-01,316021421,9,9780.019
2026-01-01,316021421,4,3836.951
2026-02-01,316021421,11,11831.878
2026-03-01,316021421,26,24569.973
2026-04-01,316021421,9,9761.43
2026-05-01,316021421,24,23111.821
2026-06-01,316021421,14,13030.718
2025-07-01,316021422,3,9964.686
2025-08-01,316021422,2,4308.149
2025-10-01,316021422,3,2158.125
2025-11-01,316021422,1,250.0
2025-12-01,316021422,1,860.119
2026-01-01,316021422,1,850.0
2026-02-01,316021422,4,9583.525
2026-03-01,316021422,5,8869.825
2026-04-01,316021422,1,3362.342
2026-05-01,316021422,1,2400.0
2026-06-01,316021422,2,977.49
2025-07-01,316021423,2,2349.873
2025-09-01,316021423,11,5091.331
2025-10-01,316021423,1,246.836
2025-11-01,316021423,4,5660.03
2025-12-01,316021423,5,4950.279
2026-02-01,316021423,1,864.11
2026-04-01,316021423,4,2000.0
2026-05-01,316021423,2,4081.368
2025-07-01,316021424,1,730.803
2025-09-01,316021424,2,1435.216
2025-11-01,316021424,1,460.551
2025-12-01,316021424,175,100000.0
2026-02-01,316021424,3,2474.479
2026-04-01,316021424,2,2527.205
2026-05-01,316021424,48,33302.83
2026-06-01,316021424,1,2200.0
2025-07-01,316021580,84,35584.872
2025-08-01,316021580,67,27635.883
2025-09-01,316021580,51,19867.627
2025-10-01,316021580,60,23717.474
2025-11-01,316021580,103,46521.545
2025-12-01,316021580,72,29050.232
2026-01-01,316021580,70,30101.986
2026-02-01,316021580,71,28222.185
2026-03-01,316021580,80,42021.834
2026-04-01,316021580,37,16967.632
2026-05-01,316021580,78,35242.974
2026-06-01,316021580,79,35870.832
2025-07-01,316021581,1,293.832
2025-08-01,316021581,1,110.0
2025-09-01,316021581,3,2237.083
2025-11-01,316021581,1,547.675
2025-12-01,316021581,2,923.046
2026-02-01,316021581,2,935.209
2026-03-01,316021581,2,1102.063
2026-05-01,316021581,11,11647.901
2026-06-01,316021581,9,10786.875
2025-07-01,316031425,5,7623.404
2025-08-01,316031425,1,632.736
2025-09-01,316031425,2,2850.842
2025-10-01,316031425,22,12903.413
2025-11-01,316031425,6,8613.5
2025-12-01,316031425,3,4089.0
2026-01-01,316031425,2,2200.822
2026-02-01,316031425,7,4876.928
2026-03-01,316031425,5,4482.093
2026-04-01,316031425,4,12894.5
2026-05-01,316031425,1,950.0
2026-06-01,316031425,12,10475.473
2025-07-01,316031426,3,1189.996
2025-08-01,316031426,4,1925.633
2025-11-01,316031426,2,1512.026
2026-03-01,316031426,2,1900.0
2026-04-01,316031426,2,750.0
2026-05-01,316031426,3,2553.0
2026-06-01,316031426,1,180.0
2025-07-01,316031427,5,4570.318
2025-08-01,316031427,209,91645.335
2025-09-01,316031427,5,1926.207
2025-10-01,316031427,13,8726.144
2025-11-01,316031427,22,19111.167
2025-12-01,316031427,3,2351.664
2026-01-01,316031427,4,1723.579
2026-02-01,316031427,19,12041.658
2026-03-01,316031427,4,4172.431
2026-04-01,316031427,11,10087.155
2026-05-01,316031427,11,9584.033
2026-06-01,316031427,4,3296.654
2025-07-01,316031428,2,2500.0
2025-08-01,316031428,3,4146.99
2025-09-01,316031428,10,4800.0
2025-10-01,316031428,4,7481.417
2025-12-01,316031428,2,11453.68
2026-01-01,316031428,2,2843.599
2026-02-01,316031428,1,150.0
2026-05-01,316031428,5,4568.621
2026-06-01,316031428,3,2515.199
2025-08-01,316051434,1,8848.79
2025-10-01,316051434,2,3894.5
2025-12-01,316051434,1,2750.0
2026-03-01,316051434,2,2002.069
2026-04-01,316051434,2,3500.0
2026-05-01,316051434,2,3208.825
2026-06-01,316051434,6,11894.217
2025-07-01,316051435,1,414.72
2025-08-01,316051435,1,4321.439
2025-09-01,316051435,5,7110.072
2025-10-01,316051435,2,3163.371
2025-11-01,316051435,5,13904.338
2025-12-01,316051435,1,213.75
2026-01-01,316051435,4,2928.986
2026-02-01,316051435,2,1140.0
2026-03-01,316051435,1,4859.98
2026-04-01,316051435,1,2900.0
2026-06-01,316051435,1,1066.546
2025-08-01,316051437,5,10135.339
2025-09-01,316051437,1,1689.741
2025-10-01,316051437,3,3705.778
2025-11-01,316051437,6,15821.022
2025-12-01,316051437,4,14963.738
2026-01-01,316051437,2,4208.613
2026-02-01,316051437,3,2490.08
2026-03-01,316051437,2,2911.214
2026-04-01,316051437,3,4543.976
2025-07-01,316051438,2,1120.0
2025-08-01,316051438,1,497.078
2025-09-01,316051438,1,1719.616
2025-11-01,316051438,1,800.0
2026-01-01,316051438,3,2812.872
2026-02-01,316051438,1,532.0
2026-04-01,316051438,5,4597.0
2026-05-01,316051438,32,15932.0
2026-06-01,316051438,2,4657.0
2025-07-01,316051543,2,2733.182
2025-09-01,316051543,2,4555.573
2025-10-01,316051543,11,15763.658
2025-11-01,316051543,2,3500.0
2025-12-01,316051543,1,521.558
2026-03-01,316051543,5,11039.826
2026-04-01,316051543,1,1000.0
2026-05-01,316051543,2,2433.729
2025-07-01,316051544,3,2160.736
2025-10-01,316051544,1,988.783
2026-03-01,316051544,1,886.419
2026-04-01,316051544,2,1818.0
2026-05-01,316051544,1,536.361
2025-07-01,316061439,10,3920.781
2025-08-01,316061439,56,27008.135
2025-09-01,316061439,5,1680.037
2025-10-01,316061439,29,16721.5
2025-11-01,316061439,2,689.0
2025-12-01,316061439,20,7744.3
2026-01-01,316061439,67,28958.98
2026-02-01,316061439,4,1301.16
2026-03-01,316061439,24,9008.863
2026-04-01,316061439,29,8448.673
2026-05-01,316061439,43,18653.301
2026-06-01,316061439,11,4018.45
2025-07-01,316061440,5,3386.834
2025-08-01,316061440,6,3277.236
2025-09-01,316061440,10,5482.884
2025-10-01,316061440,8,5087.456
2025-11-01,316061440,3,985.636
2025-12-01,316061440,2,280.0
2026-02-01,316061440,4,6534.211
2026-03-01,316061440,10,4913.211
2026-04-01,316061440,13,5125.79
2026-05-01,316061440,17,7420.554
2026-06-01,316061440,1,181.445
2025-08-01,316061441,2,445.427
2025-10-01,316061441,3,1250.295
2025-11-01,316061441,1,828.379
2025-12-01,316061441,2,834.083
2026-03-01,316061441,3,858.111
2026-04-01,316061441,1,567.302
2026-05-01,316061441,2,1086.402
2025-07-01,316061442,81,32006.507
2025-08-01,316061442,88,37116.069
2025-09-01,316061442,53,22409.896
2025-10-01,316061442,28,11913.102
2025-11-01,316061442,11,6187.689
2025-12-01,316061442,10,4435.326
2026-01-01,316061442,10,4761.861
2026-02-01,316061442,6,2556.455
2026-03-01,316061442,6,3299.362
2026-04-01,316061442,4,1804.389
2026-05-01,316061442,20,10118.575
2026-06-01,316061442,9,5415.351
2025-07-01,316061443,3,1101.658
2025-08-01,316061443,4,3083.154
2025-09-01,316061443,3,2094.107
2025-10-01,316061443,2,2193.14
2025-11-01,316061443,1,446.72
2025-12-01,316061443,2,965.8
2026-01-01,316061443,1,120.0
2026-02-01,316061443,3,1060.977
2026-03-01,316061443,2,850.0
2026-04-01,316061443,1,660.0
2026-05-01,316061443,4,2683.692
2026-06-01,316061443,7,3129.988
2025-07-01,316061444,2,505.0
2025-08-01,316061444,2,695.0
2025-09-01,316061444,3,1014.854
2025-10-01,316061444,3,1732.521
2025-11-01,316061444,7,3459.837
2025-12-01,316061444,6,2459.09
2026-01-01,316061444,6,2333.208
2026-02-01,316061444,5,2303.55
2026-03-01,316061444,4,3787.864
2026-04-01,316061444,8,4189.951
2026-05-01,316061444,7,4121.498
2026-06-01,316061444,6,3314.74
2025-07-01,316071545,4,2268.052
2025-08-01,316071545,1,378.035
2025-09-01,316071545,1,1000.0
2025-10-01,316071545,1,595.428
2025-11-01,316071545,3,1450.868
2025-12-01,316071545,3,1215.095
2026-01-01,316071545,2,1307.51
2026-02-01,316071545,3,1492.897
2026-03-01,316071545,1,310.0
2026-04-01,316071545,2,1147.103
2026-06-01,316071545,8,5201.629
2025-08-01,316071546,1,692.536
2025-09-01,316071546,4,1485.236
2025-10-01,316071546,2,595.687
2025-11-01,316071546,1,1400.0
2026-02-01,316071546,3,1922.234
2026-03-01,316071546,4,3307.84
2026-04-01,316071546,2,2710.973
2026-05-01,316071546,1,611.39
2026-06-01,316071546,1,148.0
2025-07-01,316071547,4,2261.953
2025-08-01,316071547,10,10800.093
2025-09-01,316071547,10,4861.362
2025-10-01,316071547,5,3764.86
2025-11-01,316071547,15,7283.265
2025-12-01,316071547,4,1434.824
2026-01-01,316071547,12,4651.488
2026-02-01,316071547,17,7679.244
2026-03-01,316071547,10,3816.05
2026-04-01,316071547,13,7793.474
2026-05-01,316071547,3,1447.341
2026-06-01,316071547,6,4347.704
2025-07-01,316071548,10,4562.962
2025-08-01,316071548,12,5135.99
2025-09-01,316071548,7,2779.459
2025-10-01,316071548,13,8000.162
2025-11-01,316071548,8,3471.811
2025-12-01,316071548,5,2492.254
2026-01-01,316071548,5,1558.115
2026-02-01,316071548,4,2084.519
2026-03-01,316071548,5,3079.079
2026-04-01,316071548,8,4593.649
2026-05-01,316071548,4,1807.305
2026-06-01,316071548,12,7501.592
2025-07-01,316081549,7,3584.757
2025-08-01,316081549,7,4717.724
2025-09-01,316081549,26,9044.235
2025-10-01,316081549,7,5081.954
2025-11-01,316081549,17,11806.823
2025-12-01,316081549,7,6503.833
2026-01-01,316081549,4,3800.0
2026-02-01,316081549,10,6135.9
2026-03-01,316081549,8,3652.229
2026-04-01,316081549,7,5309.651
2026-05-01,316081549,6,3923.685
2026-06-01,316081549,16,9291.277
2025-07-01,317011445,4,2325.081
2025-08-01,317011445,4,2772.804
2025-09-01,317011445,5,4042.975
2025-10-01,317011445,6,5259.616
2025-11-01,317011445,6,3073.97
2025-12-01,317011445,2,1754.032
2026-01-01,317011445,1,874.137
2026-02-01,317011445,5,3680.669
2026-03-01,317011445,2,1693.662
2026-04-01,317011445,7,5002.404
2026-05-01,317011445,3,2601.224
2026-06-01,317011445,7,5631.891
2025-07-01,317011446,19,7359.427
2025-08-01,317011446,11,5627.486
2025-09-01,317011446,12,5882.815
2025-10-01,317011446,15,8002.422
2025-11-01,317011446,50,23338.185
2025-12-01,317011446,4,3386.041
2026-02-01,317011446,3,1593.362
2026-03-01,317011446,6,3346.08
2026-04-01,317011446,7,4735.075
2026-05-01,317011446,16,5840.47
2026-06-01,317011446,3,1565.182
2025-08-01,317011447,3,1156.01
2025-09-01,317011447,1,405.28
2025-11-01,317011447,1,358.385
2025-12-01,317011447,1,292.63
2026-02-01,317011447,4,1125.615
2026-03-01,317011447,1,474.52
2026-04-01,317011447,1,238.427
2025-07-01,317011448,1,596.244
2025-08-01,317011448,1,437.294
2025-09-01,317011448,1,411.088
2025-10-01,317011448,1,351.8
2025-11-01,317011448,1,888.868
2026-01-01,317011448,1,339.015
2026-02-01,317011448,1,801.067
2026-03-01,317011448,1,502.029
2026-05-01,317011448,1,969.337
2026-06-01,317011448,1,375.833
2025-07-01,317011449,4,1584.525
2025-08-01,317011449,4,2177.852
2025-09-01,317011449,1,326.13
2025-10-01,317011449,5,1918.759
2025-11-01,317011449,5,2122.021
2025-12-01,317011449,1,310.0
2026-01-01,317011449,1,138.0
2026-02-01,317011449,2,985.912
2026-03-01,317011449,2,531.233
2026-04-01,317011449,1,644.742
2026-05-01,317011449,9,4416.315
2026-06-01,317011449,27,10482.452
2025-07-01,317011450,14,7716.848
2025-08-01,317011450,29,13185.266
2025-09-01,317011450,24,12397.648
2025-10-01,317011450,22,12237.199
2025-11-01,317011450,31,15859.009
2025-12-01,317011450,48,21849.012
2026-01-01,317011450,31,14309.788
2026-02-01,317011450,24,10761.669
2026-03-01,317011450,37,16968.555
2026-04-01,317011450,44,19729.506
2026-05-01,317011450,36,16665.529
2026-06-01,317011450,38,19227.574
2025-07-01,317011451,8,3539.553
2025-08-01,317011451,6,2413.193
2025-09-01,317011451,9,5704.472
2025-10-01,317011451,9,4625.737
2025-11-01,317011451,10,3768.377
2025-12-01,317011451,10,4788.125
2026-01-01,317011451,7,4426.854
2026-02-01,317011451,6,4127.568
2026-03-01,317011451,8,4690.291
2026-04-01,317011451,4,1598.239
2026-05-01,317011451,8,2950.718
2026-06-01,317011451,9,4994.496
2025-08-01,317011452,1,350.93
2025-09-01,317011452,1,600.146
2025-10-01,317011452,11,5731.638
2025-11-01,317011452,1,1051.35
2025-12-01,317011452,1,642.029
2026-03-01,317011452,3,3315.679
2026-04-01,317011452,1,438.0
2026-06-01,317011452,3,1495.472
2025-07-01,317011453,186,80339.699
2025-09-01,317011453,3,1061.905
2025-10-01,317011453,28,10694.0
2025-12-01,317011453,4,1617.234
2026-04-01,317011453,1,567.67
2026-05-01,317011453,1,99.85
2025-07-01,317011454,13,4866.147
2025-08-01,317011454,10,5362.173
2025-09-01,317011454,5,2449.8
2025-10-01,317011454,11,5768.254
2025-11-01,317011454,2,922.974
2025-12-01,317011454,6,2737.193
2026-01-01,317011454,3,1884.904
2026-02-01,317011454,6,2844.502
2026-03-01,317011454,4,2451.442
2026-04-01,317011454,3,1627.538
2026-05-01,317011454,5,2717.106
2026-06-01,317011454,4,2578.772
2025-07-01,317011455,4,2008.652
2025-11-01,317011455,3,5700.437
2025-12-01,317011455,1,300.0
2026-01-01,317011455,1,351.602
2026-03-01,317011455,2,959.893
2025-07-01,317011456,5,2079.538
2025-09-01,317011456,5,1847.273
2025-10-01,317011456,1,450.0
2025-11-01,317011456,75,30000.0
2026-02-01,317011456,3,1924.365
2026-04-01,317011456,1,185.0
2026-05-01,317011456,2,725.9
2026-06-01,317011456,8,2917.736
2025-07-01,317011457,1,750.0
2025-08-01,317011457,3,1445.98
2025-09-01,317011457,1,700.0
2025-11-01,317011457,1,1006.973
2025-12-01,317011457,1,2193.119
2026-02-01,317011457,2,1780.798
2026-03-01,317011457,2,1787.976
2026-05-01,317011457,2,750.0
2026-06-01,317011457,5,2803.91
2025-07-01,317011458,13,4957.521
2025-08-01,317011458,12,4678.227
2025-09-01,317011458,22,8015.481
2025-10-01,317011458,69,27454.736
2025-11-01,317011458,31,11321.76
2025-12-01,317011458,3,1363.961
2026-01-01,317011458,4,1444.267
2026-02-01,317011458,14,5626.957
2026-03-01,317011458,24,8612.081
2026-04-01,317011458,16,6050.087
2026-05-01,317011458,16,6998.25
2026-06-01,317011458,56,21209.984
2025-07-01,317011459,1,510.245
2025-08-01,317011459,8,2634.113
2025-09-01,317011459,9,2193.035
2025-10-01,317011459,3,1407.64
2025-11-01,317011459,2,575.858
2025-12-01,317011459,1,157.986
2026-01-01,317011459,1,189.672
2026-04-01,317011459,1,500.0
2025-07-01,318011460,6,1446.847
2025-08-01,318011460,4,880.0
2025-09-01,318011460,1,680.291
2025-10-01,318011460,2,883.896
2025-12-01,318011460,1,826.28
2026-02-01,318011460,1,767.25
2026-04-01,318011460,2,1491.71
2026-05-01,318011460,1,746.479
2025-08-01,318011461,1,326.425
2025-12-01,318011461,1,363.544
2026-02-01,318011461,1,176.0
2026-06-01,318011461,2,1189.79
2025-08-01,318011462,3,1700.477
2025-09-01,318011462,1,273.0
2025-11-01,318011462,1,319.9
2026-01-01,318011462,2,787.524
2026-02-01,318011462,2,519.48
2026-03-01,318011462,1,789.915
2026-04-01,318011462,4,1299.432
2026-05-01,318011462,4,1786.611
2025-09-01,318011463,1,540.0
2025-12-01,318011463,2,1042.909
2026-01-01,318011463,1,855.001
2026-02-01,318011463,1,650.0
2026-03-01,318011463,2,659.29
2026-04-01,318011463,1,322.4
2025-07-01,318011464,1,535.75
2025-11-01,318011464,2,1492.405
2026-03-01,318011464,1,379.515
2025-07-01,318011465,4,1456.837
2025-08-01,318011465,2,310.0
2025-09-01,318011465,7,2767.745
2025-10-01,318011465,2,1429.047
2025-11-01,318011465,1,250.0
2026-02-01,318011465,1,335.895
2026-03-01,318011465,6,2242.889
2026-06-01,318011465,2,470.0
2026-03-01,318021467,1,477.989
2026-04-01,318021467,1,397.48
2026-05-01,318021467,1,155.369
2026-06-01,318021467,3,1989.024
2025-08-01,318021469,1,2727.273
2026-01-01,318021469,3,1050.0
2026-04-01,318021469,1,449.99
2026-05-01,318021469,1,500.0
2025-07-01,318021470,16,8672.23
2025-08-01,318021470,31,12899.197
2025-09-01,318021470,8,3628.607
2025-10-01,318021470,35,17906.162
2025-11-01,318021470,31,12804.977
2025-12-01,318021470,26,9967.154
2026-01-01,318021470,46,19914.752
2026-02-01,318021470,25,10573.855
2026-03-01,318021470,45,20639.239
2026-04-01,318021470,28,12619.973
2026-05-01,318021470,34,15676.899
2026-06-01,318021470,42,18196.32
2025-07-01,318021471,28,9680.624
2025-08-01,318021471,41,12015.395
2025-09-01,318021471,9,2967.784
2025-10-01,318021471,11,3542.799
2025-11-01,318021471,18,6081.428
2025-12-01,318021471,7,2340.909
2026-01-01,318021471,8,2964.194
2026-02-01,318021471,10,4059.29
2026-03-01,318021471,12,4427.07
2026-04-01,318021471,8,2768.989
2026-05-01,318021471,12,4794.334
2026-06-01,318021471,13,5629.109
2025-07-01,318021472,1,499.705
2026-03-01,318021472,1,1419.388
2026-02-01,318021474,2,1500.0
2026-05-01,318021474,1,724.246
2025-07-01,318021475,1,564.289
2025-08-01,318021475,2,871.298
2025-09-01,318021475,1,590.909
2025-11-01,318021475,1,548.136
2026-05-01,318021475,1,660.443
2025-08-01,318021476,1,254.273
2025-11-01,318021476,3,1992.792
2026-02-01,318021476,1,522.04
2026-03-01,318021476,2,1108.161
2026-06-01,318021476,2,200.0
2025-08-01,318021478,1,1616.429
2025-10-01,318021478,3,700.417
2025-11-01,318021478,1,759.787
2026-03-01,318021478,4,2125.352
2026-05-01,318021478,2,1255.688
2025-09-01,318021479,1,134.558
2025-12-01,318021479,1,149.8
2026-02-01,318021479,1,418.765
2026-03-01,318021479,1,450.0
2026-06-01,318021479,1,150.0
2025-07-01,318021480,13,6712.324
2025-11-01,318021480,5,1661.6
2026-01-01,318021480,2,1059.744
2026-05-01,318021480,1,586.77
2026-06-01,318021480,1,682.781
2025-07-01,318021481,1,593.813
2025-10-01,318021481,1,371.584
2026-06-01,318021481,2,679.913
2025-10-01,318021482,1,113.636
2025-11-01,318021482,1,656.578
2025-12-01,318021482,1,588.551
2026-06-01,318021482,1,526.988
2025-07-01,318021483,1,1021.468
2025-08-01,318021483,1,731.142
2025-09-01,318021483,2,1256.332
2025-10-01,318021483,3,2014.878
2026-01-01,318021483,3,2366.861
2026-02-01,318021483,3,1145.775
2026-03-01,318021483,5,2210.33
2026-04-01,318021483,1,340.0
2026-05-01,318021483,2,1193.46
2026-06-01,318021483,3,1335.0
2025-07-01,318021484,2,791.637
2025-08-01,318021484,11,3847.024
2025-09-01,318021484,17,6013.209
2025-10-01,318021484,19,6735.234
2025-11-01,318021484,7,2868.11
2025-12-01,318021484,2,599.093
2026-01-01,318021484,4,1822.336
2026-02-01,318021484,4,1704.265
2026-03-01,318021484,5,3259.2
2026-04-01,318021484,2,1131.99
2026-05-01,318021484,3,1040.074
2026-06-01,318021484,4,2049.219
2026-03-01,318021485,1,313.6
2026-04-01,318021485,2,420.0
2026-05-01,318021485,1,120.0
2025-07-01,318021486,2,787.363
2025-08-01,318021486,5,2435.881
2025-09-01,318021486,2,590.909
2025-10-01,318021486,2,1298.429
2025-12-01,318021486,1,181.82
2026-03-01,318021486,2,767.045
2026-04-01,318021486,1,614.393
2026-05-01,318021486,1,375.544
2025-09-01,318021487,10,2139.832
2025-10-01,318021487,1,669.418
2026-03-01,318021487,1,592.07
2025-07-01,318021488,2,947.987
2025-10-01,318021488,3,1884.264
2026-04-01,318021488,1,445.994
2026-06-01,318021488,2,1450.0
2025-07-01,318021489,10,4162.083
2025-08-01,318021489,6,2969.828
2025-09-01,318021489,9,4217.406
2025-10-01,318021489,13,6686.206
2025-11-01,318021489,6,3087.669
2025-12-01,318021489,4,1757.969
2026-01-01,318021489,3,1281.217
2026-02-01,318021489,9,4601.839
2026-03-01,318021489,20,9569.823
2026-04-01,318021489,12,6397.696
2026-05-01,318021489,15,7772.933
2026-06-01,318021489,9,5516.32
2025-07-01,318021490,1,3181.818
2025-09-01,318021490,6,3350.0
2025-10-01,318021490,1,2309.016
2025-11-01,318021490,2,3119.622
2026-02-01,318021490,1,450.0
2026-03-01,318021490,2,10000.0
2026-04-01,318021490,3,2626.991
2026-06-01,318021490,2,1645.0
2025-07-01,318021491,1,300.031
2025-11-01,318021491,1,305.359
2026-03-01,318021491,1,486.96
2025-07-01,318021582,24,9473.31
2025-08-01,318021582,27,10763.092
2025-09-01,318021582,10,4627.906
2025-10-01,318021582,12,4617.873
2025-11-01,318021582,14,5965.763
2025-12-01,318021582,7,2760.843
2026-01-01,318021582,7,2361.44
2026-02-01,318021582,12,5441.766
2026-03-01,318021582,10,5298.918
2026-04-01,318021582,12,6926.996
2026-05-01,318021582,15,7221.067
2026-06-01,318021582,19,8994.886
2025-07-01,318021583,3,1271.634
2025-08-01,318021583,5,2526.414
2025-09-01,318021583,11,5364.704
2025-10-01,318021583,14,6571.455
2025-11-01,318021583,13,7659.148
2025-12-01,318021583,5,2876.158
2026-01-01,318021583,2,1506.26
2026-02-01,318021583,7,4290.834
2026-03-01,318021583,6,3896.827
2026-04-01,318021583,1,923.474
2026-05-01,318021583,6,2335.66
2026-06-01,318021583,4,1480.0
2025-07-01,319011492,8,4916.661
2025-08-01,319011492,7,3041.555
2025-10-01,319011492,2,960.0
2025-11-01,319011492,6,3080.0
2025-12-01,319011492,1,450.0
2026-01-01,319011492,4,2333.723
2026-02-01,319011492,1,486.554
2026-03-01,319011492,2,1189.428
2026-04-01,319011492,1,902.771
2026-05-01,319011492,1,833.973
2026-06-01,319011492,2,1542.943
2025-07-01,319011493,79,34827.797
2025-08-01,319011493,42,17896.715
2025-09-01,319011493,15,7683.899
2025-10-01,319011493,15,7845.283
2025-11-01,319011493,123,47552.461
2025-12-01,319011493,161,53322.778
2026-01-01,319011493,15,8969.49
2026-02-01,319011493,20,12368.927
2026-03-01,319011493,21,10583.318
2026-04-01,319011493,43,24184.987
2026-05-01,319011493,27,14171.104
2026-06-01,319011493,37,19849.147
2025-07-01,319011494,5,2567.202
2025-08-01,319011494,5,3220.881
2025-09-01,319011494,1,460.438
2025-10-01,319011494,2,1296.037
2025-11-01,319011494,11,4820.0
2025-12-01,319011494,1,400.0
2026-01-01,319011494,6,3249.701
2026-02-01,319011494,3,1684.835
2026-03-01,319011494,4,2704.335
2026-04-01,319011494,4,3472.671
2026-05-01,319011494,5,2466.978
2026-06-01,319011494,2,836.617
2025-08-01,319011495,1,228.763
2025-09-01,319011495,8,2400.0
2025-11-01,319011495,7,2100.0
2026-03-01,319011495,4,1298.656
2026-06-01,319011495,2,1093.459
2025-07-01,319011496,15,7447.523
2025-09-01,319011496,1,160.0
2026-01-01,319011496,1,348.273
2026-02-01,319011496,2,953.96
2026-04-01,319011496,3,1377.287
2026-05-01,319011496,1,612.15
2025-08-01,319011497,1,360.276
2025-11-01,319011497,1,450.0
2026-02-01,319011497,2,1082.375
2026-04-01,319011497,3,1111.355
2026-06-01,319011497,1,336.835
2025-07-01,319011498,3,1095.838
2025-08-01,319011498,5,1966.464
2025-09-01,319011498,2,619.774
2025-10-01,319011498,1,192.5
2025-11-01,319011498,9,4016.66
2025-12-01,319011498,2,1302.4
2026-01-01,319011498,1,617.415
2026-02-01,319011498,2,2336.22
2026-03-01,319011498,2,1095.15
2026-04-01,319011498,8,3390.957
2026-05-01,319011498,2,617.732
2026-06-01,319011498,2,919.371
2025-07-01,319011499,13,4931.468
2025-08-01,319011499,22,6413.703
2025-09-01,319011499,3,1314.994
2025-10-01,319011499,4,1609.044
2025-11-01,319011499,21,9616.915
2025-12-01,319011499,7,1755.877
2026-01-01,319011499,6,2359.126
2026-02-01,319011499,11,6112.312
2026-03-01,319011499,4,2392.878
2026-04-01,319011499,13,5865.715
2026-05-01,319011499,14,5868.106
2026-06-01,319011499,8,3667.45
2025-08-01,319011500,17,5993.89
2025-09-01,319011500,3,693.114
2025-11-01,319011500,41,16280.0
2026-02-01,319011500,1,264.782
2026-03-01,319011500,5,2402.165
2026-04-01,319011500,3,1037.823
2026-05-01,319011500,8,2941.952
2026-06-01,319011500,4,1111.212
2025-07-01,319011501,1,603.8
2025-08-01,319011501,1,341.308
2025-10-01,319011501,2,1439.845
2025-11-01,319011501,2,1165.16
2026-01-01,319011501,1,329.791
2026-02-01,319011501,1,506.18
2026-05-01,319011501,1,350.0
2025-11-01,319011502,84,25700.0
2026-01-01,319011502,1,495.0
2026-04-01,319011502,1,300.0
2026-05-01,319011502,6,1586.69
2025-07-01,319021503,2,707.622
2025-08-01,319021503,3,1157.662
2025-09-01,319021503,2,621.283
2025-12-01,319021503,5,2318.009
2026-02-01,319021503,7,4678.0
2026-03-01,319021503,1,625.6
2026-04-01,319021503,1,620.0
2026-05-01,319021503,2,529.0
2025-08-01,319021504,3,873.704
2025-09-01,319021504,1,337.39
2025-11-01,319021504,2,455.0
2025-12-01,319021504,2,1479.704
2026-01-01,319021504,2,763.016
2026-02-01,319021504,1,80.0
2026-03-01,319021504,1,458.09
2026-04-01,319021504,2,2226.891
2026-06-01,319021504,2,742.0
2025-07-01,319021505,17,9069.864
2025-08-01,319021505,3,1487.483
2025-09-01,319021505,3,1900.394
2025-11-01,319021505,4,2156.981
2025-12-01,319021505,7,2605.299
2026-01-01,319021505,3,1373.485
2026-02-01,319021505,3,1214.95
2026-03-01,319021505,2,981.26
2026-04-01,319021505,3,1170.063
2026-05-01,319021505,2,999.278
2026-06-01,319021505,5,2237.939
2025-07-01,319021506,2,850.3
2025-08-01,319021506,1,335.522
2025-09-01,319021506,2,1010.9
2025-10-01,319021506,6,2686.978
2025-11-01,319021506,1,400.111
2025-12-01,319021506,2,735.792
2026-01-01,319021506,1,452.1
2026-02-01,319021506,1,506.609
2026-03-01,319021506,4,1239.145
2026-04-01,319021506,2,406.065
2026-05-01,319021506,2,791.218
2026-06-01,319021506,5,1751.795
2025-07-01,319021507,3,1220.0
2025-08-01,319021507,1,445.317
2025-10-01,319021507,2,2547.095
2025-11-01,319021507,3,978.285
2025-12-01,319021507,1,220.885
2026-01-01,319021507,2,739.768
2026-02-01,319021507,2,1082.994
2026-03-01,319021507,1,163.35
2026-04-01,319021507,1,247.5
2026-06-01,319021507,2,686.125
2025-07-01,319021508,3,420.0
2025-08-01,319021508,1,98.0
2026-02-01,319021508,5,1541.209
2026-03-01,319021508,1,450.0
2025-07-01,319021509,6,2530.537
2025-08-01,319021509,6,2098.024
2025-09-01,319021509,8,2438.985
2025-10-01,319021509,4,1390.621
2025-11-01,319021509,9,3893.475
2025-12-01,319021509,2,1047.138
2026-01-01,319021509,4,1415.962
2026-02-01,319021509,37,26985.285
2026-03-01,319021509,4,1924.333
2026-04-01,319021509,14,5126.938
2026-05-01,319021509,7,1733.829
2026-06-01,319021509,5,2857.356
2025-07-01,319031511,5,3109.574
2025-08-01,319031511,4,1183.683
2025-09-01,319031511,3,1369.382
2025-10-01,319031511,3,1896.649
2025-11-01,319031511,2,516.452
2025-12-01,319031511,3,1272.776
2026-01-01,319031511,5,2599.483
2026-02-01,319031511,5,2934.872
2026-03-01,319031511,2,489.388
2026-04-01,319031511,3,1145.154
2026-05-01,319031511,4,2768.379
2026-06-01,319031511,6,1717.14
2025-07-01,319031512,24,7845.142
2025-08-01,319031512,32,9533.777
2025-09-01,319031512,13,4174.537
2025-10-01,319031512,10,3301.56
2025-11-01,319031512,13,7751.445
2025-12-01,319031512,9,3065.866
2026-01-01,319031512,3,1000.753
2026-02-01,319031512,5,1859.221
2026-03-01,319031512,17,6885.001
2026-04-01,319031512,4,1841.51
2026-05-01,319031512,8,3549.022
2026-06-01,319031512,7,2823.422
2025-07-01,319031513,6,1906.163
2025-08-01,319031513,8,3085.315
2025-09-01,319031513,3,1554.934
2025-10-01,319031513,11,4176.089
2025-11-01,319031513,5,1476.431
2025-12-01,319031513,5,1729.518
2026-01-01,319031513,20,6633.417
2026-02-01,319031513,6,1436.504
2026-03-01,319031513,3,784.237
2026-04-01,319031513,5,2037.937
2026-05-01,319031513,9,3548.432
2026-06-01,319031513,17,5963.597
2025-07-01,319031514,9,4575.636
2025-08-01,319031514,9,4856.77
2025-09-01,319031514,9,5101.881
2025-10-01,319031514,16,6298.913
2025-11-01,319031514,15,5998.778
2025-12-01,319031514,4,1697.992
2026-01-01,319031514,8,3319.881
2026-02-01,319031514,12,6226.041
2026-03-01,319031514,15,6895.391
2026-04-01,319031514,10,5325.024
2026-05-01,319031514,13,6651.492
2026-06-01,319031514,16,7382.574
2025-07-01,319031515,2,819.165
2025-08-01,319031515,2,4189.657
2025-09-01,319031515,3,1026.6
2025-10-01,319031515,6,2458.558
2025-11-01,319031515,2,863.4
2025-12-01,319031515,1,508.2
2026-01-01,319031515,2,557.482
2026-02-01,319031515,1,381.322
2026-03-01,319031515,1,400.0
2026-04-01,319031515,1,408.898
2026-05-01,319031515,2,753.974
2026-06-01,319031515,3,1645.963
2025-07-01,319041516,25,11388.444
2025-08-01,319041516,40,16680.603
2025-09-01,319041516,56,25444.945
2025-10-01,319041516,25,10065.064
2025-11-01,319041516,19,8935.128
2025-12-01,319041516,17,7736.634
2026-01-01,319041516,16,9195.883
2026-02-01,319041516,19,8292.232
2026-03-01,319041516,30,13073.361
2026-04-01,319041516,35,14661.749
2026-05-01,319041516,29,12381.305
2026-06-01,319041516,15,6957.892
2025-07-01,319041517,2,1296.199
2025-08-01,319041517,1,495.093
2025-09-01,319041517,13,5806.999
2025-10-01,319041517,12,5484.815
2025-11-01,319041517,14,6405.65
2025-12-01,319041517,2,751.598
2026-01-01,319041517,6,3246.593
2026-02-01,319041517,6,3244.433
2026-04-01,319041517,3,2284.579
2026-05-01,319041517,4,787.91
2026-06-01,319041517,8,5808.061
2025-07-01,319041518,66,25200.135
2025-08-01,319041518,36,13067.142
2025-09-01,319041518,11,6219.766
2025-10-01,319041518,27,8638.214
2025-11-01,319041518,34,11965.462
2025-12-01,319041518,26,8879.515
2026-01-01,319041518,14,5346.899
2026-02-01,319041518,37,13480.869
2026-03-01,319041518,40,15564.688
2026-04-01,319041518,28,12109.413
2026-05-01,319041518,8,3486.949
2026-06-01,319041518,14,6536.056
2025-07-01,319041519,4,1708.375
2025-08-01,319041519,1,2740.462
2025-09-01,319041519,4,1361.067
2025-11-01,319041519,3,2385.715
2025-12-01,319041519,3,903.661
2026-01-01,319041519,2,594.347
2026-02-01,319041519,1,455.746
2026-03-01,319041519,1,374.227
2026-04-01,319041519,1,827.33
2026-05-01,319041519,2,1181.507
2026-06-01,319041519,1,186.5
2025-07-01,319041520,17,7474.461
2025-08-01,319041520,8,2898.806
2025-09-01,319041520,15,6392.187
2025-10-01,319041520,7,3135.476
2025-11-01,319041520,28,11877.29
2025-12-01,319041520,10,3605.422
2026-01-01,319041520,16,5933.583
2026-02-01,319041520,13,5630.586
2026-03-01,319041520,18,7720.058
2026-04-01,319041520,10,3841.704
2026-05-01,319041520,47,20341.122
2026-06-01,319041520,8,3524.355
2025-07-01,319041521,44,20569.342
2025-08-01,319041521,38,13191.896
2025-09-01,319041521,24,7813.876
2025-10-01,319041521,8,2646.015
2025-11-01,319041521,18,8309.748
2025-12-01,319041521,3,910.065
2026-01-01,319041521,6,2801.85
2026-02-01,319041521,7,2895.51
2026-03-01,319041521,9,4096.609
2026-04-01,319041521,16,5573.198
2026-05-01,319041521,29,11321.878
2026-06-01,319041521,29,10994.729
2025-07-01,319051522,26,10315.713
2025-08-01,319051522,15,6041.444
2025-09-01,319051522,14,7658.206
2025-10-01,319051522,7,2865.891
2025-11-01,319051522,17,8473.884
2025-12-01,319051522,11,4025.996
2026-01-01,319051522,10,4153.921
2026-02-01,319051522,30,11313.035
2026-03-01,319051522,51,18626.542
2026-04-01,319051522,19,13801.59
2026-05-01,319051522,19,7736.788
2026-06-01,319051522,17,6866.868
2025-07-01,319051523,1,127.0
2025-07-01,319051524,3,1810.776
2025-08-01,319051524,2,923.455
2025-09-01,319051524,2,1199.029
2025-10-01,319051524,13,5500.73
2025-11-01,319051524,3,1692.718
2025-12-01,319051524,2,772.424
2026-01-01,319051524,4,1763.392
2026-02-01,319051524,2,896.62
2026-03-01,319051524,5,2133.401
2026-04-01,319051524,1,350.0
2026-05-01,319051524,5,1577.606
2026-06-01,319051524,4,1325.601
2025-07-01,319051525,8,1862.024
2025-08-01,319051525,6,2632.916
2025-09-01,319051525,3,1046.22
2025-10-01,319051525,6,1456.966
2025-11-01,319051525,7,4961.457
2025-12-01,319051525,5,1814.419
2026-01-01,319051525,2,471.304
2026-02-01,319051525,3,1289.46
2026-03-01,319051525,5,2051.992
2026-04-01,319051525,4,1558.932
2026-05-01,319051525,11,3565.265
2026-06-01,319051525,7,3452.003
2025-07-01,319051526,7,2604.974
2025-08-01,319051526,3,849.99
2025-09-01,319051526,1,720.672
2025-10-01,319051526,16,6060.923
2025-11-01,319051526,12,5314.119
2025-12-01,319051526,7,2324.2
2026-02-01,319051526,3,1012.171
2026-04-01,319051526,3,1728.832
2026-05-01,319051526,2,1407.564
2026-06-01,319051526,15,4953.217
2025-07-01,4,1289,510468.85
2025-08-01,4,1116,444945.443
2025-09-01,4,1235,514802.591
2025-10-01,4,1329,564146.269
2025-11-01,4,1277,540708.95
2025-12-01,4,1218,469056.877
2026-01-01,4,916,398511.173
2026-02-01,4,1202,562376.048
2026-03-01,4,1305,557652.127
2026-04-01,4,1343,561170.265
2026-05-01,4,1495,705628.218
2026-06-01,4,1385,582026.671
2025-08-01,401011001,1,150.0
2026-01-01,401011001,67,44200.0
2026-03-01,401011001,39,30000.0
2026-05-01,401011001,228,141577.833
2025-10-01,401011002,3,3600.0
2025-08-01,401021003,2,583.157
2025-10-01,401021003,1,184.013
2025-11-01,401021003,2,1900.0
2025-12-01,401021003,2,1476.324
2026-02-01,401021003,1,380.0
2026-04-01,401021003,2,728.531
2025-07-01,401021004,4,5390.0
2025-08-01,401021004,4,2418.184
2025-09-01,401021004,4,2900.0
2025-10-01,401021004,4,2400.08
2025-11-01,401021004,6,7777.393
2025-12-01,401021004,2,1050.0
2026-01-01,401021004,1,1100.0
2026-02-01,401021004,4,2033.983
2026-03-01,401021004,1,603.254
2026-04-01,401021004,5,3710.0
2026-06-01,401021004,2,620.0
2025-07-01,401021005,1,400.0
2025-08-01,401021005,2,590.0
2025-09-01,401021005,1,400.0
2025-10-01,401021005,1,600.0
2025-12-01,401021005,2,2100.0
2026-01-01,401021005,1,802.0
2026-02-01,401021005,3,2615.547
2026-03-01,401021005,1,550.0
2026-04-01,401021005,1,1200.0
2026-05-01,401021005,2,1422.291
2026-06-01,401021005,1,1200.0
2025-07-01,401021006,3,1062.807
2025-08-01,401021006,1,410.895
2025-09-01,401021006,3,1791.092
2025-10-01,401021006,3,917.254
2025-11-01,401021006,2,903.234
2025-12-01,401021006,3,1473.49
2026-01-01,401021006,3,1550.019
2026-03-01,401021006,3,1906.344
2026-04-01,401021006,1,568.236
2026-05-01,401021006,1,500.0
2026-06-01,401021006,2,820.0
2025-07-01,401021007,41,17509.239
2025-08-01,401021007,22,9289.517
2025-09-01,401021007,65,26018.421
2025-10-01,401021007,65,26340.189
2025-11-01,401021007,56,22128.765
2025-12-01,401021007,51,20603.787
2026-01-01,401021007,33,14905.278
2026-02-01,401021007,40,17373.964
2026-03-01,401021007,46,20341.673
2026-04-01,401021007,58,21845.909
2026-05-01,401021007,45,18399.933
2026-06-01,401021007,49,20316.379
2025-07-01,401021008,9,3380.421
2025-08-01,401021008,2,640.11
2025-09-01,401021008,2,508.626
2025-10-01,401021008,3,2457.128
2025-11-01,401021008,3,919.363
2025-12-01,401021008,2,599.664
2026-01-01,401021008,1,557.405
2026-02-01,401021008,5,1330.274
2026-03-01,401021008,2,992.848
2026-05-01,401021008,2,802.07
2026-06-01,401021008,3,746.46
2025-07-01,401021009,3,1153.903
2025-08-01,401021009,3,1143.303
2025-09-01,401021009,6,2927.594
2025-10-01,401021009,2,698.432
2025-11-01,401021009,10,3845.379
2025-12-01,401021009,3,1135.103
2026-01-01,401021009,2,816.669
2026-02-01,401021009,4,1728.092
2026-03-01,401021009,4,1995.926
2026-05-01,401021009,3,1100.0
2026-06-01,401021009,2,538.47
2025-08-01,401021010,1,521.195
2025-11-01,401021010,4,1883.678
2025-12-01,401021010,2,2718.1
2026-01-01,401021010,2,2206.0
2026-02-01,401021010,1,3500.0
2026-05-01,401021010,5,5166.149
2025-07-01,401031011,5,4761.564
2025-08-01,401031011,5,2965.0
2025-09-01,401031011,4,4521.529
2025-10-01,401031011,12,14279.551
2025-11-01,401031011,10,7710.606
2025-12-01,401031011,5,4824.847
2026-01-01,401031011,2,1766.0
2026-02-01,401031011,8,7877.0
2026-03-01,401031011,3,1647.281
2026-04-01,401031011,7,9550.0
2026-05-01,401031011,2,2800.0
2026-06-01,401031011,6,4105.0
2025-07-01,401031012,3,1500.0
2025-08-01,401031012,4,6759.408
2025-09-01,401031012,3,2700.0
2025-10-01,401031012,1,1000.0
2025-11-01,401031012,3,2900.0
2025-12-01,401031012,4,1920.0
2026-01-01,401031012,3,1648.028
2026-02-01,401031012,1,2544.867
2026-04-01,401031012,9,10868.193
2026-05-01,401031012,10,10720.3
2026-06-01,401031012,6,6987.63
2025-07-01,401031013,3,3972.824
2025-08-01,401031013,2,800.0
2025-09-01,401031013,6,8010.49
2025-10-01,401031013,6,4428.618
2025-11-01,401031013,4,2740.0
2025-12-01,401031013,1,1400.0
2026-01-01,401031013,2,2639.288
2026-02-01,401031013,3,2661.0
2026-03-01,401031013,5,2240.0
2026-05-01,401031013,1,900.0
2026-06-01,401031013,94,58500.0
2025-07-01,401041014,3,1546.9
2025-08-01,401041014,5,2323.403
2025-09-01,401041014,2,1186.85
2025-10-01,401041014,2,700.0
2025-11-01,401041014,8,3656.0
2025-12-01,401041014,6,3366.985
2026-01-01,401041014,1,600.0
2026-02-01,401041014,9,3490.0
2026-03-01,401041014,6,2759.86
2026-05-01,401041014,12,4707.67
2026-06-01,401041014,3,2150.0
2025-07-01,401041015,8,3291.931
2025-08-01,401041015,8,4350.739
2025-09-01,401041015,30,9445.469
2025-10-01,401041015,6,2731.285
2025-11-01,401041015,7,2580.0
2025-12-01,401041015,23,6170.416
2026-01-01,401041015,23,11022.001
2026-02-01,401041015,9,3787.911
2026-03-01,401041015,9,3705.175
2026-04-01,401041015,7,2865.358
2026-05-01,401041015,21,8642.6
2026-06-01,401041015,16,7858.38
2025-07-01,401041016,14,9192.805
2025-08-01,401041016,24,10989.566
2025-09-01,401041016,22,9791.778
2025-10-01,401041016,17,6895.297
2025-11-01,401041016,14,6428.76
2025-12-01,401041016,17,7008.389
2026-01-01,401041016,4,1569.44
2026-02-01,401041016,16,7219.885
2026-03-01,401041016,6,4302.888
2026-04-01,401041016,6,4420.0
2026-05-01,401041016,13,8159.508
2026-06-01,401041016,5,4020.112
2025-07-01,401051017,1,1000.0
2025-08-01,401051017,1,1400.0
2025-09-01,401051017,2,1500.0
2025-10-01,401051017,1,2800.0
2026-01-01,401051017,1,1750.0
2026-02-01,401051017,1,1700.0
2026-03-01,401051017,4,3608.794
2026-04-01,401051017,1,353.6
2026-05-01,401051017,11,6900.0
2025-07-01,401051018,4,2013.432
2025-08-01,401051018,6,3669.175
2025-09-01,401051018,3,1650.0
2025-10-01,401051018,7,3032.804
2025-11-01,401051018,12,5185.0
2025-12-01,401051018,12,7450.937
2026-01-01,401051018,13,5764.565
2026-02-01,401051018,6,3248.296
2026-03-01,401051018,10,5300.0
2026-04-01,401051018,9,5337.5
2026-05-01,401051018,11,6370.755
2026-06-01,401051018,9,3352.729
2025-07-01,401051019,11,5861.43
2025-08-01,401051019,6,2600.0
2025-09-01,401051019,9,6590.0
2025-10-01,401051019,3,1280.57
2025-11-01,401051019,4,2000.0
2025-12-01,401051019,4,1870.0
2026-01-01,401051019,3,1682.941
2026-02-01,401051019,6,3947.988
2026-03-01,401051019,3,2164.888
2026-04-01,401051019,1,650.0
2026-05-01,401051019,5,6022.0
2026-06-01,401051019,6,2855.878
2025-07-01,401061020,3,1881.239
2025-09-01,401061020,3,1778.976
2025-10-01,401061020,2,1560.212
2026-03-01,401061020,16,5268.888
2026-04-01,401061020,6,3800.0
2026-05-01,401061020,1,110.0
2025-07-01,401061021,2,1711.171
2025-08-01,401061021,2,750.0
2025-09-01,401061021,25,15850.0
2025-10-01,401061021,19,8924.704
2025-11-01,401061021,21,7160.0
2025-12-01,401061021,1,300.0
2026-01-01,401061021,27,16088.02
2026-02-01,401061021,2,2000.0
2026-04-01,401061021,17,9874.843
2026-05-01,401061021,1,220.0
2026-06-01,401061021,2,840.0
2025-07-01,401061022,4,4600.0
2025-08-01,401061022,2,1986.0
2025-09-01,401061022,4,3959.619
2025-10-01,401061022,1,1250.82
2025-11-01,401061022,5,2250.0
2025-12-01,401061022,2,1000.0
2026-01-01,401061022,4,3700.8
2026-02-01,401061022,2,1000.0
2026-03-01,401061022,1,724.0
2026-04-01,401061022,1,820.0
2026-05-01,401061022,3,3000.0
2026-06-01,401061022,1,1500.0
2025-07-01,401071023,1,800.0
2025-08-01,401071023,28,8654.165
2025-09-01,401071023,32,10616.735
2025-10-01,401071023,4,763.333
2025-11-01,401071023,24,11570.0
2025-12-01,401071023,3,816.666
2026-01-01,401071023,1,400.0
2026-02-01,401071023,30,18345.584
2026-03-01,401071023,25,16831.984
2026-04-01,401071023,1,400.0
2026-05-01,401071023,1,1200.0
2026-06-01,401071023,13,6021.0
2025-07-01,401071024,6,4000.0
2025-08-01,401071024,10,8298.95
2025-09-01,401071024,10,10622.255
2025-10-01,401071024,2,3750.0
2025-11-01,401071024,1,137.5
2025-12-01,401071024,2,1200.281
2026-01-01,401071024,3,4200.487
2026-02-01,401071024,75,54622.35
2026-03-01,401071024,24,12700.0
2026-04-01,401071024,2,2299.5
2026-05-01,401071024,1,1700.0
2026-06-01,401071024,4,1600.0
2025-07-01,402011025,15,6351.571
2025-08-01,402011025,12,5148.868
2025-09-01,402011025,20,7503.435
2025-10-01,402011025,30,13032.632
2025-11-01,402011025,40,18180.504
2025-12-01,402011025,24,10989.215
2026-01-01,402011025,12,5283.665
2026-02-01,402011025,19,8206.888
2026-03-01,402011025,11,4850.707
2026-04-01,402011025,11,5560.801
2026-05-01,402011025,22,10533.572
2026-06-01,402011025,56,24164.105
2025-07-01,402011026,17,5528.467
2025-08-01,402011026,14,4062.188
2025-09-01,402011026,31,10939.67
2025-10-01,402011026,44,13558.836
2025-11-01,402011026,18,7336.271
2025-12-01,402011026,35,9408.58
2026-01-01,402011026,16,5468.025
2026-02-01,402011026,32,10936.943
2026-03-01,402011026,18,6497.517
2026-04-01,402011026,38,10691.063
2026-05-01,402011026,18,7208.943
2026-06-01,402011026,17,5764.773
2025-07-01,402011027,9,4465.695
2025-08-01,402011027,16,6843.393
2025-09-01,402011027,14,6291.96
2025-10-01,402011027,6,2935.162
2025-11-01,402011027,9,4357.099
2025-12-01,402011027,7,2906.415
2026-01-01,402011027,7,2984.691
2026-02-01,402011027,6,3228.399
2026-03-01,402011027,5,1870.195
2026-04-01,402011027,6,3212.545
2026-05-01,402011027,4,1579.227
2026-06-01,402011027,6,2452.455
2025-07-01,402021028,4,1336.0
2025-08-01,402021028,14,4408.9
2025-09-01,402021028,16,4999.1
2025-10-01,402021028,2,614.9
2025-11-01,402021028,3,1035.639
2026-01-01,402021028,10,3261.0
2026-02-01,402021028,4,1313.0
2026-03-01,402021028,4,1782.438
2026-04-01,402021028,3,1055.0
2026-05-01,402021028,1,350.0
2026-06-01,402021028,1,353.79
2025-07-01,402021029,9,2717.449
2025-08-01,402021029,22,6967.976
2025-09-01,402021029,4,1261.119
2025-10-01,402021029,17,4708.445
2025-11-01,402021029,9,2141.343
2025-12-01,402021029,4,1148.966
2026-01-01,402021029,2,748.9
2026-02-01,402021029,8,2789.067
2026-03-01,402021029,9,2725.277
2026-04-01,402021029,8,2416.648
2026-05-01,402021029,14,4313.119
2026-06-01,402021029,11,3125.147
2025-07-01,402021030,10,2097.875
2025-08-01,402021030,5,1738.88
2025-09-01,402021030,6,1749.018
2025-10-01,402021030,2,759.826
2025-11-01,402021030,6,2058.38
2026-01-01,402021030,2,450.0
2026-02-01,402021030,10,2781.846
2026-03-01,402021030,8,2425.0
2026-04-01,402021030,15,3944.602
2026-05-01,402021030,13,3909.0
2026-06-01,402021030,8,2142.197
2025-07-01,402021031,2,700.0
2025-08-01,402021031,2,631.6
2025-09-01,402021031,5,1650.0
2025-10-01,402021031,10,2479.464
2025-11-01,402021031,8,2490.882
2025-12-01,402021031,6,1866.874
2026-01-01,402021031,12,3190.0
2026-02-01,402021031,3,900.0
2026-03-01,402021031,25,6466.513
2026-04-01,402021031,25,8292.717
2026-05-01,402021031,15,5226.522
2026-06-01,402021031,16,5406.304
2025-07-01,402021032,103,34776.267
2025-08-01,402021032,79,26602.673
2025-09-01,402021032,61,19654.78
2025-10-01,402021032,76,27804.743
2025-11-01,402021032,68,25095.001
2025-12-01,402021032,103,34604.756
2026-01-01,402021032,62,22150.952
2026-02-01,402021032,105,37551.788
2026-03-01,402021032,144,49988.854
2026-04-01,402021032,175,64829.079
2026-05-01,402021032,140,51569.955
2026-06-01,402021032,168,60273.795
2025-08-01,402021033,1,588.402
2025-11-01,402021033,1,176.46
2026-01-01,402021033,1,776.73
2025-07-01,402021034,17,4494.263
2025-08-01,402021034,24,7019.131
2025-09-01,402021034,10,3239.735
2025-10-01,402021034,12,3392.162
2025-11-01,402021034,7,2212.371
2025-12-01,402021034,10,3112.73
2026-01-01,402021034,5,1563.365
2026-02-01,402021034,17,4847.516
2026-03-01,402021034,7,2294.644
2026-04-01,402021034,15,4479.301
2026-05-01,402021034,18,6073.507
2026-06-01,402021034,17,5077.727
2025-07-01,402021035,36,12914.256
2025-08-01,402021035,41,15672.9
2025-09-01,402021035,45,15422.709
2025-10-01,402021035,35,13131.99
2025-11-01,402021035,31,13495.381
2025-12-01,402021035,14,5690.561
2026-01-01,402021035,47,15432.974
2026-02-01,402021035,28,11051.214
2026-03-01,402021035,41,15014.528
2026-04-01,402021035,24,11063.203
2026-05-01,402021035,29,11755.473
2026-06-01,402021035,26,9738.569
2025-07-01,402031036,11,4721.162
2025-08-01,402031036,22,7077.499
2025-09-01,402031036,27,10731.191
2025-10-01,402031036,35,11470.376
2025-11-01,402031036,30,11235.145
2025-12-01,402031036,38,13742.284
2026-01-01,402031036,25,10416.16
2026-02-01,402031036,16,7068.227
2026-03-01,402031036,14,6487.047
2026-04-01,402031036,9,3034.59
2026-05-01,402031036,16,7513.119
2026-06-01,402031036,36,14941.866
2025-07-01,402031038,13,4545.517
2025-08-01,402031038,7,2922.758
2025-09-01,402031038,13,4699.8
2025-10-01,402031038,18,7125.857
2025-11-01,402031038,28,10804.615
2025-12-01,402031038,13,4703.206
2026-01-01,402031038,5,2873.286
2026-02-01,402031038,18,9072.87
2026-03-01,402031038,28,11502.752
2026-04-01,402031038,19,6307.46
2026-05-01,402031038,10,3938.53
2026-06-01,402031038,15,7447.688
2025-07-01,402031175,8,3915.818
2025-09-01,402031175,7,3533.16
2025-10-01,402031175,37,12743.954
2025-11-01,402031175,12,6311.926
2025-12-01,402031175,19,6398.959
2026-01-01,402031175,3,1469.312
2026-02-01,402031175,7,3454.437
2026-03-01,402031175,11,7798.174
2026-04-01,402031175,4,1668.164
2026-05-01,402031175,2,1950.0
2026-06-01,402031175,2,1064.4
2025-07-01,402031176,2,700.0
2025-08-01,402031176,10,2666.5
2025-09-01,402031176,8,2651.324
2025-10-01,402031176,8,2975.0
2025-11-01,402031176,8,2500.0
2025-12-01,402031176,11,2668.894
2026-01-01,402031176,6,2100.0
2026-02-01,402031176,4,1676.795
2026-03-01,402031176,13,4330.13
2026-04-01,402031176,7,3720.0
2026-05-01,402031176,5,1852.958
2026-06-01,402031176,17,5650.747
2025-07-01,402041040,15,5045.938
2025-08-01,402041040,3,771.12
2025-09-01,402041040,11,3756.75
2025-10-01,402041040,22,7186.72
2025-11-01,402041040,11,3717.945
2025-12-01,402041040,17,5140.0
2026-01-01,402041040,10,4295.0
2026-02-01,402041040,22,7535.548
2026-03-01,402041040,21,7936.071
2026-04-01,402041040,6,1928.082
2026-05-01,402041040,12,4469.146
2026-06-01,402041040,23,7298.651
2025-07-01,402041041,13,3674.125
2025-08-01,402041041,9,2176.6
2025-09-01,402041041,1,400.0
2025-10-01,402041041,13,4665.45
2025-11-01,402041041,8,2496.911
2025-12-01,402041041,15,4166.917
2026-01-01,402041041,12,3777.344
2026-02-01,402041041,9,3038.034
2026-03-01,402041041,12,3830.14
2026-04-01,402041041,7,2861.0
2026-05-01,402041041,11,3822.786
2026-06-01,402041041,10,3834.913
2025-07-01,402041043,4,1410.0
2025-08-01,402041043,1,650.0
2025-09-01,402041043,5,940.836
2025-10-01,402041043,7,1860.0
2025-11-01,402041043,11,3550.0
2025-12-01,402041043,1,300.0
2026-01-01,402041043,6,1918.081
2026-02-01,402041043,5,1631.0
2026-03-01,402041043,23,7716.26
2026-04-01,402041043,18,5263.403
2026-05-01,402041043,11,3819.904
2026-06-01,402041043,10,3177.474
2025-07-01,402041044,62,15823.474
2025-08-01,402041044,38,7540.0
2025-09-01,402041044,6,2311.132
2025-10-01,402041044,10,2572.377
2025-11-01,402041044,5,1622.68
2025-12-01,402041044,4,1050.0
2026-01-01,402041044,2,775.49
2026-02-01,402041044,1,391.9
2026-03-01,402041044,1,449.149
2026-04-01,402041044,3,820.0
2026-05-01,402041044,4,1272.776
2026-06-01,402041044,7,2216.58
2025-07-01,402041046,6,1350.0
2025-08-01,402041046,28,10802.027
2025-09-01,402041046,12,3774.295
2025-10-01,402041046,5,1571.0
2025-11-01,402041046,18,5625.9
2025-12-01,402041046,47,12783.328
2026-01-01,402041046,6,1708.41
2026-02-01,402041046,16,4930.0
2026-03-01,402041046,19,6008.313
2026-04-01,402041046,18,4706.307
2026-05-01,402041046,27,7596.399
2026-06-01,402041046,22,7425.72
2025-07-01,402041047,4,2128.89
2025-08-01,402041047,33,8635.07
2025-09-01,402041047,9,3618.57
2025-10-01,402041047,3,1122.9
2025-11-01,402041047,9,3665.565
2025-12-01,402041047,10,3042.352
2026-01-01,402041047,6,2254.749
2026-02-01,402041047,3,1172.0
2026-03-01,402041047,8,3099.48
2026-04-01,402041047,22,8284.019
2026-05-01,402041047,10,5159.313
2026-06-01,402041047,5,2930.526
2025-07-01,402041048,2,579.764
2025-08-01,402041048,5,1070.0
2025-10-01,402041048,5,1200.0
2025-11-01,402041048,5,1600.0
2025-12-01,402041048,4,792.724
2026-02-01,402041048,2,220.246
2026-03-01,402041048,6,1683.937
2026-04-01,402041048,5,1480.0
2026-05-01,402041048,6,2097.586
2026-06-01,402041048,6,1857.837
2025-07-01,402041171,1,130.0
2025-10-01,402041171,8,3862.35
2026-06-01,402041171,1,525.122
2025-08-01,402041172,11,2875.0
2025-09-01,402041172,3,920.0
2025-10-01,402041172,1,672.584
2025-11-01,402041172,3,950.0
2025-12-01,402041172,5,1715.0
2026-01-01,402041172,1,350.328
2026-02-01,402041172,3,1052.028
2026-03-01,402041172,7,2273.881
2026-04-01,402041172,5,1500.0
2026-05-01,402041172,4,1921.553
2026-06-01,402041172,5,1980.488
2025-12-01,402051049,1,667.941
2026-03-01,402051049,1,650.0
2025-07-01,402051050,1,435.095
2025-10-01,402051050,1,330.648
2026-02-01,402051050,1,800.0
2025-07-01,402051051,7,4230.201
2025-08-01,402051051,14,5254.381
2025-09-01,402051051,6,3394.0
2025-10-01,402051051,10,5193.471
2025-11-01,402051051,8,2802.006
2025-12-01,402051051,15,5802.033
2026-02-01,402051051,1,365.174
2026-03-01,402051051,6,2228.5
2026-04-01,402051051,4,1515.535
2026-05-01,402051051,5,1876.0
2026-06-01,402051051,7,2561.642
2025-07-01,402051052,13,4352.61
2025-08-01,402051052,27,8745.985
2025-09-01,402051052,9,2756.333
2025-10-01,402051052,9,3534.357
2025-11-01,402051052,13,4122.057
2025-12-01,402051052,11,2680.0
2026-01-01,402051052,19,6241.406
2026-02-01,402051052,10,3708.0
2026-03-01,402051052,12,3565.0
2026-04-01,402051052,13,5202.747
2026-05-01,402051052,12,4799.322
2026-06-01,402051052,23,7386.6
2025-08-01,402051053,11,3806.092
2025-09-01,402051053,8,2271.0
2025-10-01,402051053,13,4248.795
2025-11-01,402051053,3,810.0
2025-12-01,402051053,4,1480.0
2026-01-01,402051053,5,2138.0
2026-02-01,402051053,6,2751.516
2026-03-01,402051053,13,4190.281
2026-04-01,402051053,15,4603.168
2026-05-01,402051053,13,4547.0
2026-06-01,402051053,6,2162.426
2025-07-01,402051054,6,1610.0
2025-08-01,402051054,2,728.335
2025-09-01,402051054,7,1899.5
2025-10-01,402051054,6,1907.122
2025-11-01,402051054,8,3311.897
2025-12-01,402051054,5,1991.709
2026-01-01,402051054,1,401.821
2026-02-01,402051054,3,1080.0
2026-03-01,402051054,3,1326.917
2026-04-01,402051054,11,3604.891
2026-05-01,402051054,4,1300.0
2026-06-01,402051054,8,3036.529
2025-07-01,402051055,10,2750.0
2025-08-01,402051055,3,1305.609
2025-09-01,402051055,8,2815.489
2025-10-01,402051055,7,2601.543
2025-11-01,402051055,4,1514.235
2025-12-01,402051055,17,5601.984
2026-01-01,402051055,4,1800.0
2026-02-01,402051055,9,4326.0
2026-03-01,402051055,7,3036.114
2026-04-01,402051055,5,2010.0
2026-05-01,402051055,11,7967.519
2026-06-01,402051055,4,1845.693
2025-07-01,403011056,3,2160.0
2025-08-01,403011056,3,1913.4
2025-09-01,403011056,13,7734.433
2025-10-01,403011056,13,10448.194
2025-11-01,403011056,4,2555.0
2025-12-01,403011056,7,5652.276
2026-01-01,403011056,5,2653.51
2026-02-01,403011056,8,3916.7
2026-03-01,403011056,6,3300.0
2026-04-01,403011056,3,2223.808
2026-05-01,403011056,4,2411.825
2026-06-01,403011056,7,6644.966
2025-07-01,403011057,7,5665.05
2025-08-01,403011057,2,2123.528
2025-09-01,403011057,17,8579.0
2025-10-01,403011057,11,6609.9
2025-11-01,403011057,9,5300.0
2025-12-01,403011057,10,4786.662
2026-01-01,403011057,14,7216.0
2026-02-01,403011057,36,21430.0
2026-03-01,403011057,7,4314.581
2026-04-01,403011057,7,4814.966
2026-05-01,403011057,12,7308.552
2026-06-01,403011057,25,16020.0
2025-07-01,403021058,5,1582.07
2025-08-01,403021058,5,1757.453
2025-09-01,403021058,8,2944.525
2025-10-01,403021058,6,1860.0
2025-11-01,403021058,6,1900.0
2025-12-01,403021058,4,1062.06
2026-01-01,403021058,3,900.0
2026-02-01,403021058,17,7523.331
2026-03-01,403021058,5,1420.0
2026-04-01,403021058,1,600.0
2026-05-01,403021058,16,5947.995
2026-06-01,403021058,19,6175.183
2025-07-01,403021059,1,742.872
2025-08-01,403021059,4,2031.186
2025-10-01,403021059,2,1566.849
2025-11-01,403021059,1,422.415
2026-01-01,403021059,1,659.641
2026-02-01,403021059,1,750.0
2026-03-01,403021059,2,578.703
2026-05-01,403021059,1,738.272
2025-07-01,403021060,3,1159.94
2025-08-01,403021060,3,1845.9
2025-09-01,403021060,19,10424.0
2025-10-01,403021060,6,5382.636
2025-11-01,403021060,3,2890.0
2025-12-01,403021060,7,3612.184
2026-01-01,403021060,5,2288.146
2026-02-01,403021060,1,494.191
2026-04-01,403021060,5,1850.0
2026-06-01,403021060,3,742.417
2025-07-01,403021061,110,42900.925
2025-08-01,403021061,20,6895.835
2025-09-01,403021061,30,10686.007
2025-10-01,403021061,16,7005.306
2025-11-01,403021061,27,8820.832
2025-12-01,403021061,22,10132.012
2026-01-01,403021061,13,5620.0
2026-02-01,403021061,66,26322.023
2026-03-01,403021061,13,6271.34
2026-04-01,403021061,34,14447.173
2026-05-01,403021061,28,16071.108
2026-06-01,403021061,34,9077.804
2025-07-01,403021062,8,3156.68
2025-08-01,403021062,4,1595.227
2025-09-01,403021062,13,4482.148
2025-10-01,403021062,20,9407.915
2025-11-01,403021062,17,7800.941
2025-12-01,403021062,21,7644.105
2026-01-01,403021062,5,2585.6
2026-02-01,403021062,15,7451.384
2026-03-01,403021062,7,3550.295
2026-04-01,403021062,18,8680.0
2026-05-01,403021062,13,6441.371
2026-06-01,403021062,12,5367.344
2025-07-01,403021063,2,553.0
2025-08-01,403021063,1,120.0
2025-09-01,403021063,2,860.52
2026-03-01,403021063,3,1130.0
2026-04-01,403021063,1,115.0
2026-05-01,403021063,2,4526.0
2026-06-01,403021063,1,500.0
2025-07-01,403021064,7,2214.64
2025-08-01,403021064,21,6701.6
2025-09-01,403021064,9,2445.777
2025-10-01,403021064,26,7801.3
2025-11-01,403021064,26,10889.348
2025-12-01,403021064,16,5016.95
2026-02-01,403021064,11,5485.0
2026-03-01,403021064,10,4383.418
2026-04-01,403021064,7,2086.219
2026-05-01,403021064,7,3720.728
2026-06-01,403021064,8,2628.272
2025-08-01,403031065,2,1054.142
2025-09-01,403031065,1,1050.0
2025-12-01,403031065,2,695.0
2026-02-01,403031065,1,508.8
2026-03-01,403031065,1,800.0
2025-07-01,403031066,2,1142.7
2025-08-01,403031066,1,523.959
2025-09-01,403031066,2,555.555
2025-11-01,403031066,5,1500.0
2025-12-01,403031066,8,3100.0
2026-03-01,403031066,1,607.0
2026-04-01,403031066,2,400.0
2026-06-01,403031066,3,1744.311
2025-07-01,403031067,4,2807.872
2025-08-01,403031067,5,2350.0
2025-09-01,403031067,4,3285.0
2025-10-01,403031067,6,4445.0
2025-11-01,403031067,2,950.0
2025-12-01,403031067,1,84.0
2026-01-01,403031067,2,1133.933
2026-02-01,403031067,4,2631.787
2026-03-01,403031067,4,3308.987
2026-04-01,403031067,1,665.108
2026-06-01,403031067,1,1100.0
2025-07-01,403031068,8,4144.976
2025-08-01,403031068,4,1250.0
2025-09-01,403031068,3,1450.0
2025-10-01,403031068,1,900.0
2025-11-01,403031068,2,1193.0
2026-01-01,403031068,1,629.502
2026-02-01,403031068,1,156.234
2026-03-01,403031068,2,1230.139
2026-04-01,403031068,5,2100.0
2026-05-01,403031068,10,6940.939
2025-07-01,403031069,2,2140.049
2025-08-01,403031069,4,1727.6
2025-09-01,403031069,4,1871.234
2025-10-01,403031069,4,7040.0
2025-11-01,403031069,6,4592.494
2025-12-01,403031069,2,461.149
2026-01-01,403031069,3,2000.0
2026-02-01,403031069,4,7751.011
2026-03-01,403031069,6,4530.0
2026-04-01,403031069,2,5570.906
2026-05-01,403031069,7,3496.733
2026-06-01,403031069,4,2950.0
2025-07-01,403031070,2,600.0
2025-09-01,403031070,1,100.0
2025-10-01,403031070,1,448.5
2025-11-01,403031070,5,1855.244
2025-12-01,403031070,1,800.0
2026-01-01,403031070,5,1938.189
2026-02-01,403031070,2,1100.0
2026-03-01,403031070,2,690.0
2026-04-01,403031070,3,1914.141
2026-05-01,403031070,1,391.238
2026-06-01,403031070,3,724.0
2025-07-01,403041071,1,702.23
2025-08-01,403041071,5,2349.274
2025-09-01,403041071,1,454.5
2025-11-01,403041071,4,2003.879
2025-12-01,403041071,1,571.202
2026-02-01,403041071,1,352.118
2026-04-01,403041071,1,660.0
2026-06-01,403041071,1,345.976
2025-07-01,403041072,8,3380.758
2025-08-01,403041072,12,5455.383
2025-09-01,403041072,12,5835.652
2025-10-01,403041072,9,6166.686
2025-11-01,403041072,13,5608.176
2025-12-01,403041072,15,5483.146
2026-01-01,403041072,5,2246.413
2026-02-01,403041072,7,4144.626
2026-03-01,403041072,2,1035.686
2026-04-01,403041072,2,960.382
2026-05-01,403041072,17,8587.851
2026-06-01,403041072,13,4846.426
2025-07-01,403041073,5,1400.0
2025-08-01,403041073,5,1240.0
2025-09-01,403041073,1,309.0
2025-10-01,403041073,2,373.0
2025-11-01,403041073,15,5071.085
2026-01-01,403041073,2,977.308
2026-03-01,403041073,44,13524.05
2026-04-01,403041073,22,7960.21
2026-05-01,403041073,16,5412.264
2026-06-01,403041073,17,6327.691
2025-07-01,403041074,11,3128.972
2025-08-01,403041074,11,3420.351
2025-09-01,403041074,13,4102.25
2025-10-01,403041074,15,4316.137
2025-11-01,403041074,12,6157.904
2025-12-01,403041074,7,1907.4
2026-01-01,403041074,11,4415.705
2026-02-01,403041074,22,8245.5
2026-03-01,403041074,43,15095.301
2026-04-01,403041074,49,21205.076
2026-05-01,403041074,47,16672.299
2026-06-01,403041074,37,13810.04
2025-10-01,403041075,1,130.0
2025-11-01,403041075,2,1000.0
2026-01-01,403041075,1,390.0
2026-02-01,403041075,2,1540.0
2026-03-01,403041075,1,2500.0
2025-08-01,403041076,1,463.886
2026-03-01,403041076,1,1400.0
2026-04-01,403041076,1,150.0
2025-08-01,403041077,1,80.0
2025-09-01,403041077,9,4185.949
2025-10-01,403041077,2,934.764
2025-12-01,403041077,1,1059.14
2026-01-01,403041077,1,60.0
2026-02-01,403041077,1,360.13
2026-03-01,403041077,1,445.381
2026-04-01,403041077,3,1450.0
2026-06-01,403041077,4,1209.0
2025-07-01,403041078,11,5005.169
2025-08-01,403041078,7,1976.642
2025-09-01,403041078,3,794.684
2025-10-01,403041078,3,894.681
2025-11-01,403041078,3,954.574
2025-12-01,403041078,1,393.089
2026-02-01,403041078,2,840.902
2026-03-01,403041078,2,834.0
2026-05-01,403041078,2,549.678
2025-08-01,403041079,3,858.352
2025-10-01,403041079,2,740.0
2025-11-01,403041079,1,70.0
2025-12-01,403041079,3,757.95
2026-01-01,403041079,1,65.0
2026-02-01,403041079,1,182.363
2026-03-01,403041079,1,310.299
2026-04-01,403041079,2,631.0
2025-07-01,403041080,2,475.041
2025-09-01,403041080,1,595.253
2025-11-01,403041080,3,750.0
2025-12-01,403041080,1,258.55
2026-01-01,403041080,5,2051.903
2026-02-01,403041080,1,473.044
2026-05-01,403041080,6,1741.299
2026-06-01,403041080,4,1710.33
2025-07-01,403041083,9,3190.99
2025-08-01,403041083,6,2213.363
2025-09-01,403041083,6,2166.856
2025-10-01,403041083,10,4060.08
2025-11-01,403041083,3,1018.438
2025-12-01,403041083,12,4553.493
2026-01-01,403041083,9,3519.198
2026-02-01,403041083,6,2251.822
2026-03-01,403041083,7,3259.81
2026-04-01,403041083,9,3411.302
2026-05-01,403041083,6,4354.546
2026-06-01,403041083,2,842.027
2025-08-01,403041084,7,2122.579
2025-09-01,403041084,5,2500.0
2025-10-01,403041084,13,3170.0
2025-11-01,403041084,3,1086.584
2025-12-01,403041084,11,2966.346
2026-01-01,403041084,1,335.98
2026-02-01,403041084,4,1118.135
2026-03-01,403041084,14,3264.3
2026-04-01,403041084,2,698.2
2026-05-01,403041084,17,5306.107
2026-06-01,403041084,13,4513.352
2025-07-01,403041085,7,2190.0
2025-08-01,403041085,6,1625.0
2025-09-01,403041085,8,2570.872
2025-10-01,403041085,7,2785.911
2025-11-01,403041085,9,2200.0
2025-12-01,403041085,7,2311.0
2026-01-01,403041085,10,3263.256
2026-02-01,403041085,9,2250.0
2026-03-01,403041085,8,2275.84
2026-04-01,403041085,4,1029.845
2026-05-01,403041085,14,3980.0
2026-06-01,403041085,9,2872.0
2025-08-01,403041086,2,812.044
2025-09-01,403041086,6,1916.85
2025-10-01,403041086,10,2795.327
2025-11-01,403041086,14,4314.0
2025-12-01,403041086,11,2850.0
2026-01-01,403041086,5,1500.0
2026-02-01,403041086,6,2300.0
2026-03-01,403041086,1,335.297
2026-05-01,403041086,5,1771.816
2026-06-01,403041086,9,3396.778
2025-08-01,403041088,2,650.0
2025-10-01,403041088,1,500.0
2025-11-01,403041088,3,975.0
2025-12-01,403041088,2,920.0
2026-02-01,403041088,3,847.233
2026-03-01,403041088,1,950.0
2026-05-01,403041088,1,354.086
2025-07-01,403041089,1,454.812
2025-08-01,403041089,11,4855.995
2025-09-01,403041089,13,5697.918
2025-10-01,403041089,9,3493.929
2025-11-01,403041089,6,2542.635
2025-12-01,403041089,7,2850.01
2026-01-01,403041089,6,2372.261
2026-02-01,403041089,6,2585.701
2026-04-01,403041089,3,1396.104
2026-05-01,403041089,1,437.71
2026-06-01,403041089,4,2133.1
2025-07-01,403041177,8,3299.5
2025-08-01,403041177,2,978.046
2025-09-01,403041177,27,9918.06
2025-10-01,403041177,23,7853.099
2025-11-01,403041177,12,3868.52
2025-12-01,403041177,41,18165.902
2026-01-01,403041177,1,481.525
2026-02-01,403041177,14,4649.925
2026-03-01,403041177,1,150.185
2026-04-01,403041177,8,2545.982
2026-05-01,403041177,16,6376.963
2026-06-01,403041177,16,6831.753
2025-07-01,403041178,8,3327.556
2025-08-01,403041178,2,1020.0
2025-09-01,403041178,4,2791.989
2025-10-01,403041178,4,2180.568
2025-11-01,403041178,5,2512.274
2025-12-01,403041178,2,550.0
2026-01-01,403041178,4,2214.182
2026-02-01,403041178,8,2576.656
2026-03-01,403041178,2,1740.854
2026-04-01,403041178,3,1028.99
2026-05-01,403041178,1,484.262
2026-06-01,403041178,3,1506.791
2025-07-01,404011090,20,6026.787
2025-08-01,404011090,6,2240.972
2025-09-01,404011090,13,4679.223
2025-10-01,404011090,5,2200.0
2025-11-01,404011090,34,10500.0
2025-12-01,404011090,1,758.86
2026-01-01,404011090,26,7800.0
2026-02-01,404011090,8,3800.0
2026-03-01,404011090,1,750.0
2026-04-01,404011090,13,4160.104
2026-05-01,404011090,6,2901.2
2026-06-01,404011090,2,1000.0
2025-07-01,404011091,52,19107.208
2025-08-01,404011091,20,8422.752
2025-09-01,404011091,13,6837.752
2025-10-01,404011091,17,9611.849
2025-11-01,404011091,36,15642.958
2025-12-01,404011091,10,4518.0
2026-01-01,404011091,13,5794.404
2026-02-01,404011091,21,10834.25
2026-03-01,404011091,22,9297.202
2026-04-01,404011091,26,13844.072
2026-05-01,404011091,11,4249.78
2026-06-01,404011091,31,12842.769
2025-07-01,404011092,7,4035.0
2025-08-01,404011092,4,2787.306
2025-09-01,404011092,5,2997.148
2025-10-01,404011092,11,6580.0
2025-11-01,404011092,12,9110.0
2025-12-01,404011092,10,5925.917
2026-01-01,404011092,33,12700.0
2026-02-01,404011092,4,3100.0
2026-03-01,404011092,6,2670.0
2026-04-01,404011092,5,3490.741
2026-05-01,404011092,13,8200.0
2026-06-01,404011092,14,8945.0
2025-07-01,404011093,3,1118.527
2025-08-01,404011093,33,23379.654
2025-09-01,404011093,6,3442.977
2025-10-01,404011093,3,2003.18
2025-11-01,404011093,93,39464.0
2025-12-01,404011093,3,1250.834
2026-02-01,404011093,11,6995.281
2026-03-01,404011093,12,4525.08
2026-04-01,404011093,7,4780.18
2026-05-01,404011093,1,760.3
2026-06-01,404011093,11,8751.232
2025-07-01,404011094,3,950.0
2025-08-01,404011094,1,346.057
2025-09-01,404011094,2,757.219
2025-10-01,404011094,1,420.0
2025-11-01,404011094,1,490.0
2025-12-01,404011094,6,2907.272
2026-01-01,404011094,4,948.0
2026-02-01,404011094,10,3600.0
2026-03-01,404011094,1,720.0
2026-04-01,404011094,5,2073.044
2026-05-01,404011094,6,2273.253
2026-06-01,404011094,1,322.177
2025-07-01,404011095,19,12023.428
2025-08-01,404011095,36,18798.294
2025-09-01,404011095,12,5668.308
2025-10-01,404011095,19,11205.143
2025-11-01,404011095,25,12757.608
2025-12-01,404011095,6,3586.844
2026-01-01,404011095,10,4626.667
2026-02-01,404011095,4,2449.249
2026-03-01,404011095,22,12689.358
2026-04-01,404011095,16,7910.382
2026-05-01,404011095,16,9854.686
2026-06-01,404011095,11,4482.703
2025-07-01,404011096,6,4183.4
2025-08-01,404011096,9,8806.064
2025-09-01,404011096,6,5487.305
2025-10-01,404011096,6,5581.0
2025-11-01,404011096,11,12135.549
2025-12-01,404011096,42,17073.227
2026-01-01,404011096,6,2550.0
2026-02-01,404011096,7,3531.0
2026-03-01,404011096,12,7236.459
2026-04-01,404011096,5,1440.0
2026-05-01,404011096,41,19873.613
2026-06-01,404011096,16,7761.481
2025-07-01,404011097,20,6135.01
2025-09-01,404011097,26,8455.6
2025-10-01,404011097,49,18578.0
2025-11-01,404011097,17,6437.571
2025-12-01,404011097,20,7048.178
2026-01-01,404011097,36,10739.215
2026-02-01,404011097,22,7451.719
2026-03-01,404011097,19,6327.371
2026-04-01,404011097,3,770.0
2026-05-01,404011097,17,7003.511
2026-06-01,404011097,4,1600.0
2025-07-01,404021099,62,18000.0
2025-08-01,404021099,1,505.54
2025-09-01,404021099,28,11006.452
2025-10-01,404021099,26,10186.498
2025-11-01,404021099,2,1744.4
2025-12-01,404021099,2,850.0
2026-01-01,404021099,1,350.0
2026-02-01,404021099,21,8118.79
2026-03-01,404021099,20,8255.376
2026-04-01,404021099,4,1997.2
2026-05-01,404021099,6,1976.0
2026-06-01,404021099,1,200.0
2025-07-01,404021100,3,1160.217
2025-08-01,404021100,4,1166.0
2025-09-01,404021100,7,2263.56
2025-10-01,404021100,31,17254.582
2025-11-01,404021100,4,2508.594
2025-12-01,404021100,5,2906.826
2026-01-01,404021100,6,1866.72
2026-02-01,404021100,20,15095.342
2026-03-01,404021100,13,8673.175
2026-04-01,404021100,9,7224.473
2026-05-01,404021100,10,3868.82
2026-06-01,404021100,5,2070.823
2025-07-01,404021101,26,13085.0
2025-08-01,404021101,5,1350.0
2025-09-01,404021101,1,365.291
2025-10-01,404021101,7,1817.0
2025-11-01,404021101,1,517.979
2025-12-01,404021101,18,9175.27
2026-01-01,404021101,1,321.21
2026-02-01,404021101,15,4707.39
2026-03-01,404021101,3,1685.0
2026-04-01,404021101,29,12752.117
2026-05-01,404021101,2,753.567
2026-06-01,404021101,2,561.832
2025-07-01,404021102,3,884.0
2025-08-01,404021102,1,125.0
2025-09-01,404021102,8,2645.0
2025-10-01,404021102,13,4433.978
2025-11-01,404021102,7,3028.377
2025-12-01,404021102,29,13361.822
2026-01-01,404021102,6,1883.324
2026-02-01,404021102,13,5242.647
2026-03-01,404021102,7,2348.373
2026-04-01,404021102,11,4498.878
2026-05-01,404021102,13,5008.549
2026-06-01,404021102,11,3816.434
2025-07-01,404031105,4,2870.95
2025-08-01,404031105,6,3203.758
2025-09-01,404031105,1,727.0
2025-10-01,404031105,4,1525.4
2025-11-01,404031105,2,1493.47
2025-12-01,404031105,1,750.0
2026-01-01,404031105,1,450.0
2026-02-01,404031105,3,2000.0
2026-03-01,404031105,11,6400.0
2026-04-01,404031105,3,1950.0
2026-05-01,404031105,1,1400.0
2026-06-01,404031105,2,1175.774
2025-07-01,404031106,11,5606.181
2025-08-01,404031106,4,1696.261
2025-09-01,404031106,6,3005.0
2025-10-01,404031106,4,2319.254
2025-11-01,404031106,3,1736.888
2025-12-01,404031106,5,2185.576
2026-01-01,404031106,11,4967.6
2026-02-01,404031106,3,4064.389
2026-03-01,404031106,3,2100.0
2026-04-01,404031106,14,4213.778
2026-05-01,404031106,8,5246.0
2026-06-01,404031106,4,1752.0
2025-07-01,404031107,27,9497.877
2025-08-01,404031107,12,5034.77
2025-09-01,404031107,9,5527.762
2025-10-01,404031107,28,9871.269
2025-11-01,404031107,13,4317.806
2025-12-01,404031107,13,5027.155
2026-01-01,404031107,16,6563.292
2026-02-01,404031107,23,11433.0
2026-03-01,404031107,48,17374.038
2026-04-01,404031107,28,9705.585
2026-05-01,404031107,50,22903.519
2026-06-01,404031107,30,11723.905
2025-07-01,404031108,3,1600.0
2025-08-01,404031108,3,1800.454
2025-09-01,404031108,25,9620.0
2025-10-01,404031108,22,7745.0
2025-11-01,404031108,2,700.0
2025-12-01,404031108,17,5180.0
2026-01-01,404031108,2,780.65
2026-02-01,404031108,3,980.0
2026-03-01,404031108,3,1423.581
2026-04-01,404031108,2,1300.0
2026-05-01,404031108,4,2110.0
2026-06-01,404031108,1,60.0
2025-08-01,404031109,3,1900.0
2025-10-01,404031109,4,2860.0
2025-11-01,404031109,3,2162.436
2025-12-01,404031109,4,2769.8
2026-01-01,404031109,2,1655.226
2026-02-01,404031109,2,1400.0
2026-03-01,404031109,1,623.647
2026-04-01,404031109,2,1487.402
2026-05-01,404031109,6,4110.0
2026-06-01,404031109,3,1921.149
2025-07-01,405011110,16,4982.11
2025-08-01,405011110,1,250.0
2025-09-01,405011110,3,879.975
2025-11-01,405011110,3,1416.119
2026-02-01,405011110,1,600.0
2026-03-01,405011110,5,3476.183
2026-04-01,405011110,1,729.241
2026-05-01,405011110,1,280.0
2026-06-01,405011110,1,650.0
2025-07-01,405011111,5,1492.617
2025-08-01,405011111,1,312.494
2025-09-01,405011111,3,1185.339
2025-11-01,405011111,2,798.74
2025-12-01,405011111,3,1168.807
2026-01-01,405011111,3,1541.708
2026-02-01,405011111,3,1263.734
2026-03-01,405011111,2,362.5
2026-04-01,405011111,3,903.581
2026-05-01,405011111,1,410.619
2026-06-01,405011111,5,1973.75
2025-07-01,405011112,5,2041.856
2025-08-01,405011112,6,2516.317
2025-09-01,405011112,3,822.983
2025-10-01,405011112,2,876.508
2025-11-01,405011112,1,827.122
2025-12-01,405011112,2,565.535
2026-01-01,405011112,1,360.935
2026-02-01,405011112,2,1124.5
2026-03-01,405011112,2,851.955
2026-05-01,405011112,2,2400.0
2026-06-01,405011112,2,850.0
2025-07-01,405011113,4,1816.4
2025-10-01,405011113,2,394.883
2025-11-01,405011113,2,873.268
2025-12-01,405011113,1,199.435
2026-02-01,405011113,2,616.059
2026-04-01,405011113,1,594.907
2026-05-01,405011113,3,1131.274
2026-06-01,405011113,2,667.63
2025-07-01,405011114,4,1645.036
2025-08-01,405011114,9,3194.103
2025-09-01,405011114,5,2163.552
2025-10-01,405011114,4,1851.871
2025-11-01,405011114,5,2280.573
2025-12-01,405011114,5,1798.998
2026-01-01,405011114,6,3113.248
2026-02-01,405011114,7,3041.754
2026-03-01,405011114,4,1881.718
2026-04-01,405011114,13,6108.899
2026-05-01,405011114,5,2174.859
2026-06-01,405011114,6,2683.358
2025-07-01,405011115,4,1821.341
2025-08-01,405011115,5,1881.093
2025-09-01,405011115,5,2201.969
2025-10-01,405011115,5,2084.283
2025-11-01,405011115,17,6895.842
2025-12-01,405011115,5,2117.356
2026-01-01,405011115,3,1228.084
2026-02-01,405011115,4,1739.977
2026-03-01,405011115,5,2182.876
2026-04-01,405011115,5,2417.838
2026-05-01,405011115,5,2076.356
2026-06-01,405011115,5,1890.745
2025-07-01,405021116,1,290.0
2025-08-01,405021116,1,732.0
2025-12-01,405021116,1,268.404
2026-01-01,405021116,1,600.0
2026-02-01,405021116,3,890.0
2026-06-01,405021116,1,551.0
2025-07-01,405021117,3,1105.597
2025-09-01,405021117,1,80.0
2025-10-01,405021117,1,350.034
2025-11-01,405021117,7,2503.799
2026-02-01,405021117,2,917.337
2026-03-01,405021117,1,250.0
2026-05-01,405021117,3,1029.717
2026-06-01,405021117,1,388.169
2025-07-01,405021118,2,729.226
2025-08-01,405021118,2,369.0
2025-10-01,405021118,2,386.9
2025-12-01,405021118,2,581.342
2026-01-01,405021118,1,667.352
2026-02-01,405021118,1,131.498
2026-03-01,405021118,1,147.406
2026-05-01,405021118,1,135.761
2026-06-01,405021118,2,220.0
2025-07-01,405021119,2,795.634
2025-08-01,405021119,3,1264.062
2025-09-01,405021119,1,300.0
2025-10-01,405021119,2,394.0
2025-11-01,405021119,3,1453.661
2025-12-01,405021119,2,941.058
2026-01-01,405021119,4,1428.076
2026-02-01,405021119,3,915.141
2026-03-01,405021119,4,1178.156
2026-04-01,405021119,2,590.1
2026-05-01,405021119,7,2424.05
2026-06-01,405021119,4,1155.533
2025-07-01,405031120,2,688.127
2025-08-01,405031120,2,354.629
2025-09-01,405031120,1,99.55
2025-10-01,405031120,2,945.627
2025-11-01,405031120,1,150.0
2025-12-01,405031120,1,400.0
2026-04-01,405031120,4,985.136
2026-05-01,405031120,1,414.16
2026-06-01,405031120,1,721.799
2025-08-01,405031121,1,350.0
2025-09-01,405031121,2,305.0
2026-01-01,405031121,1,329.115
2026-02-01,405031121,2,741.923
2026-03-01,405031121,2,350.0
2026-04-01,405031121,2,800.0
2026-06-01,405031121,2,1201.345
2025-07-01,405031122,1,320.0
2025-09-01,405031122,1,448.576
2025-10-01,405031122,1,364.663
2025-11-01,405031122,2,830.925
2025-12-01,405031122,5,1674.952
2026-01-01,405031122,2,1101.027
2026-03-01,405031122,11,5151.117
2026-05-01,405031122,2,776.924
2026-06-01,405031122,10,3653.559
2025-08-01,405031123,3,815.537
2025-09-01,405031123,1,161.553
2025-10-01,405031123,1,120.0
2025-11-01,405031123,1,140.0
2025-12-01,405031123,3,1350.0
2026-01-01,405031123,2,650.7
2026-02-01,405031123,2,788.514
2026-04-01,405031123,1,350.0
2026-06-01,405031123,1,98.0
2025-07-01,405041124,2,1154.392
2025-08-01,405041124,1,440.0
2025-09-01,405041124,1,418.22
2025-10-01,405041124,1,477.0
2026-02-01,405041124,5,2122.082
2026-03-01,405041124,1,573.775
2026-04-01,405041124,1,328.593
2026-05-01,405041124,3,1857.192
2026-06-01,405041124,1,250.0
2025-07-01,405041125,4,2878.911
2025-08-01,405041125,5,1740.639
2025-09-01,405041125,18,5804.249
2025-10-01,405041125,4,2301.661
2025-11-01,405041125,4,1549.337
2026-01-01,405041125,5,3140.147
2026-02-01,405041125,6,3471.106
2026-03-01,405041125,15,6422.78
2026-04-01,405041125,3,2097.803
2026-05-01,405041125,1,539.886
2026-06-01,405041125,2,1020.0
2025-07-01,405041126,5,2573.518
2025-08-01,405041126,9,4557.828
2025-09-01,405041126,4,1572.632
2025-10-01,405041126,8,3426.135
2025-11-01,405041126,10,3389.068
2025-12-01,405041126,7,2684.616
2026-01-01,405041126,4,1730.585
2026-02-01,405041126,9,4146.407
2026-03-01,405041126,6,3311.872
2026-04-01,405041126,28,11161.063
2026-05-01,405041126,13,4010.0
2026-06-01,405041126,9,3167.25
2025-07-01,405041127,2,839.408
2025-08-01,405041127,6,2282.426
2025-09-01,405041127,7,2408.943
2025-10-01,405041127,4,1139.069
2025-11-01,405041127,2,1102.722
2025-12-01,405041127,4,825.0
2026-01-01,405041127,3,1174.507
2026-02-01,405041127,6,2972.335
2026-03-01,405041127,3,1286.955
2026-04-01,405041127,4,2671.013
2026-05-01,405041127,7,2834.746
2026-06-01,405041127,7,3380.967
2025-07-01,405041128,2,1373.62
2025-08-01,405041128,1,261.572
2025-09-01,405041128,4,2197.884
2025-10-01,405041128,5,3719.75
2025-11-01,405041128,5,1729.246
2025-12-01,405041128,2,712.255
2026-01-01,405041128,3,725.0
2026-02-01,405041128,4,1825.68
2026-03-01,405041128,5,1997.598
2026-04-01,405041128,5,3637.975
2026-05-01,405041128,4,2248.372
2026-06-01,405041128,4,1206.2
2025-08-01,406011129,1,680.0
2025-09-01,406011129,1,320.0
2025-10-01,406011129,1,600.0
2026-03-01,406011129,6,2468.656
2025-07-01,406011130,3,1080.0
2025-08-01,406011130,3,1197.5
2025-09-01,406011130,2,1000.0
2025-10-01,406011130,3,1735.0
2025-11-01,406011130,5,2407.608
2025-12-01,406011130,4,988.0
2026-01-01,406011130,2,730.0
2026-02-01,406011130,2,850.0
2026-03-01,406011130,4,1500.0
2026-04-01,406011130,6,3500.0
2026-05-01,406011130,5,1647.081
2026-06-01,406011130,4,761.299
2025-07-01,406011131,2,560.0
2025-08-01,406011131,2,639.162
2025-09-01,406011131,1,300.0
2025-10-01,406011131,1,200.0
2026-01-01,406011131,2,593.719
2026-03-01,406011131,3,960.0
2026-04-01,406011131,1,162.708
2026-05-01,406011131,1,700.0
2026-06-01,406011131,2,450.0
2025-07-01,406011132,2,720.0
2025-12-01,406011132,3,1295.0
2026-02-01,406011132,1,150.0
2026-03-01,406011132,1,300.0
2026-06-01,406011132,1,600.0
2025-07-01,406011133,4,1870.0
2025-08-01,406011133,11,5760.0
2025-09-01,406011133,2,1200.0
2025-10-01,406011133,5,3106.16
2025-11-01,406011133,2,850.0
2025-12-01,406011133,1,800.0
2026-01-01,406011133,3,3795.0
2026-02-01,406011133,3,767.299
2026-03-01,406011133,2,860.389
2026-04-01,406011133,4,1170.0
2026-05-01,406011133,7,2750.0
2026-06-01,406011133,1,190.0
2025-07-01,406011134,2,680.311
2025-08-01,406011134,2,735.0
2025-10-01,406011134,3,1138.04
2025-11-01,406011134,1,300.0
2025-12-01,406011134,1,145.511
2026-01-01,406011134,2,902.096
2026-02-01,406011134,2,900.0
2026-03-01,406011134,3,1449.397
2026-04-01,406011134,1,400.0
2026-05-01,406011134,8,2488.903
2026-06-01,406011134,3,1130.199
2025-09-01,406011136,3,1198.905
2025-10-01,406011136,1,350.0
2025-12-01,406011136,3,751.653
2026-01-01,406011136,2,750.0
2026-02-01,406011136,2,650.0
2026-03-01,406011136,3,1092.844
2026-06-01,406011136,2,700.0
2025-09-01,406021138,1,300.0
2025-11-01,406021138,2,600.0
2026-01-01,406021138,2,600.0
2026-04-01,406021138,1,300.0
2026-05-01,406021138,3,750.0
2026-05-01,406021141,1,750.0
2025-07-01,406021142,1,650.0
2025-08-01,406021142,2,2245.937
2025-09-01,406021142,1,450.0
2026-02-01,406021142,2,624.695
2026-04-01,406021142,1,240.0
2026-05-01,406021142,1,660.0
2026-06-01,406021142,2,929.069
2025-07-01,407011144,17,6888.17
2025-08-01,407011144,8,3828.045
2025-09-01,407011144,22,9148.762
2025-10-01,407011144,13,5336.562
2025-11-01,407011144,13,7536.267
2025-12-01,407011144,10,3160.063
2026-01-01,407011144,14,5765.259
2026-02-01,407011144,9,4783.745
2026-03-01,407011144,16,6713.437
2026-04-01,407011144,13,7854.518
2026-05-01,407011144,24,9842.976
2026-06-01,407011144,26,10999.612
2025-07-01,407011145,6,2076.915
2025-08-01,407011145,2,900.0
2025-09-01,407011145,9,2386.771
2025-10-01,407011145,3,850.0
2025-11-01,407011145,2,681.547
2025-12-01,407011145,5,2530.0
2026-01-01,407011145,4,1304.0
2026-02-01,407011145,2,1193.979
2026-03-01,407011145,4,1550.0
2026-04-01,407011145,9,3882.261
2026-05-01,407011145,3,1292.03
2025-07-01,407011146,19,6894.204
2025-08-01,407011146,12,4283.468
2025-09-01,407011146,14,6419.201
2025-10-01,407011146,14,6192.577
2025-11-01,407011146,8,3174.108
2025-12-01,407011146,10,3916.559
2026-01-01,407011146,2,824.767
2026-02-01,407011146,10,3286.411
2026-03-01,407011146,6,2651.265
2026-04-01,407011146,74,30235.335
2026-05-01,407011146,3,1309.715
2026-06-01,407011146,5,2279.654
2025-07-01,407011147,5,1751.108
2025-08-01,407011147,3,1255.198
2025-09-01,407011147,1,248.312
2025-10-01,407011147,3,946.558
2025-11-01,407011147,2,811.0
2025-12-01,407011147,4,1394.936
2026-02-01,407011147,6,2104.887
2026-03-01,407011147,4,1607.229
2026-04-01,407011147,4,1479.173
2026-05-01,407011147,4,2310.384
2026-06-01,407011147,6,3166.867
2025-07-01,407011148,36,15060.886
2025-08-01,407011148,26,9797.855
2025-09-01,407011148,23,9656.048
2025-10-01,407011148,65,24713.595
2025-11-01,407011148,31,10388.172
2025-12-01,407011148,25,10820.472
2026-01-01,407011148,11,4189.636
2026-02-01,407011148,9,3880.098
2026-03-01,407011148,25,10688.886
2026-04-01,407011148,62,20330.505
2026-05-01,407011148,10,3976.36
2026-06-01,407011148,35,13910.189
2025-07-01,407011149,15,5100.611
2025-08-01,407011149,5,1980.238
2025-09-01,407011149,21,8296.125
2025-10-01,407011149,4,1684.508
2025-11-01,407011149,4,1297.736
2025-12-01,407011149,3,874.27
2026-01-01,407011149,3,2300.0
2026-02-01,407011149,2,1860.0
2026-03-01,407011149,2,760.028
2026-04-01,407011149,7,3066.525
2026-05-01,407011149,14,6795.614
2026-06-01,407011149,3,2070.0
2025-07-01,407021150,1,408.196
2025-09-01,407021150,2,1380.0
2025-10-01,407021150,3,2082.82
2025-11-01,407021150,3,680.0
2026-01-01,407021150,3,1025.723
2026-02-01,407021150,1,572.0
2026-03-01,407021150,1,220.0
2026-05-01,407021150,2,1110.779
2026-06-01,407021150,1,150.0
2025-07-01,407021151,3,940.0
2025-08-01,407021151,6,2955.928
2025-09-01,407021151,5,2406.808
2025-10-01,407021151,5,2278.002
2025-11-01,407021151,4,1200.0
2025-12-01,407021151,7,3284.097
2026-01-01,407021151,2,630.0
2026-02-01,407021151,1,600.0
2026-03-01,407021151,2,980.0
2026-04-01,407021151,2,1330.0
2026-05-01,407021151,3,1940.0
2026-06-01,407021151,8,3845.827
2025-07-01,407021152,1,220.0
2025-09-01,407021152,2,790.0
2025-10-01,407021152,1,196.0
2025-11-01,407021152,1,180.0
2026-01-01,407021152,1,700.0
2026-03-01,407021152,1,580.0
2026-04-01,407021152,3,1397.867
2026-05-01,407021152,1,274.5
2026-06-01,407021152,1,345.235
2025-08-01,407021154,1,513.516
2025-09-01,407021154,1,429.914
2025-10-01,407021154,2,1132.343
2025-11-01,407021154,3,1520.8
2026-02-01,407021154,1,426.991
2026-04-01,407021154,1,522.523
2026-05-01,407021154,1,650.0
2026-06-01,407021154,2,925.225
2025-12-01,407021155,2,210.0
2025-07-01,407021156,1,512.47
2025-08-01,407021156,1,567.363
2025-09-01,407021156,1,532.533
2025-10-01,407021156,1,94.95
2026-02-01,407021156,1,501.816
2026-05-01,407021156,1,210.0
2025-07-01,407021157,3,1172.067
2025-09-01,407021157,1,146.014
2025-10-01,407021157,1,400.0
2025-11-01,407021157,1,459.473
2026-01-01,407021157,2,1288.2
2026-03-01,407021157,1,1143.092
2026-04-01,407021157,1,900.0
2026-05-01,407021157,2,1152.199
2026-06-01,407021157,1,330.0
2025-07-01,407021158,2,385.0
2025-09-01,407021158,2,1125.0
2025-10-01,407021158,1,40.0
2025-11-01,407021158,1,252.0
2025-12-01,407021158,1,354.423
2026-02-01,407021158,3,1146.643
2026-03-01,407021158,1,365.0
2026-05-01,407021158,1,250.0
2026-06-01,407021158,1,500.0
2025-07-01,407021173,7,2489.536
2025-08-01,407021173,5,2400.045
2025-09-01,407021173,1,279.127
2025-10-01,407021173,7,2323.112
2025-11-01,407021173,5,1892.574
2025-12-01,407021173,10,4795.324
2026-01-01,407021173,9,3620.86
2026-02-01,407021173,8,3366.212
2026-03-01,407021173,10,4485.608
2026-04-01,407021173,2,832.8
2026-05-01,407021173,10,4141.763
2026-06-01,407021173,5,1984.607
2025-07-01,407021174,8,2393.606
2025-08-01,407021174,12,3772.864
2025-09-01,407021174,9,3729.895
2025-10-01,407021174,10,4307.314
2025-11-01,407021174,11,4863.38
2025-12-01,407021174,8,3726.299
2026-01-01,407021174,17,7108.21
2026-02-01,407021174,5,2276.897
2026-03-01,407021174,11,4339.603
2026-04-01,407021174,13,5814.0
2026-05-01,407021174,4,1707.441
2026-06-01,407021174,10,4383.11
2025-07-01,407031159,1,421.81
2025-08-01,407031159,1,100.0
2025-09-01,407031159,2,811.223
2025-11-01,407031159,1,390.829
2026-02-01,407031159,2,589.7
2026-03-01,407031159,2,997.702
2026-04-01,407031159,1,240.0
2026-05-01,407031159,1,750.0
2025-07-01,407031160,1,525.0
2025-09-01,407031160,1,475.0
2025-10-01,407031160,3,1047.977
2025-11-01,407031160,1,298.49
2026-02-01,407031160,1,363.263
2026-04-01,407031160,2,1084.777
2026-05-01,407031160,3,1450.0
2026-04-01,407031161,11,2348.72
2025-08-01,407031162,16,6318.88
2025-09-01,407031162,1,356.74
2026-04-01,407031162,1,515.886
2025-07-01,407031163,1,639.675
2025-09-01,407031163,1,390.35
2025-12-01,407031163,1,500.0
2025-07-01,407031164,11,3742.709
2025-08-01,407031164,13,4874.269
2025-09-01,407031164,11,5216.483
2025-10-01,407031164,7,1883.105
2025-11-01,407031164,9,5369.54
2025-12-01,407031164,6,2667.442
2026-01-01,407031164,4,1019.115
2026-02-01,407031164,7,2723.542
2026-03-01,407031164,8,2937.066
2026-04-01,407031164,16,5220.989
2026-05-01,407031164,6,2455.886
2026-06-01,407031164,13,4720.447
2025-07-01,407031165,28,9710.053
2025-08-01,407031165,6,2626.741
2025-09-01,407031165,20,8472.314
2025-10-01,407031165,22,9514.103
2025-11-01,407031165,20,8547.61
2025-12-01,407031165,55,18757.096
2026-01-01,407031165,7,2958.226
2026-02-01,407031165,8,2852.827
2026-03-01,407031165,19,7771.359
2026-04-01,407031165,17,5605.531
2026-05-01,407031165,24,6708.023
2026-06-01,407031165,9,2748.666
2025-07-01,407031166,2,669.835
2025-08-01,407031166,1,380.0
2025-09-01,407031166,5,920.0
2025-10-01,407031166,2,457.368
2025-11-01,407031166,3,1542.7
2025-12-01,407031166,2,1027.159
2026-01-01,407031166,1,156.582
2026-03-01,407031166,4,1715.333
2026-04-01,407031166,1,50.0
2026-05-01,407031166,1,211.862
2025-08-01,407031167,6,1200.0
2025-09-01,407031167,2,539.588
2025-10-01,407031167,2,672.824
2025-11-01,407031167,1,1000.0
2025-12-01,407031167,4,1265.565
2026-01-01,407031167,2,500.0
2026-03-01,407031167,2,851.671
2026-04-01,407031167,3,970.0
2026-05-01,407031167,3,1101.6
2026-06-01,407031167,1,410.767
2025-07-01,407031168,2,1509.572
2025-09-01,407031168,10,3600.0
2025-10-01,407031168,4,1801.056
2025-11-01,407031168,2,776.205
2025-12-01,407031168,3,1366.5
2026-01-01,407031168,2,607.506
2026-02-01,407031168,1,843.0
2026-03-01,407031168,1,545.0
2026-04-01,407031168,2,651.115
2026-05-01,407031168,4,2822.093
2026-06-01,407031168,4,1309.939
2025-07-01,407031169,2,371.631
2025-08-01,407031169,4,1883.008
2025-09-01,407031169,3,992.084
2025-10-01,407031169,2,557.902
2025-11-01,407031169,4,1751.161
2025-12-01,407031169,1,300.0
2026-01-01,407031169,2,539.6
2026-02-01,407031169,1,357.666
2026-03-01,407031169,1,90.0
2026-04-01,407031169,3,582.52
2026-05-01,407031169,5,2112.025
2026-06-01,407031169,3,938.429
2025-07-01,407031170,6,2854.202
2025-08-01,407031170,6,1150.445
2025-09-01,407031170,3,487.0
2025-10-01,407031170,6,2313.12
2025-11-01,407031170,5,1551.458
2025-12-01,407031170,4,1979.126
2026-01-01,407031170,1,500.0
2026-02-01,407031170,6,3067.48
2026-03-01,407031170,8,2597.923
2026-04-01,407031170,3,1568.0
2026-05-01,407031170,3,1202.29
2026-06-01,407031170,12,3635.583
2025-07-01,5,2045,915783.858
2025-08-01,5,1954,903478.264
2025-09-01,5,1874,885903.904
2025-10-01,5,2541,1238932.334
2025-11-01,5,2099,999016.874
2025-12-01,5,1868,902074.766
2026-01-01,5,1833,926097.637
2026-02-01,5,2676,1452286.499
2026-03-01,5,2211,1081619.223
2026-04-01,5,2037,1063671.941
2026-05-01,5,2196,1073904.334
2026-06-01,5,2262,1159497.063
2025-07-01,501011001,11,7534.415
2025-08-01,501011001,21,9735.483
2025-09-01,501011001,17,11814.608
2025-10-01,501011001,14,6312.586
2025-11-01,501011001,17,10943.322
2025-12-01,501011001,47,19521.783
2026-01-01,501011001,11,5563.961
2026-02-01,501011001,22,10625.314
2026-03-01,501011001,12,6239.575
2026-04-01,501011001,9,5520.532
2026-05-01,501011001,33,17951.511
2026-06-01,501011001,21,12446.366
2025-07-01,501011003,12,13164.856
2025-08-01,501011003,13,6492.105
2025-09-01,501011003,12,11489.572
2025-10-01,501011003,7,4348.824
2025-11-01,501011003,10,6851.89
2025-12-01,501011003,17,17128.865
2026-01-01,501011003,10,6843.729
2026-02-01,501011003,13,18406.121
2026-03-01,501011003,2,1366.694
2026-04-01,501011003,5,4550.0
2026-05-01,501011003,15,13631.722
2026-06-01,501011003,8,5704.012
2025-07-01,501011004,6,3260.016
2025-08-01,501011004,7,3492.722
2025-09-01,501011004,7,3519.24
2025-10-01,501011004,5,1600.556
2025-11-01,501011004,24,11384.835
2025-12-01,501011004,23,12060.311
2026-01-01,501011004,21,10542.164
2026-02-01,501011004,15,7115.306
2026-03-01,501011004,11,6468.682
2026-04-01,501011004,1,550.055
2026-05-01,501011004,20,11503.196
2026-06-01,501011004,28,12573.673
2025-07-01,501011293,4,2109.857
2025-08-01,501011293,7,4072.998
2025-09-01,501011293,8,5244.034
2025-10-01,501011293,7,3474.327
2025-11-01,501011293,7,4150.717
2025-12-01,501011293,13,8708.108
2026-01-01,501011293,6,2589.777
2026-02-01,501011293,11,8165.004
2026-03-01,501011293,7,5331.144
2026-04-01,501011293,12,8239.275
2026-05-01,501011293,3,1789.339
2026-06-01,501011293,14,7592.826
2025-07-01,501011294,10,5832.632
2025-08-01,501011294,31,13541.727
2025-09-01,501011294,35,16919.177
2025-10-01,501011294,27,12591.378
2025-11-01,501011294,15,6766.081
2025-12-01,501011294,15,11662.649
2026-01-01,501011294,17,10560.49
2026-02-01,501011294,19,11659.6
2026-03-01,501011294,8,3127.523
2026-04-01,501011294,13,10078.936
2026-05-01,501011294,12,6732.845
2026-06-01,501011294,8,3519.55
2025-07-01,501021005,7,3276.334
2025-08-01,501021005,8,3975.664
2025-09-01,501021005,5,1763.994
2025-10-01,501021005,24,9613.004
2025-11-01,501021005,9,4605.298
2025-12-01,501021005,4,1201.642
2026-01-01,501021005,10,3454.611
2026-02-01,501021005,3,2125.34
2026-03-01,501021005,4,2053.51
2026-04-01,501021005,2,791.995
2026-05-01,501021005,1,165.869
2026-06-01,501021005,1,350.0
2025-07-01,501021007,3,1234.649
2025-08-01,501021007,6,2216.111
2025-09-01,501021007,6,2312.98
2025-10-01,501021007,5,1519.836
2025-11-01,501021007,1,500.533
2025-12-01,501021007,6,1674.986
2026-01-01,501021007,1,839.0
2026-03-01,501021007,6,3766.753
2026-04-01,501021007,3,1477.588
2026-05-01,501021007,4,1670.85
2026-06-01,501021007,5,2691.696
2025-07-01,501021008,3,1076.899
2025-08-01,501021008,1,100.0
2025-09-01,501021008,2,557.217
2025-11-01,501021008,2,597.894
2026-01-01,501021008,1,431.725
2026-02-01,501021008,2,590.564
2026-03-01,501021008,4,1182.244
2026-04-01,501021008,1,355.578
2026-05-01,501021008,6,1835.852
2026-06-01,501021008,2,633.32
2025-07-01,501021009,1,410.72
2025-08-01,501021009,3,1275.837
2025-10-01,501021009,4,2203.096
2025-11-01,501021009,12,3585.048
2025-12-01,501021009,2,1141.46
2026-02-01,501021009,2,1126.104
2026-03-01,501021009,4,1865.681
2026-04-01,501021009,2,440.0
2026-05-01,501021009,1,165.0
2026-06-01,501021009,5,2045.663
2025-07-01,501021010,3,1772.464
2025-08-01,501021010,3,1004.377
2025-09-01,501021010,1,647.905
2025-10-01,501021010,6,3584.019
2025-11-01,501021010,4,1976.979
2025-12-01,501021010,6,3868.42
2026-01-01,501021010,1,679.036
2026-02-01,501021010,3,2119.24
2026-03-01,501021010,4,3534.411
2026-04-01,501021010,4,1824.817
2026-05-01,501021010,5,2168.28
2026-06-01,501021010,1,553.7
2025-07-01,501021012,13,5072.77
2025-08-01,501021012,40,21045.364
2025-09-01,501021012,6,2900.437
2025-10-01,501021012,10,4370.331
2025-11-01,501021012,3,917.709
2025-12-01,501021012,3,1513.393
2026-01-01,501021012,5,1859.384
2026-02-01,501021012,4,2244.526
2026-03-01,501021012,3,970.862
2026-04-01,501021012,2,1326.131
2026-05-01,501021012,1,255.124
2025-07-01,501021014,8,3322.888
2025-08-01,501021014,12,5184.729
2025-09-01,501021014,5,1408.205
2025-10-01,501021014,4,1771.712
2025-11-01,501021014,8,3554.902
2025-12-01,501021014,6,3136.367
2026-01-01,501021014,4,2064.23
2026-02-01,501021014,6,2901.885
2026-03-01,501021014,14,6791.947
2026-04-01,501021014,5,2074.0
2026-05-01,501021014,5,1938.908
2026-06-01,501021014,1,533.96
2025-07-01,501021015,2,400.0
2025-09-01,501021015,3,1287.811
2025-10-01,501021015,2,833.182
2025-11-01,501021015,1,391.04
2025-12-01,501021015,1,755.221
2026-01-01,501021015,1,348.055
2026-03-01,501021015,4,1473.275
2026-04-01,501021015,5,2185.584
2026-05-01,501021015,2,546.461
2025-07-01,501021016,3,1350.619
2025-08-01,501021016,1,428.995
2025-09-01,501021016,6,2148.832
2025-10-01,501021016,2,1867.631
2025-11-01,501021016,3,1147.0
2025-12-01,501021016,1,432.947
2026-01-01,501021016,2,1826.277
2026-03-01,501021016,1,605.826
2026-04-01,501021016,5,3371.854
2026-05-01,501021016,3,1100.821
2026-06-01,501021016,5,1349.206
2025-07-01,501021251,15,6127.196
2025-08-01,501021251,27,10231.657
2025-09-01,501021251,15,6029.427
2025-10-01,501021251,7,2674.47
2025-11-01,501021251,6,2863.275
2025-12-01,501021251,7,1825.0
2026-01-01,501021251,6,2335.991
2026-02-01,501021251,2,530.0
2026-03-01,501021251,8,2430.967
2026-04-01,501021251,4,1890.326
2026-05-01,501021251,34,15017.418
2026-06-01,501021251,12,4859.478
2025-07-01,501021252,1,993.051
2025-08-01,501021252,2,577.302
2025-09-01,501021252,1,450.0
2025-12-01,501021252,1,830.993
2026-01-01,501021252,1,822.79
2026-03-01,501021252,2,517.797
2026-06-01,501021252,1,100.0
2025-07-01,501021253,5,2049.953
2025-08-01,501021253,13,7284.74
2025-09-01,501021253,8,3447.6
2025-10-01,501021253,5,2373.471
2025-11-01,501021253,4,1189.795
2025-12-01,501021253,8,3433.265
2026-01-01,501021253,7,4341.869
2026-02-01,501021253,4,1638.885
2026-04-01,501021253,3,1237.527
2026-05-01,501021253,8,2218.7
2026-06-01,501021253,7,3948.702
2025-09-01,501021254,4,1450.257
2025-10-01,501021254,1,414.444
2025-11-01,501021254,2,491.7
2026-02-01,501021254,1,386.33
2026-03-01,501021254,1,140.0
2026-04-01,501021254,1,424.027
2026-05-01,501021254,4,1450.0
2025-07-01,501031017,10,3563.128
2025-08-01,501031017,4,2350.153
2025-09-01,501031017,2,653.677
2025-10-01,501031017,6,4871.694
2025-11-01,501031017,6,2662.126
2025-12-01,501031017,6,2823.517
2026-02-01,501031017,1,349.999
2026-03-01,501031017,1,180.0
2026-04-01,501031017,6,3834.998
2026-05-01,501031017,2,973.023
2026-06-01,501031017,3,2146.538
2025-07-01,501031018,3,1414.822
2025-08-01,501031018,3,1130.827
2025-09-01,501031018,3,1465.911
2025-10-01,501031018,2,577.162
2025-11-01,501031018,3,915.884
2025-12-01,501031018,1,297.0
2026-01-01,501031018,2,1171.272
2026-02-01,501031018,4,2264.57
2026-03-01,501031018,3,1376.376
2026-04-01,501031018,1,629.431
2026-05-01,501031018,4,1618.406
2026-06-01,501031018,3,1020.91
2025-09-01,501031019,2,585.295
2025-10-01,501031019,1,200.0
2025-11-01,501031019,2,330.0
2025-12-01,501031019,2,831.342
2026-01-01,501031019,1,154.0
2026-02-01,501031019,2,1022.626
2026-03-01,501031019,4,1627.29
2026-04-01,501031019,5,2512.684
2025-07-01,501031020,3,643.906
2025-09-01,501031020,1,667.155
2025-10-01,501031020,3,1660.0
2025-11-01,501031020,2,1319.366
2025-12-01,501031020,2,770.0
2026-01-01,501031020,1,945.398
2026-02-01,501031020,4,1574.989
2026-03-01,501031020,1,1100.0
2026-04-01,501031020,2,230.0
2026-05-01,501031020,4,1491.523
2026-06-01,501031020,1,130.0
2025-07-01,502011021,12,6068.571
2025-08-01,502011021,12,4161.557
2025-09-01,502011021,7,4232.611
2025-10-01,502011021,5,2223.415
2025-11-01,502011021,13,6918.857
2025-12-01,502011021,19,9657.981
2026-01-01,502011021,9,4501.098
2026-02-01,502011021,2,1055.707
2026-03-01,502011021,7,4392.892
2026-04-01,502011021,5,3913.534
2026-05-01,502011021,9,5215.916
2026-06-01,502011021,4,2775.165
2025-07-01,502011022,6,2881.338
2025-08-01,502011022,11,5306.846
2025-09-01,502011022,4,2878.754
2025-10-01,502011022,4,2090.623
2025-11-01,502011022,6,4105.158
2025-12-01,502011022,16,8481.447
2026-01-01,502011022,5,3028.271
2026-02-01,502011022,4,1927.512
2026-03-01,502011022,1,150.0
2026-04-01,502011022,1,350.38
2026-05-01,502011022,14,6415.232
2026-06-01,502011022,4,1710.881
2025-07-01,502011023,1,460.89
2025-08-01,502011023,2,1053.425
2025-11-01,502011023,1,931.045
2026-01-01,502011023,5,1575.568
2026-02-01,502011023,2,1105.41
2026-03-01,502011023,10,4021.737
2026-04-01,502011023,8,2716.475
2026-05-01,502011023,18,6813.516
2026-06-01,502011023,4,1602.56
2025-07-01,502011024,5,3244.703
2025-08-01,502011024,4,1643.921
2025-09-01,502011024,4,2961.777
2025-10-01,502011024,8,7206.969
2025-11-01,502011024,4,1902.015
2025-12-01,502011024,4,1548.79
2026-01-01,502011024,8,3472.608
2026-02-01,502011024,3,905.0
2026-03-01,502011024,4,5102.347
2026-04-01,502011024,6,3205.011
2026-05-01,502011024,2,2742.982
2026-06-01,502011024,5,5554.861
2025-07-01,502011025,12,4102.689
2025-08-01,502011025,1,184.9
2025-09-01,502011025,10,6245.407
2025-10-01,502011025,6,2924.689
2025-11-01,502011025,4,1052.176
2025-12-01,502011025,18,4603.864
2026-01-01,502011025,7,3104.235
2026-02-01,502011025,4,1052.655
2026-03-01,502011025,7,3368.593
2026-05-01,502011025,22,6597.072
2026-06-01,502011025,4,2077.078
2025-07-01,502011026,16,6139.064
2025-08-01,502011026,29,10226.961
2025-09-01,502011026,21,8183.966
2025-10-01,502011026,17,6314.815
2025-11-01,502011026,24,9435.583
2025-12-01,502011026,30,11283.006
2026-01-01,502011026,11,4248.648
2026-02-01,502011026,17,6255.299
2026-03-01,502011026,32,13112.888
2026-04-01,502011026,40,13313.372
2026-05-01,502011026,27,10066.139
2026-06-01,502011026,14,5616.855
2025-07-01,502011027,74,30262.896
2025-08-01,502011027,65,28971.003
2025-09-01,502011027,92,39034.265
2025-10-01,502011027,96,41388.516
2025-11-01,502011027,47,20801.447
2025-12-01,502011027,67,27824.921
2026-01-01,502011027,78,33071.495
2026-02-01,502011027,79,32652.123
2026-03-01,502011027,69,27708.62
2026-04-01,502011027,44,18603.783
2026-05-01,502011027,85,36686.782
2026-06-01,502011027,67,28249.388
2025-07-01,502011028,23,9648.87
2025-08-01,502011028,17,7235.392
2025-09-01,502011028,23,11017.268
2025-10-01,502011028,20,7936.412
2025-11-01,502011028,12,4705.483
2025-12-01,502011028,12,6622.645
2026-01-01,502011028,23,11905.789
2026-02-01,502011028,27,9913.96
2026-03-01,502011028,12,5810.435
2026-04-01,502011028,3,1175.8
2026-05-01,502011028,6,2324.834
2026-06-01,502011028,10,4347.619
2025-07-01,502011029,11,5376.219
2025-08-01,502011029,13,8824.307
2025-09-01,502011029,11,4839.804
2025-10-01,502011029,55,20689.734
2025-11-01,502011029,36,12873.351
2025-12-01,502011029,38,15981.969
2026-01-01,502011029,24,8029.493
2026-02-01,502011029,17,9553.992
2026-03-01,502011029,37,16587.606
2026-04-01,502011029,20,9211.692
2026-05-01,502011029,11,6514.596
2026-06-01,502011029,12,7300.499
2025-08-01,503011030,1,1390.993
2025-09-01,503011030,2,2507.335
2025-10-01,503011030,2,6348.345
2025-12-01,503011030,3,5396.083
2026-01-01,503011030,1,833.725
2026-02-01,503011030,58,69802.376
2026-04-01,503011030,1,1360.163
2026-05-01,503011030,1,2229.058
2026-06-01,503011030,2,3850.0
2025-11-01,503011031,137,100000.0
2026-03-01,503011031,10,33467.223
2026-04-01,503011031,2,2634.241
2026-05-01,503011031,3,3022.63
2026-06-01,503011031,2,1720.87
2025-08-01,503011032,3,5493.609
2025-10-01,503011032,4,7757.186
2025-11-01,503011032,2,3700.0
2026-01-01,503011032,2,4286.07
2026-02-01,503011032,1,4554.0
2026-03-01,503011032,1,2000.0
2026-04-01,503011032,2,7908.306
2026-05-01,503011032,3,1143.354
2026-06-01,503011032,1,1119.186
2025-07-01,503011033,1,803.465
2025-08-01,503011033,2,1379.921
2025-09-01,503011033,3,5032.19
2025-10-01,503011033,2,2614.388
2025-11-01,503011033,1,1589.316
2025-12-01,503011033,1,2185.5
2026-01-01,503011033,3,1613.238
2026-02-01,503011033,4,2316.925
2026-03-01,503011033,1,633.005
2026-04-01,503011033,1,1257.0
2026-05-01,503011033,2,2470.767
2025-07-01,503011034,8,8941.794
2025-08-01,503011034,3,5496.841
2025-09-01,503011034,1,3741.193
2025-11-01,503011034,3,5587.012
2025-12-01,503011034,2,2415.532
2026-01-01,503011034,1,1169.984
2026-02-01,503011034,3,16500.0
2026-04-01,503011034,1,2051.717
2026-05-01,503011034,3,1356.175
2026-06-01,503011034,4,3928.874
2025-07-01,503011035,17,9459.744
2025-08-01,503011035,5,5344.78
2025-09-01,503011035,5,12271.517
2025-10-01,503011035,4,7500.0
2025-11-01,503011035,9,10339.076
2025-12-01,503011035,4,7622.3
2026-01-01,503011035,7,9138.144
2026-02-01,503011035,4,12049.907
2026-03-01,503011035,8,6274.056
2026-05-01,503011035,5,10750.55
2026-06-01,503011035,42,39154.19
2025-09-01,503011036,2,2800.696
2025-10-01,503011036,2,4079.228
2025-11-01,503011036,1,100.0
2025-12-01,503011036,1,1238.0
2026-04-01,503011036,1,1374.12
2026-05-01,503011036,2,4408.392
2025-07-01,503021038,3,2031.087
2025-08-01,503021038,3,3993.494
2025-09-01,503021038,1,876.743
2025-10-01,503021038,2,2379.68
2025-11-01,503021038,1,1411.56
2025-12-01,503021038,1,1210.0
2026-02-01,503021038,3,1707.533
2026-04-01,503021038,1,756.187
2026-05-01,503021038,4,2060.0
2026-06-01,503021038,21,12820.53
2025-07-01,503021039,4,3028.413
2025-08-01,503021039,2,750.179
2025-09-01,503021039,1,2652.74
2025-10-01,503021039,4,5321.6
2025-11-01,503021039,1,509.399
2025-12-01,503021039,2,751.903
2026-01-01,503021039,3,2133.604
2026-02-01,503021039,5,3608.019
2026-03-01,503021039,51,23765.501
2026-04-01,503021039,2,2258.159
2026-05-01,503021039,5,3269.167
2026-06-01,503021039,1,800.0
2025-07-01,503021040,1,1500.0
2025-08-01,503021040,1,407.571
2025-09-01,503021040,2,1242.355
2025-10-01,503021040,1,603.474
2025-11-01,503021040,6,3504.586
2025-12-01,503021040,3,3349.747
2026-01-01,503021040,111,98348.138
2026-02-01,503021040,2,2356.416
2026-04-01,503021040,5,2141.359
2026-05-01,503021040,5,2806.888
2026-06-01,503021040,4,3711.872
2025-07-01,503021042,1,849.219
2025-08-01,503021042,110,60047.374
2025-09-01,503021042,2,4094.365
2025-10-01,503021042,5,5447.563
2025-11-01,503021042,53,33275.074
2025-12-01,503021042,1,785.8
2026-01-01,503021042,6,4777.942
2026-02-01,503021042,3,5873.804
2026-03-01,503021042,3,2536.0
2026-04-01,503021042,1,470.0
2026-05-01,503021042,1,1218.5
2026-06-01,503021042,5,7394.688
2025-07-01,503021043,2,2057.902
2025-08-01,503021043,6,6159.654
2025-09-01,503021043,4,2059.997
2025-10-01,503021043,1,859.025
2025-11-01,503021043,2,1299.737
2025-12-01,503021043,17,9525.474
2026-01-01,503021043,3,1365.389
2026-02-01,503021043,10,5544.044
2026-03-01,503021043,7,4684.191
2026-04-01,503021043,1,1345.051
2026-05-01,503021043,5,4279.86
2026-06-01,503021043,3,3800.0
2026-05-01,503021295,12,7000.0
2025-07-01,503021296,64,42146.182
2025-08-01,503021296,1,103.95
2025-09-01,503021296,1,70.0
2025-10-01,503021296,1,797.088
2025-11-01,503021296,1,650.0
2025-12-01,503021296,2,1992.482
2026-01-01,503021296,1,1033.081
2026-06-01,503021296,4,3226.407
2025-07-01,504011044,4,2666.982
2025-08-01,504011044,6,2267.565
2025-09-01,504011044,10,4026.773
2025-10-01,504011044,5,1730.758
2025-11-01,504011044,10,5441.593
2025-12-01,504011044,9,6198.925
2026-01-01,504011044,6,2148.268
2026-02-01,504011044,3,1665.726
2026-03-01,504011044,4,2748.232
2026-04-01,504011044,7,3951.12
2026-05-01,504011044,17,9669.724
2026-06-01,504011044,4,1292.058
2025-07-01,504011045,15,8037.363
2025-08-01,504011045,13,5036.726
2025-09-01,504011045,9,5659.279
2025-10-01,504011045,14,6615.487
2025-11-01,504011045,9,5169.655
2025-12-01,504011045,7,3333.661
2026-01-01,504011045,7,3174.068
2026-02-01,504011045,9,4675.453
2026-03-01,504011045,7,4431.048
2026-04-01,504011045,10,4220.571
2026-05-01,504011045,21,9605.077
2026-06-01,504011045,7,4948.18
2025-07-01,504011046,1,581.186
2025-08-01,504011046,1,629.434
2025-09-01,504011046,1,135.0
2025-11-01,504011046,5,1735.713
2025-12-01,504011046,6,2109.012
2026-02-01,504011046,2,516.842
2026-03-01,504011046,6,5017.931
2026-04-01,504011046,1,500.0
2026-05-01,504011046,1,523.196
2026-06-01,504011046,2,1032.364
2025-07-01,504011047,8,3207.744
2025-08-01,504011047,11,3991.391
2025-09-01,504011047,10,3264.687
2025-10-01,504011047,9,4837.559
2025-11-01,504011047,8,3424.185
2025-12-01,504011047,11,3625.413
2026-01-01,504011047,11,3760.06
2026-02-01,504011047,11,3689.318
2026-03-01,504011047,4,1640.76
2026-04-01,504011047,3,1476.073
2026-05-01,504011047,8,3335.653
2026-06-01,504011047,15,5092.653
2025-09-01,504011048,1,500.0
2025-12-01,504011048,2,600.0
2026-01-01,504011048,1,1278.415
2026-02-01,504011048,1,455.0
2025-09-01,504021049,1,320.0
2025-10-01,504021049,1,718.491
2025-12-01,504021049,1,668.134
2026-01-01,504021049,1,466.392
2026-03-01,504021049,2,740.0
2026-04-01,504021049,3,1875.15
2026-05-01,504021049,3,1654.246
2026-06-01,504021049,7,4318.52
2025-10-01,504021050,1,397.343
2025-11-01,504021050,1,1585.902
2025-12-01,504021050,2,1024.219
2026-01-01,504021050,1,581.044
2026-03-01,504021050,1,297.598
2026-04-01,504021050,1,1711.0
2026-06-01,504021050,1,1050.0
2025-07-01,504021051,9,3804.72
2025-08-01,504021051,5,2454.077
2025-09-01,504021051,4,1311.422
2025-10-01,504021051,3,2311.893
2025-11-01,504021051,6,2481.646
2025-12-01,504021051,6,2676.385
2026-01-01,504021051,4,2046.94
2026-02-01,504021051,5,3127.443
2026-03-01,504021051,5,1785.351
2026-04-01,504021051,20,6142.858
2026-05-01,504021051,10,4204.172
2026-06-01,504021051,7,2200.52
2025-07-01,504021053,3,1699.427
2025-08-01,504021053,6,2291.093
2025-09-01,504021053,2,1069.578
2025-10-01,504021053,5,3171.698
2025-11-01,504021053,3,1252.373
2025-12-01,504021053,4,2825.214
2026-01-01,504021053,3,2164.332
2026-02-01,504021053,3,1332.106
2026-03-01,504021053,5,2931.841
2026-04-01,504021053,6,4018.033
2026-05-01,504021053,14,8707.47
2026-06-01,504021053,5,3599.346
2025-07-01,504021054,43,14998.59
2025-08-01,504021054,26,9522.155
2025-09-01,504021054,12,4319.206
2025-10-01,504021054,18,6331.975
2025-11-01,504021054,14,5087.55
2025-12-01,504021054,8,3594.577
2026-01-01,504021054,16,6260.422
2026-02-01,504021054,15,4898.381
2026-03-01,504021054,13,5204.758
2026-04-01,504021054,11,5425.158
2026-05-01,504021054,9,3848.934
2026-06-01,504021054,9,4121.164
2025-07-01,504031056,1,530.0
2025-08-01,504031056,3,984.501
2025-09-01,504031056,2,945.0
2025-11-01,504031056,2,266.008
2025-12-01,504031056,1,500.0
2026-01-01,504031056,5,1678.0
2026-02-01,504031056,1,393.005
2026-03-01,504031056,3,795.0
2026-04-01,504031056,1,300.0
2026-05-01,504031056,3,707.0
2026-06-01,504031056,3,557.985
2025-07-01,504031057,38,14541.423
2025-08-01,504031057,31,17319.729
2025-09-01,504031057,35,12996.274
2025-10-01,504031057,29,10301.811
2025-11-01,504031057,26,10330.64
2025-12-01,504031057,25,9136.916
2026-01-01,504031057,8,2910.929
2026-02-01,504031057,11,2742.853
2026-03-01,504031057,13,5603.884
2026-04-01,504031057,3,1341.63
2026-05-01,504031057,11,4542.762
2026-06-01,504031057,12,5385.25
2025-07-01,504031058,16,6231.688
2025-08-01,504031058,23,9602.443
2025-09-01,504031058,14,5984.635
2025-10-01,504031058,10,4462.887
2025-11-01,504031058,33,13275.286
2025-12-01,504031058,13,6312.779
2026-01-01,504031058,10,4011.267
2026-02-01,504031058,41,16987.773
2026-03-01,504031058,15,6817.167
2026-04-01,504031058,26,10673.131
2026-05-01,504031058,69,26823.648
2026-06-01,504031058,48,20778.0
2025-08-01,504031060,1,240.0
2025-09-01,504031060,3,745.755
2025-10-01,504031060,3,1350.23
2025-11-01,504031060,1,984.76
2025-12-01,504031060,1,861.221
2026-01-01,504031060,1,799.241
2026-02-01,504031060,3,1275.44
2026-03-01,504031060,1,420.795
2026-04-01,504031060,2,570.028
2026-06-01,504031060,2,525.64
2025-07-01,504031061,25,11616.871
2025-08-01,504031061,19,9427.127
2025-09-01,504031061,19,10019.982
2025-10-01,504031061,18,9164.213
2025-11-01,504031061,24,11646.275
2025-12-01,504031061,7,3258.045
2026-01-01,504031061,19,9942.789
2026-02-01,504031061,18,9096.015
2026-03-01,504031061,12,5923.493
2026-04-01,504031061,11,5544.208
2026-05-01,504031061,10,5701.068
2026-06-01,504031061,11,5160.46
2025-07-01,504031062,11,3896.255
2025-08-01,504031062,1,156.42
2025-09-01,504031062,1,543.289
2025-10-01,504031062,6,2705.816
2025-11-01,504031062,3,2543.804
2025-12-01,504031062,4,1611.611
2026-01-01,504031062,3,1201.815
2026-03-01,504031062,2,1097.822
2026-04-01,504031062,2,690.923
2026-05-01,504031062,2,827.191
2026-06-01,504031062,2,679.255
2025-07-01,504031065,3,1345.198
2025-08-01,504031065,4,1627.038
2025-09-01,504031065,6,3831.65
2025-10-01,504031065,13,5684.722
2025-11-01,504031065,8,2817.56
2025-12-01,504031065,9,3502.524
2026-01-01,504031065,7,4035.312
2026-02-01,504031065,3,1399.181
2026-03-01,504031065,3,1162.553
2026-04-01,504031065,12,5322.26
2026-05-01,504031065,2,787.969
2026-06-01,504031065,9,5281.24
2025-07-01,504031066,25,9056.048
2025-08-01,504031066,4,1725.767
2025-09-01,504031066,7,2655.422
2025-10-01,504031066,8,3947.135
2025-11-01,504031066,8,2745.272
2025-12-01,504031066,10,3667.824
2026-01-01,504031066,1,528.646
2026-02-01,504031066,17,5077.697
2026-03-01,504031066,8,2819.016
2026-04-01,504031066,4,1467.316
2026-05-01,504031066,9,4776.127
2026-06-01,504031066,17,6202.778
2025-07-01,504031067,3,1297.102
2025-08-01,504031067,8,3387.238
2025-09-01,504031067,4,1655.912
2025-10-01,504031067,4,1974.572
2025-11-01,504031067,1,499.475
2025-12-01,504031067,3,2320.916
2026-01-01,504031067,2,514.497
2026-02-01,504031067,4,2011.11
2026-03-01,504031067,3,1651.72
2026-06-01,504031067,2,969.733
2025-07-01,504031068,33,13257.721
2025-08-01,504031068,35,14838.785
2025-09-01,504031068,26,10846.489
2025-10-01,504031068,28,12461.467
2025-11-01,504031068,13,5420.822
2025-12-01,504031068,10,5418.764
2026-01-01,504031068,11,5329.395
2026-02-01,504031068,19,9528.134
2026-03-01,504031068,13,5787.948
2026-04-01,504031068,18,6537.555
2026-05-01,504031068,31,11882.672
2026-06-01,504031068,37,16245.042
2025-08-01,504031298,1,466.735
2025-09-01,504031298,1,451.4
2026-01-01,504031298,1,342.876
2026-04-01,504031298,2,903.382
2026-06-01,504031298,1,260.407
2025-07-01,504031299,86,31970.185
2025-08-01,504031299,74,28168.695
2025-09-01,504031299,80,32721.721
2025-10-01,504031299,112,42906.885
2025-11-01,504031299,95,35585.814
2025-12-01,504031299,71,28504.531
2026-01-01,504031299,55,19521.875
2026-02-01,504031299,73,29814.6
2026-03-01,504031299,79,30238.821
2026-04-01,504031299,75,28794.753
2026-05-01,504031299,68,27851.696
2026-06-01,504031299,82,34957.618
2025-07-01,504031300,11,4268.797
2025-08-01,504031300,12,4451.363
2025-09-01,504031300,4,1630.016
2025-10-01,504031300,12,4566.916
2025-11-01,504031300,5,1453.87
2025-12-01,504031300,3,1190.555
2026-01-01,504031300,2,555.758
2026-02-01,504031300,2,479.678
2026-03-01,504031300,4,1393.417
2026-04-01,504031300,1,1024.955
2026-06-01,504031300,8,4007.922
2025-07-01,505011070,3,699.354
2025-08-01,505011070,3,1437.443
2025-09-01,505011070,4,1464.687
2025-10-01,505011070,2,734.886
2025-11-01,505011070,5,2080.791
2025-12-01,505011070,3,1085.454
2026-01-01,505011070,3,1420.246
2026-02-01,505011070,5,1776.744
2026-03-01,505011070,2,608.468
2026-04-01,505011070,8,3027.254
2026-05-01,505011070,5,1602.595
2026-06-01,505011070,3,726.7
2025-09-01,505011071,1,440.0
2025-10-01,505011071,2,645.389
2025-11-01,505011071,1,468.363
2025-12-01,505011071,1,678.49
2026-01-01,505011071,2,1128.128
2026-03-01,505011071,4,1334.35
2026-04-01,505011071,1,177.67
2026-06-01,505011071,1,150.0
2025-07-01,505011072,2,2993.123
2025-08-01,505011072,1,625.0
2025-09-01,505011072,5,3362.297
2025-10-01,505011072,5,2681.818
2025-11-01,505011072,1,561.119
2025-12-01,505011072,6,4524.437
2026-02-01,505011072,4,1502.461
2026-04-01,505011072,1,592.602
2026-05-01,505011072,1,898.9
2026-06-01,505011072,1,305.68
2025-07-01,505011073,2,837.328
2025-09-01,505011073,1,273.504
2025-10-01,505011073,2,542.243
2025-11-01,505011073,15,7627.84
2025-12-01,505011073,5,1572.073
2026-01-01,505011073,3,2110.773
2026-02-01,505011073,3,750.0
2026-03-01,505011073,6,2317.628
2026-04-01,505011073,9,3986.235
2026-05-01,505011073,7,2411.388
2026-06-01,505011073,1,209.0
2025-07-01,505011074,3,810.46
2025-08-01,505011074,1,603.885
2025-10-01,505011074,5,1511.16
2025-11-01,505011074,8,3193.2
2025-12-01,505011074,5,1403.338
2026-01-01,505011074,1,100.0
2026-02-01,505011074,1,311.423
2026-03-01,505011074,3,1499.906
2026-04-01,505011074,5,1456.82
2026-05-01,505011074,3,568.88
2026-06-01,505011074,1,170.0
2025-07-01,505011075,2,1061.107
2025-08-01,505011075,1,486.9
2025-09-01,505011075,3,2747.68
2025-10-01,505011075,6,1779.464
2025-11-01,505011075,4,3232.259
2025-12-01,505011075,1,535.188
2026-02-01,505011075,4,2971.499
2026-03-01,505011075,2,871.82
2026-04-01,505011075,4,2578.858
2026-06-01,505011075,4,2588.601
2025-07-01,505011076,5,4442.386
2025-08-01,505011076,5,3892.347
2025-09-01,505011076,5,3094.292
2025-10-01,505011076,5,4300.358
2025-11-01,505011076,14,10641.434
2025-12-01,505011076,7,5146.781
2026-01-01,505011076,2,1921.806
2026-02-01,505011076,6,3425.604
2026-03-01,505011076,8,5279.773
2026-04-01,505011076,11,8150.632
2026-05-01,505011076,15,13693.578
2026-06-01,505011076,7,6239.016
2025-07-01,505011077,6,2668.899
2025-08-01,505011077,1,100.0
2025-09-01,505011077,2,900.0
2025-10-01,505011077,1,331.883
2025-11-01,505011077,3,1570.91
2025-12-01,505011077,2,344.042
2026-02-01,505011077,1,349.99
2026-04-01,505011077,3,900.0
2026-06-01,505011077,1,221.21
2025-08-01,505011078,1,495.0
2025-09-01,505011078,1,238.5
2025-10-01,505011078,2,1851.467
2025-11-01,505011078,1,610.411
2026-01-01,505011078,3,766.238
2026-04-01,505011078,3,1250.202
2026-05-01,505011078,1,903.65
2026-06-01,505011078,1,120.0
2025-07-01,505011079,3,2156.323
2025-08-01,505011079,4,1984.101
2025-09-01,505011079,2,1508.616
2025-10-01,505011079,1,110.0
2025-11-01,505011079,1,789.129
2025-12-01,505011079,3,1080.591
2026-01-01,505011079,2,1108.229
2026-02-01,505011079,2,633.3
2026-03-01,505011079,1,200.0
2026-04-01,505011079,1,150.0
2026-05-01,505011079,8,4871.2
2026-06-01,505011079,2,2594.266
2025-09-01,505011080,1,80.0
2025-11-01,505011080,4,2295.723
2026-01-01,505011080,1,235.0
2026-04-01,505011080,2,1260.5
2026-06-01,505011080,2,1902.415
2025-07-01,505011081,3,1894.118
2025-08-01,505011081,4,987.0
2025-10-01,505011081,2,909.923
2025-11-01,505011081,1,826.105
2025-12-01,505011081,7,2734.534
2026-01-01,505011081,1,400.0
2026-02-01,505011081,3,1321.998
2026-04-01,505011081,1,400.0
2026-06-01,505011081,8,3414.801
2025-07-01,505011082,5,2452.1
2025-08-01,505011082,1,658.655
2025-09-01,505011082,3,3298.215
2025-10-01,505011082,2,3242.0
2025-12-01,505011082,3,3397.188
2026-01-01,505011082,3,4021.2
2026-02-01,505011082,2,775.0
2026-04-01,505011082,4,4286.485
2026-05-01,505011082,5,8658.2
2026-06-01,505011082,1,200.0
2025-07-01,505011083,1,180.0
2025-11-01,505011083,1,410.0
2026-02-01,505011083,1,90.0
2026-04-01,505011083,1,750.0
2025-07-01,505021084,10,4172.729
2025-08-01,505021084,2,1430.38
2025-09-01,505021084,6,3647.811
2025-10-01,505021084,1,621.678
2025-11-01,505021084,3,1352.047
2025-12-01,505021084,7,4240.417
2026-01-01,505021084,13,7203.612
2026-02-01,505021084,16,8469.131
2026-03-01,505021084,10,4897.566
2026-04-01,505021084,9,3806.897
2026-05-01,505021084,6,3244.218
2026-06-01,505021084,10,4751.278
2025-07-01,505021085,9,2915.88
2025-08-01,505021085,12,3729.941
2025-09-01,505021085,22,6307.991
2025-10-01,505021085,13,4834.712
2025-11-01,505021085,6,1861.697
2025-12-01,505021085,10,3546.51
2026-01-01,505021085,3,1092.427
2026-02-01,505021085,7,2581.258
2026-03-01,505021085,15,4596.155
2026-04-01,505021085,17,5852.864
2026-05-01,505021085,16,5409.745
2026-06-01,505021085,13,5048.24
2025-07-01,505021088,7,3843.892
2025-08-01,505021088,6,2060.0
2025-09-01,505021088,2,2215.473
2025-10-01,505021088,13,6355.272
2025-11-01,505021088,7,4628.69
2025-12-01,505021088,6,4198.591
2026-01-01,505021088,4,3143.885
2026-02-01,505021088,13,8258.558
2026-03-01,505021088,10,6562.751
2026-04-01,505021088,14,4427.403
2026-06-01,505021088,12,4698.13
2025-07-01,505021089,5,2312.862
2025-08-01,505021089,2,645.051
2025-09-01,505021089,7,4717.099
2025-10-01,505021089,7,4738.402
2025-11-01,505021089,9,7650.112
2025-12-01,505021089,8,7317.652
2026-01-01,505021089,68,74920.374
2026-02-01,505021089,253,204112.35
2026-03-01,505021089,7,6500.873
2026-04-01,505021089,8,4324.127
2026-05-01,505021089,13,10323.053
2026-06-01,505021089,10,6738.964
2025-07-01,505021090,5,1846.473
2025-08-01,505021090,7,1950.0
2025-09-01,505021090,4,1266.555
2025-10-01,505021090,8,2685.327
2025-11-01,505021090,16,3768.55
2025-12-01,505021090,13,4681.768
2026-01-01,505021090,18,6395.909
2026-02-01,505021090,13,3961.274
2026-03-01,505021090,14,5146.664
2026-04-01,505021090,8,4300.429
2026-05-01,505021090,18,5946.744
2026-06-01,505021090,18,6427.709
2025-11-01,505021091,1,713.943
2025-07-01,505021092,6,5500.0
2025-08-01,505021092,5,2817.165
2025-09-01,505021092,4,2709.405
2025-10-01,505021092,90,73527.944
2025-11-01,505021092,8,4573.586
2025-12-01,505021092,22,21384.315
2026-01-01,505021092,1,919.772
2026-02-01,505021092,1,662.018
2026-03-01,505021092,6,4694.75
2026-04-01,505021092,8,6889.45
2026-05-01,505021092,3,1687.094
2026-06-01,505021092,2,2021.049
2025-07-01,505021093,3,3140.889
2025-08-01,505021093,19,10287.511
2025-09-01,505021093,2,1438.503
2025-10-01,505021093,4,3605.731
2025-11-01,505021093,14,6948.236
2025-12-01,505021093,2,1135.5
2026-01-01,505021093,1,400.0
2026-02-01,505021093,2,830.097
2026-03-01,505021093,2,1423.572
2026-04-01,505021093,12,5000.0
2026-05-01,505021093,2,2288.656
2026-06-01,505021093,3,1420.557
2025-07-01,505021094,2,6843.923
2025-08-01,505021094,2,1781.875
2025-09-01,505021094,2,4005.171
2025-10-01,505021094,4,6288.213
2025-12-01,505021094,3,6904.52
2026-01-01,505021094,2,1400.0
2026-02-01,505021094,2,3467.192
2026-03-01,505021094,3,3534.775
2026-04-01,505021094,25,33217.618
2026-05-01,505021094,3,5757.065
2026-06-01,505021094,1,600.0
2025-07-01,505021095,4,1555.0
2025-08-01,505021095,10,3789.72
2025-10-01,505021095,10,3970.0
2025-11-01,505021095,8,3842.86
2025-12-01,505021095,3,1285.104
2026-01-01,505021095,5,1782.95
2026-02-01,505021095,1,1028.483
2026-03-01,505021095,2,1300.0
2026-04-01,505021095,4,1703.0
2026-05-01,505021095,5,2942.964
2025-07-01,505021096,2,2383.0
2025-08-01,505021096,2,2047.464
2025-09-01,505021096,3,2700.42
2025-10-01,505021096,4,1964.646
2025-11-01,505021096,4,4152.2
2025-12-01,505021096,3,4446.486
2026-01-01,505021096,4,2827.0
2026-02-01,505021096,6,5922.263
2026-03-01,505021096,2,1984.501
2026-04-01,505021096,7,9243.013
2026-05-01,505021096,9,8054.409
2025-07-01,505021097,11,5371.55
2025-08-01,505021097,6,3449.758
2025-09-01,505021097,9,5353.963
2025-10-01,505021097,14,9097.256
2025-11-01,505021097,2,2119.437
2025-12-01,505021097,1,400.0
2026-01-01,505021097,7,3949.65
2026-02-01,505021097,2,1906.562
2026-03-01,505021097,9,5453.315
2026-04-01,505021097,3,1408.695
2026-05-01,505021097,9,6050.084
2026-06-01,505021097,9,4652.335
2025-07-01,505021301,3,1540.308
2025-08-01,505021301,1,157.8
2025-09-01,505021301,3,1790.0
2025-10-01,505021301,11,5617.38
2025-12-01,505021301,4,1554.762
2026-02-01,505021301,3,1985.391
2026-03-01,505021301,3,1190.52
2026-04-01,505021301,1,850.0
2026-05-01,505021301,2,1842.171
2026-06-01,505021301,2,2186.861
2025-07-01,505021302,1,233.064
2025-08-01,505021302,9,3865.41
2025-09-01,505021302,3,1441.121
2025-10-01,505021302,5,2727.123
2025-11-01,505021302,6,3633.152
2025-12-01,505021302,6,6049.771
2026-01-01,505021302,7,3137.209
2026-02-01,505021302,8,4278.429
2026-03-01,505021302,21,8580.031
2026-04-01,505021302,3,2508.991
2026-05-01,505021302,9,5960.366
2026-06-01,505021302,11,6207.228
2025-07-01,505031098,3,468.45
2025-08-01,505031098,1,220.0
2025-09-01,505031098,7,1798.901
2025-10-01,505031098,2,1050.0
2025-11-01,505031098,4,1257.058
2025-12-01,505031098,3,1407.75
2026-02-01,505031098,3,657.782
2026-03-01,505031098,2,1352.0
2026-04-01,505031098,6,2133.695
2026-06-01,505031098,4,1198.188
2025-07-01,505031099,7,2329.478
2025-09-01,505031099,2,564.796
2025-10-01,505031099,2,238.2
2025-11-01,505031099,2,1786.763
2025-12-01,505031099,2,686.461
2026-01-01,505031099,8,2983.582
2026-02-01,505031099,2,157.14
2026-03-01,505031099,1,100.0
2026-04-01,505031099,1,219.5
2025-07-01,505031100,29,10555.834
2025-08-01,505031100,3,977.31
2025-09-01,505031100,2,906.43
2025-10-01,505031100,7,3185.191
2025-11-01,505031100,5,1383.267
2025-12-01,505031100,3,2068.865
2026-02-01,505031100,1,147.4
2026-04-01,505031100,1,174.548
2026-05-01,505031100,1,92.822
2026-06-01,505031100,1,120.0
2025-07-01,505031101,24,9322.175
2025-08-01,505031101,20,7490.213
2025-09-01,505031101,11,3901.227
2025-10-01,505031101,21,7626.249
2025-11-01,505031101,7,2768.959
2025-12-01,505031101,19,7959.4
2026-01-01,505031101,13,5295.299
2026-02-01,505031101,16,6272.94
2026-03-01,505031101,16,6754.746
2026-04-01,505031101,12,4355.771
2026-05-01,505031101,10,4201.357
2026-06-01,505031101,14,6129.967
2025-07-01,505031102,5,1676.476
2025-08-01,505031102,6,2071.2
2025-09-01,505031102,4,1976.896
2025-10-01,505031102,3,683.656
2025-11-01,505031102,5,1560.0
2025-12-01,505031102,8,2876.607
2026-01-01,505031102,2,556.091
2026-02-01,505031102,8,2074.085
2026-03-01,505031102,6,1621.032
2026-04-01,505031102,3,1023.853
2026-05-01,505031102,5,1907.719
2026-06-01,505031102,1,250.0
2025-07-01,505031104,1,705.554
2025-08-01,505031104,1,243.455
2025-10-01,505031104,1,324.792
2025-11-01,505031104,2,717.72
2025-12-01,505031104,1,289.695
2026-03-01,505031104,3,976.72
2026-04-01,505031104,7,1329.07
2026-06-01,505031104,3,766.935
2025-07-01,505031105,20,10774.17
2025-08-01,505031105,8,6403.291
2025-09-01,505031105,15,8451.017
2025-10-01,505031105,14,7450.513
2025-11-01,505031105,21,12134.977
2025-12-01,505031105,20,11445.419
2026-01-01,505031105,23,11766.226
2026-02-01,505031105,76,56978.476
2026-03-01,505031105,23,13122.199
2026-04-01,505031105,24,12717.027
2026-05-01,505031105,25,16816.995
2026-06-01,505031105,18,11029.177
2025-07-01,505031107,7,3505.247
2025-08-01,505031107,6,3044.244
2025-09-01,505031107,1,885.712
2025-10-01,505031107,5,1663.282
2025-11-01,505031107,3,902.779
2025-12-01,505031107,5,2473.912
2026-01-01,505031107,4,1641.479
2026-02-01,505031107,2,818.291
2026-03-01,505031107,4,1753.691
2026-04-01,505031107,3,1263.633
2026-05-01,505031107,5,2298.694
2026-06-01,505031107,8,3831.197
2025-07-01,505031255,134,54122.384
2025-08-01,505031255,62,24405.132
2025-09-01,505031255,77,30576.027
2025-10-01,505031255,125,50171.593
2025-11-01,505031255,100,39469.836
2025-12-01,505031255,144,56448.416
2026-01-01,505031255,108,45025.717
2026-02-01,505031255,199,83970.602
2026-03-01,505031255,192,76598.607
2026-04-01,505031255,158,64744.012
2026-05-01,505031255,159,66021.904
2026-06-01,505031255,135,57024.414
2025-08-01,505031256,1,1076.605
2025-10-01,505031256,2,574.99
2025-07-01,505031257,32,11615.719
2025-08-01,505031257,37,15481.465
2025-09-01,505031257,68,29403.084
2025-10-01,505031257,55,22018.767
2025-11-01,505031257,40,16377.342
2025-12-01,505031257,25,10554.822
2026-01-01,505031257,16,6496.913
2026-02-01,505031257,38,15358.813
2026-03-01,505031257,34,16167.299
2026-04-01,505031257,40,17893.006
2026-05-01,505031257,44,19590.739
2026-06-01,505031257,47,21801.335
2025-07-01,505031258,58,22476.363
2025-08-01,505031258,53,21063.927
2025-09-01,505031258,30,12755.033
2025-10-01,505031258,58,20893.658
2025-11-01,505031258,43,16568.786
2025-12-01,505031258,62,23822.053
2026-01-01,505031258,49,21521.314
2026-02-01,505031258,49,19890.761
2026-03-01,505031258,48,22528.888
2026-04-01,505031258,65,25465.711
2026-05-01,505031258,69,29333.374
2026-06-01,505031258,38,15884.312
2025-07-01,505031303,5,1712.313
2025-08-01,505031303,5,1758.797
2025-09-01,505031303,6,2011.391
2025-10-01,505031303,3,1193.43
2025-11-01,505031303,3,1385.821
2025-12-01,505031303,3,1759.789
2026-02-01,505031303,7,2938.087
2026-03-01,505031303,6,2849.538
2026-04-01,505031303,7,3617.145
2026-05-01,505031303,5,2324.811
2026-06-01,505031303,5,2270.833
2025-07-01,505031304,1,439.56
2025-08-01,505031304,4,1750.292
2025-09-01,505031304,4,1952.726
2025-10-01,505031304,2,1103.913
2025-11-01,505031304,9,5436.322
2025-12-01,505031304,4,2173.6
2026-01-01,505031304,3,1400.874
2026-02-01,505031304,2,431.909
2026-03-01,505031304,1,649.348
2026-04-01,505031304,12,6019.572
2026-05-01,505031304,7,3470.511
2025-07-01,505031305,7,2709.35
2025-08-01,505031305,7,2992.911
2025-09-01,505031305,8,3155.406
2025-10-01,505031305,3,1224.239
2025-11-01,505031305,2,819.595
2025-12-01,505031305,1,1150.0
2026-01-01,505031305,1,457.193
2026-02-01,505031305,4,1584.794
2026-03-01,505031305,4,1995.384
2026-04-01,505031305,2,962.164
2026-05-01,505031305,4,1927.532
2026-06-01,505031305,2,1290.162
2025-07-01,505031306,37,14363.31
2025-08-01,505031306,35,13332.432
2025-09-01,505031306,35,13091.879
2025-10-01,505031306,44,17926.339
2025-11-01,505031306,36,12624.344
2025-12-01,505031306,34,14526.073
2026-01-01,505031306,14,4897.586
2026-02-01,505031306,49,17774.557
2026-03-01,505031306,33,12877.187
2026-04-01,505031306,37,14348.602
2026-05-01,505031306,55,21448.35
2026-06-01,505031306,52,20903.82
2025-07-01,506011110,34,12014.058
2025-08-01,506011110,65,22180.478
2025-09-01,506011110,50,17964.51
2025-10-01,506011110,65,24224.741
2025-11-01,506011110,49,18459.117
2025-12-01,506011110,26,10003.358
2026-01-01,506011110,45,16601.632
2026-02-01,506011110,85,31950.338
2026-03-01,506011110,83,29686.65
2026-04-01,506011110,83,31438.72
2026-05-01,506011110,84,30671.379
2026-06-01,506011110,95,35510.028
2025-07-01,506011112,16,6578.416
2025-08-01,506011112,17,6542.708
2025-09-01,506011112,34,13189.78
2025-10-01,506011112,19,7491.255
2025-11-01,506011112,5,1898.92
2025-12-01,506011112,5,1856.21
2026-01-01,506011112,12,4668.956
2026-02-01,506011112,3,947.456
2026-03-01,506011112,8,2997.747
2026-04-01,506011112,6,1877.745
2026-05-01,506011112,2,1123.78
2026-06-01,506011112,3,1487.702
2025-07-01,506011114,5,2007.855
2025-09-01,506011114,1,295.0
2025-10-01,506011114,1,285.0
2025-11-01,506011114,2,962.418
2025-12-01,506011114,8,3172.481
2026-02-01,506011114,3,1044.768
2026-03-01,506011114,6,2118.816
2026-04-01,506011114,3,1005.693
2026-05-01,506011114,2,2746.5
2026-06-01,506011114,10,3133.677
2025-08-01,506011115,1,673.873
2025-09-01,506011115,2,853.252
2025-10-01,506011115,3,450.0
2025-12-01,506011115,4,717.2
2026-02-01,506011115,3,1959.056
2026-04-01,506011115,2,1264.693
2026-06-01,506011115,3,3619.068
2025-07-01,506011116,4,1934.394
2025-09-01,506011116,2,969.697
2025-10-01,506011116,2,803.436
2025-11-01,506011116,2,1276.231
2025-12-01,506011116,3,1473.787
2026-01-01,506011116,1,698.575
2026-03-01,506011116,3,597.525
2026-05-01,506011116,2,1081.698
2026-06-01,506011116,2,1082.185
2025-07-01,506011117,1,205.95
2025-08-01,506011117,1,80.0
2025-10-01,506011117,2,228.2
2025-12-01,506011117,2,294.96
2026-02-01,506011117,1,190.4
2026-03-01,506011117,3,670.46
2026-06-01,506011117,1,214.69
2025-07-01,506011307,17,6280.63
2025-08-01,506011307,11,4952.114
2025-09-01,506011307,9,4277.259
2025-10-01,506011307,7,2559.054
2025-11-01,506011307,8,3523.285
2025-12-01,506011307,11,5631.118
2026-01-01,506011307,9,5011.313
2026-02-01,506011307,9,5088.553
2026-03-01,506011307,11,6683.179
2026-04-01,506011307,10,5472.527
2026-05-01,506011307,3,1506.063
2026-06-01,506011307,8,4834.762
2025-07-01,506011308,31,13082.73
2025-08-01,506011308,30,12326.994
2025-09-01,506011308,36,14257.789
2025-10-01,506011308,59,25621.569
2025-11-01,506011308,87,26183.725
2025-12-01,506011308,25,10503.049
2026-01-01,506011308,38,15288.835
2026-02-01,506011308,38,17264.007
2026-03-01,506011308,35,15084.695
2026-04-01,506011308,47,22995.121
2026-05-01,506011308,54,24208.47
2026-06-01,506011308,70,31459.846
2025-07-01,506021118,15,6697.133
2025-08-01,506021118,2,923.016
2025-09-01,506021118,2,619.509
2025-10-01,506021118,3,1170.0
2025-11-01,506021118,2,394.483
2025-12-01,506021118,3,1715.003
2026-01-01,506021118,1,90.0
2026-02-01,506021118,6,2544.796
2026-03-01,506021118,3,1166.549
2026-04-01,506021118,7,3664.957
2026-05-01,506021118,5,2245.139
2026-06-01,506021118,4,1701.548
2025-07-01,506021119,1,276.874
2025-08-01,506021119,5,1605.122
2025-09-01,506021119,6,4297.666
2025-10-01,506021119,6,3659.081
2025-11-01,506021119,5,2389.338
2025-12-01,506021119,2,839.502
2026-02-01,506021119,1,635.267
2026-03-01,506021119,3,2059.854
2026-04-01,506021119,5,4450.396
2026-05-01,506021119,2,4233.672
2026-06-01,506021119,1,150.0
2025-07-01,506021123,3,3209.734
2025-09-01,506021123,6,4289.55
2025-10-01,506021123,16,14927.138
2025-11-01,506021123,2,1443.168
2025-12-01,506021123,5,3764.639
2026-01-01,506021123,2,5200.0
2026-02-01,506021123,5,3122.881
2026-03-01,506021123,13,21645.799
2026-04-01,506021123,16,9238.246
2026-05-01,506021123,6,12838.666
2026-06-01,506021123,12,13400.0
2025-07-01,506021309,7,2940.033
2025-08-01,506021309,7,2389.093
2025-09-01,506021309,2,838.302
2025-10-01,506021309,3,970.0
2025-11-01,506021309,11,3566.577
2025-12-01,506021309,8,3177.649
2026-01-01,506021309,6,2536.483
2026-02-01,506021309,6,2543.448
2026-03-01,506021309,14,4489.422
2026-04-01,506021309,4,1280.0
2026-05-01,506021309,2,1017.962
2026-06-01,506021309,2,714.61
2025-08-01,506021310,5,1770.0
2025-09-01,506021310,3,946.941
2025-10-01,506021310,2,921.438
2025-12-01,506021310,2,1103.818
2026-01-01,506021310,2,1460.0
2026-02-01,506021310,5,1987.062
2026-03-01,506021310,4,1237.5
2026-04-01,506021310,5,3963.116
2026-05-01,506021310,9,4240.0
2026-06-01,506021310,2,991.287
2025-07-01,506021311,10,4862.95
2025-08-01,506021311,3,1585.388
2025-09-01,506021311,7,2932.984
2025-10-01,506021311,143,90000.0
2025-11-01,506021311,3,1252.117
2025-12-01,506021311,1,490.62
2026-02-01,506021311,173,82168.106
2026-03-01,506021311,46,20667.693
2026-05-01,506021311,5,2573.081
2026-06-01,506021311,5,2741.28
2025-08-01,506031124,13,4973.151
2025-09-01,506031124,9,2957.88
2025-10-01,506031124,12,5809.664
2025-11-01,506031124,15,5436.423
2025-12-01,506031124,7,3377.458
2026-01-01,506031124,3,1296.775
2026-02-01,506031124,16,7539.422
2026-03-01,506031124,7,3296.637
2026-04-01,506031124,6,2281.386
2026-05-01,506031124,9,4490.996
2026-06-01,506031124,7,4006.761
2025-09-01,506031125,1,614.0
2026-02-01,506031125,1,100.0
2025-07-01,506031127,9,3371.972
2025-08-01,506031127,4,2875.763
2025-09-01,506031127,1,729.703
2025-10-01,506031127,1,350.0
2025-11-01,506031127,13,4541.503
2025-12-01,506031127,5,1965.627
2026-01-01,506031127,14,7011.31
2026-02-01,506031127,10,3495.228
2026-03-01,506031127,25,14848.987
2026-04-01,506031127,10,5008.337
2026-05-01,506031127,5,1785.257
2026-06-01,506031127,9,4255.371
2025-07-01,506031128,3,979.163
2025-08-01,506031128,4,1580.999
2025-09-01,506031128,8,3922.885
2025-10-01,506031128,6,2345.815
2025-11-01,506031128,3,781.904
2025-12-01,506031128,8,2637.732
2026-01-01,506031128,1,400.0
2026-02-01,506031128,6,2600.747
2026-03-01,506031128,6,3446.113
2026-04-01,506031128,3,1000.0
2026-05-01,506031128,4,1191.848
2026-06-01,506031128,4,1605.306
2025-07-01,506031129,11,7149.149
2025-08-01,506031129,10,6607.795
2025-09-01,506031129,5,3116.309
2025-10-01,506031129,5,2562.41
2025-11-01,506031129,14,7367.529
2025-12-01,506031129,6,4820.239
2026-01-01,506031129,10,4959.896
2026-02-01,506031129,9,7319.235
2026-03-01,506031129,1,548.644
2026-04-01,506031129,7,6635.631
2026-05-01,506031129,8,6448.604
2026-06-01,506031129,4,2724.903
2025-07-01,506031131,9,3932.777
2025-08-01,506031131,6,2076.271
2025-09-01,506031131,8,4129.675
2025-10-01,506031131,5,1810.741
2025-11-01,506031131,4,1672.824
2025-12-01,506031131,6,2857.642
2026-01-01,506031131,1,749.452
2026-02-01,506031131,6,2979.033
2026-03-01,506031131,8,5123.394
2026-04-01,506031131,8,5686.134
2026-05-01,506031131,6,3299.279
2026-06-01,506031131,4,1694.019
2025-07-01,506041132,20,9510.864
2025-08-01,506041132,7,2634.777
2025-09-01,506041132,20,8413.657
2025-10-01,506041132,23,9377.446
2025-11-01,506041132,13,4527.354
2025-12-01,506041132,9,3398.935
2026-01-01,506041132,4,1305.67
2026-02-01,506041132,4,2306.882
2026-03-01,506041132,10,3914.044
2026-04-01,506041132,8,3609.888
2026-05-01,506041132,14,5699.525
2026-06-01,506041132,3,839.75
2025-08-01,506041133,5,1479.2
2025-09-01,506041133,3,1272.294
2025-11-01,506041133,6,2725.582
2025-12-01,506041133,3,1346.775
2026-01-01,506041133,1,366.831
2026-02-01,506041133,1,1287.636
2026-03-01,506041133,5,2227.758
2026-05-01,506041133,2,1864.957
2026-06-01,506041133,6,3205.764
2025-07-01,506041134,24,8205.19
2025-08-01,506041134,19,7514.968
2025-09-01,506041134,11,4436.239
2025-10-01,506041134,8,3029.755
2025-11-01,506041134,6,2230.467
2025-12-01,506041134,8,2996.058
2026-01-01,506041134,35,12958.183
2026-02-01,506041134,11,2796.957
2026-03-01,506041134,6,1922.716
2026-04-01,506041134,7,1873.098
2026-05-01,506041134,4,1710.277
2026-06-01,506041134,5,1478.039
2025-07-01,506041135,14,5271.263
2025-08-01,506041135,42,15066.436
2025-09-01,506041135,21,8166.821
2025-10-01,506041135,27,10274.196
2025-11-01,506041135,26,9545.713
2025-12-01,506041135,22,9502.645
2026-01-01,506041135,8,3087.731
2026-02-01,506041135,16,6896.765
2026-03-01,506041135,13,6060.43
2026-04-01,506041135,17,7428.473
2026-05-01,506041135,11,4357.281
2026-06-01,506041135,14,6219.3
2025-08-01,506041136,3,877.04
2025-09-01,506041136,10,4075.748
2025-10-01,506041136,2,605.0
2025-11-01,506041136,3,725.0
2026-01-01,506041136,6,1360.0
2026-02-01,506041136,4,1730.414
2026-03-01,506041136,9,3602.684
2026-04-01,506041136,3,829.58
2026-05-01,506041136,10,3329.647
2026-06-01,506041136,8,3647.951
2025-07-01,506041137,1,240.0
2025-08-01,506041137,1,291.0
2025-09-01,506041137,4,917.99
2025-10-01,506041137,2,753.348
2025-11-01,506041137,4,1911.687
2025-12-01,506041137,3,673.151
2026-01-01,506041137,2,330.76
2026-02-01,506041137,4,1010.615
2026-03-01,506041137,2,656.235
2026-04-01,506041137,3,1076.854
2026-05-01,506041137,6,1546.09
2026-06-01,506041137,5,2043.991
2025-07-01,506051138,3,1254.235
2025-08-01,506051138,2,947.9
2025-09-01,506051138,4,1195.0
2025-10-01,506051138,1,419.019
2025-11-01,506051138,5,2102.035
2025-12-01,506051138,3,1685.19
2026-01-01,506051138,3,891.278
2026-02-01,506051138,3,856.87
2026-03-01,506051138,6,3051.596
2026-04-01,506051138,7,2564.835
2026-05-01,506051138,2,988.171
2026-06-01,506051138,6,2464.332
2025-07-01,506051139,2,947.27
2025-08-01,506051139,5,1647.28
2025-09-01,506051139,2,1020.699
2025-10-01,506051139,1,146.71
2025-11-01,506051139,1,186.35
2025-12-01,506051139,5,1901.781
2026-01-01,506051139,2,488.538
2026-02-01,506051139,9,3802.531
2026-03-01,506051139,4,1139.046
2026-04-01,506051139,3,963.965
2026-05-01,506051139,4,1044.988
2026-06-01,506051139,4,1317.039
2025-07-01,506051140,3,1334.804
2025-08-01,506051140,1,1281.006
2025-09-01,506051140,8,4251.527
2025-10-01,506051140,3,1618.578
2025-11-01,506051140,7,2156.417
2025-12-01,506051140,2,1070.0
2026-02-01,506051140,2,1933.343
2026-03-01,506051140,6,12661.252
2026-04-01,506051140,7,2780.269
2026-05-01,506051140,7,4722.444
2026-06-01,506051140,8,5498.447
2025-07-01,506051141,7,5144.434
2025-08-01,506051141,2,942.711
2025-09-01,506051141,7,4010.707
2025-10-01,506051141,4,3028.484
2025-11-01,506051141,3,1246.846
2025-12-01,506051141,4,1015.017
2026-01-01,506051141,3,2026.055
2026-02-01,506051141,3,1138.93
2026-03-01,506051141,1,759.636
2026-04-01,506051141,4,5935.062
2026-05-01,506051141,1,400.0
2026-06-01,506051141,3,1834.912
2025-07-01,506061142,34,13331.208
2025-08-01,506061142,41,16631.59
2025-09-01,506061142,26,9617.854
2025-10-01,506061142,22,9062.96
2025-11-01,506061142,8,3471.982
2025-12-01,506061142,26,10224.586
2026-01-01,506061142,22,8858.783
2026-02-01,506061142,29,10790.729
2026-03-01,506061142,33,14026.544
2026-04-01,506061142,36,15770.961
2026-05-01,506061142,45,20200.677
2026-06-01,506061142,23,10214.336
2025-07-01,506061143,6,2078.686
2025-08-01,506061143,9,3850.516
2025-09-01,506061143,18,8809.868
2025-10-01,506061143,30,11919.849
2025-11-01,506061143,9,3212.92
2025-12-01,506061143,21,7312.823
2026-01-01,506061143,35,13000.747
2026-02-01,506061143,54,20947.432
2026-03-01,506061143,40,17088.279
2026-04-01,506061143,46,19157.097
2026-05-01,506061143,60,24942.42
2026-06-01,506061143,46,19341.341
2025-07-01,506061144,4,1071.4
2025-08-01,506061144,1,350.0
2025-09-01,506061144,4,1294.913
2025-10-01,506061144,6,3617.875
2025-11-01,506061144,1,812.064
2025-12-01,506061144,5,3338.557
2026-01-01,506061144,4,2015.2
2026-02-01,506061144,4,1837.059
2026-03-01,506061144,5,1410.944
2026-04-01,506061144,3,1614.922
2026-05-01,506061144,2,1391.95
2026-06-01,506061144,2,1034.656
2025-07-01,506071145,2,2000.93
2025-08-01,506071145,1,936.904
2025-09-01,506071145,113,67547.168
2025-10-01,506071145,4,5104.79
2025-11-01,506071145,1,1050.0
2025-12-01,506071145,8,6366.14
2026-01-01,506071145,7,3832.1
2026-02-01,506071145,3,1650.0
2026-03-01,506071145,1,1226.773
2026-04-01,506071145,1,1268.911
2026-05-01,506071145,6,5455.607
2026-06-01,506071145,120,59916.29
2025-07-01,506071146,5,4985.699
2025-08-01,506071146,5,2856.787
2025-10-01,506071146,3,1829.885
2025-11-01,506071146,4,1305.374
2026-01-01,506071146,1,1399.46
2026-03-01,506071146,5,5072.979
2026-05-01,506071146,8,5645.94
2026-06-01,506071146,15,9483.447
2025-07-01,506071147,4,4664.3
2025-08-01,506071147,8,19345.0
2025-09-01,506071147,5,7027.244
2025-10-01,506071147,3,3897.657
2025-12-01,506071147,2,3388.954
2026-01-01,506071147,6,7159.675
2026-02-01,506071147,5,2787.915
2026-03-01,506071147,3,2535.231
2026-04-01,506071147,83,128152.841
2026-05-01,506071147,1,900.0
2026-06-01,506071147,3,5521.589
2025-07-01,507011148,17,7572.221
2025-08-01,507011148,18,8522.235
2025-09-01,507011148,23,9455.599
2025-10-01,507011148,14,5807.826
2025-11-01,507011148,20,9420.916
2025-12-01,507011148,14,7416.013
2026-01-01,507011148,13,6304.98
2026-02-01,507011148,3,917.929
2026-03-01,507011148,11,5222.65
2026-04-01,507011148,12,5905.92
2026-05-01,507011148,18,9462.654
2026-06-01,507011148,19,10035.293
2025-07-01,507011152,2,1450.986
2025-08-01,507011152,1,800.0
2025-09-01,507011152,4,3265.5
2025-10-01,507011152,2,1514.02
2026-01-01,507011152,2,1203.593
2026-02-01,507011152,2,951.533
2026-03-01,507011152,5,2750.203
2026-04-01,507011152,2,1213.018
2026-05-01,507011152,2,1897.1
2026-06-01,507011152,6,1893.465
2025-07-01,507011153,5,1372.384
2025-08-01,507011153,3,1638.23
2025-09-01,507011153,5,1835.051
2025-10-01,507011153,8,3329.39
2025-11-01,507011153,1,375.043
2025-12-01,507011153,3,1003.187
2026-01-01,507011153,1,359.559
2026-02-01,507011153,10,4133.691
2026-03-01,507011153,10,3735.217
2026-04-01,507011153,6,2502.132
2026-05-01,507011153,7,2262.609
2026-06-01,507011153,5,1862.64
2025-08-01,507011154,6,2070.705
2025-09-01,507011154,9,3838.939
2025-10-01,507011154,14,4199.766
2025-11-01,507011154,8,3442.126
2025-12-01,507011154,8,2976.092
2026-01-01,507011154,2,495.0
2026-02-01,507011154,8,4590.654
2026-03-01,507011154,7,2956.147
2026-04-01,507011154,3,1498.0
2026-05-01,507011154,1,325.662
2026-06-01,507011154,4,1764.591
2025-09-01,507011158,2,1691.151
2025-10-01,507011158,66,51131.517
2025-11-01,507011158,2,4276.116
2025-12-01,507011158,4,5735.844
2026-01-01,507011158,1,1135.084
2026-03-01,507011158,1,984.635
2026-04-01,507011158,2,5790.474
2026-05-01,507011158,1,1200.0
2026-06-01,507011158,1,1434.425
2025-07-01,507011159,50,17361.25
2025-08-01,507011159,4,1614.0
2025-09-01,507011159,3,1279.5
2025-10-01,507011159,246,100950.0
2025-11-01,507011159,21,9853.236
2025-12-01,507011159,1,60.0
2026-01-01,507011159,1,297.63
2026-02-01,507011159,9,3270.61
2026-03-01,507011159,17,6467.289
2026-04-01,507011159,46,19914.257
2026-05-01,507011159,12,4947.027
2026-06-01,507011159,10,4223.582
2025-07-01,507011160,7,2680.251
2025-08-01,507011160,3,2320.436
2025-09-01,507011160,6,2770.741
2025-10-01,507011160,9,4426.556
2025-11-01,507011160,9,3019.831
2025-12-01,507011160,7,3222.088
2026-01-01,507011160,41,18500.0
2026-02-01,507011160,5,1972.0
2026-03-01,507011160,4,1384.64
2026-04-01,507011160,3,976.866
2026-05-01,507011160,9,3491.749
2026-06-01,507011160,6,2205.84
2025-07-01,507011161,5,2182.095
2025-08-01,507011161,3,1247.432
2025-09-01,507011161,9,4107.067
2025-10-01,507011161,21,9139.548
2025-11-01,507011161,20,8511.112
2025-12-01,507011161,26,12778.522
2026-01-01,507011161,18,7611.504
2026-02-01,507011161,11,4304.397
2026-03-01,507011161,17,6881.626
2026-04-01,507011161,17,7035.978
2026-05-01,507011161,10,3578.91
2026-06-01,507011161,8,3259.943
2025-07-01,507011163,1,556.133
2025-08-01,507011163,1,400.0
2025-09-01,507011163,1,257.05
2025-10-01,507011163,2,688.486
2025-11-01,507011163,1,256.94
2025-12-01,507011163,3,180.0
2026-05-01,507011163,1,414.833
2025-07-01,507011259,3,1076.653
2025-08-01,507011259,3,1047.216
2025-09-01,507011259,11,5207.854
2025-10-01,507011259,11,4397.189
2025-11-01,507011259,9,3807.716
2025-12-01,507011259,2,919.311
2026-01-01,507011259,8,3430.544
2026-02-01,507011259,19,8727.442
2026-03-01,507011259,19,8228.475
2026-04-01,507011259,17,7383.261
2026-05-01,507011259,10,4913.289
2026-06-01,507011259,8,3949.368
2025-07-01,507011260,11,6942.238
2025-08-01,507011260,12,6380.81
2025-09-01,507011260,11,6659.52
2025-10-01,507011260,7,4434.492
2025-11-01,507011260,9,4464.31
2025-12-01,507011260,16,9048.315
2026-01-01,507011260,10,6488.567
2026-02-01,507011260,7,4575.642
2026-03-01,507011260,12,6605.369
2026-04-01,507011260,10,6317.987
2026-05-01,507011260,6,3740.546
2026-06-01,507011260,15,9392.815
2025-07-01,507021164,1,2071.112
2025-09-01,507021164,3,1720.704
2025-10-01,507021164,2,2768.627
2025-11-01,507021164,2,403.0
2026-01-01,507021164,1,303.9
2026-03-01,507021164,4,3544.183
2026-05-01,507021164,2,5328.812
2025-08-01,507021165,42,33689.873
2025-09-01,507021165,3,3288.045
2025-10-01,507021165,1,250.0
2025-11-01,507021165,3,1725.119
2025-12-01,507021165,3,950.803
2026-01-01,507021165,3,615.0
2026-02-01,507021165,1,350.0
2026-04-01,507021165,2,395.01
2026-05-01,507021165,6,2478.129
2026-06-01,507021165,46,62106.365
2025-07-01,507021166,1,252.789
2025-08-01,507021166,2,850.22
2025-10-01,507021166,4,5797.587
2025-11-01,507021166,3,813.62
2025-12-01,507021166,2,470.942
2026-01-01,507021166,1,400.224
2026-02-01,507021166,1,750.0
2026-03-01,507021166,2,672.553
2026-04-01,507021166,43,29328.782
2026-05-01,507021166,15,8124.401
2026-06-01,507021166,4,3467.924
2025-07-01,507031169,23,10549.403
2025-08-01,507031169,25,9418.738
2025-09-01,507031169,11,3645.0
2025-10-01,507031169,31,9956.684
2025-11-01,507031169,21,8179.451
2025-12-01,507031169,21,8545.27
2026-01-01,507031169,21,8800.386
2026-02-01,507031169,7,3059.876
2026-03-01,507031169,26,11781.71
2026-04-01,507031169,74,25553.386
2026-05-01,507031169,45,17742.846
2026-06-01,507031169,33,12860.165
2025-07-01,507031170,2,853.302
2025-08-01,507031170,1,369.495
2025-09-01,507031170,3,325.0
2025-10-01,507031170,3,470.0
2025-11-01,507031170,1,52.58
2025-12-01,507031170,1,320.179
2026-01-01,507031170,1,285.0
2026-02-01,507031170,1,257.959
2026-03-01,507031170,4,871.572
2026-04-01,507031170,2,861.067
2025-09-01,507031172,1,360.0
2025-07-01,507031174,15,5316.696
2025-08-01,507031174,17,5783.928
2025-09-01,507031174,14,4835.0
2025-10-01,507031174,11,3570.752
2025-11-01,507031174,14,5927.856
2025-12-01,507031174,20,7822.721
2026-01-01,507031174,9,3628.278
2026-02-01,507031174,6,2276.116
2026-03-01,507031174,19,7014.004
2026-04-01,507031174,4,1348.723
2026-05-01,507031174,3,805.889
2026-06-01,507031174,8,4041.513
2025-07-01,507031261,24,8684.27
2025-08-01,507031261,28,9868.331
2025-09-01,507031261,34,11439.0
2025-10-01,507031261,57,19790.0
2025-11-01,507031261,47,19683.475
2025-12-01,507031261,50,20399.249
2026-01-01,507031261,42,17512.834
2026-02-01,507031261,56,23597.054
2026-03-01,507031261,70,28468.548
2026-04-01,507031261,56,23397.71
2026-05-01,507031261,64,26514.106
2026-06-01,507031261,26,10841.992
2025-07-01,507041175,4,3463.0
2025-08-01,507041175,6,4200.0
2025-09-01,507041175,4,4100.0
2025-10-01,507041175,4,8866.481
2025-11-01,507041175,14,15037.067
2025-12-01,507041175,1,3000.0
2026-01-01,507041175,6,8394.648
2026-02-01,507041175,5,9016.832
2026-03-01,507041175,34,19721.074
2026-04-01,507041175,23,12085.075
2026-05-01,507041175,4,4154.506
2026-06-01,507041175,4,6954.389
2025-07-01,507041176,2,316.5
2026-02-01,507041176,1,600.0
2026-06-01,507041176,1,173.8
2025-08-01,507041177,3,1400.0
2025-09-01,507041177,3,2800.0
2025-10-01,507041177,3,1847.08
2025-11-01,507041177,3,2195.057
2025-12-01,507041177,1,600.0
2026-02-01,507041177,4,3553.12
2026-03-01,507041177,1,758.893
2026-04-01,507041177,5,5191.955
2026-05-01,507041177,1,282.877
2026-06-01,507041177,1,1153.309
2025-07-01,507041178,1,641.52
2025-08-01,507041178,3,2050.0
2025-09-01,507041178,1,1300.0
2025-10-01,507041178,2,1717.587
2025-11-01,507041178,13,21000.793
2025-12-01,507041178,7,9918.536
2026-01-01,507041178,3,3068.345
2026-02-01,507041178,3,2332.203
2026-03-01,507041178,12,10726.96
2026-04-01,507041178,5,6390.125
2026-05-01,507041178,6,5011.591
2026-06-01,507041178,12,11238.02
2025-08-01,507041179,1,440.0
2025-09-01,507041179,1,750.0
2025-11-01,507041179,4,3306.242
2025-12-01,507041179,2,1381.25
2026-01-01,507041179,2,1372.387
2026-02-01,507041179,1,2106.08
2026-03-01,507041179,6,4976.052
2026-04-01,507041179,2,750.0
2026-06-01,507041179,1,511.555
2025-07-01,507041180,1,419.314
2025-08-01,507041180,1,120.0
2026-01-01,507041180,1,1350.0
2026-04-01,507041180,1,154.2
2026-05-01,507041180,1,600.0
2026-06-01,507041180,2,350.79
2025-07-01,507041181,5,4034.264
2025-08-01,507041181,9,8516.113
2025-09-01,507041181,4,3700.0
2025-10-01,507041181,5,6076.053
2025-11-01,507041181,5,5107.04
2025-12-01,507041181,5,7364.142
2026-01-01,507041181,5,3251.899
2026-02-01,507041181,7,6700.0
2026-03-01,507041181,5,3308.716
2026-04-01,507041181,4,3208.715
2026-05-01,507041181,3,3437.6
2026-06-01,507041181,16,12491.586
2025-07-01,507041182,1,135.0
2025-08-01,507041182,3,1140.0
2025-09-01,507041182,9,3500.0
2025-10-01,507041182,1,805.857
2025-11-01,507041182,5,2081.744
2025-12-01,507041182,1,170.5
2026-02-01,507041182,218,141997.434
2026-03-01,507041182,6,3491.462
2026-04-01,507041182,1,252.308
2026-05-01,507041182,1,501.099
2026-06-01,507041182,2,300.0
2025-07-01,507041183,1,350.0
2025-08-01,507041183,8,3400.0
2025-09-01,507041183,2,1400.0
2025-11-01,507041183,4,1879.684
2025-12-01,507041183,13,6455.632
2026-01-01,507041183,2,1021.423
2026-03-01,507041183,4,1394.838
2026-06-01,507041183,1,369.787
2025-08-01,507041184,1,1000.0
2026-03-01,507041184,2,1550.0
2026-06-01,507041184,1,400.0
2025-10-01,507051186,2,430.436
2025-12-01,507051186,1,188.9
2026-02-01,507051186,1,333.398
2025-07-01,507051187,17,7704.222
2025-08-01,507051187,12,5159.451
2025-09-01,507051187,7,4426.905
2025-10-01,507051187,7,2926.079
2025-11-01,507051187,9,4649.139
2025-12-01,507051187,3,1696.04
2026-01-01,507051187,5,2617.646
2026-02-01,507051187,15,7159.706
2026-03-01,507051187,6,2682.96
2026-04-01,507051187,21,10232.798
2026-05-01,507051187,25,12614.056
2026-06-01,507051187,14,6395.076
2025-07-01,507051188,8,4440.495
2025-08-01,507051188,5,2186.052
2025-09-01,507051188,2,2099.241
2025-10-01,507051188,7,4520.036
2025-11-01,507051188,1,202.8
2025-12-01,507051188,2,1030.109
2026-01-01,507051188,5,3632.722
2026-02-01,507051188,2,1370.741
2026-03-01,507051188,2,1098.805
2026-04-01,507051188,3,1274.136
2026-05-01,507051188,39,19608.159
2026-06-01,507051188,5,3531.421
2025-09-01,507051189,2,495.035
2025-10-01,507051189,2,545.6
2026-01-01,507051189,1,374.566
2026-05-01,507051189,4,1888.618
2026-06-01,507051189,10,4021.531
2025-07-01,507051190,2,1413.93
2025-08-01,507051190,3,1469.311
2025-09-01,507051190,3,1557.101
2025-10-01,507051190,1,664.792
2025-11-01,507051190,1,396.0
2025-12-01,507051190,5,1848.0
2026-01-01,507051190,1,200.0
2026-02-01,507051190,1,275.447
2026-03-01,507051190,5,4019.865
2026-04-01,507051190,2,1293.766
2026-05-01,507051190,4,3171.569
2026-06-01,507051190,2,1081.179
2025-07-01,507051191,11,4744.514
2025-08-01,507051191,10,3494.46
2025-09-01,507051191,20,8253.121
2025-10-01,507051191,36,15447.038
2025-11-01,507051191,35,13023.674
2025-12-01,507051191,51,19483.067
2026-01-01,507051191,11,4784.849
2026-02-01,507051191,19,7454.726
2026-03-01,507051191,12,5651.909
2026-04-01,507051191,4,1660.35
2026-05-01,507051191,28,12193.474
2026-06-01,507051191,17,7276.737
2025-07-01,507051192,2,1318.443
2025-08-01,507051192,4,1993.307
2025-09-01,507051192,6,2270.888
2025-11-01,507051192,4,2141.838
2025-12-01,507051192,1,198.0
2026-01-01,507051192,3,1260.266
2026-02-01,507051192,3,1259.942
2026-03-01,507051192,3,1041.083
2026-04-01,507051192,2,612.121
2026-05-01,507051192,6,2328.475
2026-06-01,507051192,1,213.615
2025-08-01,507051193,1,192.05
2025-09-01,507051193,3,1184.434
2025-10-01,507051193,1,639.23
2025-11-01,507051193,3,950.465
2026-01-01,507051193,1,432.38
2026-02-01,507051193,2,286.5
2026-04-01,507051193,3,293.0
2026-05-01,507051193,2,1138.149
2026-06-01,507051193,2,643.002
2025-07-01,507051312,73,25341.31
2025-08-01,507051312,42,17029.956
2025-09-01,507051312,66,25473.571
2025-10-01,507051312,53,20136.628
2025-11-01,507051312,71,27364.795
2025-12-01,507051312,52,19755.676
2026-01-01,507051312,163,45816.293
2026-02-01,507051312,36,12366.31
2026-03-01,507051312,44,17128.285
2026-04-01,507051312,45,17778.462
2026-05-01,507051312,44,17759.516
2026-06-01,507051312,36,15754.931
2025-07-01,507051313,66,24475.886
2025-08-01,507051313,46,15764.481
2025-09-01,507051313,28,9996.401
2025-10-01,507051313,26,10980.055
2025-11-01,507051313,38,14470.335
2025-12-01,507051313,57,22504.453
2026-01-01,507051313,36,15114.863
2026-02-01,507051313,59,23949.354
2026-03-01,507051313,69,28939.588
2026-04-01,507051313,51,21628.129
2026-05-01,507051313,32,12702.35
2026-06-01,507051313,41,16756.457
2025-07-01,507051314,4,2156.759
2025-08-01,507051314,6,2105.365
2025-09-01,507051314,3,1365.518
2025-10-01,507051314,2,910.653
2025-11-01,507051314,4,1583.734
2025-12-01,507051314,7,2461.514
2026-01-01,507051314,2,895.487
2026-02-01,507051314,2,849.16
2026-03-01,507051314,6,1699.971
2026-04-01,507051314,5,1628.221
2026-05-01,507051314,4,1869.68
2026-06-01,507051314,2,687.123
2025-07-01,509011225,3,1459.515
2025-08-01,509011225,13,3995.346
2025-09-01,509011225,1,448.563
2025-10-01,509011225,5,3047.508
2025-11-01,509011225,2,650.0
2025-12-01,509011225,6,3471.475
2026-01-01,509011225,12,6321.264
2026-02-01,509011225,17,7910.362
2026-03-01,509011225,6,2893.286
2026-04-01,509011225,3,1363.367
2026-05-01,509011225,10,6067.215
2026-06-01,509011225,3,3776.694
2025-07-01,509011226,5,2994.709
2025-08-01,509011226,1,230.0
2025-09-01,509011226,4,1230.177
2025-10-01,509011226,5,2057.055
2025-11-01,509011226,4,1532.79
2025-12-01,509011226,6,3839.869
2026-01-01,509011226,2,1276.459
2026-02-01,509011226,4,2627.147
2026-03-01,509011226,5,2691.842
2026-04-01,509011226,4,1478.2
2026-05-01,509011226,4,2775.523
2026-06-01,509011226,3,634.948
2025-07-01,509011227,6,2154.648
2025-08-01,509011227,12,4035.837
2025-09-01,509011227,5,1755.845
2025-11-01,509011227,2,681.411
2026-01-01,509011227,8,2596.051
2026-02-01,509011227,8,3417.75
2026-03-01,509011227,4,1311.326
2026-04-01,509011227,1,120.0
2026-05-01,509011227,4,1216.539
2026-06-01,509011227,38,19706.37
2025-07-01,509011228,6,3010.897
2025-08-01,509011228,3,1940.0
2025-09-01,509011228,5,2294.342
2025-10-01,509011228,2,430.119
2025-11-01,509011228,2,1190.0
2025-12-01,509011228,9,4832.494
2026-01-01,509011228,1,260.0
2026-02-01,509011228,4,3169.874
2026-03-01,509011228,5,5141.248
2026-04-01,509011228,5,1826.974
2026-05-01,509011228,5,3087.075
2026-06-01,509011228,7,2624.481
2025-07-01,509011229,1,1576.5
2025-09-01,509011229,1,350.0
2025-10-01,509011229,1,164.915
2025-11-01,509011229,1,286.0
2026-02-01,509011229,1,681.174
2026-03-01,509011229,1,737.916
2026-05-01,509011229,3,1421.921
2026-06-01,509011229,4,1834.74
2025-07-01,509011230,1,534.265
2025-08-01,509011230,2,569.764
2025-09-01,509011230,2,210.0
2025-10-01,509011230,1,100.0
2025-11-01,509011230,1,455.111
2025-12-01,509011230,8,5340.0
2026-05-01,509011230,2,1011.105
2025-11-01,509011231,2,727.443
2025-12-01,509011231,1,150.0
2026-01-01,509011231,2,834.259
2026-02-01,509011231,1,656.589
2026-03-01,509011231,3,996.548
2026-05-01,509011231,1,450.0
2026-06-01,509011231,2,640.0
2025-07-01,509011232,2,1009.666
2025-08-01,509011232,1,200.0
2025-10-01,509011232,1,400.0
2025-11-01,509011232,1,375.346
2025-12-01,509011232,1,749.259
2026-02-01,509011232,2,1785.378
2026-03-01,509011232,1,264.813
2026-05-01,509011232,1,594.3
2025-07-01,509011233,6,2516.486
2025-08-01,509011233,9,3908.14
2025-09-01,509011233,8,3882.968
2025-10-01,509011233,6,3505.124
2025-11-01,509011233,8,2548.124
2025-12-01,509011233,5,1563.129
2026-01-01,509011233,3,968.866
2026-02-01,509011233,2,1673.426
2026-03-01,509011233,10,3926.193
2026-04-01,509011233,4,1833.288
2025-07-01,509011234,6,1452.09
2025-08-01,509011234,1,302.347
2025-09-01,509011234,3,1421.112
2025-10-01,509011234,6,1653.0
2025-11-01,509011234,1,150.0
2025-12-01,509011234,5,1346.621
2026-01-01,509011234,2,566.857
2026-02-01,509011234,3,718.999
2026-03-01,509011234,5,1616.6
2026-04-01,509011234,3,567.29
2026-05-01,509011234,4,1346.162
2026-06-01,509011234,2,447.288
2025-07-01,509021236,12,5837.764
2025-08-01,509021236,6,2862.733
2025-09-01,509021236,9,4370.99
2025-10-01,509021236,9,6375.586
2025-11-01,509021236,10,5303.749
2025-12-01,509021236,9,4941.335
2026-01-01,509021236,17,9097.451
2026-02-01,509021236,2,1044.301
2026-03-01,509021236,9,7411.034
2026-04-01,509021236,2,2053.247
2026-05-01,509021236,15,9041.246
2026-06-01,509021236,8,4910.809
2025-09-01,509021237,2,625.596
2025-11-01,509021237,1,220.0
2026-01-01,509021237,1,837.576
2026-03-01,509021237,1,411.529
2026-05-01,509021237,2,1152.558
2026-06-01,509021237,2,1360.235
2025-10-01,509021238,2,643.28
2026-03-01,509021238,1,949.789
2026-05-01,509021238,1,690.0
2025-07-01,509021239,17,6549.505
2025-08-01,509021239,19,8208.375
2025-09-01,509021239,13,5676.96
2025-10-01,509021239,11,4904.855
2025-11-01,509021239,11,5859.622
2025-12-01,509021239,18,5944.952
2026-01-01,509021239,8,4634.879
2026-02-01,509021239,32,11722.109
2026-03-01,509021239,25,11537.437
2026-04-01,509021239,10,2822.719
2026-05-01,509021239,15,8486.431
2026-06-01,509021239,14,6498.514
2025-08-01,509021240,1,371.102
2025-11-01,509021240,2,917.057
2026-01-01,509021240,4,3393.6
2026-03-01,509021240,1,250.001
2026-05-01,509021240,1,320.0
2026-06-01,509021240,1,750.0
2025-07-01,509021241,2,628.8
2025-08-01,509021241,3,1075.19
2025-09-01,509021241,1,463.694
2025-10-01,509021241,2,1759.7
2026-01-01,509021241,1,362.1
2026-03-01,509021241,1,597.95
2026-04-01,509021241,1,464.039
2026-05-01,509021241,1,475.8
2026-05-01,509021242,1,232.589
2025-07-01,509021243,9,3687.747
2025-08-01,509021243,10,5420.655
2025-09-01,509021243,9,3432.908
2025-10-01,509021243,9,4764.887
2025-11-01,509021243,8,3854.685
2025-12-01,509021243,7,2389.072
2026-01-01,509021243,11,4295.231
2026-02-01,509021243,5,2095.664
2026-03-01,509021243,8,3211.541
2026-04-01,509021243,9,3790.105
2026-05-01,509021243,9,3811.527
2026-06-01,509021243,4,928.303
2025-07-01,509021244,7,2927.845
2025-08-01,509021244,3,1335.212
2025-09-01,509021244,5,560.0
2025-10-01,509021244,3,1061.992
2025-12-01,509021244,3,1074.642
2026-01-01,509021244,2,679.778
2026-02-01,509021244,3,1250.078
2026-04-01,509021244,3,2284.448
2026-05-01,509021244,7,4963.769
2025-07-01,509021245,6,1544.059
2025-08-01,509021245,1,110.0
2025-09-01,509021245,5,1742.394
2025-10-01,509021245,6,2559.507
2025-11-01,509021245,7,2096.722
2025-12-01,509021245,2,389.0
2026-01-01,509021245,5,2448.617
2026-02-01,509021245,3,1561.742
2026-03-01,509021245,6,1412.59
2026-04-01,509021245,1,143.636
2026-05-01,509021245,3,1103.302
2026-06-01,509021245,42,16028.997
2025-08-01,509031246,2,746.171
2025-10-01,509031246,1,302.681
2026-02-01,509031246,3,2731.702
2026-03-01,509031246,4,974.729
2026-05-01,509031246,1,388.13
2026-06-01,509031246,2,904.467
2025-07-01,509031247,1,390.132
2025-08-01,509031247,2,1119.976
2025-10-01,509031247,1,485.265
2026-01-01,509031247,1,185.0
2026-02-01,509031247,1,494.514
2026-06-01,509031247,2,1384.056
2025-07-01,509031248,1,215.365
2025-09-01,509031248,2,824.266
2025-10-01,509031248,3,808.665
2026-01-01,509031248,1,249.986
2026-02-01,509031248,1,367.378
2026-03-01,509031248,3,794.951
2026-04-01,509031248,1,307.668
2026-06-01,509031248,4,1244.56
2025-08-01,509031249,1,90.0
2025-11-01,509031249,1,1572.39
2025-12-01,509031249,1,153.16
2026-03-01,509031249,1,716.665
2026-06-01,509031249,1,180.0
2025-07-01,509031250,2,270.0
2025-08-01,509031250,1,300.0
2025-09-01,509031250,2,360.0
2025-12-01,509031250,2,827.717
2026-02-01,509031250,3,1056.999
2026-04-01,509031250,1,424.804
2026-05-01,509031250,3,1479.729
2026-06-01,509031250,3,1565.385
2025-07-01,510011262,18,4986.614
2025-08-01,510011262,3,1632.817
2025-09-01,510011262,2,1194.298
2025-10-01,510011262,8,3631.09
2025-11-01,510011262,8,3593.032
2025-12-01,510011262,4,2503.8
2026-01-01,510011262,2,1564.762
2026-02-01,510011262,15,6999.52
2026-03-01,510011262,8,4244.162
2026-04-01,510011262,8,4996.891
2026-05-01,510011262,13,4471.791
2026-06-01,510011262,7,3515.88
2026-06-01,510011263,14,11868.715
2026-01-01,510011264,5,4266.326
2026-03-01,510011264,8,9043.794
2026-06-01,510011264,5,4266.325
2025-07-01,510011265,1,50.0
2025-09-01,510011265,10,6495.854
2025-10-01,510011265,1,1100.0
2025-11-01,510011265,17,5129.134
2026-01-01,510011265,5,4456.99
2026-03-01,510011265,16,7500.0
2026-04-01,510011265,1,100.0
2026-05-01,510011265,5,2912.876
2026-06-01,510011265,2,1175.0
2025-07-01,510011266,1,520.0
2025-08-01,510011266,3,1717.773
2025-09-01,510011266,2,1563.944
2025-10-01,510011266,1,300.0
2025-11-01,510011266,1,900.634
2026-02-01,510011266,2,1181.451
2026-06-01,510011266,13,10276.659
2025-09-01,510021267,3,556.2
2025-07-01,510021268,1,400.0
2025-08-01,510021268,3,1556.881
2025-09-01,510021268,2,861.425
2025-10-01,510021268,1,420.0
2026-03-01,510021268,10,6062.16
2026-05-01,510021269,1,200.0
2025-08-01,510021270,1,550.0
2025-09-01,510021270,4,2937.2
2025-11-01,510021270,6,4616.152
2026-01-01,510021270,5,4102.396
2026-03-01,510021270,3,1954.403
2026-04-01,510021270,3,1939.094
2026-05-01,510021270,5,2737.875
2026-06-01,510021270,6,3285.45
2025-08-01,510031271,2,1429.699
2026-01-01,510031271,6,5596.955
2025-07-01,510031272,17,18582.554
2025-08-01,510031272,12,8414.299
2025-09-01,510031272,11,7187.84
2025-10-01,510031272,10,5919.238
2025-11-01,510031272,1,425.0
2025-12-01,510031272,16,16861.765
2026-01-01,510031272,6,4885.508
2026-02-01,510031272,30,16318.659
2026-03-01,510031272,98,48827.87
2026-04-01,510031272,8,3068.067
2026-05-01,510031272,2,1182.5
2026-06-01,510031272,68,31000.0
2025-09-01,510031273,1,340.0
2025-11-01,510031273,1,250.0
2026-02-01,510031273,1,600.0
2025-07-01,511011274,2,957.95
2025-08-01,511011274,6,4789.255
2025-09-01,511011274,3,992.667
2025-10-01,511011274,7,5281.662
2025-11-01,511011274,20,6913.82
2025-12-01,511011274,1,678.882
2026-01-01,511011274,3,2364.87
2026-02-01,511011274,2,854.214
2026-04-01,511011274,2,1004.5
2026-05-01,511011274,5,6823.267
2026-06-01,511011274,2,831.074
2025-07-01,511011275,1,1400.0
2025-10-01,511011275,1,406.11
2026-04-01,511011275,3,1865.312
2026-05-01,511021276,1,479.429
2025-07-01,511021277,2,1498.607
2025-08-01,511021277,6,5175.0
2025-09-01,511021277,9,3111.173
2025-10-01,511021277,1,2127.5
2025-11-01,511021277,10,9030.068
2025-12-01,511021277,1,1012.496
2026-01-01,511021277,1,157.6
2026-02-01,511021277,3,1775.0
2026-03-01,511021277,3,5186.299
2026-04-01,511021277,3,1798.516
2026-05-01,511021277,1,1665.061
2026-06-01,511021277,4,2138.872
2025-07-01,511031279,7,1694.0
2025-09-01,511031279,1,594.0
2026-01-01,511031279,5,1249.6
2026-02-01,511031279,2,484.0
2026-04-01,511031279,3,1146.05
2026-05-01,511031279,2,1496.0
2026-06-01,511031279,7,2168.0
2025-07-01,511031280,2,660.0
2025-08-01,511031280,3,1255.726
2025-10-01,511031280,2,2143.735
2025-11-01,511031280,2,1016.482
2026-01-01,511031280,4,2411.95
2026-04-01,511031280,5,2309.345
2026-05-01,511031280,1,514.172
2026-06-01,511031280,3,1672.391
2025-08-01,511031282,2,1259.062
2026-03-01,511031282,1,250.0
2025-11-01,511031283,6,3446.8
2025-07-01,511041285,13,5878.622
2025-08-01,511041285,2,760.0
2025-09-01,511041285,3,1384.327
2025-10-01,511041285,5,2728.59
2025-11-01,511041285,8,6955.213
2026-01-01,511041285,8,3802.816
2026-02-01,511041285,15,11175.473
2026-03-01,511041285,1,476.0
2026-05-01,511041285,3,927.8
2026-06-01,511041285,1,415.285
2025-07-01,511041286,4,887.0
2025-10-01,511041286,2,671.846
2025-11-01,511041286,5,2105.814
2025-12-01,511041286,4,2857.523
2026-02-01,511041286,1,291.665
2026-03-01,511041286,5,2756.367
2026-04-01,511041286,6,2894.531
2026-05-01,511041286,1,281.052
2026-06-01,511041286,6,2783.137
2025-07-01,511041287,6,3389.526
2025-08-01,511041287,4,1689.655
2025-09-01,511041287,4,1485.872
2025-10-01,511041287,9,4534.72
2025-11-01,511041287,5,2563.674
2025-12-01,511041287,5,2613.535
2026-01-01,511041287,3,1546.376
2026-02-01,511041287,4,1947.123
2026-03-01,511041287,4,1976.06
2026-04-01,511041287,5,2414.261
2026-05-01,511041287,11,5320.716
2026-06-01,511041287,7,5034.092
2025-07-01,511041288,7,3046.24
2025-08-01,511041288,9,4090.539
2025-09-01,511041288,9,5476.336
2025-10-01,511041288,3,1978.765
2025-11-01,511041288,3,989.794
2025-12-01,511041288,3,730.0
2026-01-01,511041288,1,367.758
2026-02-01,511041288,5,4097.15
2026-04-01,511041288,3,1636.345
2026-05-01,511041288,2,946.938
2026-06-01,511041288,1,685.0
2025-07-01,511041289,2,1019.039
2025-08-01,511041289,5,1730.86
2025-09-01,511041289,3,1424.578
2025-11-01,511041289,5,2790.898
2025-12-01,511041289,3,1769.058
2026-01-01,511041289,4,2381.988
2026-02-01,511041289,3,1267.694
2026-03-01,511041289,3,1573.399
2026-04-01,511041289,3,2109.268
2026-05-01,511041289,6,2659.074
2026-06-01,511041289,2,896.936
2025-08-01,511041291,1,388.344
2025-09-01,511041291,1,250.0
2025-10-01,511041291,4,1366.998
2025-11-01,511041291,1,380.0
2025-12-01,511041291,4,705.689
2026-02-01,511041291,7,1649.005
2026-03-01,511041291,4,1397.334
2026-04-01,511041291,2,1122.207
2026-05-01,511041291,2,800.0
2025-07-01,511041292,6,1360.0
2025-08-01,511041292,1,240.0
2025-09-01,511041292,2,913.384
2025-10-01,511041292,5,2077.384
2025-11-01,511041292,4,1197.867
2025-12-01,511041292,6,2475.921
2026-01-01,511041292,2,1230.371
2026-02-01,511041292,5,2607.12
2026-03-01,511041292,4,1439.431
2026-04-01,511041292,2,793.533
2026-05-01,511041292,6,2362.582
2026-06-01,511041292,3,1310.306
2025-10-01,597979799,1,220.0
2026-02-01,597979799,1,300.0
2025-07-01,6,190,85761.327
2025-08-01,6,229,97453.753
2025-09-01,6,269,115438.185
2025-10-01,6,224,99194.349
2025-11-01,6,179,77281.919
2025-12-01,6,223,93098.442
2026-01-01,6,171,66621.029
2026-02-01,6,188,80540.373
2026-03-01,6,213,85522.398
2026-04-01,6,263,108669.812
2026-05-01,6,315,155696.531
2026-06-01,6,219,101552.651
2025-08-01,601011001,2,400.0
2025-09-01,601011001,2,300.0
2025-10-01,601011001,1,400.0
2025-12-01,601011001,1,100.0
2026-01-01,601011001,1,800.0
2026-04-01,601011001,4,1338.93
2026-05-01,601011001,57,16950.0
2026-06-01,601011001,3,1027.5
2025-07-01,601011002,8,3116.082
2025-08-01,601011002,9,2397.0
2025-09-01,601011002,4,1179.0
2025-10-01,601011002,6,1822.0
2025-11-01,601011002,7,2400.0
2025-12-01,601011002,2,432.045
2026-04-01,601011002,6,1818.0
2026-06-01,601011002,6,2640.0
2025-07-01,601011003,2,1400.0
2025-08-01,601011003,8,3454.548
2025-09-01,601011003,2,893.725
2025-10-01,601011003,1,450.0
2025-12-01,601011003,1,416.73
2026-01-01,601011003,3,860.0
2026-03-01,601011003,1,334.0
2026-04-01,601011003,5,2260.0
2026-05-01,601011003,7,2854.83
2026-06-01,601011003,7,2813.55
2025-11-01,601021004,1,50.0
2026-05-01,601021004,2,1345.0
2026-06-01,601021004,10,6800.0
2025-07-01,601021005,1,600.0
2025-08-01,601021005,3,1940.0
2025-09-01,601021005,14,5790.0
2025-10-01,601021005,5,2578.0
2025-11-01,601021005,3,1585.0
2025-12-01,601021005,5,1210.0
2026-01-01,601021005,3,1110.0
2026-02-01,601021005,3,1816.865
2026-03-01,601021005,4,2500.0
2026-04-01,601021005,4,2529.215
2026-05-01,601021005,3,1831.665
2026-06-01,601021005,2,450.0
2025-07-01,601021006,2,1500.0
2025-08-01,601021006,1,630.0
2025-10-01,601021006,1,500.0
2026-04-01,601021006,1,350.0
2026-06-01,601021006,1,900.0
2025-07-01,601021007,2,1355.0
2025-08-01,601021007,2,1413.0
2025-09-01,601021007,4,2150.0
2025-11-01,601021007,1,668.995
2025-12-01,601021007,1,675.0
2026-01-01,601021007,2,1130.0
2026-02-01,601021007,1,1089.996
2026-03-01,601021007,2,1500.0
2026-04-01,601021007,3,1252.0
2026-05-01,601021007,2,1123.505
2026-06-01,601021007,2,1350.0
2025-08-01,601021008,4,1200.0
2025-09-01,601021008,3,1611.0
2025-11-01,601021008,1,1006.0
2025-12-01,601021008,3,2000.0
2026-02-01,601021008,1,230.0
2026-06-01,601021008,1,1340.0
2025-07-01,601021009,5,1250.0
2025-10-01,601021009,1,330.0
2025-11-01,601021009,1,350.0
2026-01-01,601021009,1,480.0
2026-02-01,601021009,2,574.0
2026-06-01,601021009,1,300.0
2025-07-01,601021010,2,760.0
2025-08-01,601021010,5,2395.155
2025-10-01,601021010,6,2210.0
2025-11-01,601021010,4,1382.337
2025-12-01,601021010,2,220.0
2026-02-01,601021010,4,1390.982
2026-04-01,601021010,1,500.0
2026-05-01,601021010,4,1460.0
2026-06-01,601021010,3,950.0
2025-07-01,601021011,7,2441.1
2025-08-01,601021011,8,3013.35
2025-09-01,601021011,17,5986.0
2025-10-01,601021011,8,2956.715
2025-11-01,601021011,10,3491.625
2025-12-01,601021011,12,4782.46
2026-01-01,601021011,6,2422.878
2026-02-01,601021011,8,2853.945
2026-03-01,601021011,18,7094.692
2026-04-01,601021011,10,4130.63
2026-05-01,601021011,12,5075.68
2026-06-01,601021011,6,2345.085
2025-07-01,601021012,1,600.0
2025-08-01,601021012,1,850.0
2025-09-01,601021012,1,400.0
2025-10-01,601021012,3,2453.609
2026-02-01,601021012,3,972.867
2026-03-01,601021012,2,580.0
2026-06-01,601021012,2,980.0
2025-09-01,601031013,2,660.0
2025-10-01,601031013,1,660.0
2025-11-01,601031013,1,488.845
2025-12-01,601031013,1,706.651
2026-01-01,601031013,6,2420.0
2026-02-01,601031013,3,829.0
2026-03-01,601031013,1,793.854
2026-06-01,601031013,1,605.0
2025-07-01,601031014,1,110.0
2025-09-01,601031014,29,17298.101
2026-03-01,601031014,1,478.296
2025-07-01,601031015,1,660.0
2025-08-01,601031015,3,1196.8
2025-09-01,601031015,1,550.0
2025-10-01,601031015,1,110.0
2025-12-01,601031015,20,5296.5
2026-02-01,601031015,3,1518.0
2026-03-01,601031015,3,1163.855
2026-04-01,601031015,1,605.0
2026-05-01,601031015,1,160.6
2026-06-01,601031015,1,362.78
2025-07-01,601031016,1,462.0
2025-12-01,601031016,1,550.0
2026-01-01,601031016,1,110.0
2026-04-01,601031016,1,605.0
2025-07-01,601031017,1,352.0
2025-08-01,601031017,4,1286.0
2025-09-01,601031017,6,2846.8
2025-10-01,601031017,13,4463.25
2025-11-01,601031017,1,660.0
2026-01-01,601031017,1,440.0
2026-02-01,601031017,1,450.6
2026-04-01,601031017,5,1986.58
2026-05-01,601031017,56,46000.0
2025-09-01,601031018,1,330.0
2026-02-01,601031018,1,165.0
2026-03-01,601031018,1,330.0
2026-05-01,601031018,2,1292.5
2026-06-01,601031018,1,495.0
2025-07-01,601031019,2,554.939
2025-11-01,601031019,3,1160.819
2026-02-01,601031019,7,2100.0
2025-08-01,601031020,4,1538.0
2025-09-01,601031020,2,776.0
2025-10-01,601031020,1,65.0
2025-12-01,601031020,4,1266.0
2026-01-01,601031020,4,1127.0
2026-02-01,601031020,8,2920.037
2026-03-01,601031020,3,942.0
2026-04-01,601031020,31,7132.0
2026-05-01,601031020,3,945.0
2026-06-01,601031020,16,4814.0
2025-08-01,601031021,1,495.0
2025-10-01,601031021,6,2376.0
2026-02-01,601031021,5,1765.5
2026-03-01,601031021,2,1265.0
2026-06-01,601031021,1,770.0
2025-07-01,601041022,4,2283.0
2025-08-01,601041022,28,9910.0
2025-09-01,601041022,3,1160.0
2025-10-01,601041022,4,1033.0
2025-11-01,601041022,9,3358.56
2025-12-01,601041022,6,2908.97
2026-01-01,601041022,4,1945.405
2026-02-01,601041022,3,2070.0
2026-03-01,601041022,1,450.0
2026-04-01,601041022,9,1830.0
2026-05-01,601041022,4,1695.0
2026-06-01,601041022,11,4105.0
2025-09-01,601041023,2,1850.0
2025-11-01,601041023,1,690.0
2026-01-01,601041023,1,1000.0
2026-02-01,601041023,2,720.0
2026-03-01,601041023,1,100.0
2026-04-01,601041023,1,435.285
2026-05-01,601041023,2,2060.0
2026-06-01,601041023,8,4300.744
2025-07-01,601041024,2,702.0
2025-08-01,601041024,8,3900.0
2025-09-01,601041024,3,2175.0
2025-11-01,601041024,1,500.0
2025-12-01,601041024,1,850.0
2026-01-01,601041024,1,700.0
2026-06-01,601041024,1,450.0
2025-11-01,601041026,2,980.0
2025-08-01,601051027,6,4078.0
2025-09-01,601051027,2,547.728
2025-10-01,601051027,1,30.0
2025-11-01,601051027,1,1100.0
2025-12-01,601051027,1,300.0
2026-01-01,601051027,1,850.0
2026-04-01,601051027,38,13739.6
2026-06-01,601051027,2,1300.0
2025-07-01,601051028,4,2015.865
2025-08-01,601051028,3,1285.0
2025-09-01,601051028,3,1377.0
2025-10-01,601051028,1,480.0
2025-11-01,601051028,1,556.0
2025-12-01,601051028,2,1080.0
2026-01-01,601051028,2,850.0
2026-02-01,601051028,3,1145.0
2026-03-01,601051028,1,698.0
2026-05-01,601051028,1,950.0
2025-07-01,601051029,1,400.0
2025-08-01,601051029,1,380.0
2025-09-01,601051029,2,842.0
2025-11-01,601051029,1,150.0
2026-02-01,601051029,2,360.0
2026-04-01,601051029,1,800.0
2025-07-01,601051030,1,500.0
2025-08-01,601051030,22,6000.0
2026-01-01,601051030,15,3860.0
2026-03-01,601051030,3,980.0
2026-04-01,601051030,21,6000.0
2026-05-01,601051030,1,132.0
2026-06-01,601051030,1,531.0
2025-07-01,601051031,1,600.0
2025-08-01,601051031,4,2553.0
2025-09-01,601051031,2,2000.0
2025-10-01,601051031,2,1450.0
2025-11-01,601051031,1,200.0
2025-12-01,601051031,1,992.705
2026-01-01,601051031,2,1020.0
2026-02-01,601051031,2,731.535
2026-03-01,601051031,2,1110.0
2026-04-01,601051031,2,3285.707
2026-05-01,601051031,5,2340.0
2025-08-01,601051032,1,750.0
2025-09-01,601051032,1,500.0
2025-10-01,601051032,1,650.0
2026-01-01,601051032,1,350.0
2026-02-01,601051032,1,120.0
2026-06-01,601051032,2,1150.0
2025-08-01,601051033,1,320.0
2025-09-01,601051033,4,2200.0
2025-10-01,601051033,3,1900.0
2025-12-01,601051033,5,2396.0
2026-01-01,601051033,1,1000.0
2026-02-01,601051033,1,300.0
2026-03-01,601051033,4,1550.0
2026-05-01,601051033,2,900.0
2025-08-01,601061034,1,750.0
2025-09-01,601061034,1,985.0
2025-10-01,601061034,6,2690.0
2025-11-01,601061034,1,250.0
2025-12-01,601061034,1,300.0
2026-01-01,601061034,1,350.0
2026-02-01,601061034,7,2699.0
2026-03-01,601061034,3,655.0
2026-04-01,601061034,3,540.1
2026-05-01,601061034,2,836.5
2026-06-01,601061034,4,2137.31
2025-07-01,601061035,11,4597.915
2025-08-01,601061035,3,1824.885
2025-09-01,601061035,11,4387.0
2025-10-01,601061035,10,4097.14
2025-11-01,601061035,6,2974.02
2025-12-01,601061035,7,3498.785
2026-01-01,601061035,6,2814.527
2026-02-01,601061035,11,5515.175
2026-03-01,601061035,12,5345.285
2026-04-01,601061035,10,4574.5
2026-05-01,601061035,12,5544.605
2026-06-01,601061035,12,5047.0
2025-07-01,602011036,2,1300.0
2025-10-01,602011036,1,350.0
2025-07-01,602011037,2,900.0
2025-08-01,602011037,4,1700.0
2025-09-01,602011037,1,450.0
2025-10-01,602011037,2,1080.0
2025-12-01,602011037,9,4050.0
2026-01-01,602011037,1,300.0
2026-02-01,602011037,1,800.0
2026-03-01,602011037,2,530.0
2026-04-01,602011037,1,406.025
2026-06-01,602011037,1,580.0
2025-07-01,602011038,2,1875.0
2025-10-01,602011038,1,900.0
2025-11-01,602011038,1,200.0
2026-03-01,602011038,1,1000.0
2026-06-01,602011038,1,780.0
2025-07-01,602011039,3,2085.0
2025-08-01,602011039,3,1420.0
2025-09-01,602011039,4,2435.0
2025-10-01,602011039,11,4430.0
2025-11-01,602011039,2,1020.0
2025-12-01,602011039,7,2748.0
2026-01-01,602011039,10,4263.0
2026-02-01,602011039,9,3778.0
2026-03-01,602011039,4,1814.0
2026-04-01,602011039,5,1860.0
2026-05-01,602011039,9,4195.0
2026-06-01,602011039,2,767.0
2025-07-01,602011040,4,1400.0
2025-08-01,602011040,1,120.0
2025-10-01,602011040,1,400.0
2025-12-01,602011040,1,555.0
2025-07-01,602011041,1,320.0
2025-08-01,602011041,1,500.0
2025-11-01,602011041,1,100.0
2025-12-01,602011041,4,1240.0
2026-02-01,602011041,1,90.0
2026-03-01,602011041,3,1050.0
2026-04-01,602011041,4,1700.0
2026-05-01,602011041,3,1290.0
2026-06-01,602011041,4,1515.0
2025-12-01,602011042,1,400.0
2026-02-01,602011042,3,675.0
2026-05-01,602011042,3,1225.0
2025-12-01,602011043,1,690.0
2026-04-01,602011043,1,1500.0
2025-07-01,602011044,11,4660.0
2025-08-01,602011044,5,2699.36
2025-09-01,602011044,2,800.0
2025-10-01,602011044,1,462.77
2025-11-01,602011044,8,3792.315
2025-12-01,602011044,7,4238.84
2026-01-01,602011044,1,372.21
2026-02-01,602011044,5,2631.102
2026-03-01,602011044,4,1591.35
2026-04-01,602011044,30,14576.661
2026-05-01,602011044,6,3401.395
2026-06-01,602011044,9,4897.83
2025-10-01,602011045,1,700.0
2025-11-01,602011045,3,750.0
2026-02-01,602011045,2,200.0
2026-03-01,602011045,2,250.0
2025-08-01,602011046,2,910.0
2025-09-01,602011046,4,1935.0
2025-10-01,602011046,5,2900.0
2025-11-01,602011046,1,2618.0
2026-01-01,602011046,2,850.0
2026-02-01,602011046,3,1200.0
2026-04-01,602011046,1,450.0
2026-05-01,602011046,5,2209.0
2026-06-01,602011046,2,1440.0
2025-07-01,602011047,4,2040.0
2026-02-01,602011047,3,1040.0
2026-05-01,602011047,23,8700.0
2025-09-01,602011048,3,700.0
2025-10-01,602011048,2,775.0
2025-12-01,602011048,1,456.0
2026-01-01,602011048,3,750.0
2026-02-01,602011048,1,900.0
2025-07-01,602011049,1,450.0
2025-09-01,602011049,1,600.0
2025-10-01,602011049,1,80.0
2025-11-01,602011049,2,450.0
2025-07-01,602011050,2,1190.0
2025-08-01,602011050,4,1692.455
2025-10-01,602011050,12,4030.0
2025-12-01,602011050,11,5052.76
2026-01-01,602011050,2,790.0
2026-02-01,602011050,1,965.0
2026-03-01,602011050,5,1932.618
2026-04-01,602011050,2,1025.0
2026-05-01,602011050,7,2875.0
2026-06-01,602011050,1,405.71
2025-07-01,602011051,1,580.0
2025-08-01,602011051,1,750.0
2025-09-01,602011051,1,500.0
2026-02-01,602011051,3,1150.0
2026-03-01,602011051,3,1200.0
2026-05-01,602011051,2,1200.0
2025-07-01,602011052,3,1641.89
2025-09-01,602011052,1,1078.0
2025-10-01,602011052,3,1485.03
2025-12-01,602011052,5,1683.0
2026-02-01,602011052,1,450.0
2026-03-01,602011052,15,3250.0
2026-06-01,602011052,1,441.32
2025-07-01,602021053,6,3134.0
2025-08-01,602021053,2,760.0
2025-09-01,602021053,5,2803.0
2025-10-01,602021053,3,920.0
2025-11-01,602021053,3,1300.0
2025-12-01,602021053,2,730.0
2026-01-01,602021053,3,1182.0
2026-02-01,602021053,2,700.0
2026-03-01,602021053,6,1727.0
2026-04-01,602021053,2,1065.0
2026-05-01,602021053,5,1993.0
2026-06-01,602021053,1,480.0
2025-07-01,602021054,3,1964.838
2025-08-01,602021054,4,2062.0
2025-09-01,602021054,4,1694.0
2025-10-01,602021054,3,1160.0
2025-11-01,602021054,7,4334.26
2025-12-01,602021054,4,2356.73
2026-01-01,602021054,2,890.0
2026-03-01,602021054,2,630.0
2026-04-01,602021054,2,1049.28
2026-05-01,602021054,2,1070.0
2026-06-01,602021054,3,1560.665
2025-07-01,602021055,1,410.0
2025-09-01,602021055,1,200.0
2025-11-01,602021055,3,1130.0
2026-01-01,602021055,1,850.0
2026-03-01,602021055,2,825.0
2026-04-01,602021055,5,2650.0
2026-05-01,602021055,1,950.0
2026-06-01,602021055,4,1550.0
2025-07-01,602021056,5,1692.0
2025-08-01,602021056,3,1550.0
2025-11-01,602021056,5,1893.641
2025-12-01,602021056,1,624.95
2026-01-01,602021056,1,1200.0
2026-02-01,602021056,1,909.4
2026-03-01,602021056,2,1405.0
2026-04-01,602021056,2,1550.0
2026-06-01,602021056,3,2600.0
2025-07-01,602021057,1,463.0
2025-08-01,602021057,1,355.1
2025-09-01,602021057,1,260.0
2025-10-01,602021057,4,800.0
2025-11-01,602021057,12,4076.0
2025-12-01,602021057,3,1471.0
2026-01-01,602021057,2,592.17
2026-02-01,602021057,4,2112.77
2026-03-01,602021057,2,1215.0
2026-04-01,602021057,1,225.0
2026-05-01,602021057,2,880.0
2025-07-01,602031058,1,650.0
2025-08-01,602031058,2,520.0
2025-09-01,602031058,2,550.0
2025-11-01,602031058,1,850.0
2026-01-01,602031058,3,1350.0
2026-03-01,602031058,1,200.0
2026-04-01,602031058,1,560.0
2026-06-01,602031058,1,1100.0
2025-07-01,602031059,3,1070.0
2025-08-01,602031059,5,2843.0
2025-09-01,602031059,2,550.0
2025-10-01,602031059,6,2653.0
2025-11-01,602031059,4,1576.3
2025-12-01,602031059,6,2705.95
2026-01-01,602031059,4,1260.0
2026-02-01,602031059,7,2992.96
2026-03-01,602031059,10,4205.0
2026-04-01,602031059,4,1921.108
2026-05-01,602031059,10,2900.0
2026-06-01,602031059,4,1150.0
2025-07-01,602031060,6,2737.5
2025-09-01,602031060,25,6900.0
2025-10-01,602031060,3,1413.39
2025-11-01,602031060,12,3810.0
2025-12-01,602031060,4,1591.0
2026-01-01,602031060,2,275.0
2026-02-01,602031060,1,850.0
2026-03-01,602031060,2,450.0
2026-04-01,602031060,1,510.44
2026-05-01,602031060,2,896.06
2026-06-01,602031060,5,1530.507
2025-08-01,602031061,6,2502.0
2025-10-01,602031061,1,1100.0
2025-11-01,602031061,2,440.0
2025-12-01,602031061,2,800.0
2026-01-01,602031061,2,917.5
2026-02-01,602031061,6,2100.0
2026-03-01,602031061,5,600.0
2026-06-01,602031061,1,600.0
2025-07-01,602031062,8,3130.198
2025-08-01,602031062,4,1837.0
2025-09-01,602031062,3,1527.848
2025-10-01,602031062,4,1820.0
2025-11-01,602031062,2,1595.0
2025-12-01,602031062,12,5370.0
2026-01-01,602031062,7,2683.54
2026-02-01,602031062,2,1140.0
2026-03-01,602031062,20,7533.376
2026-04-01,602031062,2,950.0
2026-05-01,602031062,2,900.0
2026-06-01,602031062,4,2617.83
2025-07-01,602031064,5,1866.0
2025-08-01,602031064,5,2877.0
2025-09-01,602031064,5,1068.0
2025-10-01,602031064,3,1473.0
2025-11-01,602031064,3,1086.0
2025-12-01,602031064,2,375.0
2026-01-01,602031064,1,280.0
2026-02-01,602031064,6,2626.0
2026-03-01,602031064,3,1734.0
2026-04-01,602031064,5,3030.0
2026-05-01,602031064,5,1615.0
2026-06-01,602031064,5,2226.0
2025-07-01,602031099,1,85.0
2025-09-01,602031099,1,140.0
2025-11-01,602031099,1,800.0
2025-12-01,602031099,1,300.0
2026-03-01,602031099,1,380.0
2026-05-01,602031099,1,1790.68
2026-06-01,602031099,2,803.5
2025-07-01,602031100,4,1900.0
2025-08-01,602031100,1,150.0
2025-09-01,602031100,3,811.0
2025-12-01,602031100,1,650.0
2026-01-01,602031100,1,300.0
2026-02-01,602031100,1,750.0
2026-03-01,602031100,4,890.0
2026-04-01,602031100,3,2540.0
2026-06-01,602031100,3,1710.0
2025-07-01,603011065,1,380.0
2025-10-01,603011065,1,1000.0
2026-02-01,603011065,1,180.0
2026-03-01,603011065,1,60.0
2025-11-01,603011066,1,450.0
2025-12-01,603011066,1,1200.0
2026-03-01,603011066,1,450.0
2026-04-01,603011066,3,1665.0
2026-06-01,603011066,2,787.0
2025-07-01,603011067,3,838.0
2025-09-01,603011067,6,2071.0
2025-10-01,603011067,2,1447.975
2025-11-01,603011067,6,2336.3
2025-12-01,603011067,8,3319.0
2026-01-01,603011067,2,1150.0
2026-02-01,603011067,4,1439.165
2026-03-01,603011067,4,1650.0
2026-04-01,603011067,2,955.0
2026-05-01,603011067,6,4367.875
2026-06-01,603011067,1,400.0
2025-08-01,603021069,4,1930.0
2025-09-01,603021069,4,1660.0
2025-10-01,603021069,1,400.0
2025-11-01,603021069,1,500.0
2025-12-01,603021069,2,870.0
2026-01-01,603021069,1,600.0
2026-03-01,603021069,2,815.0
2026-04-01,603021069,2,310.0
2026-05-01,603021069,1,500.0
2026-06-01,603021069,1,400.0
2025-07-01,603021070,1,600.0
2025-08-01,603021070,4,1850.0
2025-09-01,603021070,7,3242.0
2025-10-01,603021070,4,2008.933
2025-11-01,603021070,2,800.0
2025-12-01,603021070,2,1125.585
2026-02-01,603021070,3,1600.0
2026-03-01,603021070,1,220.0
2026-04-01,603021070,2,550.0
2026-05-01,603021070,2,805.0
2026-06-01,603021070,2,650.0
2025-07-01,603021071,3,1140.0
2025-08-01,603021071,1,495.1
2025-09-01,603021071,4,3621.5
2025-10-01,603021071,2,910.0
2025-11-01,603021071,1,724.0
2026-02-01,603021071,2,835.0
2026-03-01,603021071,2,480.0
2026-05-01,603021071,5,2080.0
2025-07-01,603021072,2,750.0
2025-08-01,603021072,1,336.0
2025-09-01,603021072,1,500.0
2025-10-01,603021072,2,617.575
2025-11-01,603021072,8,1881.96
2025-12-01,603021072,4,1559.96
2026-02-01,603021072,6,2562.77
2026-03-01,603021072,6,2870.222
2026-04-01,603021072,2,593.64
2026-05-01,603021072,2,700.0
2026-06-01,603021072,1,390.28
2025-07-01,603031073,1,350.0
2025-08-01,603031073,2,425.0
2025-09-01,603031073,1,275.0
2025-10-01,603031073,3,898.595
2026-01-01,603031073,2,1045.0
2026-03-01,603031073,1,1000.0
2026-04-01,603031073,1,250.0
2026-06-01,603031073,1,320.0
2025-07-01,603031074,8,3675.0
2025-08-01,603031074,7,2765.0
2025-09-01,603031074,9,2676.49
2025-10-01,603031074,16,9985.657
2025-11-01,603031074,3,1610.0
2025-12-01,603031074,6,2760.0
2026-01-01,603031074,3,1070.0
2026-02-01,603031074,2,496.0
2026-03-01,603031074,1,200.0
2026-04-01,603031074,2,1365.876
2026-05-01,603031074,1,430.0
2026-06-01,603031074,3,1037.15
2026-02-01,604011075,1,440.0
2026-03-01,604011075,1,390.0
2026-06-01,604011075,3,1150.0
2025-08-01,604011076,1,540.0
2025-11-01,604011076,1,586.505
2025-12-01,604011076,1,570.935
2026-01-01,604011076,1,550.0
2026-02-01,604011076,2,730.0
2026-03-01,604011076,2,2800.0
2026-05-01,604011076,1,500.0
2026-06-01,604011076,4,2065.425
2025-09-01,604011077,1,250.0
2025-12-01,604011077,1,200.0
2026-01-01,604011077,13,1300.0
2025-07-01,604011078,1,368.0
2025-08-01,604011078,2,650.0
2025-09-01,604011078,2,1867.185
2025-10-01,604011078,3,700.0
2025-12-01,604011078,7,2229.97
2026-01-01,604011078,1,255.0
2026-02-01,604011078,2,1290.0
2026-03-01,604011078,1,355.0
2026-05-01,604011078,1,328.0
2026-06-01,604011078,1,100.0
2025-07-01,604011079,3,1850.0
2025-10-01,604011079,4,1885.665
2025-11-01,604011079,1,375.0
2026-01-01,604011079,3,1275.5
2026-02-01,604011079,1,425.0
2026-03-01,604011079,1,298.0
2026-04-01,604011079,1,500.0
2026-05-01,604011079,1,220.0
2026-06-01,604011079,3,1500.0
2025-12-01,604011080,1,220.0
2026-01-01,604011080,2,947.6
2025-10-01,604011081,2,740.0
2025-11-01,604011081,1,150.0
2026-01-01,604011081,1,500.0
2026-02-01,604011081,1,500.0
2025-07-01,604011082,8,2700.0
2025-09-01,604011082,3,955.0
2025-10-01,604011082,6,2656.0
2025-11-01,604011082,5,1915.0
2025-12-01,604011082,2,960.0
2026-01-01,604011082,5,1690.0
2026-02-01,604011082,1,685.0
2026-03-01,604011082,1,700.0
2026-04-01,604011082,3,1109.9
2026-05-01,604011082,9,3475.0
2025-07-01,604011083,3,1660.0
2025-09-01,604011083,8,2320.0
2025-10-01,604011083,1,560.0
2025-11-01,604011083,2,1152.572
2026-01-01,604011083,3,2100.0
2026-03-01,604011083,1,525.0
2026-05-01,604011083,1,300.0
2025-07-01,604011084,4,1850.0
2025-08-01,604011084,5,2945.5
2025-09-01,604011084,5,2245.508
2025-10-01,604011084,4,955.0
2025-11-01,604011084,5,2714.665
2025-12-01,604011084,2,958.94
2026-01-01,604011084,6,2927.565
2026-02-01,604011084,1,373.7
2026-03-01,604011084,3,1359.548
2026-04-01,604011084,1,400.0
2026-05-01,604011084,6,2840.0
2026-06-01,604011084,5,1800.0
2025-09-01,604021085,2,200.0
2025-10-01,604021085,2,1750.0
2025-12-01,604021085,2,796.351
2026-01-01,604021085,3,920.0
2026-02-01,604021085,2,575.0
2026-05-01,604021085,1,530.0
2026-06-01,604021085,1,750.0
2025-07-01,604021086,3,1298.0
2025-09-01,604021086,8,2731.3
2025-10-01,604021086,2,827.28
2025-12-01,604021086,3,1141.625
2026-01-01,604021086,3,1105.0
2026-02-01,604021086,2,962.49
2026-03-01,604021086,5,1960.0
2026-04-01,604021086,1,200.0
2026-05-01,604021086,6,3053.636
2026-06-01,604021086,7,3134.73
2025-07-01,604021087,1,396.0
2025-08-01,604021087,4,1644.5
2025-09-01,604021087,9,3322.0
2025-10-01,604021087,6,2652.05
2025-11-01,604021087,7,2684.2
2025-12-01,604021087,9,3514.5
2026-01-01,604021087,1,374.0
2026-02-01,604021087,1,581.383
2026-03-01,604021087,1,550.0
2026-06-01,604021087,2,748.0
2025-07-01,604021088,2,1300.0
2025-08-01,604021088,1,600.0
2025-09-01,604021088,1,700.0
2025-10-01,604021088,1,293.0
2026-01-01,604021088,1,900.0
2026-02-01,604021088,1,500.0
2026-03-01,604021088,1,150.0
2026-04-01,604021088,2,1200.0
2026-06-01,604021088,1,325.735
2025-07-01,604021089,5,2552.0
2025-08-01,604021089,1,770.0
2025-09-01,604021089,1,440.0
2025-10-01,604021089,4,2568.681
2025-11-01,604021089,2,1870.0
2025-12-01,604021089,4,1765.5
2026-01-01,604021089,3,1190.134
2026-02-01,604021089,4,2739.0
2026-03-01,604021089,4,2705.9
2026-04-01,604021089,6,3858.12
2026-05-01,604021089,3,2530.0
2026-06-01,604021089,12,6682.5
2025-08-01,604021090,7,2600.0
2025-10-01,604021090,2,555.0
2025-12-01,604021090,3,945.0
2026-01-01,604021090,5,1800.0
2026-02-01,604021090,2,1100.0
2026-03-01,604021090,5,1809.996
2026-04-01,604021090,1,550.0
2026-05-01,604021090,2,950.0
2025-10-01,604021091,1,641.034
2025-11-01,604021091,1,418.0
2025-12-01,604021091,3,891.0
2026-01-01,604021091,1,176.0
2026-02-01,604021091,3,1528.131
2026-03-01,604021091,3,1188.0
2026-04-01,604021091,3,1045.0
2026-06-01,604021091,2,302.5
2025-07-01,604021092,1,250.0
2025-09-01,604021092,3,1460.0
2025-10-01,604021092,1,1000.0
2025-11-01,604021092,2,1290.0
2025-08-01,604031093,1,300.0
2025-09-01,604031094,1,675.0
2026-05-01,604031095,1,500.0
2026-06-01,604031095,1,330.0
2025-09-01,604031096,2,430.0
2025-10-01,604031096,2,480.0
2026-02-01,604031096,1,600.0
2026-03-01,604031096,1,703.406
2026-04-01,604031096,2,836.215
2026-06-01,604031096,2,540.0
2025-08-01,604031097,1,395.0
2025-10-01,604031097,2,1025.0
2026-06-01,604031097,2,1420.0
2025-07-01,7,63,33133.117
2025-08-01,7,56,38625.099
2025-09-01,7,85,40709.13
2025-10-01,7,89,47662.469
2025-11-01,7,61,31515.216
2025-12-01,7,75,37168.655
2026-01-01,7,29,14473.215
2026-02-01,7,41,23763.751
2026-03-01,7,57,27831.674
2026-04-01,7,109,50024.492
2026-05-01,7,120,58657.071
2026-06-01,7,58,30247.291
2025-07-01,701011004,1,248.5
2025-08-01,701011004,1,6966.503
2025-11-01,701011004,1,703.404
2026-05-01,701011004,2,1425.7
2026-06-01,701011004,1,670.0
2026-05-01,701011006,1,450.0
2025-07-01,701011007,3,827.883
2026-03-01,701011009,1,1394.599
2026-05-01,701021010,1,215.589
2025-07-01,701021012,11,5368.8
2025-08-01,701021012,9,4115.0
2025-09-01,701021012,6,2921.864
2025-10-01,701021012,11,8176.67
2025-11-01,701021012,10,4923.68
2025-12-01,701021012,3,1579.0
2026-01-01,701021012,9,4771.552
2026-02-01,701021012,7,3604.516
2026-03-01,701021012,10,5138.3
2026-04-01,701021012,9,4605.542
2026-05-01,701021012,61,30495.839
2026-06-01,701021012,10,5586.979
2026-01-01,701021016,2,1479.0
2025-07-01,701021021,1,709.0
2025-09-01,701021021,5,2757.5
2025-10-01,701021021,1,455.0
2025-11-01,701021021,1,750.0
2026-01-01,701021021,2,1127.742
2026-03-01,701021021,4,2694.2
2025-09-01,701021022,4,2031.7
2025-10-01,701021022,3,1716.0
2025-11-01,701021022,2,1142.821
2025-12-01,701021022,3,1510.0
2026-02-01,701021022,1,500.3
2026-03-01,701021022,11,3249.0
2026-04-01,701021022,3,1324.85
2026-05-01,701021022,3,1573.0
2026-06-01,701021022,3,1546.4
2026-04-01,701021023,3,1440.46
2026-05-01,701021023,2,700.0
2025-09-01,701021025,1,1258.534
2026-05-01,701021025,4,1549.0
2025-10-01,701021026,1,650.0
2026-05-01,701021028,1,500.0
2025-07-01,701031031,2,472.011
2025-08-01,701031031,1,260.786
2025-09-01,701031031,2,1483.486
2025-10-01,701031031,2,641.04
2025-11-01,701031031,1,395.0
2025-12-01,701031031,2,1530.314
2026-01-01,701031031,4,1741.19
2026-02-01,701031031,6,2871.742
2026-03-01,701031031,1,550.0
2026-04-01,701031031,4,1938.97
2026-05-01,701031031,7,3380.0
2026-06-01,701031031,2,1060.0
2025-07-01,701031032,4,2012.804
2025-08-01,701031032,4,1817.235
2025-09-01,701031032,4,1397.0
2025-10-01,701031032,2,802.0
2025-11-01,701031032,5,2562.08
2025-12-01,701031032,2,665.625
2026-01-01,701031032,2,1132.5
2026-03-01,701031032,2,955.433
2026-04-01,701031032,6,3626.45
2026-05-01,701031032,6,1909.54
2026-06-01,701031032,1,108.0
2025-07-01,701031034,3,1361.86
2025-08-01,701031034,3,1765.425
2025-09-01,701031034,1,367.0
2025-10-01,701031034,2,1454.489
2025-11-01,701031034,4,1632.7
2025-12-01,701031034,3,1691.348
2026-02-01,701031034,2,965.0
2026-03-01,701031034,1,250.0
2026-04-01,701031034,3,833.39
2026-05-01,701031034,1,295.962
2026-06-01,701031034,7,3742.429
2025-07-01,701031035,2,849.285
2025-08-01,701031035,1,265.0
2025-09-01,701031035,3,1337.7
2025-10-01,701031035,4,1842.973
2025-11-01,701031035,1,305.957
2025-12-01,701031035,2,547.158
2026-01-01,701031035,2,534.547
2026-02-01,701031035,3,1102.222
2026-03-01,701031035,2,472.141
2026-04-01,701031035,2,519.049
2026-05-01,701031035,3,1426.979
2026-06-01,701031035,3,855.056
2025-12-01,701041036,1,260.0
2026-03-01,701041036,1,218.291
2026-04-01,701041036,1,600.0
2026-05-01,701041036,1,180.327
2026-03-01,701041037,2,800.0
2025-07-01,701041038,1,541.709
2025-08-01,701041038,3,1489.439
2025-09-01,701041038,6,2696.6
2025-10-01,701041038,2,1069.0
2025-11-01,701041038,1,439.8
2025-12-01,701041038,4,2105.5
2026-01-01,701041038,5,2344.4
2026-02-01,701041038,2,1665.2
2026-03-01,701041038,1,559.6
2026-04-01,701041038,2,1347.4
2026-05-01,701041038,3,2399.642
2026-06-01,701041038,4,2358.895
2025-12-01,701041039,1,462.75
2026-05-01,701041040,2,1074.04
2026-06-01,701041040,1,193.796
2025-07-01,701041041,4,1292.072
2025-07-01,701041042,9,4493.337
2025-08-01,701041042,15,7136.499
2025-09-01,701041042,25,10123.954
2025-10-01,701041042,8,4140.885
2025-11-01,701041042,6,2828.01
2025-12-01,701041042,31,14115.731
2026-02-01,701041042,3,1443.83
2026-03-01,701041042,2,1014.035
2026-04-01,701041042,44,19383.548
2026-05-01,701041042,17,8080.827
2026-06-01,701041042,15,7781.729
2025-07-01,701041043,1,265.527
2025-09-01,701041043,5,1740.0
2026-03-01,701041043,1,576.0
2026-04-01,701041043,16,6450.0
2026-06-01,701041043,1,415.0
2025-12-01,702011046,3,2043.352
2026-03-01,702011046,2,1060.0
2025-11-01,702011047,2,1200.0
2026-03-01,702011047,4,2120.0
2025-11-01,702011049,8,4000.0
2026-05-01,702011049,2,1250.0
2025-07-01,702011050,6,5280.0
2025-08-01,702011050,3,1845.0
2026-03-01,702011050,4,2224.324
2025-07-01,702011051,4,1848.595
2025-09-01,702011051,1,600.0
2025-10-01,702011051,1,385.0
2026-05-01,702011051,2,1227.959
2025-08-01,702011052,8,4888.955
2025-09-01,702011052,2,1187.599
2025-07-01,702011053,1,613.164
2025-10-01,702011053,3,1922.515
2025-12-01,702011053,3,1683.31
2026-01-01,702011053,1,424.205
2025-09-01,702011054,3,2106.328
2025-10-01,702011054,2,1624.906
2026-06-01,702011054,2,2103.861
2025-08-01,702021055,1,1129.963
2026-02-01,702021055,2,2485.776
2025-08-01,702021056,3,3300.0
2025-09-01,702031057,1,300.0
2025-10-01,702031057,1,130.0
2025-11-01,702031057,1,420.0
2025-12-01,702031057,1,235.606
2026-02-01,702031057,2,514.228
2026-05-01,702031057,1,522.667
2025-09-01,702031058,5,3197.562
2025-07-01,702031059,2,1055.326
2026-02-01,702031059,5,3490.86
2025-08-01,702031061,3,2474.994
2025-10-01,702031061,16,8392.625
2026-01-01,702041062,1,613.164
2026-02-01,702041062,5,3017.101
2026-03-01,702041062,7,4005.751
2025-07-01,702041063,1,744.906
2025-08-01,702041063,1,1170.3
2025-10-01,702041063,2,900.748
2025-11-01,702041063,8,3912.148
2026-02-01,702041063,3,2102.976
2026-06-01,702041063,4,2023.65
2025-09-01,702041064,11,5202.303
2026-04-01,702041064,16,7954.833
2025-11-01,702051065,2,1128.89
2025-12-01,702051065,3,1591.201
2025-11-01,702051066,6,3810.726
2025-12-01,702051066,8,4524.048
2026-06-01,702051066,4,1801.496
2025-10-01,702051067,25,11376.674
2025-11-01,702051067,2,1360.0
2025-12-01,702051067,2,810.0
2026-01-01,702051067,1,304.915
2026-03-01,702051067,1,550.0
2025-07-01,702051068,7,5148.338
2025-10-01,702051068,3,1981.944
2025-12-01,702051068,3,1813.712
2025-07-01,8,219,86124.512
2025-08-01,8,572,263739.69
2025-09-01,8,91,37051.173
2025-10-01,8,669,331246.737
2025-11-01,8,302,139485.805
2025-12-01,8,577,181650.467
2026-01-01,8,76,31041.352
2026-02-01,8,630,290052.15
2026-03-01,8,169,90681.711
2026-04-01,8,127,57281.195
2026-05-01,8,308,136370.232
2026-06-01,8,387,195180.567
2025-09-01,801011001,1,516.75
2026-03-01,801011001,1,700.0
2026-04-01,801011001,2,1147.0
2026-05-01,801011001,1,418.5
2025-12-01,801011002,420,125224.274
2025-08-01,801011005,1,440.25
2025-11-01,801011005,1,750.0
2025-12-01,801011005,6,1543.5
2026-01-01,801011005,2,371.025
2026-02-01,801011005,3,1700.0
2026-04-01,801011005,1,650.0
2025-07-01,801011006,1,155.05
2025-07-01,801011007,1,402.0
2025-11-01,801011007,2,667.875
2025-10-01,801011008,1,121.5
2026-01-01,801011008,1,440.0
2026-03-01,801011008,1,400.0
2026-04-01,801011008,1,389.36
2025-12-01,801011009,2,546.691
2026-04-01,801011010,1,270.0
2025-07-01,801011011,1,492.75
2025-12-01,801011011,1,395.25
2026-03-01,801011011,1,520.5
2026-04-01,801011011,1,135.0
2025-10-01,801011013,1,825.0
2026-03-01,801011013,1,600.0
2025-08-01,801011014,78,40000.0
2026-02-01,801011014,1,249.75
2025-12-01,801011015,1,427.5
2025-07-01,801011016,5,2441.25
2025-08-01,801011016,4,2500.0
2025-10-01,801011016,4,3618.0
2025-11-01,801011016,2,473.25
2025-12-01,801011016,1,686.25
2026-01-01,801011016,2,784.5
2026-06-01,801011016,87,66488.75
2025-07-01,801011017,2,344.25
2025-09-01,801011017,1,85.5
2025-10-01,801011017,2,1200.0
2025-10-01,801011019,1,153.675
2025-12-01,801011019,2,850.343
2026-03-01,801011019,3,1150.465
2026-04-01,801011019,1,290.0
2026-06-01,801011019,2,716.25
2025-08-01,801011020,1,700.0
2025-09-01,801011020,3,845.623
2026-03-01,801011020,2,800.0
2026-05-01,801011020,2,552.0
2025-12-01,801011022,1,609.9
2025-10-01,801011023,1,137.0
2026-03-01,801011023,1,624.0
2026-04-01,801011024,2,1100.0
2026-06-01,801011024,2,631.5
2025-10-01,801011026,5,1500.0
2025-12-01,801011026,5,2406.5
2026-03-01,801011026,8,5000.0
2025-07-01,801011142,3,1033.155
2025-08-01,801011142,6,2316.95
2025-09-01,801011142,12,4134.346
2025-10-01,801011142,5,2789.0
2025-11-01,801011142,15,6275.25
2025-12-01,801011142,6,2227.875
2026-01-01,801011142,17,7917.996
2026-02-01,801011142,6,2827.5
2026-03-01,801011142,23,8473.45
2026-04-01,801011142,20,8322.9
2026-05-01,801011142,14,6836.9
2026-06-01,801011142,46,14485.705
2025-07-01,801011143,2,642.75
2025-08-01,801011143,3,1250.0
2025-09-01,801011143,2,490.5
2025-10-01,801011143,2,603.0
2025-11-01,801011143,1,363.0
2026-01-01,801011143,24,7200.0
2026-03-01,801011143,18,7375.0
2026-05-01,801011143,1,465.0
2026-02-01,801041036,1,500.0
2025-10-01,801041040,1,100.0
2025-10-01,801041044,1,2500.0
2025-09-01,801041046,1,220.478
2025-09-01,801041047,1,515.925
2026-01-01,801041047,1,52.845
2025-07-01,801041048,1,117.053
2026-05-01,801041048,1,150.0
2025-07-01,801041118,13,4562.465
2025-08-01,801041118,66,49644.575
2025-09-01,801041118,20,8098.628
2025-10-01,801041118,16,8466.5
2025-11-01,801041118,24,10889.5
2025-12-01,801041118,11,4011.15
2026-01-01,801041118,8,5213.0
2026-02-01,801041118,27,10477.0
2026-03-01,801041118,54,27481.25
2026-04-01,801041118,14,8228.175
2026-05-01,801041118,7,3198.75
2026-06-01,801041118,10,3485.85
2025-10-01,801041120,1,597.75
2025-07-01,801041121,7,2800.223
2025-08-01,801041121,5,1939.0
2025-09-01,801041121,1,394.575
2025-10-01,801041121,5,2730.353
2025-11-01,801041121,3,2340.0
2025-12-01,801041121,80,23884.281
2026-01-01,801041121,1,375.0
2026-02-01,801041121,3,4975.0
2026-03-01,801041121,1,600.0
2026-04-01,801041121,1,1500.0
2026-05-01,801041121,1,900.0
2026-06-01,801041121,2,935.25
2025-07-01,801051050,1,900.0
2025-08-01,801051050,1,98.25
2025-11-01,801051050,3,1400.0
2025-12-01,801051050,2,842.438
2026-01-01,801051050,2,514.74
2026-02-01,801051050,2,1113.65
2026-03-01,801051050,4,2915.0
2026-04-01,801051050,2,881.95
2025-10-01,801051051,9,3598.65
2025-11-01,801051051,106,50000.0
2026-02-01,801051051,558,250000.0
2026-03-01,801051051,6,6000.0
2026-05-01,801051051,1,1300.0
2026-04-01,801051054,1,225.75
2026-05-01,801051054,2,1277.0
2025-08-01,801051055,1,589.5
2025-09-01,801051055,3,1243.75
2025-11-01,801051055,1,750.0
2026-02-01,801051055,1,220.0
2026-05-01,801051055,1,419.25
2026-06-01,801051055,1,379.5
2025-07-01,801051056,1,304.148
2025-10-01,801051056,1,348.255
2025-11-01,801051056,1,100.0
2025-10-01,801051057,49,18000.0
2025-11-01,801051057,1,450.0
2025-12-01,801051057,1,428.25
2026-05-01,801051057,98,50476.25
2025-07-01,801051058,1,1700.0
2025-08-01,801051058,2,1151.25
2025-09-01,801051058,7,2885.828
2025-10-01,801051058,1,750.0
2025-11-01,801051058,5,4976.0
2025-12-01,801051058,3,2161.0
2026-04-01,801051058,1,423.75
2026-05-01,801051058,1,600.0
2025-07-01,801051060,3,2800.0
2025-08-01,801051060,3,900.0
2025-10-01,801051060,473,238422.691
2025-11-01,801051060,1,550.0
2025-07-01,801051061,1,488.25
2025-08-01,801051061,2,779.25
2025-10-01,801051061,1,399.75
2025-11-01,801051061,2,357.663
2025-12-01,801051061,1,414.0
2026-01-01,801051061,1,575.0
2026-04-01,801051061,1,414.0
2026-06-01,801051061,1,538.575
2025-07-01,801051124,2,1146.525
2025-08-01,801051124,3,2202.0
2025-11-01,801051124,1,900.0
2025-12-01,801051124,1,520.5
2026-02-01,801051124,1,440.0
2026-03-01,801051124,2,1100.0
2026-04-01,801051124,1,1000.0
2026-05-01,801051124,4,2566.75
2025-07-01,801061062,1,520.965
2025-08-01,801061062,1,636.0
2025-09-01,801061062,2,1365.75
2025-10-01,801061062,1,386.528
2025-12-01,801061062,1,460.823
2026-01-01,801061062,1,900.0
2026-03-01,801061062,1,1200.0
2026-06-01,801061062,3,1899.0
2025-08-01,801061063,1,7100.0
2025-09-01,801061063,1,1026.75
2025-10-01,801061063,1,2500.0
2025-09-01,801061064,1,577.5
2025-10-01,801061064,2,2346.25
2025-12-01,801061064,1,493.5
2026-04-01,801061064,1,900.0
2025-09-01,801061067,4,1652.775
2025-10-01,801061067,1,352.5
2025-12-01,801061067,1,331.0
2026-01-01,801061067,2,773.533
2026-02-01,801061067,2,4100.0
2026-03-01,801061067,5,2100.0
2026-04-01,801061067,1,417.0
2026-06-01,801061067,1,487.365
2025-10-01,801061069,1,1100.0
2025-12-01,801061069,3,2133.753
2026-02-01,801061069,1,900.0
2026-03-01,801061069,3,3611.25
2026-04-01,801061069,1,2000.0
2026-06-01,801061069,3,2232.0
2025-08-01,801061070,1,520.5
2026-03-01,801061070,1,615.0
2026-04-01,801061070,1,650.0
2026-05-01,801061070,3,1730.25
2025-11-01,801071071,1,427.5
2025-08-01,801071074,4,1600.0
2025-09-01,801071074,1,286.0
2026-05-01,801071077,2,447.75
2025-09-01,801071078,1,580.5
2026-05-01,801071078,1,172.8
2025-08-01,801071081,1,129.9
2026-03-01,801071081,1,650.0
2025-07-01,801071082,3,802.5
2025-08-01,801071082,2,827.25
2026-01-01,801071082,1,215.25
2026-02-01,801071082,1,160.0
2026-04-01,801071082,1,446.1
2026-06-01,801071082,4,988.965
2025-07-01,801071084,1,492.75
2025-10-01,801071084,1,225.375
2026-04-01,801071087,1,315.225
2026-05-01,801071087,2,476.25
2026-02-01,801071088,1,125.0
2025-08-01,801071090,2,948.9
2025-09-01,801071090,1,119.985
2025-11-01,801071090,1,183.75
2026-04-01,801071090,1,770.0
2026-05-01,801071090,1,210.276
2026-01-01,801081091,1,425.0
2025-07-01,801081092,6,1688.25
2025-11-01,801081093,1,500.0
2026-03-01,801081093,1,460.0
2026-04-01,801081093,1,300.0
2025-11-01,801081094,2,1000.0
2025-08-01,801081095,1,250.0
2025-09-01,801081095,1,272.25
2025-10-01,801081095,2,543.75
2026-04-01,801081095,1,97.815
2026-06-01,801081095,1,165.0
2025-07-01,801081096,1,429.75
2025-11-01,801081096,3,1339.0
2025-09-01,801081097,2,864.555
2025-12-01,801081097,1,277.756
2026-03-01,801081097,1,595.0
2026-04-01,801081097,1,800.0
2025-07-01,801081098,2,630.33
2025-08-01,801081098,1,187.5
2025-10-01,801081098,1,393.75
2026-01-01,801081098,1,575.0
2026-02-01,801081098,1,225.0
2026-04-01,801081098,1,613.5
2026-06-01,801081098,1,782.25
2025-08-01,801081133,194,70000.0
2025-08-01,801091099,1,386.25
2026-02-01,801091099,2,1200.0
2026-04-01,801091099,3,1903.75
2026-05-01,801091099,3,657.653
2026-06-01,801091099,3,873.45
2025-07-01,801091100,6,3459.5
2025-08-01,801091100,1,431.25
2025-09-01,801091100,2,1350.75
2025-10-01,801091100,2,853.25
2025-11-01,801091100,1,423.467
2025-12-01,801091100,1,522.855
2026-02-01,801091100,1,1100.0
2026-03-01,801091100,3,1719.25
2026-05-01,801091100,2,958.5
2026-06-01,801091100,5,1725.0
2025-09-01,801091101,1,594.0
2026-02-01,801091101,1,480.75
2026-03-01,801091101,2,900.0
2026-04-01,801091101,1,660.0
2025-07-01,801091102,1,483.0
2025-09-01,801091102,4,1458.75
2026-02-01,801091102,1,1100.0
2026-03-01,801091102,1,950.0
2026-05-01,801091102,142,50615.09
2025-09-01,801091103,1,549.0
2025-11-01,801091103,4,1245.0
2025-12-01,801091103,1,469.5
2026-01-01,801091103,2,1400.0
2025-11-01,801091105,1,700.0
2026-01-01,801091105,3,1000.0
2026-02-01,801091105,5,1924.5
2026-05-01,801091105,1,1000.0
2026-06-01,801091105,1,445.5
2025-07-01,801091106,9,3976.0
2025-08-01,801091106,5,3579.75
2025-09-01,801091106,3,1031.55
2025-12-01,801091106,2,723.0
2026-02-01,801091106,2,900.5
2026-03-01,801091106,2,627.0
2026-04-01,801091106,6,2242.865
2026-06-01,801091106,4,1899.7
2025-07-01,801091108,1,465.0
2025-11-01,801091108,4,1316.859
2026-04-01,801091108,1,2000.0
2026-06-01,801091108,1,490.771
2026-06-01,801091109,196,90000.0
2025-07-01,801091110,1,142.673
2025-10-01,801091110,3,1360.0
2025-11-01,801091110,1,900.0
2025-12-01,801091110,1,347.25
2026-03-01,801091110,1,262.5
2026-05-01,801091110,2,1828.638
2026-06-01,801091110,1,564.75
2025-07-01,801101135,93,35000.0
2026-03-01,801101135,1,1300.0
2026-04-01,801101135,1,90.0
2025-07-01,801101136,41,14652.407
2025-08-01,801101136,167,66731.607
2025-09-01,801101136,7,3048.655
2025-10-01,801101136,44,22775.71
2025-11-01,801101136,109,47328.723
2025-12-01,801101136,11,3993.252
2026-01-01,801101136,2,839.213
2026-02-01,801101136,2,813.0
2026-03-01,801101136,6,5610.401
2026-04-01,801101136,44,12508.055
2026-05-01,801101136,2,1200.0
2026-06-01,801101136,4,1859.161
2026-02-01,801101139,1,741.75
2025-07-01,801101146,8,3051.518
2025-08-01,801101146,14,5899.758
2025-09-01,801101146,7,2840.5
2025-10-01,801101146,30,11548.5
2025-11-01,801101146,5,2878.968
2025-12-01,801101146,10,4718.076
2026-01-01,801101146,4,1469.25
2026-02-01,801101146,6,3778.75
2026-03-01,801101146,13,5741.645
2026-04-01,801101146,10,5589.0
2026-05-01,801101146,13,7912.625
2026-06-01,801101146,8,3106.275
2026-03-01,801111140,1,600.0
