sa2_code,sa2,year,median_employee_income
101021007,Braidwood,2019,48662.0
101021007,Braidwood,2020,53497.0
101021007,Braidwood,2021,56469.0
101021007,Braidwood,2022,55072.0
101021007,Braidwood,2023,60220.0
101021008,Karabar,2019,62115.0
101021008,Karabar,2020,63784.0
101021008,Karabar,2021,66768.0
101021008,Karabar,2022,66723.0
101021008,Karabar,2023,71987.0
101021009,Queanbeyan,2019,61820.0
101021009,Queanbeyan,2020,63508.0
101021009,Queanbeyan,2021,65342.0
101021009,Queanbeyan,2022,65725.0
101021009,Queanbeyan,2023,71251.0
101021010,Queanbeyan - East,2019,63237.0
101021010,Queanbeyan - East,2020,65312.0
101021010,Queanbeyan - East,2021,67042.0
101021010,Queanbeyan - East,2022,68513.0
101021010,Queanbeyan - East,2023,72826.0
101021012,Queanbeyan West - Jerrabomberra,2019,72432.0
101021012,Queanbeyan West - Jerrabomberra,2020,75112.0
101021012,Queanbeyan West - Jerrabomberra,2021,77939.0
101021012,Queanbeyan West - Jerrabomberra,2022,79649.0
101021012,Queanbeyan West - Jerrabomberra,2023,83723.0
101021610,Googong,2019,83546.0
101021610,Googong,2020,85135.0
101021610,Googong,2021,86337.0
101021610,Googong,2022,90744.0
101021610,Googong,2023,96532.0
101021611,Queanbeyan Surrounds,2019,69660.0
101021611,Queanbeyan Surrounds,2020,73121.0
101021611,Queanbeyan Surrounds,2021,75641.0
101021611,Queanbeyan Surrounds,2022,77934.0
101021611,Queanbeyan Surrounds,2023,81293.0
101031013,Bombala,2019,46925.0
101031013,Bombala,2020,49038.0
101031013,Bombala,2021,50465.0
101031013,Bombala,2022,50825.0
101031013,Bombala,2023,54085.0
101031014,Cooma,2019,46595.0
101031014,Cooma,2020,48941.0
101031014,Cooma,2021,52358.0
101031014,Cooma,2022,55676.0
101031014,Cooma,2023,60657.0
101031015,Cooma Surrounds,2019,46379.0
101031015,Cooma Surrounds,2020,50909.0
101031015,Cooma Surrounds,2021,53400.0
101031015,Cooma Surrounds,2022,53232.0
101031015,Cooma Surrounds,2023,56956.0
101031016,Jindabyne - Berridale,2019,38043.0
101031016,Jindabyne - Berridale,2020,40998.0
101031016,Jindabyne - Berridale,2021,47747.0
101031016,Jindabyne - Berridale,2022,43554.0
101031016,Jindabyne - Berridale,2023,47689.0
101041017,Batemans Bay,2019,37873.0
101041017,Batemans Bay,2020,39198.0
101041017,Batemans Bay,2021,42019.0
101041017,Batemans Bay,2022,42100.0
101041017,Batemans Bay,2023,46714.0
101041018,Batemans Bay - South,2019,40300.0
101041018,Batemans Bay - South,2020,41735.0
101041018,Batemans Bay - South,2021,44247.0
101041018,Batemans Bay - South,2022,44957.0
101041018,Batemans Bay - South,2023,48743.0
101041019,Bega - Tathra,2019,46259.0
101041019,Bega - Tathra,2020,47893.0
101041019,Bega - Tathra,2021,49050.0
101041019,Bega - Tathra,2022,49792.0
101041019,Bega - Tathra,2023,53040.0
101041020,Bega-Eden Hinterland,2019,39206.0
101041020,Bega-Eden Hinterland,2020,41565.0
101041020,Bega-Eden Hinterland,2021,43207.0
101041020,Bega-Eden Hinterland,2022,43467.0
101041020,Bega-Eden Hinterland,2023,45968.0
101041021,Broulee - Tomakin,2019,43371.0
101041021,Broulee - Tomakin,2020,43686.0
101041021,Broulee - Tomakin,2021,47748.0
101041021,Broulee - Tomakin,2022,47950.0
101041021,Broulee - Tomakin,2023,52177.0
101041022,Deua - Wadbilliga,2019,45210.0
101041022,Deua - Wadbilliga,2020,49358.0
101041022,Deua - Wadbilliga,2021,61439.0
101041022,Deua - Wadbilliga,2022,38463.0
101041022,Deua - Wadbilliga,2023,56983.0
101041023,Eden,2019,40430.0
101041023,Eden,2020,42301.0
101041023,Eden,2021,42201.0
101041023,Eden,2022,42543.0
101041023,Eden,2023,46333.0
101041024,Eurobodalla Hinterland,2019,39047.0
101041024,Eurobodalla Hinterland,2020,40253.0
101041024,Eurobodalla Hinterland,2021,43633.0
101041024,Eurobodalla Hinterland,2022,41053.0
101041024,Eurobodalla Hinterland,2023,47002.0
101041025,Merimbula - Tura Beach,2019,41747.0
101041025,Merimbula - Tura Beach,2020,43682.0
101041025,Merimbula - Tura Beach,2021,46222.0
101041025,Merimbula - Tura Beach,2022,46443.0
101041025,Merimbula - Tura Beach,2023,50214.0
101041026,Moruya - Tuross Head,2019,41153.0
101041026,Moruya - Tuross Head,2020,42297.0
101041026,Moruya - Tuross Head,2021,45230.0
101041026,Moruya - Tuross Head,2022,45438.0
101041026,Moruya - Tuross Head,2023,49375.0
101041027,Narooma - Bermagui,2019,35580.0
101041027,Narooma - Bermagui,2020,35631.0
101041027,Narooma - Bermagui,2021,39007.0
101041027,Narooma - Bermagui,2022,38517.0
101041027,Narooma - Bermagui,2023,41644.0
101051539,Goulburn,2019,50953.0
101051539,Goulburn,2020,52750.0
101051539,Goulburn,2021,55562.0
101051539,Goulburn,2022,57037.0
101051539,Goulburn,2023,60145.0
101051540,Goulburn Surrounds,2019,47608.0
101051540,Goulburn Surrounds,2020,50061.0
101051540,Goulburn Surrounds,2021,52450.0
101051540,Goulburn Surrounds,2022,53583.0
101051540,Goulburn Surrounds,2023,56494.0
101061541,Yass,2019,55479.0
101061541,Yass,2020,57936.0
101061541,Yass,2021,61144.0
101061541,Yass,2022,61671.0
101061541,Yass,2023,66407.0
101061542,Yass Surrounds,2019,62874.0
101061542,Yass Surrounds,2020,65000.0
101061542,Yass Surrounds,2021,69209.0
101061542,Yass Surrounds,2022,70271.0
101061542,Yass Surrounds,2023,73969.0
101061543,Young,2019,42451.0
101061543,Young,2020,45177.0
101061543,Young,2021,47076.0
101061543,Young,2022,47712.0
101061543,Young,2023,50850.0
101061544,Young Surrounds,2019,42313.0
101061544,Young Surrounds,2020,44597.0
101061544,Young Surrounds,2021,46678.0
101061544,Young Surrounds,2022,47500.0
101061544,Young Surrounds,2023,49984.0
102011028,Avoca Beach - Copacabana,2019,50645.0
102011028,Avoca Beach - Copacabana,2020,53495.0
102011028,Avoca Beach - Copacabana,2021,54718.0
102011028,Avoca Beach - Copacabana,2022,55396.0
102011028,Avoca Beach - Copacabana,2023,61121.0
102011029,Box Head - MacMasters Beach,2019,50788.0
102011029,Box Head - MacMasters Beach,2020,52602.0
102011029,Box Head - MacMasters Beach,2021,54903.0
102011029,Box Head - MacMasters Beach,2022,56678.0
102011029,Box Head - MacMasters Beach,2023,60132.0
102011030,Calga - Kulnura,2019,42494.0
102011030,Calga - Kulnura,2020,46250.0
102011030,Calga - Kulnura,2021,51266.0
102011030,Calga - Kulnura,2022,49315.0
102011030,Calga - Kulnura,2023,52828.0
102011031,Erina - Green Point,2019,50642.0
102011031,Erina - Green Point,2020,51579.0
102011031,Erina - Green Point,2021,54224.0
102011031,Erina - Green Point,2022,54955.0
102011031,Erina - Green Point,2023,58972.0
102011032,Gosford - Springfield,2019,52457.0
102011032,Gosford - Springfield,2020,53395.0
102011032,Gosford - Springfield,2021,55179.0
102011032,Gosford - Springfield,2022,55834.0
102011032,Gosford - Springfield,2023,62533.0
102011033,Kariong,2019,54542.0
102011033,Kariong,2020,55976.0
102011033,Kariong,2021,58047.0
102011033,Kariong,2022,58554.0
102011033,Kariong,2023,62986.0
102011034,Kincumber - Picketts Valley,2019,49914.0
102011034,Kincumber - Picketts Valley,2020,52221.0
102011034,Kincumber - Picketts Valley,2021,53537.0
102011034,Kincumber - Picketts Valley,2022,51936.0
102011034,Kincumber - Picketts Valley,2023,56520.0
102011035,Narara,2019,53549.0
102011035,Narara,2020,55681.0
102011035,Narara,2021,57185.0
102011035,Narara,2022,57781.0
102011035,Narara,2023,62489.0
102011036,Niagara Park - Lisarow,2019,52351.0
102011036,Niagara Park - Lisarow,2020,53982.0
102011036,Niagara Park - Lisarow,2021,55435.0
102011036,Niagara Park - Lisarow,2022,56848.0
102011036,Niagara Park - Lisarow,2023,62556.0
102011037,Point Clare - Koolewong,2019,55655.0
102011037,Point Clare - Koolewong,2020,56893.0
102011037,Point Clare - Koolewong,2021,59400.0
102011037,Point Clare - Koolewong,2022,60267.0
102011037,Point Clare - Koolewong,2023,64131.0
102011038,Saratoga - Davistown,2019,50278.0
102011038,Saratoga - Davistown,2020,52379.0
102011038,Saratoga - Davistown,2021,56481.0
102011038,Saratoga - Davistown,2022,56765.0
102011038,Saratoga - Davistown,2023,62027.0
102011039,Terrigal - North Avoca,2019,53803.0
102011039,Terrigal - North Avoca,2020,54589.0
102011039,Terrigal - North Avoca,2021,57601.0
102011039,Terrigal - North Avoca,2022,60122.0
102011039,Terrigal - North Avoca,2023,65746.0
102011040,Umina - Booker Bay - Patonga,2019,49229.0
102011040,Umina - Booker Bay - Patonga,2020,51354.0
102011040,Umina - Booker Bay - Patonga,2021,53110.0
102011040,Umina - Booker Bay - Patonga,2022,53930.0
102011040,Umina - Booker Bay - Patonga,2023,59106.0
102011041,Wamberal - Forresters Beach,2019,51877.0
102011041,Wamberal - Forresters Beach,2020,53276.0
102011041,Wamberal - Forresters Beach,2021,55685.0
102011041,Wamberal - Forresters Beach,2022,57476.0
102011041,Wamberal - Forresters Beach,2023,61555.0
102011042,Woy Woy - Blackwall,2019,50368.0
102011042,Woy Woy - Blackwall,2020,51219.0
102011042,Woy Woy - Blackwall,2021,53573.0
102011042,Woy Woy - Blackwall,2022,54088.0
102011042,Woy Woy - Blackwall,2023,58828.0
102011043,Wyoming,2019,52308.0
102011043,Wyoming,2020,53038.0
102011043,Wyoming,2021,54740.0
102011043,Wyoming,2022,55180.0
102011043,Wyoming,2023,60863.0
102021044,Bateau Bay - Killarney Vale,2019,48683.0
102021044,Bateau Bay - Killarney Vale,2020,50700.0
102021044,Bateau Bay - Killarney Vale,2021,52892.0
102021044,Bateau Bay - Killarney Vale,2022,53502.0
102021044,Bateau Bay - Killarney Vale,2023,58398.0
102021045,Blue Haven - San Remo,2019,47334.0
102021045,Blue Haven - San Remo,2020,49532.0
102021045,Blue Haven - San Remo,2021,50718.0
102021045,Blue Haven - San Remo,2022,50870.0
102021045,Blue Haven - San Remo,2023,56715.0
102021046,Budgewoi - Buff Point - Halekulani,2019,50013.0
102021046,Budgewoi - Buff Point - Halekulani,2020,51091.0
102021046,Budgewoi - Buff Point - Halekulani,2021,52546.0
102021046,Budgewoi - Buff Point - Halekulani,2022,52060.0
102021046,Budgewoi - Buff Point - Halekulani,2023,57239.0
102021047,Chittaway Bay - Tumbi Umbi,2019,50516.0
102021047,Chittaway Bay - Tumbi Umbi,2020,52859.0
102021047,Chittaway Bay - Tumbi Umbi,2021,54556.0
102021047,Chittaway Bay - Tumbi Umbi,2022,54626.0
102021047,Chittaway Bay - Tumbi Umbi,2023,60588.0
102021048,Gorokan - Kanwal - Charmhaven,2019,46825.0
102021048,Gorokan - Kanwal - Charmhaven,2020,48854.0
102021048,Gorokan - Kanwal - Charmhaven,2021,49743.0
102021048,Gorokan - Kanwal - Charmhaven,2022,50156.0
102021048,Gorokan - Kanwal - Charmhaven,2023,56060.0
102021049,Jilliby - Yarramalong,2019,50921.0
102021049,Jilliby - Yarramalong,2020,52759.0
102021049,Jilliby - Yarramalong,2021,55212.0
102021049,Jilliby - Yarramalong,2022,56670.0
102021049,Jilliby - Yarramalong,2023,60000.0
102021050,Lake Munmorah - Mannering Park,2019,47752.0
102021050,Lake Munmorah - Mannering Park,2020,49316.0
102021050,Lake Munmorah - Mannering Park,2021,51418.0
102021050,Lake Munmorah - Mannering Park,2022,51283.0
102021050,Lake Munmorah - Mannering Park,2023,56348.0
102021051,Ourimbah - Fountaindale,2019,53083.0
102021051,Ourimbah - Fountaindale,2020,53452.0
102021051,Ourimbah - Fountaindale,2021,56248.0
102021051,Ourimbah - Fountaindale,2022,55178.0
102021051,Ourimbah - Fountaindale,2023,60784.0
102021052,Summerland Point - Gwandalan,2019,50779.0
102021052,Summerland Point - Gwandalan,2020,50352.0
102021052,Summerland Point - Gwandalan,2021,53878.0
102021052,Summerland Point - Gwandalan,2022,54403.0
102021052,Summerland Point - Gwandalan,2023,58219.0
102021053,The Entrance,2019,52079.0
102021053,The Entrance,2020,53596.0
102021053,The Entrance,2021,54338.0
102021053,The Entrance,2022,52811.0
102021053,The Entrance,2023,54444.0
102021054,Toukley - Norah Head,2019,47168.0
102021054,Toukley - Norah Head,2020,48647.0
102021054,Toukley - Norah Head,2021,50289.0
102021054,Toukley - Norah Head,2022,50178.0
102021054,Toukley - Norah Head,2023,54956.0
102021055,Tuggerah - Kangy Angy,2019,50868.0
102021055,Tuggerah - Kangy Angy,2020,52000.0
102021055,Tuggerah - Kangy Angy,2021,53651.0
102021055,Tuggerah - Kangy Angy,2022,53908.0
102021055,Tuggerah - Kangy Angy,2023,59624.0
102021056,Warnervale - Wadalba,2019,53448.0
102021056,Warnervale - Wadalba,2020,54676.0
102021056,Warnervale - Wadalba,2021,56306.0
102021056,Warnervale - Wadalba,2022,57276.0
102021056,Warnervale - Wadalba,2023,61768.0
102021057,Wyong,2019,46973.0
102021057,Wyong,2020,48277.0
102021057,Wyong,2021,50372.0
102021057,Wyong,2022,50503.0
102021057,Wyong,2023,55857.0
103011059,Bathurst - East,2019,54250.0
103011059,Bathurst - East,2020,55477.0
103011059,Bathurst - East,2021,57886.0
103011059,Bathurst - East,2022,58307.0
103011059,Bathurst - East,2023,62934.0
103011060,Bathurst Surrounds,2019,52676.0
103011060,Bathurst Surrounds,2020,54639.0
103011060,Bathurst Surrounds,2021,56974.0
103011060,Bathurst Surrounds,2022,58180.0
103011060,Bathurst Surrounds,2023,60438.0
103011061,Oberon,2019,51737.0
103011061,Oberon,2020,54506.0
103011061,Oberon,2021,55988.0
103011061,Oberon,2022,55983.0
103011061,Oberon,2023,59542.0
103011612,Bathurst - South,2019,46813.0
103011612,Bathurst - South,2020,49109.0
103011612,Bathurst - South,2021,52762.0
103011612,Bathurst - South,2022,53903.0
103011612,Bathurst - South,2023,57504.0
103011613,Bathurst - West,2019,54171.0
103011613,Bathurst - West,2020,56915.0
103011613,Bathurst - West,2021,59015.0
103011613,Bathurst - West,2022,59928.0
103011613,Bathurst - West,2023,63563.0
103021062,Condobolin,2019,39392.0
103021062,Condobolin,2020,43366.0
103021062,Condobolin,2021,46392.0
103021062,Condobolin,2022,48506.0
103021062,Condobolin,2023,49524.0
103021063,Cowra,2019,42802.0
103021063,Cowra,2020,45517.0
103021063,Cowra,2021,46705.0
103021063,Cowra,2022,47801.0
103021063,Cowra,2023,50761.0
103021064,Cowra Surrounds,2019,41628.0
103021064,Cowra Surrounds,2020,43287.0
103021064,Cowra Surrounds,2021,45718.0
103021064,Cowra Surrounds,2022,45546.0
103021064,Cowra Surrounds,2023,50842.0
103021065,Forbes,2019,45890.0
103021065,Forbes,2020,49060.0
103021065,Forbes,2021,50348.0
103021065,Forbes,2022,53099.0
103021065,Forbes,2023,55722.0
103021066,Grenfell,2019,39469.0
103021066,Grenfell,2020,41331.0
103021066,Grenfell,2021,43765.0
103021066,Grenfell,2022,42977.0
103021066,Grenfell,2023,45294.0
103021067,Parkes (NSW),2019,49745.0
103021067,Parkes (NSW),2020,52365.0
103021067,Parkes (NSW),2021,54935.0
103021067,Parkes (NSW),2022,56701.0
103021067,Parkes (NSW),2023,60697.0
103021068,Parkes Surrounds,2019,40191.0
103021068,Parkes Surrounds,2020,42640.0
103021068,Parkes Surrounds,2021,45783.0
103021068,Parkes Surrounds,2022,45535.0
103021068,Parkes Surrounds,2023,49654.0
103021069,West Wyalong,2019,42880.0
103021069,West Wyalong,2020,45389.0
103021069,West Wyalong,2021,47277.0
103021069,West Wyalong,2022,49416.0
103021069,West Wyalong,2023,52897.0
103031070,Lithgow,2019,50098.0
103031070,Lithgow,2020,52193.0
103031070,Lithgow,2021,53208.0
103031070,Lithgow,2022,53205.0
103031070,Lithgow,2023,56760.0
103031071,Lithgow Surrounds,2019,52000.0
103031071,Lithgow Surrounds,2020,53558.0
103031071,Lithgow Surrounds,2021,55325.0
103031071,Lithgow Surrounds,2022,56468.0
103031071,Lithgow Surrounds,2023,59453.0
103031072,Mudgee,2019,51896.0
103031072,Mudgee,2020,54051.0
103031072,Mudgee,2021,54999.0
103031072,Mudgee,2022,56121.0
103031072,Mudgee,2023,60476.0
103031073,Mudgee Surrounds - East,2019,43703.0
103031073,Mudgee Surrounds - East,2020,44842.0
103031073,Mudgee Surrounds - East,2021,44733.0
103031073,Mudgee Surrounds - East,2022,45451.0
103031073,Mudgee Surrounds - East,2023,50289.0
103031074,Mudgee Surrounds - West,2019,47072.0
103031074,Mudgee Surrounds - West,2020,49985.0
103031074,Mudgee Surrounds - West,2021,52272.0
103031074,Mudgee Surrounds - West,2022,52111.0
103031074,Mudgee Surrounds - West,2023,56163.0
103031075,Wollangambe - Wollemi,2019,
103031075,Wollangambe - Wollemi,2020,
103031075,Wollangambe - Wollemi,2021,
103031075,Wollangambe - Wollemi,2022,
103031075,Wollangambe - Wollemi,2023,
103041076,Blayney,2019,51424.0
103041076,Blayney,2020,52939.0
103041076,Blayney,2021,56507.0
103041076,Blayney,2022,58183.0
103041076,Blayney,2023,60898.0
103041077,Orange,2019,50131.0
103041077,Orange,2020,51578.0
103041077,Orange,2021,53990.0
103041077,Orange,2022,55685.0
103041077,Orange,2023,60047.0
103041078,Orange - North,2019,55380.0
103041078,Orange - North,2020,58282.0
103041078,Orange - North,2021,61044.0
103041078,Orange - North,2022,63144.0
103041078,Orange - North,2023,67005.0
103041079,Orange Surrounds,2019,51639.0
103041079,Orange Surrounds,2020,54210.0
103041079,Orange Surrounds,2021,56165.0
103041079,Orange Surrounds,2022,56869.0
103041079,Orange Surrounds,2023,60262.0
104011080,Grafton,2019,45475.0
104011080,Grafton,2020,46625.0
104011080,Grafton,2021,48114.0
104011080,Grafton,2022,49133.0
104011080,Grafton,2023,52236.0
104011081,Grafton Surrounds,2019,44763.0
104011081,Grafton Surrounds,2020,46084.0
104011081,Grafton Surrounds,2021,46272.0
104011081,Grafton Surrounds,2022,46824.0
104011081,Grafton Surrounds,2023,49899.0
104011082,Maclean - Yamba - Iluka,2019,41437.0
104011082,Maclean - Yamba - Iluka,2020,42410.0
104011082,Maclean - Yamba - Iluka,2021,43683.0
104011082,Maclean - Yamba - Iluka,2022,43353.0
104011082,Maclean - Yamba - Iluka,2023,47745.0
104021083,Bellingen,2019,39398.0
104021083,Bellingen,2020,40038.0
104021083,Bellingen,2021,41471.0
104021083,Bellingen,2022,40820.0
104021083,Bellingen,2023,44999.0
104021084,Coffs Harbour - North,2019,42242.0
104021084,Coffs Harbour - North,2020,43792.0
104021084,Coffs Harbour - North,2021,45686.0
104021084,Coffs Harbour - North,2022,46768.0
104021084,Coffs Harbour - North,2023,51118.0
104021085,Coffs Harbour - South,2019,43499.0
104021085,Coffs Harbour - South,2020,44498.0
104021085,Coffs Harbour - South,2021,46339.0
104021085,Coffs Harbour - South,2022,46356.0
104021085,Coffs Harbour - South,2023,49818.0
104021086,Coramba - Nana Glen - Bucca,2019,46590.0
104021086,Coramba - Nana Glen - Bucca,2020,47257.0
104021086,Coramba - Nana Glen - Bucca,2021,47141.0
104021086,Coramba - Nana Glen - Bucca,2022,48869.0
104021086,Coramba - Nana Glen - Bucca,2023,52709.0
104021087,Dorrigo,2019,36528.0
104021087,Dorrigo,2020,37195.0
104021087,Dorrigo,2021,39221.0
104021087,Dorrigo,2022,41103.0
104021087,Dorrigo,2023,42942.0
104021088,Korora - Emerald Beach,2019,46946.0
104021088,Korora - Emerald Beach,2020,47888.0
104021088,Korora - Emerald Beach,2021,52213.0
104021088,Korora - Emerald Beach,2022,53600.0
104021088,Korora - Emerald Beach,2023,58128.0
104021089,Sawtell - Boambee,2019,45268.0
104021089,Sawtell - Boambee,2020,46480.0
104021089,Sawtell - Boambee,2021,48549.0
104021089,Sawtell - Boambee,2022,49775.0
104021089,Sawtell - Boambee,2023,53000.0
104021090,Urunga,2019,44210.0
104021090,Urunga,2020,45884.0
104021090,Urunga,2021,47424.0
104021090,Urunga,2022,47811.0
104021090,Urunga,2023,53487.0
104021091,Woolgoolga - Arrawarra,2019,34960.0
104021091,Woolgoolga - Arrawarra,2020,35642.0
104021091,Woolgoolga - Arrawarra,2021,42607.0
104021091,Woolgoolga - Arrawarra,2022,45121.0
104021091,Woolgoolga - Arrawarra,2023,47123.0
105011092,Bourke - Brewarrina,2019,47334.0
105011092,Bourke - Brewarrina,2020,51984.0
105011092,Bourke - Brewarrina,2021,52501.0
105011092,Bourke - Brewarrina,2022,54141.0
105011092,Bourke - Brewarrina,2023,52928.0
105011093,Cobar,2019,59580.0
105011093,Cobar,2020,58423.0
105011093,Cobar,2021,61072.0
105011093,Cobar,2022,62509.0
105011093,Cobar,2023,63484.0
105011094,Coonamble,2019,40147.0
105011094,Coonamble,2020,43867.0
105011094,Coonamble,2021,44296.0
105011094,Coonamble,2022,44814.0
105011094,Coonamble,2023,46584.0
105011095,Nyngan - Warren,2019,46740.0
105011095,Nyngan - Warren,2020,50060.0
105011095,Nyngan - Warren,2021,50185.0
105011095,Nyngan - Warren,2022,52678.0
105011095,Nyngan - Warren,2023,54362.0
105011096,Walgett - Lightning Ridge,2019,39526.0
105011096,Walgett - Lightning Ridge,2020,42830.0
105011096,Walgett - Lightning Ridge,2021,43121.0
105011096,Walgett - Lightning Ridge,2022,42389.0
105011096,Walgett - Lightning Ridge,2023,45088.0
105021097,Broken Hill,2019,51347.0
105021097,Broken Hill,2020,55082.0
105021097,Broken Hill,2021,55570.0
105021097,Broken Hill,2022,57031.0
105021097,Broken Hill,2023,61154.0
105021098,Far West,2019,36867.0
105021098,Far West,2020,39806.0
105021098,Far West,2021,42368.0
105021098,Far West,2022,43741.0
105021098,Far West,2023,40794.0
105031099,Coonabarabran,2019,41025.0
105031099,Coonabarabran,2020,42135.0
105031099,Coonabarabran,2021,43527.0
105031099,Coonabarabran,2022,45467.0
105031099,Coonabarabran,2023,47610.0
105031100,Dubbo - East,2019,50472.0
105031100,Dubbo - East,2020,51644.0
105031100,Dubbo - East,2021,54732.0
105031100,Dubbo - East,2022,55846.0
105031100,Dubbo - East,2023,60032.0
105031101,Dubbo - South,2019,52566.0
105031101,Dubbo - South,2020,54986.0
105031101,Dubbo - South,2021,57437.0
105031101,Dubbo - South,2022,59668.0
105031101,Dubbo - South,2023,64032.0
105031102,Dubbo - West,2019,51061.0
105031102,Dubbo - West,2020,53430.0
105031102,Dubbo - West,2021,56097.0
105031102,Dubbo - West,2022,57655.0
105031102,Dubbo - West,2023,61453.0
105031103,Dubbo Surrounds,2019,52797.0
105031103,Dubbo Surrounds,2020,53085.0
105031103,Dubbo Surrounds,2021,56352.0
105031103,Dubbo Surrounds,2022,57714.0
105031103,Dubbo Surrounds,2023,61075.0
105031104,Gilgandra,2019,42677.0
105031104,Gilgandra,2020,44226.0
105031104,Gilgandra,2021,45714.0
105031104,Gilgandra,2022,46795.0
105031104,Gilgandra,2023,48309.0
105031105,Narromine,2019,45584.0
105031105,Narromine,2020,47247.0
105031105,Narromine,2021,49124.0
105031105,Narromine,2022,50974.0
105031105,Narromine,2023,53919.0
105031106,Wellington,2019,45538.0
105031106,Wellington,2020,46823.0
105031106,Wellington,2021,48996.0
105031106,Wellington,2022,49671.0
105031106,Wellington,2023,53214.0
106011107,Branxton - Greta - Pokolbin,2019,56065.0
106011107,Branxton - Greta - Pokolbin,2020,59488.0
106011107,Branxton - Greta - Pokolbin,2021,61493.0
106011107,Branxton - Greta - Pokolbin,2022,62084.0
106011107,Branxton - Greta - Pokolbin,2023,67890.0
106011108,Cessnock,2019,47844.0
106011108,Cessnock,2020,49442.0
106011108,Cessnock,2021,50400.0
106011108,Cessnock,2022,49781.0
106011108,Cessnock,2023,56298.0
106011109,Cessnock Surrounds,2019,50865.0
106011109,Cessnock Surrounds,2020,52944.0
106011109,Cessnock Surrounds,2021,55037.0
106011109,Cessnock Surrounds,2022,55198.0
106011109,Cessnock Surrounds,2023,60701.0
106011110,Dungog,2019,50991.0
106011110,Dungog,2020,52959.0
106011110,Dungog,2021,53983.0
106011110,Dungog,2022,53920.0
106011110,Dungog,2023,59331.0
106011111,Kurri Kurri - Abermain,2019,50588.0
106011111,Kurri Kurri - Abermain,2020,52503.0
106011111,Kurri Kurri - Abermain,2021,54402.0
106011111,Kurri Kurri - Abermain,2022,55534.0
106011111,Kurri Kurri - Abermain,2023,61271.0
106011112,Singleton,2019,59971.0
106011112,Singleton,2020,61164.0
106011112,Singleton,2021,61147.0
106011112,Singleton,2022,62516.0
106011112,Singleton,2023,67043.0
106011113,Singleton Surrounds,2019,58300.0
106011113,Singleton Surrounds,2020,61133.0
106011113,Singleton Surrounds,2021,59228.0
106011113,Singleton Surrounds,2022,59284.0
106011113,Singleton Surrounds,2023,63906.0
106021114,Maitland,2019,54579.0
106021114,Maitland,2020,56668.0
106021114,Maitland,2021,59469.0
106021114,Maitland,2022,59020.0
106021114,Maitland,2023,63669.0
106021116,Maitland - North,2019,60000.0
106021116,Maitland - North,2020,60715.0
106021116,Maitland - North,2021,63027.0
106021116,Maitland - North,2022,64732.0
106021116,Maitland - North,2023,67620.0
106021614,East Maitland - Metford,2019,54237.0
106021614,East Maitland - Metford,2020,55440.0
106021614,East Maitland - Metford,2021,57212.0
106021614,East Maitland - Metford,2022,57426.0
106021614,East Maitland - Metford,2023,63223.0
106021615,Rutherford (North) - Aberglasslyn,2019,55605.0
106021615,Rutherford (North) - Aberglasslyn,2020,57184.0
106021615,Rutherford (North) - Aberglasslyn,2021,58784.0
106021615,Rutherford (North) - Aberglasslyn,2022,59353.0
106021615,Rutherford (North) - Aberglasslyn,2023,64481.0
106021616,Rutherford (South) - Telarah,2019,49848.0
106021616,Rutherford (South) - Telarah,2020,52039.0
106021616,Rutherford (South) - Telarah,2021,53446.0
106021616,Rutherford (South) - Telarah,2022,54445.0
106021616,Rutherford (South) - Telarah,2023,60702.0
106021617,Tenambit - East Maitland,2019,53680.0
106021617,Tenambit - East Maitland,2020,55716.0
106021617,Tenambit - East Maitland,2021,57583.0
106021617,Tenambit - East Maitland,2022,58245.0
106021617,Tenambit - East Maitland,2023,62828.0
106021618,Thornton - Millers Forest,2019,58965.0
106021618,Thornton - Millers Forest,2020,60333.0
106021618,Thornton - Millers Forest,2021,62305.0
106021618,Thornton - Millers Forest,2022,63982.0
106021618,Thornton - Millers Forest,2023,68888.0
106031119,Anna Bay,2019,43701.0
106031119,Anna Bay,2020,45635.0
106031119,Anna Bay,2021,47569.0
106031119,Anna Bay,2022,47761.0
106031119,Anna Bay,2023,52944.0
106031120,Lemon Tree Passage - Tanilba Bay,2019,46011.0
106031120,Lemon Tree Passage - Tanilba Bay,2020,48323.0
106031120,Lemon Tree Passage - Tanilba Bay,2021,49139.0
106031120,Lemon Tree Passage - Tanilba Bay,2022,49524.0
106031120,Lemon Tree Passage - Tanilba Bay,2023,53593.0
106031121,Nelson Bay Peninsula,2019,43603.0
106031121,Nelson Bay Peninsula,2020,44891.0
106031121,Nelson Bay Peninsula,2021,47162.0
106031121,Nelson Bay Peninsula,2022,46524.0
106031121,Nelson Bay Peninsula,2023,51145.0
106031122,Raymond Terrace,2019,49096.0
106031122,Raymond Terrace,2020,50190.0
106031122,Raymond Terrace,2021,50811.0
106031122,Raymond Terrace,2022,52020.0
106031122,Raymond Terrace,2023,57127.0
106031123,Seaham - Woodville,2019,52650.0
106031123,Seaham - Woodville,2020,56317.0
106031123,Seaham - Woodville,2021,57961.0
106031123,Seaham - Woodville,2022,59120.0
106031123,Seaham - Woodville,2023,64011.0
106031124,Tea Gardens - Hawks Nest,2019,40109.0
106031124,Tea Gardens - Hawks Nest,2020,41798.0
106031124,Tea Gardens - Hawks Nest,2021,42736.0
106031124,Tea Gardens - Hawks Nest,2022,43384.0
106031124,Tea Gardens - Hawks Nest,2023,46909.0
106031125,Williamtown - Medowie - Karuah,2019,54830.0
106031125,Williamtown - Medowie - Karuah,2020,54917.0
106031125,Williamtown - Medowie - Karuah,2021,56163.0
106031125,Williamtown - Medowie - Karuah,2022,57528.0
106031125,Williamtown - Medowie - Karuah,2023,62445.0
106041126,Muswellbrook,2019,58016.0
106041126,Muswellbrook,2020,59284.0
106041126,Muswellbrook,2021,59916.0
106041126,Muswellbrook,2022,60241.0
106041126,Muswellbrook,2023,64160.0
106041127,Muswellbrook Surrounds,2019,56580.0
106041127,Muswellbrook Surrounds,2020,57313.0
106041127,Muswellbrook Surrounds,2021,59582.0
106041127,Muswellbrook Surrounds,2022,61229.0
106041127,Muswellbrook Surrounds,2023,63476.0
106041128,Scone,2019,51632.0
106041128,Scone,2020,53008.0
106041128,Scone,2021,55593.0
106041128,Scone,2022,56577.0
106041128,Scone,2023,58089.0
106041129,Scone Surrounds,2019,49865.0
106041129,Scone Surrounds,2020,50929.0
106041129,Scone Surrounds,2021,53274.0
106041129,Scone Surrounds,2022,55605.0
106041129,Scone Surrounds,2023,58093.0
107011131,Dapto - Avondale,2019,52377.0
107011131,Dapto - Avondale,2020,53760.0
107011131,Dapto - Avondale,2021,55350.0
107011131,Dapto - Avondale,2022,55663.0
107011131,Dapto - Avondale,2023,60944.0
107011132,Horsley - Kembla Grange,2019,57722.0
107011132,Horsley - Kembla Grange,2020,59563.0
107011132,Horsley - Kembla Grange,2021,61502.0
107011132,Horsley - Kembla Grange,2022,64354.0
107011132,Horsley - Kembla Grange,2023,68607.0
107011133,Port Kembla Industrial,2019,61460.0
107011133,Port Kembla Industrial,2020,3503.0
107011133,Port Kembla Industrial,2021,
107011133,Port Kembla Industrial,2022,20041.0
107011133,Port Kembla Industrial,2023,11553.0
107011134,Unanderra - Mount Kembla,2019,55626.0
107011134,Unanderra - Mount Kembla,2020,57277.0
107011134,Unanderra - Mount Kembla,2021,59906.0
107011134,Unanderra - Mount Kembla,2022,60909.0
107011134,Unanderra - Mount Kembla,2023,65110.0
107011545,Berkeley - Lake Heights - Cringila,2019,48824.0
107011545,Berkeley - Lake Heights - Cringila,2020,49604.0
107011545,Berkeley - Lake Heights - Cringila,2021,51001.0
107011545,Berkeley - Lake Heights - Cringila,2022,51614.0
107011545,Berkeley - Lake Heights - Cringila,2023,55474.0
107011546,Port Kembla - Warrawong,2019,47934.0
107011546,Port Kembla - Warrawong,2020,49538.0
107011546,Port Kembla - Warrawong,2021,50521.0
107011546,Port Kembla - Warrawong,2022,50810.0
107011546,Port Kembla - Warrawong,2023,56332.0
107011547,Windang - Primbee,2019,52709.0
107011547,Windang - Primbee,2020,52485.0
107011547,Windang - Primbee,2021,55170.0
107011547,Windang - Primbee,2022,55257.0
107011547,Windang - Primbee,2023,61597.0
107021135,Illawarra Catchment Reserve,2019,109891.0
107021135,Illawarra Catchment Reserve,2020,83340.0
107021135,Illawarra Catchment Reserve,2021,
107021135,Illawarra Catchment Reserve,2022,
107021135,Illawarra Catchment Reserve,2023,78967.0
107031136,Albion Park - Macquarie Pass,2019,55398.0
107031136,Albion Park - Macquarie Pass,2020,58044.0
107031136,Albion Park - Macquarie Pass,2021,60086.0
107031136,Albion Park - Macquarie Pass,2022,62253.0
107031136,Albion Park - Macquarie Pass,2023,67213.0
107031137,Albion Park Rail,2019,51523.0
107031137,Albion Park Rail,2020,52734.0
107031137,Albion Park Rail,2021,53328.0
107031137,Albion Park Rail,2022,53838.0
107031137,Albion Park Rail,2023,59534.0
107031138,Kiama,2019,52246.0
107031138,Kiama,2020,53959.0
107031138,Kiama,2021,56581.0
107031138,Kiama,2022,57429.0
107031138,Kiama,2023,61701.0
107031139,Kiama Downs - Minnamurra,2019,54999.0
107031139,Kiama Downs - Minnamurra,2020,57959.0
107031139,Kiama Downs - Minnamurra,2021,60000.0
107031139,Kiama Downs - Minnamurra,2022,61729.0
107031139,Kiama Downs - Minnamurra,2023,64995.0
107031140,Kiama Hinterland - Gerringong,2019,50167.0
107031140,Kiama Hinterland - Gerringong,2020,52133.0
107031140,Kiama Hinterland - Gerringong,2021,54346.0
107031140,Kiama Hinterland - Gerringong,2022,55012.0
107031140,Kiama Hinterland - Gerringong,2023,59092.0
107031141,Shellharbour - Flinders,2019,56117.0
107031141,Shellharbour - Flinders,2020,57261.0
107031141,Shellharbour - Flinders,2021,59649.0
107031141,Shellharbour - Flinders,2022,60886.0
107031141,Shellharbour - Flinders,2023,65329.0
107031142,Shellharbour - Oak Flats,2019,51388.0
107031142,Shellharbour - Oak Flats,2020,53282.0
107031142,Shellharbour - Oak Flats,2021,55049.0
107031142,Shellharbour - Oak Flats,2022,55018.0
107031142,Shellharbour - Oak Flats,2023,59862.0
107031143,Warilla,2019,48646.0
107031143,Warilla,2020,49960.0
107031143,Warilla,2021,51269.0
107031143,Warilla,2022,51310.0
107031143,Warilla,2023,56836.0
107041144,Balgownie - Fairy Meadow,2019,52448.0
107041144,Balgownie - Fairy Meadow,2020,54322.0
107041144,Balgownie - Fairy Meadow,2021,56554.0
107041144,Balgownie - Fairy Meadow,2022,57719.0
107041144,Balgownie - Fairy Meadow,2023,61633.0
107041145,Corrimal - Tarrawanna - Bellambi,2019,54129.0
107041145,Corrimal - Tarrawanna - Bellambi,2020,56590.0
107041145,Corrimal - Tarrawanna - Bellambi,2021,57774.0
107041145,Corrimal - Tarrawanna - Bellambi,2022,59842.0
107041145,Corrimal - Tarrawanna - Bellambi,2023,64100.0
107041146,Figtree - Keiraville,2019,53806.0
107041146,Figtree - Keiraville,2020,54919.0
107041146,Figtree - Keiraville,2021,57589.0
107041146,Figtree - Keiraville,2022,57927.0
107041146,Figtree - Keiraville,2023,61704.0
107041147,Helensburgh,2019,61366.0
107041147,Helensburgh,2020,62109.0
107041147,Helensburgh,2021,63717.0
107041147,Helensburgh,2022,66347.0
107041147,Helensburgh,2023,69348.0
107041148,Thirroul - Austinmer - Coalcliff,2019,61980.0
107041148,Thirroul - Austinmer - Coalcliff,2020,64949.0
107041148,Thirroul - Austinmer - Coalcliff,2021,68384.0
107041148,Thirroul - Austinmer - Coalcliff,2022,68076.0
107041148,Thirroul - Austinmer - Coalcliff,2023,71279.0
107041150,Woonona - Bulli - Russell Vale,2019,60000.0
107041150,Woonona - Bulli - Russell Vale,2020,62334.0
107041150,Woonona - Bulli - Russell Vale,2021,64814.0
107041150,Woonona - Bulli - Russell Vale,2022,66187.0
107041150,Woonona - Bulli - Russell Vale,2023,69264.0
107041548,Wollongong - East,2019,52278.0
107041548,Wollongong - East,2020,52661.0
107041548,Wollongong - East,2021,56190.0
107041548,Wollongong - East,2022,58292.0
107041548,Wollongong - East,2023,63395.0
107041549,Wollongong - West,2019,48375.0
107041549,Wollongong - West,2020,49030.0
107041549,Wollongong - West,2021,52821.0
107041549,Wollongong - West,2022,53395.0
107041549,Wollongong - West,2023,58778.0
108011151,Bulahdelah - Stroud,2019,43212.0
108011151,Bulahdelah - Stroud,2020,45585.0
108011151,Bulahdelah - Stroud,2021,46266.0
108011151,Bulahdelah - Stroud,2022,47448.0
108011151,Bulahdelah - Stroud,2023,49307.0
108011152,Forster,2019,39732.0
108011152,Forster,2020,41769.0
108011152,Forster,2021,43095.0
108011152,Forster,2022,43734.0
108011152,Forster,2023,46552.0
108011153,Forster-Tuncurry Surrounds,2019,39020.0
108011153,Forster-Tuncurry Surrounds,2020,38537.0
108011153,Forster-Tuncurry Surrounds,2021,41300.0
108011153,Forster-Tuncurry Surrounds,2022,42494.0
108011153,Forster-Tuncurry Surrounds,2023,46155.0
108011154,Tuncurry,2019,37425.0
108011154,Tuncurry,2020,39738.0
108011154,Tuncurry,2021,41201.0
108011154,Tuncurry,2022,42171.0
108011154,Tuncurry,2023,45722.0
108021155,Kempsey,2019,41651.0
108021155,Kempsey,2020,44208.0
108021155,Kempsey,2021,45108.0
108021155,Kempsey,2022,46063.0
108021155,Kempsey,2023,49112.0
108021156,Kempsey Surrounds,2019,41873.0
108021156,Kempsey Surrounds,2020,42446.0
108021156,Kempsey Surrounds,2021,44109.0
108021156,Kempsey Surrounds,2022,44822.0
108021156,Kempsey Surrounds,2023,47340.0
108021157,Macksville - Scotts Head,2019,40913.0
108021157,Macksville - Scotts Head,2020,43328.0
108021157,Macksville - Scotts Head,2021,44796.0
108021157,Macksville - Scotts Head,2022,45413.0
108021157,Macksville - Scotts Head,2023,48036.0
108021158,Nambucca Heads,2019,36961.0
108021158,Nambucca Heads,2020,39504.0
108021158,Nambucca Heads,2021,40589.0
108021158,Nambucca Heads,2022,41112.0
108021158,Nambucca Heads,2023,45152.0
108021159,Nambucca Heads Surrounds,2019,40817.0
108021159,Nambucca Heads Surrounds,2020,41743.0
108021159,Nambucca Heads Surrounds,2021,42978.0
108021159,Nambucca Heads Surrounds,2022,43905.0
108021159,Nambucca Heads Surrounds,2023,47860.0
108021160,South West Rocks,2019,41132.0
108021160,South West Rocks,2020,43187.0
108021160,South West Rocks,2021,44612.0
108021160,South West Rocks,2022,44200.0
108021160,South West Rocks,2023,50112.0
108031161,Lord Howe Island,2019,45692.0
108031161,Lord Howe Island,2020,42006.0
108031161,Lord Howe Island,2021,
108031161,Lord Howe Island,2022,48858.0
108031161,Lord Howe Island,2023,48720.0
108041162,Laurieton - Bonny Hills,2019,42525.0
108041162,Laurieton - Bonny Hills,2020,44519.0
108041162,Laurieton - Bonny Hills,2021,45957.0
108041162,Laurieton - Bonny Hills,2022,46779.0
108041162,Laurieton - Bonny Hills,2023,49786.0
108041164,Port Macquarie - West,2019,43992.0
108041164,Port Macquarie - West,2020,46027.0
108041164,Port Macquarie - West,2021,48595.0
108041164,Port Macquarie - West,2022,49820.0
108041164,Port Macquarie - West,2023,53511.0
108041165,Port Macquarie Surrounds,2019,43760.0
108041165,Port Macquarie Surrounds,2020,44136.0
108041165,Port Macquarie Surrounds,2021,45591.0
108041165,Port Macquarie Surrounds,2022,46696.0
108041165,Port Macquarie Surrounds,2023,50497.0
108041166,Wauchope,2019,45151.0
108041166,Wauchope,2020,46346.0
108041166,Wauchope,2021,47140.0
108041166,Wauchope,2022,48090.0
108041166,Wauchope,2023,52007.0
108041619,Port Macquarie - East,2019,46078.0
108041619,Port Macquarie - East,2020,47642.0
108041619,Port Macquarie - East,2021,49629.0
108041619,Port Macquarie - East,2022,50001.0
108041619,Port Macquarie - East,2023,55041.0
108041620,Port Macquarie - South,2019,47747.0
108041620,Port Macquarie - South,2020,49496.0
108041620,Port Macquarie - South,2021,51459.0
108041620,Port Macquarie - South,2022,52213.0
108041620,Port Macquarie - South,2023,55358.0
108051167,Gloucester,2019,42545.0
108051167,Gloucester,2020,44783.0
108051167,Gloucester,2021,45319.0
108051167,Gloucester,2022,45489.0
108051167,Gloucester,2023,48355.0
108051168,Old Bar - Manning Point - Red Head,2019,44125.0
108051168,Old Bar - Manning Point - Red Head,2020,46729.0
108051168,Old Bar - Manning Point - Red Head,2021,50402.0
108051168,Old Bar - Manning Point - Red Head,2022,50705.0
108051168,Old Bar - Manning Point - Red Head,2023,54237.0
108051169,Taree,2019,42318.0
108051169,Taree,2020,44162.0
108051169,Taree,2021,45608.0
108051169,Taree,2022,46603.0
108051169,Taree,2023,49987.0
108051170,Taree Surrounds,2019,41943.0
108051170,Taree Surrounds,2020,44011.0
108051170,Taree Surrounds,2021,44622.0
108051170,Taree Surrounds,2022,45449.0
108051170,Taree Surrounds,2023,48683.0
108051171,Wingham,2019,45988.0
108051171,Wingham,2020,46282.0
108051171,Wingham,2021,46392.0
108051171,Wingham,2022,47451.0
108051171,Wingham,2023,51107.0
109011172,Albury - East,2019,53898.0
109011172,Albury - East,2020,55532.0
109011172,Albury - East,2021,57945.0
109011172,Albury - East,2022,59678.0
109011172,Albury - East,2023,63976.0
109011173,Albury - North,2019,47721.0
109011173,Albury - North,2020,49665.0
109011173,Albury - North,2021,50929.0
109011173,Albury - North,2022,51974.0
109011173,Albury - North,2023,55955.0
109011174,Albury - South,2019,50160.0
109011174,Albury - South,2020,50304.0
109011174,Albury - South,2021,53816.0
109011174,Albury - South,2022,54980.0
109011174,Albury - South,2023,58970.0
109011175,Albury Surrounds,2019,45630.0
109011175,Albury Surrounds,2020,48027.0
109011175,Albury Surrounds,2021,49865.0
109011175,Albury Surrounds,2022,51861.0
109011175,Albury Surrounds,2023,55313.0
109011176,Lavington,2019,44793.0
109011176,Lavington,2020,46404.0
109011176,Lavington,2021,47770.0
109011176,Lavington,2022,50036.0
109011176,Lavington,2023,53843.0
109021177,Hay,2019,41860.0
109021177,Hay,2020,44918.0
109021177,Hay,2021,46416.0
109021177,Hay,2022,47235.0
109021177,Hay,2023,50354.0
109021178,Wentworth - Buronga,2019,39192.0
109021178,Wentworth - Buronga,2020,29566.0
109021178,Wentworth - Buronga,2021,43843.0
109021178,Wentworth - Buronga,2022,47045.0
109021178,Wentworth - Buronga,2023,40790.0
109021179,Wentworth-Balranald Region,2019,39351.0
109021179,Wentworth-Balranald Region,2020,39729.0
109021179,Wentworth-Balranald Region,2021,46078.0
109021179,Wentworth-Balranald Region,2022,44126.0
109021179,Wentworth-Balranald Region,2023,43770.0
109031180,Corowa,2019,47127.0
109031180,Corowa,2020,48264.0
109031180,Corowa,2021,50159.0
109031180,Corowa,2022,51612.0
109031180,Corowa,2023,52642.0
109031181,Corowa Surrounds,2019,45206.0
109031181,Corowa Surrounds,2020,48382.0
109031181,Corowa Surrounds,2021,47916.0
109031181,Corowa Surrounds,2022,49232.0
109031181,Corowa Surrounds,2023,51467.0
109031182,Deniliquin,2019,45923.0
109031182,Deniliquin,2020,47742.0
109031182,Deniliquin,2021,50006.0
109031182,Deniliquin,2022,50000.0
109031182,Deniliquin,2023,53000.0
109031183,Deniliquin Surrounds,2019,39240.0
109031183,Deniliquin Surrounds,2020,40189.0
109031183,Deniliquin Surrounds,2021,43412.0
109031183,Deniliquin Surrounds,2022,44369.0
109031183,Deniliquin Surrounds,2023,44990.0
109031184,Moama,2019,46276.0
109031184,Moama,2020,47268.0
109031184,Moama,2021,49841.0
109031184,Moama,2022,51243.0
109031184,Moama,2023,55524.0
109031185,Tocumwal - Finley - Jerilderie,2019,41985.0
109031185,Tocumwal - Finley - Jerilderie,2020,43160.0
109031185,Tocumwal - Finley - Jerilderie,2021,45715.0
109031185,Tocumwal - Finley - Jerilderie,2022,46780.0
109031185,Tocumwal - Finley - Jerilderie,2023,46904.0
110011186,Armidale,2019,45945.0
110011186,Armidale,2020,47554.0
110011186,Armidale,2021,50601.0
110011186,Armidale,2022,51083.0
110011186,Armidale,2023,54859.0
110011187,Armidale Surrounds - North,2019,33163.0
110011187,Armidale Surrounds - North,2020,34135.0
110011187,Armidale Surrounds - North,2021,43542.0
110011187,Armidale Surrounds - North,2022,46528.0
110011187,Armidale Surrounds - North,2023,44151.0
110011188,Armidale Surrounds - South,2019,46462.0
110011188,Armidale Surrounds - South,2020,48623.0
110011188,Armidale Surrounds - South,2021,51043.0
110011188,Armidale Surrounds - South,2022,50943.0
110011188,Armidale Surrounds - South,2023,54807.0
110011189,Walcha,2019,40761.0
110011189,Walcha,2020,44503.0
110011189,Walcha,2021,45012.0
110011189,Walcha,2022,44804.0
110011189,Walcha,2023,48278.0
110021190,Glen Innes,2019,37800.0
110021190,Glen Innes,2020,40373.0
110021190,Glen Innes,2021,41680.0
110021190,Glen Innes,2022,42016.0
110021190,Glen Innes,2023,45696.0
110021191,Inverell,2019,44689.0
110021191,Inverell,2020,47695.0
110021191,Inverell,2021,48774.0
110021191,Inverell,2022,49490.0
110021191,Inverell,2023,52232.0
110021192,Inverell Surrounds - East,2019,40389.0
110021192,Inverell Surrounds - East,2020,42310.0
110021192,Inverell Surrounds - East,2021,44843.0
110021192,Inverell Surrounds - East,2022,46713.0
110021192,Inverell Surrounds - East,2023,47410.0
110021193,Inverell Surrounds - West,2019,42480.0
110021193,Inverell Surrounds - West,2020,44310.0
110021193,Inverell Surrounds - West,2021,45152.0
110021193,Inverell Surrounds - West,2022,44711.0
110021193,Inverell Surrounds - West,2023,49413.0
110021194,Tenterfield,2019,34754.0
110021194,Tenterfield,2020,36000.0
110021194,Tenterfield,2021,40489.0
110021194,Tenterfield,2022,38740.0
110021194,Tenterfield,2023,41099.0
110031195,Moree,2019,49632.0
110031195,Moree,2020,51167.0
110031195,Moree,2021,52891.0
110031195,Moree,2022,55941.0
110031195,Moree,2023,58217.0
110031196,Moree Surrounds,2019,44480.0
110031196,Moree Surrounds,2020,44176.0
110031196,Moree Surrounds,2021,48049.0
110031196,Moree Surrounds,2022,50769.0
110031196,Moree Surrounds,2023,52339.0
110031197,Narrabri,2019,50993.0
110031197,Narrabri,2020,52078.0
110031197,Narrabri,2021,54725.0
110031197,Narrabri,2022,57171.0
110031197,Narrabri,2023,60734.0
110031198,Narrabri Surrounds,2019,46665.0
110031198,Narrabri Surrounds,2020,49237.0
110031198,Narrabri Surrounds,2021,49987.0
110031198,Narrabri Surrounds,2022,51050.0
110031198,Narrabri Surrounds,2023,55178.0
110041199,Gunnedah,2019,52862.0
110041199,Gunnedah,2020,56169.0
110041199,Gunnedah,2021,57696.0
110041199,Gunnedah,2022,58534.0
110041199,Gunnedah,2023,62922.0
110041200,Gunnedah Surrounds,2019,47871.0
110041200,Gunnedah Surrounds,2020,51026.0
110041200,Gunnedah Surrounds,2021,53005.0
110041200,Gunnedah Surrounds,2022,54895.0
110041200,Gunnedah Surrounds,2023,59101.0
110041201,Quirindi,2019,44852.0
110041201,Quirindi,2020,46257.0
110041201,Quirindi,2021,48860.0
110041201,Quirindi,2022,49827.0
110041201,Quirindi,2023,54037.0
110041202,Tamworth - East,2019,48771.0
110041202,Tamworth - East,2020,51105.0
110041202,Tamworth - East,2021,53013.0
110041202,Tamworth - East,2022,54068.0
110041202,Tamworth - East,2023,57169.0
110041203,Tamworth - North,2019,52011.0
110041203,Tamworth - North,2020,54475.0
110041203,Tamworth - North,2021,57124.0
110041203,Tamworth - North,2022,58458.0
110041203,Tamworth - North,2023,61306.0
110041204,Tamworth - West,2019,44039.0
110041204,Tamworth - West,2020,46002.0
110041204,Tamworth - West,2021,46721.0
110041204,Tamworth - West,2022,47701.0
110041204,Tamworth - West,2023,51910.0
110041205,Tamworth Surrounds,2019,49544.0
110041205,Tamworth Surrounds,2020,51812.0
110041205,Tamworth Surrounds,2021,52951.0
110041205,Tamworth Surrounds,2022,54883.0
110041205,Tamworth Surrounds,2023,58233.0
111011206,Belmont - Bennetts Green,2019,52000.0
111011206,Belmont - Bennetts Green,2020,54564.0
111011206,Belmont - Bennetts Green,2021,57377.0
111011206,Belmont - Bennetts Green,2022,57858.0
111011206,Belmont - Bennetts Green,2023,62312.0
111011207,Belmont South - Blacksmiths,2019,50087.0
111011207,Belmont South - Blacksmiths,2020,51680.0
111011207,Belmont South - Blacksmiths,2021,53794.0
111011207,Belmont South - Blacksmiths,2022,53904.0
111011207,Belmont South - Blacksmiths,2023,59319.0
111011208,Charlestown - Dudley,2019,55434.0
111011208,Charlestown - Dudley,2020,57318.0
111011208,Charlestown - Dudley,2021,60054.0
111011208,Charlestown - Dudley,2022,61657.0
111011208,Charlestown - Dudley,2023,65563.0
111011209,Glendale - Cardiff - Hillsborough,2019,55325.0
111011209,Glendale - Cardiff - Hillsborough,2020,57795.0
111011209,Glendale - Cardiff - Hillsborough,2021,60080.0
111011209,Glendale - Cardiff - Hillsborough,2022,60939.0
111011209,Glendale - Cardiff - Hillsborough,2023,65305.0
111011210,Mount Hutton - Windale,2019,49261.0
111011210,Mount Hutton - Windale,2020,51397.0
111011210,Mount Hutton - Windale,2021,52066.0
111011210,Mount Hutton - Windale,2022,52622.0
111011210,Mount Hutton - Windale,2023,57136.0
111011211,Redhead,2019,53595.0
111011211,Redhead,2020,56130.0
111011211,Redhead,2021,59797.0
111011211,Redhead,2022,57952.0
111011211,Redhead,2023,64967.0
111011212,Swansea - Caves Beach,2019,51594.0
111011212,Swansea - Caves Beach,2020,54292.0
111011212,Swansea - Caves Beach,2021,57720.0
111011212,Swansea - Caves Beach,2022,57238.0
111011212,Swansea - Caves Beach,2023,61657.0
111011213,Valentine - Eleebana,2019,56759.0
111011213,Valentine - Eleebana,2020,59892.0
111011213,Valentine - Eleebana,2021,63403.0
111011213,Valentine - Eleebana,2022,63145.0
111011213,Valentine - Eleebana,2023,67167.0
111011214,Warners Bay - Boolaroo,2019,55955.0
111011214,Warners Bay - Boolaroo,2020,58313.0
111011214,Warners Bay - Boolaroo,2021,59739.0
111011214,Warners Bay - Boolaroo,2022,61603.0
111011214,Warners Bay - Boolaroo,2023,65845.0
111021215,Bolton Point - Teralba,2019,50895.0
111021215,Bolton Point - Teralba,2020,52864.0
111021215,Bolton Point - Teralba,2021,55270.0
111021215,Bolton Point - Teralba,2022,56341.0
111021215,Bolton Point - Teralba,2023,61475.0
111021216,Bonnells Bay - Silverwater,2019,50647.0
111021216,Bonnells Bay - Silverwater,2020,52047.0
111021216,Bonnells Bay - Silverwater,2021,54080.0
111021216,Bonnells Bay - Silverwater,2022,54464.0
111021216,Bonnells Bay - Silverwater,2023,58677.0
111021217,Edgeworth - Cameron Park,2019,56377.0
111021217,Edgeworth - Cameron Park,2020,57288.0
111021217,Edgeworth - Cameron Park,2021,60150.0
111021217,Edgeworth - Cameron Park,2022,62069.0
111021217,Edgeworth - Cameron Park,2023,67072.0
111021218,Morisset - Cooranbong,2019,45543.0
111021218,Morisset - Cooranbong,2020,47771.0
111021218,Morisset - Cooranbong,2021,49904.0
111021218,Morisset - Cooranbong,2022,50435.0
111021218,Morisset - Cooranbong,2023,56631.0
111021219,Toronto - Awaba,2019,49784.0
111021219,Toronto - Awaba,2020,51527.0
111021219,Toronto - Awaba,2021,53418.0
111021219,Toronto - Awaba,2022,53765.0
111021219,Toronto - Awaba,2023,59107.0
111021220,Wangi Wangi - Rathmines,2019,53263.0
111021220,Wangi Wangi - Rathmines,2020,54648.0
111021220,Wangi Wangi - Rathmines,2021,56585.0
111021220,Wangi Wangi - Rathmines,2022,56418.0
111021220,Wangi Wangi - Rathmines,2023,60891.0
111021221,West Wallsend - Barnsley - Killingworth,2019,53258.0
111021221,West Wallsend - Barnsley - Killingworth,2020,55840.0
111021221,West Wallsend - Barnsley - Killingworth,2021,57559.0
111021221,West Wallsend - Barnsley - Killingworth,2022,59069.0
111021221,West Wallsend - Barnsley - Killingworth,2023,63587.0
111031222,Adamstown - Kotara,2019,58718.0
111031222,Adamstown - Kotara,2020,59333.0
111031222,Adamstown - Kotara,2021,62904.0
111031222,Adamstown - Kotara,2022,64381.0
111031222,Adamstown - Kotara,2023,69801.0
111031223,Beresfield - Hexham,2019,48216.0
111031223,Beresfield - Hexham,2020,51219.0
111031223,Beresfield - Hexham,2021,52952.0
111031223,Beresfield - Hexham,2022,53026.0
111031223,Beresfield - Hexham,2023,58476.0
111031224,Hamilton - Broadmeadow,2019,53713.0
111031224,Hamilton - Broadmeadow,2020,55444.0
111031224,Hamilton - Broadmeadow,2021,60052.0
111031224,Hamilton - Broadmeadow,2022,61124.0
111031224,Hamilton - Broadmeadow,2023,65383.0
111031225,Lambton - New Lambton,2019,58127.0
111031225,Lambton - New Lambton,2020,58931.0
111031225,Lambton - New Lambton,2021,61286.0
111031225,Lambton - New Lambton,2022,62969.0
111031225,Lambton - New Lambton,2023,67059.0
111031226,Maryland - Fletcher - Minmi,2019,56482.0
111031226,Maryland - Fletcher - Minmi,2020,57663.0
111031226,Maryland - Fletcher - Minmi,2021,59926.0
111031226,Maryland - Fletcher - Minmi,2022,61491.0
111031226,Maryland - Fletcher - Minmi,2023,65733.0
111031227,Mayfield - Warabrook,2019,53108.0
111031227,Mayfield - Warabrook,2020,55289.0
111031227,Mayfield - Warabrook,2021,58457.0
111031227,Mayfield - Warabrook,2022,59082.0
111031227,Mayfield - Warabrook,2023,65300.0
111031228,Merewether - The Junction,2019,59314.0
111031228,Merewether - The Junction,2020,60540.0
111031228,Merewether - The Junction,2021,63624.0
111031228,Merewether - The Junction,2022,64841.0
111031228,Merewether - The Junction,2023,68223.0
111031229,Newcastle - Cooks Hill,2019,58013.0
111031229,Newcastle - Cooks Hill,2020,59547.0
111031229,Newcastle - Cooks Hill,2021,63506.0
111031229,Newcastle - Cooks Hill,2022,64292.0
111031229,Newcastle - Cooks Hill,2023,68657.0
111031230,Newcastle Port - Kooragang,2019,31291.0
111031230,Newcastle Port - Kooragang,2020,47694.0
111031230,Newcastle Port - Kooragang,2021,39000.0
111031230,Newcastle Port - Kooragang,2022,69020.0
111031230,Newcastle Port - Kooragang,2023,73738.0
111031231,Shortland - Jesmond,2019,36672.0
111031231,Shortland - Jesmond,2020,37768.0
111031231,Shortland - Jesmond,2021,43181.0
111031231,Shortland - Jesmond,2022,43079.0
111031231,Shortland - Jesmond,2023,48137.0
111031232,Stockton - Fullerton Cove,2019,58154.0
111031232,Stockton - Fullerton Cove,2020,60129.0
111031232,Stockton - Fullerton Cove,2021,62057.0
111031232,Stockton - Fullerton Cove,2022,64039.0
111031232,Stockton - Fullerton Cove,2023,68173.0
111031233,Wallsend - Elermore Vale,2019,53133.0
111031233,Wallsend - Elermore Vale,2020,54571.0
111031233,Wallsend - Elermore Vale,2021,56333.0
111031233,Wallsend - Elermore Vale,2022,57409.0
111031233,Wallsend - Elermore Vale,2023,62231.0
111031234,Waratah - North Lambton,2019,53259.0
111031234,Waratah - North Lambton,2020,54968.0
111031234,Waratah - North Lambton,2021,57371.0
111031234,Waratah - North Lambton,2022,57942.0
111031234,Waratah - North Lambton,2023,63805.0
111031235,Wickham - Carrington - Tighes Hill,2019,56710.0
111031235,Wickham - Carrington - Tighes Hill,2020,58935.0
111031235,Wickham - Carrington - Tighes Hill,2021,60782.0
111031235,Wickham - Carrington - Tighes Hill,2022,62037.0
111031235,Wickham - Carrington - Tighes Hill,2023,68083.0
112011236,Ballina,2019,43930.0
112011236,Ballina,2020,45097.0
112011236,Ballina,2021,46375.0
112011236,Ballina,2022,46655.0
112011236,Ballina,2023,51631.0
112011237,Ballina Surrounds,2019,44003.0
112011237,Ballina Surrounds,2020,45730.0
112011237,Ballina Surrounds,2021,47891.0
112011237,Ballina Surrounds,2022,48962.0
112011237,Ballina Surrounds,2023,52632.0
112011238,Bangalow,2019,36400.0
112011238,Bangalow,2020,36145.0
112011238,Bangalow,2021,42655.0
112011238,Bangalow,2022,41978.0
112011238,Bangalow,2023,42579.0
112011239,Brunswick Heads - Ocean Shores,2019,37498.0
112011239,Brunswick Heads - Ocean Shores,2020,38378.0
112011239,Brunswick Heads - Ocean Shores,2021,41067.0
112011239,Brunswick Heads - Ocean Shores,2022,40826.0
112011239,Brunswick Heads - Ocean Shores,2023,44793.0
112011240,Byron Bay,2019,26844.0
112011240,Byron Bay,2020,28159.0
112011240,Byron Bay,2021,38886.0
112011240,Byron Bay,2022,37262.0
112011240,Byron Bay,2023,36598.0
112011241,Evans Head,2019,44820.0
112011241,Evans Head,2020,46137.0
112011241,Evans Head,2021,46667.0
112011241,Evans Head,2022,46800.0
112011241,Evans Head,2023,50152.0
112011242,Lennox Head - Skennars Head,2019,45327.0
112011242,Lennox Head - Skennars Head,2020,45218.0
112011242,Lennox Head - Skennars Head,2021,49421.0
112011242,Lennox Head - Skennars Head,2022,48722.0
112011242,Lennox Head - Skennars Head,2023,55349.0
112011243,Mullumbimby,2019,31022.0
112011243,Mullumbimby,2020,32050.0
112011243,Mullumbimby,2021,33638.0
112011243,Mullumbimby,2022,33394.0
112011243,Mullumbimby,2023,36017.0
112021244,Casino,2019,45653.0
112021244,Casino,2020,47250.0
112021244,Casino,2021,46928.0
112021244,Casino,2022,47526.0
112021244,Casino,2023,50418.0
112021245,Casino Surrounds,2019,43671.0
112021245,Casino Surrounds,2020,45139.0
112021245,Casino Surrounds,2021,45344.0
112021245,Casino Surrounds,2022,45485.0
112021245,Casino Surrounds,2023,48371.0
112021246,Goonellabah,2019,46981.0
112021246,Goonellabah,2020,48196.0
112021246,Goonellabah,2021,50596.0
112021246,Goonellabah,2022,50360.0
112021246,Goonellabah,2023,55025.0
112021247,Kyogle,2019,42262.0
112021247,Kyogle,2020,44598.0
112021247,Kyogle,2021,44479.0
112021247,Kyogle,2022,43976.0
112021247,Kyogle,2023,47376.0
112021248,Lismore,2019,43037.0
112021248,Lismore,2020,45505.0
112021248,Lismore,2021,47035.0
112021248,Lismore,2022,46216.0
112021248,Lismore,2023,51443.0
112021249,Lismore Surrounds,2019,44136.0
112021249,Lismore Surrounds,2020,45455.0
112021249,Lismore Surrounds,2021,47052.0
112021249,Lismore Surrounds,2022,45722.0
112021249,Lismore Surrounds,2023,49326.0
112031250,Kingscliff - Fingal Head,2019,46076.0
112031250,Kingscliff - Fingal Head,2020,47652.0
112031250,Kingscliff - Fingal Head,2021,48744.0
112031250,Kingscliff - Fingal Head,2022,49366.0
112031250,Kingscliff - Fingal Head,2023,53738.0
112031251,Murwillumbah,2019,43074.0
112031251,Murwillumbah,2020,44321.0
112031251,Murwillumbah,2021,45488.0
112031251,Murwillumbah,2022,44999.0
112031251,Murwillumbah,2023,49262.0
112031252,Murwillumbah Surrounds,2019,40475.0
112031252,Murwillumbah Surrounds,2020,40875.0
112031252,Murwillumbah Surrounds,2021,42640.0
112031252,Murwillumbah Surrounds,2022,41145.0
112031252,Murwillumbah Surrounds,2023,45221.0
112031253,Pottsville,2019,43982.0
112031253,Pottsville,2020,44591.0
112031253,Pottsville,2021,46821.0
112031253,Pottsville,2022,46485.0
112031253,Pottsville,2023,51762.0
112031254,Tweed Heads,2019,43399.0
112031254,Tweed Heads,2020,44184.0
112031254,Tweed Heads,2021,46146.0
112031254,Tweed Heads,2022,47659.0
112031254,Tweed Heads,2023,52248.0
112031550,Banora Point,2019,45546.0
112031550,Banora Point,2020,46989.0
112031550,Banora Point,2021,48714.0
112031550,Banora Point,2022,49411.0
112031550,Banora Point,2023,53697.0
112031551,Terranora - North Tumbulgum,2019,47621.0
112031551,Terranora - North Tumbulgum,2020,48728.0
112031551,Terranora - North Tumbulgum,2021,51730.0
112031551,Terranora - North Tumbulgum,2022,52680.0
112031551,Terranora - North Tumbulgum,2023,57721.0
112031552,Tweed Heads South,2019,41778.0
112031552,Tweed Heads South,2020,42083.0
112031552,Tweed Heads South,2021,44186.0
112031552,Tweed Heads South,2022,45382.0
112031552,Tweed Heads South,2023,50032.0
113011256,Griffith (NSW),2019,45766.0
113011256,Griffith (NSW),2020,46960.0
113011256,Griffith (NSW),2021,51538.0
113011256,Griffith (NSW),2022,52954.0
113011256,Griffith (NSW),2023,55777.0
113011257,Griffith Surrounds,2019,44000.0
113011257,Griffith Surrounds,2020,46141.0
113011257,Griffith Surrounds,2021,49686.0
113011257,Griffith Surrounds,2022,51606.0
113011257,Griffith Surrounds,2023,54045.0
113011258,Leeton,2019,48424.0
113011258,Leeton,2020,49930.0
113011258,Leeton,2021,51742.0
113011258,Leeton,2022,52776.0
113011258,Leeton,2023,55886.0
113011259,Narrandera,2019,46493.0
113011259,Narrandera,2020,47725.0
113011259,Narrandera,2021,48314.0
113011259,Narrandera,2022,49351.0
113011259,Narrandera,2023,51395.0
113021260,Tumbarumba,2019,44657.0
113021260,Tumbarumba,2020,47678.0
113021260,Tumbarumba,2021,50000.0
113021260,Tumbarumba,2022,50429.0
113021260,Tumbarumba,2023,52483.0
113021261,Tumut,2019,51074.0
113021261,Tumut,2020,51771.0
113021261,Tumut,2021,52360.0
113021261,Tumut,2022,53162.0
113021261,Tumut,2023,57763.0
113021262,Tumut Surrounds,2019,45665.0
113021262,Tumut Surrounds,2020,46915.0
113021262,Tumut Surrounds,2021,50000.0
113021262,Tumut Surrounds,2022,51307.0
113021262,Tumut Surrounds,2023,52396.0
113031263,Cootamundra,2019,45168.0
113031263,Cootamundra,2020,47154.0
113031263,Cootamundra,2021,48981.0
113031263,Cootamundra,2022,49703.0
113031263,Cootamundra,2023,52981.0
113031264,Gundagai,2019,40900.0
113031264,Gundagai,2020,44109.0
113031264,Gundagai,2021,46753.0
113031264,Gundagai,2022,46620.0
113031264,Gundagai,2023,50725.0
113031265,Junee,2019,47982.0
113031265,Junee,2020,50772.0
113031265,Junee,2021,53303.0
113031265,Junee,2022,52862.0
113031265,Junee,2023,55656.0
113031266,Temora,2019,41043.0
113031266,Temora,2020,43587.0
113031266,Temora,2021,45265.0
113031266,Temora,2022,45922.0
113031266,Temora,2023,49188.0
113031267,Wagga Wagga - East,2019,51547.0
113031267,Wagga Wagga - East,2020,53039.0
113031267,Wagga Wagga - East,2021,55483.0
113031267,Wagga Wagga - East,2022,56740.0
113031267,Wagga Wagga - East,2023,60747.0
113031268,Wagga Wagga - North,2019,55274.0
113031268,Wagga Wagga - North,2020,56171.0
113031268,Wagga Wagga - North,2021,59128.0
113031268,Wagga Wagga - North,2022,60125.0
113031268,Wagga Wagga - North,2023,64118.0
113031269,Wagga Wagga - South,2019,53480.0
113031269,Wagga Wagga - South,2020,54512.0
113031269,Wagga Wagga - South,2021,55988.0
113031269,Wagga Wagga - South,2022,57758.0
113031269,Wagga Wagga - South,2023,60038.0
113031270,Wagga Wagga - West,2019,48924.0
113031270,Wagga Wagga - West,2020,50538.0
113031270,Wagga Wagga - West,2021,52484.0
113031270,Wagga Wagga - West,2022,53297.0
113031270,Wagga Wagga - West,2023,56836.0
113031271,Wagga Wagga Surrounds,2019,50273.0
113031271,Wagga Wagga Surrounds,2020,51769.0
113031271,Wagga Wagga Surrounds,2021,54126.0
113031271,Wagga Wagga Surrounds,2022,56473.0
113031271,Wagga Wagga Surrounds,2023,60000.0
114011272,Berry - Kangaroo Valley,2019,45154.0
114011272,Berry - Kangaroo Valley,2020,46655.0
114011272,Berry - Kangaroo Valley,2021,48926.0
114011272,Berry - Kangaroo Valley,2022,49599.0
114011272,Berry - Kangaroo Valley,2023,51254.0
114011273,Callala Bay - Currarong,2019,43167.0
114011273,Callala Bay - Currarong,2020,47559.0
114011273,Callala Bay - Currarong,2021,52195.0
114011273,Callala Bay - Currarong,2022,50392.0
114011273,Callala Bay - Currarong,2023,54608.0
114011274,Culburra Beach,2019,44050.0
114011274,Culburra Beach,2020,47013.0
114011274,Culburra Beach,2021,49317.0
114011274,Culburra Beach,2022,48901.0
114011274,Culburra Beach,2023,52698.0
114011275,Ettrema - Sassafras - Budawang,2019,53053.0
114011275,Ettrema - Sassafras - Budawang,2020,41715.0
114011275,Ettrema - Sassafras - Budawang,2021,49219.0
114011275,Ettrema - Sassafras - Budawang,2022,64249.0
114011275,Ettrema - Sassafras - Budawang,2023,43866.0
114011276,Huskisson - Vincentia,2019,50721.0
114011276,Huskisson - Vincentia,2020,52788.0
114011276,Huskisson - Vincentia,2021,55534.0
114011276,Huskisson - Vincentia,2022,56210.0
114011276,Huskisson - Vincentia,2023,60774.0
114011277,North Nowra - Bomaderry,2019,46355.0
114011277,North Nowra - Bomaderry,2020,48249.0
114011277,North Nowra - Bomaderry,2021,50258.0
114011277,North Nowra - Bomaderry,2022,50882.0
114011277,North Nowra - Bomaderry,2023,54944.0
114011278,Nowra,2019,45520.0
114011278,Nowra,2020,47003.0
114011278,Nowra,2021,49625.0
114011278,Nowra,2022,50065.0
114011278,Nowra,2023,54374.0
114011279,St Georges Basin - Erowal Bay,2019,43598.0
114011279,St Georges Basin - Erowal Bay,2020,45125.0
114011279,St Georges Basin - Erowal Bay,2021,46882.0
114011279,St Georges Basin - Erowal Bay,2022,48099.0
114011279,St Georges Basin - Erowal Bay,2023,52223.0
114011280,Sussex Inlet - Berrara,2019,40728.0
114011280,Sussex Inlet - Berrara,2020,42639.0
114011280,Sussex Inlet - Berrara,2021,44938.0
114011280,Sussex Inlet - Berrara,2022,44359.0
114011280,Sussex Inlet - Berrara,2023,48609.0
114011281,Tomerong - Wandandian - Woollamia,2019,47342.0
114011281,Tomerong - Wandandian - Woollamia,2020,47950.0
114011281,Tomerong - Wandandian - Woollamia,2021,51434.0
114011281,Tomerong - Wandandian - Woollamia,2022,52136.0
114011281,Tomerong - Wandandian - Woollamia,2023,54894.0
114011282,Ulladulla,2019,38105.0
114011282,Ulladulla,2020,40261.0
114011282,Ulladulla,2021,42750.0
114011282,Ulladulla,2022,41764.0
114011282,Ulladulla,2023,45654.0
114011283,Ulladulla Surrounds,2019,36863.0
114011283,Ulladulla Surrounds,2020,39840.0
114011283,Ulladulla Surrounds,2021,42556.0
114011283,Ulladulla Surrounds,2022,42080.0
114011283,Ulladulla Surrounds,2023,47069.0
114021284,Bowral,2019,46743.0
114021284,Bowral,2020,48170.0
114021284,Bowral,2021,52681.0
114021284,Bowral,2022,53146.0
114021284,Bowral,2023,57339.0
114021285,Hill Top - Colo Vale,2019,51347.0
114021285,Hill Top - Colo Vale,2020,53980.0
114021285,Hill Top - Colo Vale,2021,56800.0
114021285,Hill Top - Colo Vale,2022,57314.0
114021285,Hill Top - Colo Vale,2023,61377.0
114021286,Mittagong,2019,48005.0
114021286,Mittagong,2020,50359.0
114021286,Mittagong,2021,53906.0
114021286,Mittagong,2022,55884.0
114021286,Mittagong,2023,59812.0
114021287,Moss Vale - Berrima,2019,47210.0
114021287,Moss Vale - Berrima,2020,49836.0
114021287,Moss Vale - Berrima,2021,52540.0
114021287,Moss Vale - Berrima,2022,53284.0
114021287,Moss Vale - Berrima,2023,59095.0
114021288,Robertson - Fitzroy Falls,2019,48640.0
114021288,Robertson - Fitzroy Falls,2020,50000.0
114021288,Robertson - Fitzroy Falls,2021,53186.0
114021288,Robertson - Fitzroy Falls,2022,50908.0
114021288,Robertson - Fitzroy Falls,2023,55372.0
114021289,Southern Highlands,2019,46130.0
114021289,Southern Highlands,2020,48056.0
114021289,Southern Highlands,2021,49941.0
114021289,Southern Highlands,2022,51862.0
114021289,Southern Highlands,2023,54141.0
115011290,Baulkham Hills - East,2019,65563.0
115011290,Baulkham Hills - East,2020,67871.0
115011290,Baulkham Hills - East,2021,70481.0
115011290,Baulkham Hills - East,2022,72982.0
115011290,Baulkham Hills - East,2023,77753.0
115011291,Baulkham Hills (West) - Bella Vista,2019,62440.0
115011291,Baulkham Hills (West) - Bella Vista,2020,65760.0
115011291,Baulkham Hills (West) - Bella Vista,2021,68502.0
115011291,Baulkham Hills (West) - Bella Vista,2022,71706.0
115011291,Baulkham Hills (West) - Bella Vista,2023,78687.0
115011294,Glenhaven,2019,61312.0
115011294,Glenhaven,2020,63166.0
115011294,Glenhaven,2021,66080.0
115011294,Glenhaven,2022,67447.0
115011294,Glenhaven,2023,72847.0
115011296,West Pennant Hills,2019,63010.0
115011296,West Pennant Hills,2020,66729.0
115011296,West Pennant Hills,2021,69327.0
115011296,West Pennant Hills,2022,73453.0
115011296,West Pennant Hills,2023,78179.0
115011553,Castle Hill - Central,2019,60574.0
115011553,Castle Hill - Central,2020,63561.0
115011553,Castle Hill - Central,2021,66529.0
115011553,Castle Hill - Central,2022,68714.0
115011553,Castle Hill - Central,2023,73981.0
115011554,Castle Hill - East,2019,62359.0
115011554,Castle Hill - East,2020,66100.0
115011554,Castle Hill - East,2021,68023.0
115011554,Castle Hill - East,2022,70636.0
115011554,Castle Hill - East,2023,75086.0
115011555,Castle Hill - North,2019,60737.0
115011555,Castle Hill - North,2020,62980.0
115011555,Castle Hill - North,2021,65628.0
115011555,Castle Hill - North,2022,67220.0
115011555,Castle Hill - North,2023,71956.0
115011556,Castle Hill - South,2019,61376.0
115011556,Castle Hill - South,2020,64632.0
115011556,Castle Hill - South,2021,67063.0
115011556,Castle Hill - South,2022,71221.0
115011556,Castle Hill - South,2023,74649.0
115011557,Castle Hill - West,2019,65300.0
115011557,Castle Hill - West,2020,68100.0
115011557,Castle Hill - West,2021,71719.0
115011557,Castle Hill - West,2022,75017.0
115011557,Castle Hill - West,2023,78548.0
115011558,Cherrybrook,2019,63948.0
115011558,Cherrybrook,2020,66750.0
115011558,Cherrybrook,2021,70797.0
115011558,Cherrybrook,2022,75250.0
115011558,Cherrybrook,2023,80369.0
115011621,Kellyville - East,2019,64094.0
115011621,Kellyville - East,2020,66290.0
115011621,Kellyville - East,2021,68225.0
115011621,Kellyville - East,2022,71548.0
115011621,Kellyville - East,2023,76651.0
115011622,Kellyville - West,2019,67600.0
115011622,Kellyville - West,2020,69000.0
115011622,Kellyville - West,2021,73742.0
115011622,Kellyville - West,2022,76051.0
115011622,Kellyville - West,2023,82647.0
115021297,Dural - Kenthurst - Wisemans Ferry,2019,52364.0
115021297,Dural - Kenthurst - Wisemans Ferry,2020,55435.0
115021297,Dural - Kenthurst - Wisemans Ferry,2021,58023.0
115021297,Dural - Kenthurst - Wisemans Ferry,2022,59578.0
115021297,Dural - Kenthurst - Wisemans Ferry,2023,65081.0
115021298,Galston - Laughtondale,2019,52000.0
115021298,Galston - Laughtondale,2020,55456.0
115021298,Galston - Laughtondale,2021,56553.0
115021298,Galston - Laughtondale,2022,59850.0
115021298,Galston - Laughtondale,2023,64027.0
115031299,Bilpin - Colo - St Albans,2019,51465.0
115031299,Bilpin - Colo - St Albans,2020,51189.0
115031299,Bilpin - Colo - St Albans,2021,53912.0
115031299,Bilpin - Colo - St Albans,2022,54165.0
115031299,Bilpin - Colo - St Albans,2023,58459.0
115031300,Kurrajong Heights - Ebenezer,2019,55852.0
115031300,Kurrajong Heights - Ebenezer,2020,58274.0
115031300,Kurrajong Heights - Ebenezer,2021,59842.0
115031300,Kurrajong Heights - Ebenezer,2022,59468.0
115031300,Kurrajong Heights - Ebenezer,2023,64329.0
115041301,Pitt Town - McGraths Hill,2019,56295.0
115041301,Pitt Town - McGraths Hill,2020,58333.0
115041301,Pitt Town - McGraths Hill,2021,60412.0
115041301,Pitt Town - McGraths Hill,2022,60508.0
115041301,Pitt Town - McGraths Hill,2023,65308.0
115041623,Box Hill - Nelson,2019,66211.0
115041623,Box Hill - Nelson,2020,70209.0
115041623,Box Hill - Nelson,2021,75921.0
115041623,Box Hill - Nelson,2022,80489.0
115041623,Box Hill - Nelson,2023,86141.0
115041624,North Kellyville,2019,68689.0
115041624,North Kellyville,2020,71076.0
115041624,North Kellyville,2021,75200.0
115041624,North Kellyville,2022,79120.0
115041624,North Kellyville,2023,84532.0
115041625,Rouse Hill - Beaumont Hills,2019,65389.0
115041625,Rouse Hill - Beaumont Hills,2020,67786.0
115041625,Rouse Hill - Beaumont Hills,2021,70099.0
115041625,Rouse Hill - Beaumont Hills,2022,72388.0
115041625,Rouse Hill - Beaumont Hills,2023,77112.0
116011303,Blacktown (East) - Kings Park,2019,51975.0
116011303,Blacktown (East) - Kings Park,2020,51954.0
116011303,Blacktown (East) - Kings Park,2021,54025.0
116011303,Blacktown (East) - Kings Park,2022,54524.0
116011303,Blacktown (East) - Kings Park,2023,58812.0
116011304,Blacktown (North) - Marayong,2019,53206.0
116011304,Blacktown (North) - Marayong,2020,54094.0
116011304,Blacktown (North) - Marayong,2021,56209.0
116011304,Blacktown (North) - Marayong,2022,56160.0
116011304,Blacktown (North) - Marayong,2023,60000.0
116011306,Doonside - Woodcroft,2019,55107.0
116011306,Doonside - Woodcroft,2020,56640.0
116011306,Doonside - Woodcroft,2021,58500.0
116011306,Doonside - Woodcroft,2022,58766.0
116011306,Doonside - Woodcroft,2023,62672.0
116011307,Lalor Park - Kings Langley,2019,57717.0
116011307,Lalor Park - Kings Langley,2020,59372.0
116011307,Lalor Park - Kings Langley,2021,61359.0
116011307,Lalor Park - Kings Langley,2022,61649.0
116011307,Lalor Park - Kings Langley,2023,66639.0
116011560,Blacktown - South,2019,52000.0
116011560,Blacktown - South,2020,53811.0
116011560,Blacktown - South,2021,55876.0
116011560,Blacktown - South,2022,55902.0
116011560,Blacktown - South,2023,60148.0
116011561,Blacktown - West,2019,51005.0
116011561,Blacktown - West,2020,53248.0
116011561,Blacktown - West,2021,55350.0
116011561,Blacktown - West,2022,56268.0
116011561,Blacktown - West,2023,59432.0
116011626,Seven Hills - Prospect,2019,55598.0
116011626,Seven Hills - Prospect,2020,58289.0
116011626,Seven Hills - Prospect,2021,60116.0
116011626,Seven Hills - Prospect,2022,60019.0
116011626,Seven Hills - Prospect,2023,64799.0
116011627,Toongabbie - West,2019,54373.0
116011627,Toongabbie - West,2020,56704.0
116011627,Toongabbie - West,2021,60558.0
116011627,Toongabbie - West,2022,60791.0
116011627,Toongabbie - West,2023,65083.0
116021309,Glenwood,2019,62372.0
116021309,Glenwood,2020,64695.0
116021309,Glenwood,2021,67959.0
116021309,Glenwood,2022,70500.0
116021309,Glenwood,2023,76369.0
116021562,Acacia Gardens,2019,63811.0
116021562,Acacia Gardens,2020,65877.0
116021562,Acacia Gardens,2021,67537.0
116021562,Acacia Gardens,2022,69524.0
116021562,Acacia Gardens,2023,75126.0
116021563,Quakers Hill,2019,60003.0
116021563,Quakers Hill,2020,61639.0
116021563,Quakers Hill,2021,64896.0
116021563,Quakers Hill,2022,66907.0
116021563,Quakers Hill,2023,71853.0
116021628,Kellyville Ridge - The Ponds,2019,70000.0
116021628,Kellyville Ridge - The Ponds,2020,72743.0
116021628,Kellyville Ridge - The Ponds,2021,75468.0
116021628,Kellyville Ridge - The Ponds,2022,77698.0
116021628,Kellyville Ridge - The Ponds,2023,83341.0
116021629,Marsden Park - Shanes Park,2019,67466.0
116021629,Marsden Park - Shanes Park,2020,67844.0
116021629,Marsden Park - Shanes Park,2021,70544.0
116021629,Marsden Park - Shanes Park,2022,73526.0
116021629,Marsden Park - Shanes Park,2023,78127.0
116021630,Riverstone,2019,58080.0
116021630,Riverstone,2020,60770.0
116021630,Riverstone,2021,64239.0
116021630,Riverstone,2022,65273.0
116021630,Riverstone,2023,72029.0
116021631,Schofields (West) - Colebee,2019,67205.0
116021631,Schofields (West) - Colebee,2020,70607.0
116021631,Schofields (West) - Colebee,2021,73972.0
116021631,Schofields (West) - Colebee,2022,77563.0
116021631,Schofields (West) - Colebee,2023,83198.0
116021632,Schofields - East,2019,64205.0
116021632,Schofields - East,2020,67195.0
116021632,Schofields - East,2021,71248.0
116021632,Schofields - East,2022,74671.0
116021632,Schofields - East,2023,80513.0
116021633,Stanhope Gardens - Parklea,2019,65566.0
116021633,Stanhope Gardens - Parklea,2020,69542.0
116021633,Stanhope Gardens - Parklea,2021,71670.0
116021633,Stanhope Gardens - Parklea,2022,73691.0
116021633,Stanhope Gardens - Parklea,2023,78563.0
116031313,Bidwill - Hebersham - Emerton,2019,46619.0
116031313,Bidwill - Hebersham - Emerton,2020,48565.0
116031313,Bidwill - Hebersham - Emerton,2021,49237.0
116031313,Bidwill - Hebersham - Emerton,2022,48435.0
116031313,Bidwill - Hebersham - Emerton,2023,52942.0
116031314,Glendenning - Dean Park,2019,55683.0
116031314,Glendenning - Dean Park,2020,56768.0
116031314,Glendenning - Dean Park,2021,59332.0
116031314,Glendenning - Dean Park,2022,58969.0
116031314,Glendenning - Dean Park,2023,63418.0
116031315,Hassall Grove - Plumpton,2019,55875.0
116031315,Hassall Grove - Plumpton,2020,57490.0
116031315,Hassall Grove - Plumpton,2021,59385.0
116031315,Hassall Grove - Plumpton,2022,59861.0
116031315,Hassall Grove - Plumpton,2023,64216.0
116031316,Lethbridge Park - Tregear,2019,50839.0
116031316,Lethbridge Park - Tregear,2020,52644.0
116031316,Lethbridge Park - Tregear,2021,53889.0
116031316,Lethbridge Park - Tregear,2022,53082.0
116031316,Lethbridge Park - Tregear,2023,58128.0
116031317,Mount Druitt - Whalan,2019,48298.0
116031317,Mount Druitt - Whalan,2020,49806.0
116031317,Mount Druitt - Whalan,2021,50525.0
116031317,Mount Druitt - Whalan,2022,49772.0
116031317,Mount Druitt - Whalan,2023,54100.0
116031318,Prospect Reservoir,2019,108822.0
116031318,Prospect Reservoir,2020,113248.0
116031318,Prospect Reservoir,2021,117431.0
116031318,Prospect Reservoir,2022,108502.0
116031318,Prospect Reservoir,2023,106873.0
116031319,Rooty Hill - Minchinbury,2019,55810.0
116031319,Rooty Hill - Minchinbury,2020,56551.0
116031319,Rooty Hill - Minchinbury,2021,58572.0
116031319,Rooty Hill - Minchinbury,2022,58844.0
116031319,Rooty Hill - Minchinbury,2023,62473.0
117011320,Banksmeadow,2019,66057.0
117011320,Banksmeadow,2020,76889.0
117011320,Banksmeadow,2021,80663.0
117011320,Banksmeadow,2022,84866.0
117011320,Banksmeadow,2023,86706.0
117011321,Botany,2019,65961.0
117011321,Botany,2020,67566.0
117011321,Botany,2021,71047.0
117011321,Botany,2022,72104.0
117011321,Botany,2023,77033.0
117011323,Pagewood - Hillsdale - Daceyville,2019,53184.0
117011323,Pagewood - Hillsdale - Daceyville,2020,55081.0
117011323,Pagewood - Hillsdale - Daceyville,2021,59809.0
117011323,Pagewood - Hillsdale - Daceyville,2022,59805.0
117011323,Pagewood - Hillsdale - Daceyville,2023,64220.0
117011324,Port Botany Industrial,2019,84922.0
117011324,Port Botany Industrial,2020,58320.0
117011324,Port Botany Industrial,2021,75000.0
117011324,Port Botany Industrial,2022,84662.0
117011324,Port Botany Industrial,2023,92500.0
117011325,Sydney Airport,2019,20737.0
117011325,Sydney Airport,2020,57088.0
117011325,Sydney Airport,2021,
117011325,Sydney Airport,2022,
117011325,Sydney Airport,2023,
117011634,Eastlakes,2019,48648.0
117011634,Eastlakes,2020,50980.0
117011634,Eastlakes,2021,53491.0
117011634,Eastlakes,2022,55550.0
117011634,Eastlakes,2023,60018.0
117011635,Mascot,2019,51131.0
117011635,Mascot,2020,50857.0
117011635,Mascot,2021,56320.0
117011635,Mascot,2022,59012.0
117011635,Mascot,2023,62881.0
117021327,Petersham - Stanmore,2019,66354.0
117021327,Petersham - Stanmore,2020,68337.0
117021327,Petersham - Stanmore,2021,73082.0
117021327,Petersham - Stanmore,2022,74698.0
117021327,Petersham - Stanmore,2023,78266.0
117021328,Sydenham - Tempe - St Peters,2019,64778.0
117021328,Sydenham - Tempe - St Peters,2020,67077.0
117021328,Sydenham - Tempe - St Peters,2021,73553.0
117021328,Sydenham - Tempe - St Peters,2022,77491.0
117021328,Sydenham - Tempe - St Peters,2023,80892.0
117021636,Marrickville - North,2019,63448.0
117021636,Marrickville - North,2020,66873.0
117021636,Marrickville - North,2021,71687.0
117021636,Marrickville - North,2022,74631.0
117021636,Marrickville - North,2023,78132.0
117021637,Marrickville - South,2019,59073.0
117021637,Marrickville - South,2020,60730.0
117021637,Marrickville - South,2021,64602.0
117021637,Marrickville - South,2022,66666.0
117021637,Marrickville - South,2023,72023.0
117031329,Darlinghurst,2019,62883.0
117031329,Darlinghurst,2020,65174.0
117031329,Darlinghurst,2021,76677.0
117031329,Darlinghurst,2022,79269.0
117031329,Darlinghurst,2023,76075.0
117031330,Erskineville - Alexandria,2019,79928.0
117031330,Erskineville - Alexandria,2020,83076.0
117031330,Erskineville - Alexandria,2021,89292.0
117031330,Erskineville - Alexandria,2022,94166.0
117031330,Erskineville - Alexandria,2023,97072.0
117031331,Glebe - Forest Lodge,2019,62831.0
117031331,Glebe - Forest Lodge,2020,66646.0
117031331,Glebe - Forest Lodge,2021,72347.0
117031331,Glebe - Forest Lodge,2022,73883.0
117031331,Glebe - Forest Lodge,2023,74976.0
117031333,Potts Point - Woolloomooloo,2019,62158.0
117031333,Potts Point - Woolloomooloo,2020,65221.0
117031333,Potts Point - Woolloomooloo,2021,78112.0
117031333,Potts Point - Woolloomooloo,2022,80000.0
117031333,Potts Point - Woolloomooloo,2023,76070.0
117031336,Surry Hills,2019,59999.0
117031336,Surry Hills,2020,61083.0
117031336,Surry Hills,2021,73769.0
117031336,Surry Hills,2022,78615.0
117031336,Surry Hills,2023,76969.0
117031638,Camperdown - Darlington,2019,58487.0
117031638,Camperdown - Darlington,2020,61273.0
117031638,Camperdown - Darlington,2021,67095.0
117031638,Camperdown - Darlington,2022,67317.0
117031638,Camperdown - Darlington,2023,64888.0
117031639,Chippendale,2019,33760.0
117031639,Chippendale,2020,34766.0
117031639,Chippendale,2021,45662.0
117031639,Chippendale,2022,50894.0
117031639,Chippendale,2023,48959.0
117031640,Newtown (NSW),2019,64706.0
117031640,Newtown (NSW),2020,66415.0
117031640,Newtown (NSW),2021,72929.0
117031640,Newtown (NSW),2022,73967.0
117031640,Newtown (NSW),2023,76128.0
117031641,Pyrmont,2019,49733.0
117031641,Pyrmont,2020,53872.0
117031641,Pyrmont,2021,67948.0
117031641,Pyrmont,2022,70622.0
117031641,Pyrmont,2023,70966.0
117031642,Redfern,2019,60590.0
117031642,Redfern,2020,63834.0
117031642,Redfern,2021,69608.0
117031642,Redfern,2022,71559.0
117031642,Redfern,2023,71138.0
117031643,Rosebery - Beaconsfield,2019,63215.0
117031643,Rosebery - Beaconsfield,2020,66041.0
117031643,Rosebery - Beaconsfield,2021,71673.0
117031643,Rosebery - Beaconsfield,2022,76432.0
117031643,Rosebery - Beaconsfield,2023,79104.0
117031644,Sydney (North) - Millers Point,2019,27821.0
117031644,Sydney (North) - Millers Point,2020,32879.0
117031644,Sydney (North) - Millers Point,2021,50961.0
117031644,Sydney (North) - Millers Point,2022,55776.0
117031644,Sydney (North) - Millers Point,2023,51529.0
117031645,Sydney (South) - Haymarket,2019,21229.0
117031645,Sydney (South) - Haymarket,2020,22989.0
117031645,Sydney (South) - Haymarket,2021,35056.0
117031645,Sydney (South) - Haymarket,2022,39268.0
117031645,Sydney (South) - Haymarket,2023,39216.0
117031646,Ultimo,2019,22767.0
117031646,Ultimo,2020,25650.0
117031646,Ultimo,2021,40521.0
117031646,Ultimo,2022,43011.0
117031646,Ultimo,2023,42647.0
117031647,Waterloo,2019,58603.0
117031647,Waterloo,2020,61820.0
117031647,Waterloo,2021,69697.0
117031647,Waterloo,2022,75377.0
117031647,Waterloo,2023,76990.0
117031648,Zetland,2019,61673.0
117031648,Zetland,2020,60572.0
117031648,Zetland,2021,67262.0
117031648,Zetland,2022,72264.0
117031648,Zetland,2023,74439.0
118011339,Bondi - Tamarama - Bronte,2019,60742.0
118011339,Bondi - Tamarama - Bronte,2020,63164.0
118011339,Bondi - Tamarama - Bronte,2021,75223.0
118011339,Bondi - Tamarama - Bronte,2022,78734.0
118011339,Bondi - Tamarama - Bronte,2023,79999.0
118011340,Bondi Beach - North Bondi,2019,55779.0
118011340,Bondi Beach - North Bondi,2020,57605.0
118011340,Bondi Beach - North Bondi,2021,71804.0
118011340,Bondi Beach - North Bondi,2022,77916.0
118011340,Bondi Beach - North Bondi,2023,74402.0
118011341,Bondi Junction - Waverly,2019,57559.0
118011341,Bondi Junction - Waverly,2020,59633.0
118011341,Bondi Junction - Waverly,2021,72731.0
118011341,Bondi Junction - Waverly,2022,75292.0
118011341,Bondi Junction - Waverly,2023,74637.0
118011342,Centennial Park,2019,
118011342,Centennial Park,2020,
118011342,Centennial Park,2021,
118011342,Centennial Park,2022,
118011342,Centennial Park,2023,
118011344,Dover Heights,2019,60911.0
118011344,Dover Heights,2020,62937.0
118011344,Dover Heights,2021,66687.0
118011344,Dover Heights,2022,69474.0
118011344,Dover Heights,2023,73416.0
118011345,Paddington - Moore Park,2019,75000.0
118011345,Paddington - Moore Park,2020,77397.0
118011345,Paddington - Moore Park,2021,82314.0
118011345,Paddington - Moore Park,2022,87424.0
118011345,Paddington - Moore Park,2023,86953.0
118011346,Rose Bay - Vaucluse - Watsons Bay,2019,59294.0
118011346,Rose Bay - Vaucluse - Watsons Bay,2020,62091.0
118011346,Rose Bay - Vaucluse - Watsons Bay,2021,65681.0
118011346,Rose Bay - Vaucluse - Watsons Bay,2022,70458.0
118011346,Rose Bay - Vaucluse - Watsons Bay,2023,72735.0
118011347,Woollahra,2019,69975.0
118011347,Woollahra,2020,72798.0
118011347,Woollahra,2021,81929.0
118011347,Woollahra,2022,85000.0
118011347,Woollahra,2023,85546.0
118011649,Bellevue Hill,2019,63539.0
118011649,Bellevue Hill,2020,65298.0
118011649,Bellevue Hill,2021,72644.0
118011649,Bellevue Hill,2022,77471.0
118011649,Bellevue Hill,2023,76312.0
118011650,Double Bay - Darling Point,2019,75273.0
118011650,Double Bay - Darling Point,2020,76307.0
118011650,Double Bay - Darling Point,2021,82321.0
118011650,Double Bay - Darling Point,2022,87418.0
118011650,Double Bay - Darling Point,2023,89206.0
118021564,Kensington (NSW),2019,50961.0
118021564,Kensington (NSW),2020,54551.0
118021564,Kensington (NSW),2021,61648.0
118021564,Kensington (NSW),2022,60992.0
118021564,Kensington (NSW),2023,61312.0
118021565,Kingsford,2019,47237.0
118021565,Kingsford,2020,48956.0
118021565,Kingsford,2021,54949.0
118021565,Kingsford,2022,55945.0
118021565,Kingsford,2023,58277.0
118021566,Maroubra - North,2019,62614.0
118021566,Maroubra - North,2020,64481.0
118021566,Maroubra - North,2021,69969.0
118021566,Maroubra - North,2022,72954.0
118021566,Maroubra - North,2023,74112.0
118021567,Maroubra - South,2019,58419.0
118021567,Maroubra - South,2020,60007.0
118021567,Maroubra - South,2021,65520.0
118021567,Maroubra - South,2022,67772.0
118021567,Maroubra - South,2023,70309.0
118021568,Maroubra - West,2019,57378.0
118021568,Maroubra - West,2020,59133.0
118021568,Maroubra - West,2021,63110.0
118021568,Maroubra - West,2022,65001.0
118021568,Maroubra - West,2023,67149.0
118021569,Randwick - North,2019,68781.0
118021569,Randwick - North,2020,70861.0
118021569,Randwick - North,2021,78802.0
118021569,Randwick - North,2022,81214.0
118021569,Randwick - North,2023,81256.0
118021570,Randwick - South,2019,63057.0
118021570,Randwick - South,2020,65181.0
118021570,Randwick - South,2021,73899.0
118021570,Randwick - South,2022,74940.0
118021570,Randwick - South,2023,73161.0
118021651,Coogee - Clovelly,2019,70421.0
118021651,Coogee - Clovelly,2020,73475.0
118021651,Coogee - Clovelly,2021,81817.0
118021651,Coogee - Clovelly,2022,85884.0
118021651,Coogee - Clovelly,2023,82832.0
118021652,Malabar - La Perouse,2019,63330.0
118021652,Malabar - La Perouse,2020,65858.0
118021652,Malabar - La Perouse,2021,69259.0
118021652,Malabar - La Perouse,2022,70878.0
118021652,Malabar - La Perouse,2023,75902.0
118021653,Matraville - Chifley,2019,60000.0
118021653,Matraville - Chifley,2020,61213.0
118021653,Matraville - Chifley,2021,64051.0
118021653,Matraville - Chifley,2022,65000.0
118021653,Matraville - Chifley,2023,70401.0
118021654,South Coogee,2019,59248.0
118021654,South Coogee,2020,63100.0
118021654,South Coogee,2021,65993.0
118021654,South Coogee,2022,66668.0
118021654,South Coogee,2023,71099.0
119011354,Bass Hill - Georges Hall,2019,46619.0
119011354,Bass Hill - Georges Hall,2020,47880.0
119011354,Bass Hill - Georges Hall,2021,48308.0
119011354,Bass Hill - Georges Hall,2022,47473.0
119011354,Bass Hill - Georges Hall,2023,53516.0
119011355,Chullora,2019,51260.0
119011355,Chullora,2020,56487.0
119011355,Chullora,2021,57405.0
119011355,Chullora,2022,57764.0
119011355,Chullora,2023,66646.0
119011356,Condell Park,2019,45967.0
119011356,Condell Park,2020,47300.0
119011356,Condell Park,2021,47490.0
119011356,Condell Park,2022,46049.0
119011356,Condell Park,2023,51752.0
119011358,Padstow,2019,55596.0
119011358,Padstow,2020,57253.0
119011358,Padstow,2021,59368.0
119011358,Padstow,2022,60000.0
119011358,Padstow,2023,65383.0
119011360,Revesby,2019,54929.0
119011360,Revesby,2020,55583.0
119011360,Revesby,2021,57304.0
119011360,Revesby,2022,58089.0
119011360,Revesby,2023,64014.0
119011361,Yagoona - Birrong,2019,45491.0
119011361,Yagoona - Birrong,2020,47202.0
119011361,Yagoona - Birrong,2021,47600.0
119011361,Yagoona - Birrong,2022,46601.0
119011361,Yagoona - Birrong,2023,52283.0
119011571,Bankstown - North,2019,43761.0
119011571,Bankstown - North,2020,44511.0
119011571,Bankstown - North,2021,46115.0
119011571,Bankstown - North,2022,45096.0
119011571,Bankstown - North,2023,50557.0
119011572,Bankstown - South,2019,41602.0
119011572,Bankstown - South,2020,42482.0
119011572,Bankstown - South,2021,44137.0
119011572,Bankstown - South,2022,43215.0
119011572,Bankstown - South,2023,49476.0
119011655,Greenacre - North,2019,44449.0
119011655,Greenacre - North,2020,45016.0
119011655,Greenacre - North,2021,45455.0
119011655,Greenacre - North,2022,44169.0
119011655,Greenacre - North,2023,49843.0
119011656,Greenacre - South,2019,43640.0
119011656,Greenacre - South,2020,45000.0
119011656,Greenacre - South,2021,44974.0
119011656,Greenacre - South,2022,43813.0
119011656,Greenacre - South,2023,48493.0
119011657,Panania (North) - Milperra,2019,57300.0
119011657,Panania (North) - Milperra,2020,58770.0
119011657,Panania (North) - Milperra,2021,61680.0
119011657,Panania (North) - Milperra,2022,61954.0
119011657,Panania (North) - Milperra,2023,68350.0
119011658,Panania (South) - Picnic Point,2019,57768.0
119011658,Panania (South) - Picnic Point,2020,59834.0
119011658,Panania (South) - Picnic Point,2021,62686.0
119011658,Panania (South) - Picnic Point,2022,63840.0
119011658,Panania (South) - Picnic Point,2023,70396.0
119021362,Belmore - Belfield,2019,48529.0
119021362,Belmore - Belfield,2020,49741.0
119021362,Belmore - Belfield,2021,52635.0
119021362,Belmore - Belfield,2022,52060.0
119021362,Belmore - Belfield,2023,58152.0
119021366,Punchbowl,2019,40964.0
119021366,Punchbowl,2020,42209.0
119021366,Punchbowl,2021,43581.0
119021366,Punchbowl,2022,42085.0
119021366,Punchbowl,2023,47351.0
119021367,Roselands,2019,50568.0
119021367,Roselands,2020,52068.0
119021367,Roselands,2021,54507.0
119021367,Roselands,2022,55000.0
119021367,Roselands,2023,60140.0
119021573,Lakemba,2019,39319.0
119021573,Lakemba,2020,39000.0
119021573,Lakemba,2021,42084.0
119021573,Lakemba,2022,40665.0
119021573,Lakemba,2023,45956.0
119021574,Wiley Park,2019,39952.0
119021574,Wiley Park,2020,40281.0
119021574,Wiley Park,2021,42152.0
119021574,Wiley Park,2022,41520.0
119021574,Wiley Park,2023,47200.0
119021659,Campsie - North,2019,38965.0
119021659,Campsie - North,2020,40000.0
119021659,Campsie - North,2021,43504.0
119021659,Campsie - North,2022,43838.0
119021659,Campsie - North,2023,52408.0
119021660,Campsie - South,2019,38559.0
119021660,Campsie - South,2020,38795.0
119021660,Campsie - South,2021,43246.0
119021660,Campsie - South,2022,42932.0
119021660,Campsie - South,2023,51206.0
119021661,Canterbury - South,2019,51600.0
119021661,Canterbury - South,2020,54038.0
119021661,Canterbury - South,2021,56932.0
119021661,Canterbury - South,2022,57929.0
119021661,Canterbury - South,2023,63784.0
119021662,Earlwood,2019,59375.0
119021662,Earlwood,2020,62111.0
119021662,Earlwood,2021,64420.0
119021662,Earlwood,2022,65311.0
119021662,Earlwood,2023,71278.0
119021663,Kingsgrove - North,2019,54507.0
119021663,Kingsgrove - North,2020,55136.0
119021663,Kingsgrove - North,2021,58229.0
119021663,Kingsgrove - North,2022,58002.0
119021663,Kingsgrove - North,2023,64911.0
119031370,Narwee - Beverly Hills,2019,51662.0
119031370,Narwee - Beverly Hills,2020,53365.0
119031370,Narwee - Beverly Hills,2021,55066.0
119031370,Narwee - Beverly Hills,2022,55571.0
119031370,Narwee - Beverly Hills,2023,61956.0
119031371,Oatley - Hurstville Grove,2019,59356.0
119031371,Oatley - Hurstville Grove,2020,61793.0
119031371,Oatley - Hurstville Grove,2021,65082.0
119031371,Oatley - Hurstville Grove,2022,67903.0
119031371,Oatley - Hurstville Grove,2023,73058.0
119031372,Peakhurst - Lugarno,2019,57390.0
119031372,Peakhurst - Lugarno,2020,59820.0
119031372,Peakhurst - Lugarno,2021,62124.0
119031372,Peakhurst - Lugarno,2022,63885.0
119031372,Peakhurst - Lugarno,2023,68549.0
119031373,Riverwood,2019,46061.0
119031373,Riverwood,2020,46494.0
119031373,Riverwood,2021,48508.0
119031373,Riverwood,2022,49565.0
119031373,Riverwood,2023,56254.0
119031374,South Hurstville - Blakehurst,2019,46949.0
119031374,South Hurstville - Blakehurst,2020,47600.0
119031374,South Hurstville - Blakehurst,2021,52652.0
119031374,South Hurstville - Blakehurst,2022,54833.0
119031374,South Hurstville - Blakehurst,2023,60703.0
119031664,Hurstville - Central,2019,39413.0
119031664,Hurstville - Central,2020,39180.0
119031664,Hurstville - Central,2021,45545.0
119031664,Hurstville - Central,2022,48696.0
119031664,Hurstville - Central,2023,57172.0
119031665,Hurstville - North,2019,44880.0
119031665,Hurstville - North,2020,45657.0
119031665,Hurstville - North,2021,49755.0
119031665,Hurstville - North,2022,50000.0
119031665,Hurstville - North,2023,56903.0
119031666,Mortdale - Oatley,2019,60162.0
119031666,Mortdale - Oatley,2020,60863.0
119031666,Mortdale - Oatley,2021,63017.0
119031666,Mortdale - Oatley,2022,65177.0
119031666,Mortdale - Oatley,2023,71576.0
119031667,Penshurst,2019,49268.0
119031667,Penshurst,2020,49230.0
119031667,Penshurst,2021,54257.0
119031667,Penshurst,2022,56902.0
119031667,Penshurst,2023,62370.0
119041377,Kingsgrove (South) - Bardwell Park,2019,55681.0
119041377,Kingsgrove (South) - Bardwell Park,2020,57133.0
119041377,Kingsgrove (South) - Bardwell Park,2021,60368.0
119041377,Kingsgrove (South) - Bardwell Park,2022,61379.0
119041377,Kingsgrove (South) - Bardwell Park,2023,67712.0
119041378,Kogarah,2019,53732.0
119041378,Kogarah,2020,53943.0
119041378,Kogarah,2021,59213.0
119041378,Kogarah,2022,61390.0
119041378,Kogarah,2023,66365.0
119041379,Kogarah Bay - Carlton - Allawah,2019,51270.0
119041379,Kogarah Bay - Carlton - Allawah,2020,52557.0
119041379,Kogarah Bay - Carlton - Allawah,2021,55791.0
119041379,Kogarah Bay - Carlton - Allawah,2022,58764.0
119041379,Kogarah Bay - Carlton - Allawah,2023,65125.0
119041380,Monterey - Brighton-le-Sands - Kyeemagh,2019,56823.0
119041380,Monterey - Brighton-le-Sands - Kyeemagh,2020,58712.0
119041380,Monterey - Brighton-le-Sands - Kyeemagh,2021,60366.0
119041380,Monterey - Brighton-le-Sands - Kyeemagh,2022,61682.0
119041380,Monterey - Brighton-le-Sands - Kyeemagh,2023,66725.0
119041381,Rockdale - Banksia,2019,46431.0
119041381,Rockdale - Banksia,2020,47039.0
119041381,Rockdale - Banksia,2021,51852.0
119041381,Rockdale - Banksia,2022,54133.0
119041381,Rockdale - Banksia,2023,60198.0
119041382,Sans Souci - Ramsgate,2019,59473.0
119041382,Sans Souci - Ramsgate,2020,60920.0
119041382,Sans Souci - Ramsgate,2021,62529.0
119041382,Sans Souci - Ramsgate,2022,64569.0
119041382,Sans Souci - Ramsgate,2023,69203.0
119041668,Arncliffe - Bardwell Valley,2019,49611.0
119041668,Arncliffe - Bardwell Valley,2020,51009.0
119041668,Arncliffe - Bardwell Valley,2021,55920.0
119041668,Arncliffe - Bardwell Valley,2022,58475.0
119041668,Arncliffe - Bardwell Valley,2023,62317.0
119041669,Bexley - North,2019,54769.0
119041669,Bexley - North,2020,55379.0
119041669,Bexley - North,2021,58395.0
119041669,Bexley - North,2022,59720.0
119041669,Bexley - North,2023,65000.0
119041670,Bexley - South,2019,49884.0
119041670,Bexley - South,2020,50887.0
119041670,Bexley - South,2021,54101.0
119041670,Bexley - South,2022,56378.0
119041670,Bexley - South,2023,61755.0
119041671,Wolli Creek,2019,49477.0
119041671,Wolli Creek,2020,50857.0
119041671,Wolli Creek,2021,57089.0
119041671,Wolli Creek,2022,60865.0
119041671,Wolli Creek,2023,64877.0
120011383,Concord - Mortlake - Cabarita,2019,64959.0
120011383,Concord - Mortlake - Cabarita,2020,67144.0
120011383,Concord - Mortlake - Cabarita,2021,70200.0
120011383,Concord - Mortlake - Cabarita,2022,72000.0
120011383,Concord - Mortlake - Cabarita,2023,76179.0
120011385,Drummoyne - Rodd Point,2019,72049.0
120011385,Drummoyne - Rodd Point,2020,74622.0
120011385,Drummoyne - Rodd Point,2021,78461.0
120011385,Drummoyne - Rodd Point,2022,81685.0
120011385,Drummoyne - Rodd Point,2023,85285.0
120011386,Five Dock - Abbotsford,2019,69228.0
120011386,Five Dock - Abbotsford,2020,71393.0
120011386,Five Dock - Abbotsford,2021,75029.0
120011386,Five Dock - Abbotsford,2022,77759.0
120011386,Five Dock - Abbotsford,2023,82480.0
120011672,Concord West - North Strathfield,2019,60478.0
120011672,Concord West - North Strathfield,2020,63818.0
120011672,Concord West - North Strathfield,2021,66562.0
120011672,Concord West - North Strathfield,2022,68376.0
120011672,Concord West - North Strathfield,2023,71739.0
120011673,Rhodes,2019,53025.0
120011673,Rhodes,2020,55350.0
120011673,Rhodes,2021,62672.0
120011673,Rhodes,2022,65865.0
120011673,Rhodes,2023,69486.0
120021387,Balmain,2019,86295.0
120021387,Balmain,2020,87230.0
120021387,Balmain,2021,92505.0
120021387,Balmain,2022,94937.0
120021387,Balmain,2023,96199.0
120021389,Lilyfield - Rozelle,2019,83151.0
120021389,Lilyfield - Rozelle,2020,85581.0
120021389,Lilyfield - Rozelle,2021,91324.0
120021389,Lilyfield - Rozelle,2022,93209.0
120021389,Lilyfield - Rozelle,2023,98000.0
120021674,Annandale (NSW),2019,75222.0
120021674,Annandale (NSW),2020,78000.0
120021674,Annandale (NSW),2021,81575.0
120021674,Annandale (NSW),2022,84619.0
120021674,Annandale (NSW),2023,87005.0
120021675,Leichhardt,2019,74423.0
120021675,Leichhardt,2020,78215.0
120021675,Leichhardt,2021,81553.0
120021675,Leichhardt,2022,85607.0
120021675,Leichhardt,2023,89869.0
120031392,Canterbury (North) - Ashbury,2019,57216.0
120031392,Canterbury (North) - Ashbury,2020,60159.0
120031392,Canterbury (North) - Ashbury,2021,63549.0
120031392,Canterbury (North) - Ashbury,2022,65386.0
120031392,Canterbury (North) - Ashbury,2023,69286.0
120031393,Croydon Park - Enfield,2019,56025.0
120031393,Croydon Park - Enfield,2020,58104.0
120031393,Croydon Park - Enfield,2021,60000.0
120031393,Croydon Park - Enfield,2022,61363.0
120031393,Croydon Park - Enfield,2023,66643.0
120031394,Dulwich Hill - Lewisham,2019,66395.0
120031394,Dulwich Hill - Lewisham,2020,70655.0
120031394,Dulwich Hill - Lewisham,2021,73968.0
120031394,Dulwich Hill - Lewisham,2022,76165.0
120031394,Dulwich Hill - Lewisham,2023,80335.0
120031395,Haberfield - Summer Hill,2019,67492.0
120031395,Haberfield - Summer Hill,2020,70070.0
120031395,Haberfield - Summer Hill,2021,72096.0
120031395,Haberfield - Summer Hill,2022,74898.0
120031395,Haberfield - Summer Hill,2023,77498.0
120031396,Homebush,2019,45852.0
120031396,Homebush,2020,47372.0
120031396,Homebush,2021,53659.0
120031396,Homebush,2022,56114.0
120031396,Homebush,2023,61243.0
120031576,Strathfield South,2019,56606.0
120031576,Strathfield South,2020,58355.0
120031576,Strathfield South,2021,62257.0
120031576,Strathfield South,2022,63385.0
120031576,Strathfield South,2023,69422.0
120031676,Ashfield - North,2019,50044.0
120031676,Ashfield - North,2020,51454.0
120031676,Ashfield - North,2021,57291.0
120031676,Ashfield - North,2022,61426.0
120031676,Ashfield - North,2023,66523.0
120031677,Ashfield - South,2019,50000.0
120031677,Ashfield - South,2020,53730.0
120031677,Ashfield - South,2021,57627.0
120031677,Ashfield - South,2022,59663.0
120031677,Ashfield - South,2023,65594.0
120031678,Burwood (NSW),2019,36168.0
120031678,Burwood (NSW),2020,35127.0
120031678,Burwood (NSW),2021,42288.0
120031678,Burwood (NSW),2022,45419.0
120031678,Burwood (NSW),2023,52909.0
120031679,Croydon,2019,53820.0
120031679,Croydon,2020,55139.0
120031679,Croydon,2021,59690.0
120031679,Croydon,2022,61909.0
120031679,Croydon,2023,65061.0
120031680,Strathfield - East,2019,36531.0
120031680,Strathfield - East,2020,37846.0
120031680,Strathfield - East,2021,44817.0
120031680,Strathfield - East,2022,46425.0
120031680,Strathfield - East,2023,53776.0
120031681,Strathfield - West,2019,52509.0
120031681,Strathfield - West,2020,56700.0
120031681,Strathfield - West,2021,61986.0
120031681,Strathfield - West,2022,63328.0
120031681,Strathfield - West,2023,68485.0
121011399,Chatswood (West) - Lane Cove North,2019,68796.0
121011399,Chatswood (West) - Lane Cove North,2020,71013.0
121011399,Chatswood (West) - Lane Cove North,2021,75185.0
121011399,Chatswood (West) - Lane Cove North,2022,79161.0
121011399,Chatswood (West) - Lane Cove North,2023,83965.0
121011401,St Leonards - Naremburn,2019,83542.0
121011401,St Leonards - Naremburn,2020,88016.0
121011401,St Leonards - Naremburn,2021,88835.0
121011401,St Leonards - Naremburn,2022,93342.0
121011401,St Leonards - Naremburn,2023,94999.0
121011682,Artarmon,2019,69540.0
121011682,Artarmon,2020,73137.0
121011682,Artarmon,2021,74802.0
121011682,Artarmon,2022,77601.0
121011682,Artarmon,2023,80863.0
121011683,Castle Cove - Northbridge,2019,68133.0
121011683,Castle Cove - Northbridge,2020,70532.0
121011683,Castle Cove - Northbridge,2021,73200.0
121011683,Castle Cove - Northbridge,2022,73659.0
121011683,Castle Cove - Northbridge,2023,78563.0
121011684,Chatswood - East,2019,53167.0
121011684,Chatswood - East,2020,55346.0
121011684,Chatswood - East,2021,60592.0
121011684,Chatswood - East,2022,62413.0
121011684,Chatswood - East,2023,65769.0
121011685,Greenwich - Riverview,2019,73011.0
121011685,Greenwich - Riverview,2020,74603.0
121011685,Greenwich - Riverview,2021,79592.0
121011685,Greenwich - Riverview,2022,82776.0
121011685,Greenwich - Riverview,2023,85506.0
121011686,Lane Cove,2019,76248.0
121011686,Lane Cove,2020,78813.0
121011686,Lane Cove,2021,81760.0
121011686,Lane Cove,2022,85913.0
121011686,Lane Cove,2023,90869.0
121011687,Willoughby,2019,72997.0
121011687,Willoughby,2020,74569.0
121011687,Willoughby,2021,78126.0
121011687,Willoughby,2022,79520.0
121011687,Willoughby,2023,83333.0
121021403,Asquith - Mount Colah,2019,62791.0
121021403,Asquith - Mount Colah,2020,65356.0
121021403,Asquith - Mount Colah,2021,68981.0
121021403,Asquith - Mount Colah,2022,71240.0
121021403,Asquith - Mount Colah,2023,75727.0
121021404,Berowra - Brooklyn - Cowan,2019,60780.0
121021404,Berowra - Brooklyn - Cowan,2020,63378.0
121021404,Berowra - Brooklyn - Cowan,2021,66224.0
121021404,Berowra - Brooklyn - Cowan,2022,68487.0
121021404,Berowra - Brooklyn - Cowan,2023,72668.0
121021406,Normanhurst - Thornleigh - Westleigh,2019,65303.0
121021406,Normanhurst - Thornleigh - Westleigh,2020,68094.0
121021406,Normanhurst - Thornleigh - Westleigh,2021,71324.0
121021406,Normanhurst - Thornleigh - Westleigh,2022,75600.0
121021406,Normanhurst - Thornleigh - Westleigh,2023,79999.0
121021577,Hornsby - East,2019,56968.0
121021577,Hornsby - East,2020,57730.0
121021577,Hornsby - East,2021,60950.0
121021577,Hornsby - East,2022,63949.0
121021577,Hornsby - East,2023,68215.0
121021578,Hornsby - West,2019,58955.0
121021578,Hornsby - West,2020,61136.0
121021578,Hornsby - West,2021,64930.0
121021578,Hornsby - West,2022,67153.0
121021578,Hornsby - West,2023,72446.0
121021579,Wahroonga (West) - Waitara,2019,66850.0
121021579,Wahroonga (West) - Waitara,2020,69266.0
121021579,Wahroonga (West) - Waitara,2021,72569.0
121021579,Wahroonga (West) - Waitara,2022,73933.0
121021579,Wahroonga (West) - Waitara,2023,77819.0
121031407,Gordon - Killara,2019,61547.0
121031407,Gordon - Killara,2020,64576.0
121031407,Gordon - Killara,2021,67291.0
121031407,Gordon - Killara,2022,68590.0
121031407,Gordon - Killara,2023,73594.0
121031408,Lindfield - Roseville,2019,64955.0
121031408,Lindfield - Roseville,2020,68040.0
121031408,Lindfield - Roseville,2021,72701.0
121031408,Lindfield - Roseville,2022,74100.0
121031408,Lindfield - Roseville,2023,76242.0
121031409,Pymble,2019,67743.0
121031409,Pymble,2020,70323.0
121031409,Pymble,2021,73556.0
121031409,Pymble,2022,76848.0
121031409,Pymble,2023,81756.0
121031410,St Ives,2019,64373.0
121031410,St Ives,2020,68174.0
121031410,St Ives,2021,72020.0
121031410,St Ives,2022,75000.0
121031410,St Ives,2023,78377.0
121031411,Turramurra,2019,66984.0
121031411,Turramurra,2020,69999.0
121031411,Turramurra,2021,73059.0
121031411,Turramurra,2022,76725.0
121031411,Turramurra,2023,81033.0
121031412,Wahroonga (East) - Warrawee,2019,65492.0
121031412,Wahroonga (East) - Warrawee,2020,68901.0
121031412,Wahroonga (East) - Warrawee,2021,72004.0
121031412,Wahroonga (East) - Warrawee,2022,74501.0
121031412,Wahroonga (East) - Warrawee,2023,78401.0
121041413,Cremorne - Cammeray,2019,81537.0
121041413,Cremorne - Cammeray,2020,83779.0
121041413,Cremorne - Cammeray,2021,87256.0
121041413,Cremorne - Cammeray,2022,90373.0
121041413,Cremorne - Cammeray,2023,93529.0
121041414,Crows Nest - Waverton,2019,80375.0
121041414,Crows Nest - Waverton,2020,83839.0
121041414,Crows Nest - Waverton,2021,88376.0
121041414,Crows Nest - Waverton,2022,93162.0
121041414,Crows Nest - Waverton,2023,95976.0
121041416,Neutral Bay - Kirribilli,2019,78056.0
121041416,Neutral Bay - Kirribilli,2020,80000.0
121041416,Neutral Bay - Kirribilli,2021,83160.0
121041416,Neutral Bay - Kirribilli,2022,84843.0
121041416,Neutral Bay - Kirribilli,2023,89116.0
121041417,North Sydney - Lavender Bay,2019,80214.0
121041417,North Sydney - Lavender Bay,2020,82888.0
121041417,North Sydney - Lavender Bay,2021,88008.0
121041417,North Sydney - Lavender Bay,2022,93214.0
121041417,North Sydney - Lavender Bay,2023,93935.0
121041688,Mosman - North,2019,69614.0
121041688,Mosman - North,2020,71986.0
121041688,Mosman - North,2021,75460.0
121041688,Mosman - North,2022,79859.0
121041688,Mosman - North,2023,82207.0
121041689,Mosman - South,2019,73338.0
121041689,Mosman - South,2020,76652.0
121041689,Mosman - South,2021,79642.0
121041689,Mosman - South,2022,82989.0
121041689,Mosman - South,2023,86269.0
122011418,Balgowlah - Clontarf - Seaforth,2019,65559.0
122011418,Balgowlah - Clontarf - Seaforth,2020,67437.0
122011418,Balgowlah - Clontarf - Seaforth,2021,72580.0
122011418,Balgowlah - Clontarf - Seaforth,2022,75000.0
122011418,Balgowlah - Clontarf - Seaforth,2023,78733.0
122011419,Manly - Fairlight,2019,68162.0
122011419,Manly - Fairlight,2020,70776.0
122011419,Manly - Fairlight,2021,76866.0
122011419,Manly - Fairlight,2022,80859.0
122011419,Manly - Fairlight,2023,80266.0
122021420,Avalon - Palm Beach,2019,50963.0
122021420,Avalon - Palm Beach,2020,53295.0
122021420,Avalon - Palm Beach,2021,55325.0
122021420,Avalon - Palm Beach,2022,55905.0
122021420,Avalon - Palm Beach,2023,59295.0
122021421,Bayview - Elanora Heights,2019,54992.0
122021421,Bayview - Elanora Heights,2020,55629.0
122021421,Bayview - Elanora Heights,2021,58453.0
122021421,Bayview - Elanora Heights,2022,60203.0
122021421,Bayview - Elanora Heights,2023,65139.0
122021422,Newport - Bilgola,2019,56843.0
122021422,Newport - Bilgola,2020,58893.0
122021422,Newport - Bilgola,2021,61338.0
122021422,Newport - Bilgola,2022,62500.0
122021422,Newport - Bilgola,2023,65925.0
122021690,Mona Vale - Warriewood (North),2019,55680.0
122021690,Mona Vale - Warriewood (North),2020,57426.0
122021690,Mona Vale - Warriewood (North),2021,61112.0
122021690,Mona Vale - Warriewood (North),2022,61687.0
122021690,Mona Vale - Warriewood (North),2023,65519.0
122021691,North Narrabeen - Warriewood (South),2019,57991.0
122021691,North Narrabeen - Warriewood (South),2020,59506.0
122021691,North Narrabeen - Warriewood (South),2021,63041.0
122021691,North Narrabeen - Warriewood (South),2022,63893.0
122021691,North Narrabeen - Warriewood (South),2023,67775.0
122031424,Beacon Hill - Narraweena,2019,53196.0
122031424,Beacon Hill - Narraweena,2020,56282.0
122031424,Beacon Hill - Narraweena,2021,58654.0
122031424,Beacon Hill - Narraweena,2022,60776.0
122031424,Beacon Hill - Narraweena,2023,66283.0
122031425,Cromer,2019,58636.0
122031425,Cromer,2020,58049.0
122031425,Cromer,2021,61665.0
122031425,Cromer,2022,63741.0
122031425,Cromer,2023,69271.0
122031427,Forestville - Killarney Heights,2019,60927.0
122031427,Forestville - Killarney Heights,2020,63707.0
122031427,Forestville - Killarney Heights,2021,67395.0
122031427,Forestville - Killarney Heights,2022,68091.0
122031427,Forestville - Killarney Heights,2023,70954.0
122031429,Freshwater - Brookvale,2019,63496.0
122031429,Freshwater - Brookvale,2020,67206.0
122031429,Freshwater - Brookvale,2021,71792.0
122031429,Freshwater - Brookvale,2022,74979.0
122031429,Freshwater - Brookvale,2023,77762.0
122031430,Manly Vale - Allambie Heights,2019,60282.0
122031430,Manly Vale - Allambie Heights,2020,62970.0
122031430,Manly Vale - Allambie Heights,2021,67426.0
122031430,Manly Vale - Allambie Heights,2022,69932.0
122031430,Manly Vale - Allambie Heights,2023,73215.0
122031432,Terrey Hills - Duffys Forest,2019,55722.0
122031432,Terrey Hills - Duffys Forest,2020,57656.0
122031432,Terrey Hills - Duffys Forest,2021,59517.0
122031432,Terrey Hills - Duffys Forest,2022,61781.0
122031432,Terrey Hills - Duffys Forest,2023,66287.0
122031692,Belrose,2019,57673.0
122031692,Belrose,2020,59163.0
122031692,Belrose,2021,63390.0
122031692,Belrose,2022,64257.0
122031692,Belrose,2023,70507.0
122031693,Collaroy - Collaroy Plateau,2019,55419.0
122031693,Collaroy - Collaroy Plateau,2020,59360.0
122031693,Collaroy - Collaroy Plateau,2021,63250.0
122031693,Collaroy - Collaroy Plateau,2022,64308.0
122031693,Collaroy - Collaroy Plateau,2023,69386.0
122031694,Dee Why (South) - North Curl Curl,2019,57223.0
122031694,Dee Why (South) - North Curl Curl,2020,59986.0
122031694,Dee Why (South) - North Curl Curl,2021,63772.0
122031694,Dee Why (South) - North Curl Curl,2022,65907.0
122031694,Dee Why (South) - North Curl Curl,2023,69778.0
122031695,Dee Why - North,2019,55924.0
122031695,Dee Why - North,2020,56929.0
122031695,Dee Why - North,2021,61444.0
122031695,Dee Why - North,2022,64401.0
122031695,Dee Why - North,2023,69518.0
122031696,Frenchs Forest - Oxford Falls,2019,61118.0
122031696,Frenchs Forest - Oxford Falls,2020,64432.0
122031696,Frenchs Forest - Oxford Falls,2021,68396.0
122031696,Frenchs Forest - Oxford Falls,2022,70083.0
122031696,Frenchs Forest - Oxford Falls,2023,73799.0
122031697,Narrabeen - Wheeler Heights,2019,59602.0
122031697,Narrabeen - Wheeler Heights,2020,61694.0
122031697,Narrabeen - Wheeler Heights,2021,64895.0
122031697,Narrabeen - Wheeler Heights,2022,65824.0
122031697,Narrabeen - Wheeler Heights,2023,70833.0
123011433,Camden - Ellis Lane,2019,59858.0
123011433,Camden - Ellis Lane,2020,61802.0
123011433,Camden - Ellis Lane,2021,63413.0
123011433,Camden - Ellis Lane,2022,64829.0
123011433,Camden - Ellis Lane,2023,68970.0
123011698,Currans Hill,2019,59726.0
123011698,Currans Hill,2020,60109.0
123011698,Currans Hill,2021,61510.0
123011698,Currans Hill,2022,62054.0
123011698,Currans Hill,2023,67149.0
123011699,Elderslie - Narellan,2019,59751.0
123011699,Elderslie - Narellan,2020,61954.0
123011699,Elderslie - Narellan,2021,62790.0
123011699,Elderslie - Narellan,2022,63193.0
123011699,Elderslie - Narellan,2023,68620.0
123011700,Harrington Park,2019,60219.0
123011700,Harrington Park,2020,62488.0
123011700,Harrington Park,2021,64839.0
123011700,Harrington Park,2022,64936.0
123011700,Harrington Park,2023,69742.0
123011701,Mount Annan,2019,59447.0
123011701,Mount Annan,2020,61322.0
123011701,Mount Annan,2021,62702.0
123011701,Mount Annan,2022,64202.0
123011701,Mount Annan,2023,69040.0
123011702,Spring Farm,2019,66584.0
123011702,Spring Farm,2020,67816.0
123011702,Spring Farm,2021,69073.0
123011702,Spring Farm,2022,68850.0
123011702,Spring Farm,2023,74181.0
123021436,Bradbury - Wedderburn,2019,52767.0
123021436,Bradbury - Wedderburn,2020,54070.0
123021436,Bradbury - Wedderburn,2021,55042.0
123021436,Bradbury - Wedderburn,2022,54794.0
123021436,Bradbury - Wedderburn,2023,60805.0
123021437,Campbelltown - Woodbine,2019,54103.0
123021437,Campbelltown - Woodbine,2020,54184.0
123021437,Campbelltown - Woodbine,2021,55751.0
123021437,Campbelltown - Woodbine,2022,56206.0
123021437,Campbelltown - Woodbine,2023,61783.0
123021438,Claymore - Eagle Vale - Raby,2019,54501.0
123021438,Claymore - Eagle Vale - Raby,2020,56677.0
123021438,Claymore - Eagle Vale - Raby,2021,57420.0
123021438,Claymore - Eagle Vale - Raby,2022,57069.0
123021438,Claymore - Eagle Vale - Raby,2023,61938.0
123021439,Holsworthy Military Area,2019,
123021439,Holsworthy Military Area,2020,
123021439,Holsworthy Military Area,2021,
123021439,Holsworthy Military Area,2022,
123021439,Holsworthy Military Area,2023,
123021441,Leumeah - Minto Heights,2019,53812.0
123021441,Leumeah - Minto Heights,2020,54950.0
123021441,Leumeah - Minto Heights,2021,56292.0
123021441,Leumeah - Minto Heights,2022,56647.0
123021441,Leumeah - Minto Heights,2023,61533.0
123021443,Minto - St Andrews,2019,52287.0
123021443,Minto - St Andrews,2020,53532.0
123021443,Minto - St Andrews,2021,54670.0
123021443,Minto - St Andrews,2022,55653.0
123021443,Minto - St Andrews,2023,60656.0
123021444,Rosemeadow - Glen Alpine,2019,52988.0
123021444,Rosemeadow - Glen Alpine,2020,54358.0
123021444,Rosemeadow - Glen Alpine,2021,55693.0
123021444,Rosemeadow - Glen Alpine,2022,55436.0
123021444,Rosemeadow - Glen Alpine,2023,60687.0
123021703,Denham Court - Bardia,2019,63915.0
123021703,Denham Court - Bardia,2020,63026.0
123021703,Denham Court - Bardia,2021,63467.0
123021703,Denham Court - Bardia,2022,65736.0
123021703,Denham Court - Bardia,2023,69989.0
123021704,Glenfield,2019,58096.0
123021704,Glenfield,2020,59487.0
123021704,Glenfield,2021,61139.0
123021704,Glenfield,2022,62261.0
123021704,Glenfield,2023,67110.0
123021705,Ingleburn,2019,54179.0
123021705,Ingleburn,2020,54945.0
123021705,Ingleburn,2021,57030.0
123021705,Ingleburn,2022,57376.0
123021705,Ingleburn,2023,61990.0
123021706,Macquarie Fields,2019,50000.0
123021706,Macquarie Fields,2020,50540.0
123021706,Macquarie Fields,2021,51595.0
123021706,Macquarie Fields,2022,51901.0
123021706,Macquarie Fields,2023,56902.0
123031445,Bargo,2019,54533.0
123031445,Bargo,2020,56733.0
123031445,Bargo,2021,58235.0
123031445,Bargo,2022,57786.0
123031445,Bargo,2023,61937.0
123031446,Douglas Park - Appin,2019,62095.0
123031446,Douglas Park - Appin,2020,64003.0
123031446,Douglas Park - Appin,2021,66175.0
123031446,Douglas Park - Appin,2022,67199.0
123031446,Douglas Park - Appin,2023,72892.0
123031447,Picton - Tahmoor - Buxton,2019,55964.0
123031447,Picton - Tahmoor - Buxton,2020,57399.0
123031447,Picton - Tahmoor - Buxton,2021,59736.0
123031447,Picton - Tahmoor - Buxton,2022,60934.0
123031447,Picton - Tahmoor - Buxton,2023,65703.0
123031448,The Oaks - Oakdale,2019,55733.0
123031448,The Oaks - Oakdale,2020,58071.0
123031448,The Oaks - Oakdale,2021,59358.0
123031448,The Oaks - Oakdale,2022,60454.0
123031448,The Oaks - Oakdale,2023,64108.0
124011449,Blackheath - Megalong Valley,2019,46282.0
124011449,Blackheath - Megalong Valley,2020,47853.0
124011449,Blackheath - Megalong Valley,2021,51503.0
124011449,Blackheath - Megalong Valley,2022,50611.0
124011449,Blackheath - Megalong Valley,2023,55628.0
124011450,Blaxland - Warrimoo - Lapstone,2019,62564.0
124011450,Blaxland - Warrimoo - Lapstone,2020,65571.0
124011450,Blaxland - Warrimoo - Lapstone,2021,68813.0
124011450,Blaxland - Warrimoo - Lapstone,2022,70886.0
124011450,Blaxland - Warrimoo - Lapstone,2023,74799.0
124011451,Blue Mountains - North,2019,29845.0
124011451,Blue Mountains - North,2020,26640.0
124011451,Blue Mountains - North,2021,24682.0
124011451,Blue Mountains - North,2022,10610.0
124011451,Blue Mountains - North,2023,25479.0
124011452,Katoomba - Leura,2019,44500.0
124011452,Katoomba - Leura,2020,46075.0
124011452,Katoomba - Leura,2021,49993.0
124011452,Katoomba - Leura,2022,49599.0
124011452,Katoomba - Leura,2023,54731.0
124011453,Lawson - Hazelbrook - Linden,2019,54777.0
124011453,Lawson - Hazelbrook - Linden,2020,58250.0
124011453,Lawson - Hazelbrook - Linden,2021,60350.0
124011453,Lawson - Hazelbrook - Linden,2022,61648.0
124011453,Lawson - Hazelbrook - Linden,2023,65056.0
124011454,Springwood - Winmalee,2019,59782.0
124011454,Springwood - Winmalee,2020,62460.0
124011454,Springwood - Winmalee,2021,65360.0
124011454,Springwood - Winmalee,2022,65508.0
124011454,Springwood - Winmalee,2023,69496.0
124011455,Wentworth Falls,2019,52315.0
124011455,Wentworth Falls,2020,52517.0
124011455,Wentworth Falls,2021,53780.0
124011455,Wentworth Falls,2022,54558.0
124011455,Wentworth Falls,2023,60916.0
124021456,Blue Mountains - South,2019,
124021456,Blue Mountains - South,2020,
124021456,Blue Mountains - South,2021,
124021456,Blue Mountains - South,2022,
124021456,Blue Mountains - South,2023,92136.0
124031457,Cambridge Park,2019,56999.0
124031457,Cambridge Park,2020,58599.0
124031457,Cambridge Park,2021,59909.0
124031457,Cambridge Park,2022,60085.0
124031457,Cambridge Park,2023,65717.0
124031459,Emu Plains - Leonay,2019,62104.0
124031459,Emu Plains - Leonay,2020,64038.0
124031459,Emu Plains - Leonay,2021,65871.0
124031459,Emu Plains - Leonay,2022,67189.0
124031459,Emu Plains - Leonay,2023,72497.0
124031460,Glenmore Park - Regentville,2019,61643.0
124031460,Glenmore Park - Regentville,2020,63819.0
124031460,Glenmore Park - Regentville,2021,65933.0
124031460,Glenmore Park - Regentville,2022,67147.0
124031460,Glenmore Park - Regentville,2023,72939.0
124031461,Jamisontown - South Penrith,2019,58222.0
124031461,Jamisontown - South Penrith,2020,59218.0
124031461,Jamisontown - South Penrith,2021,61076.0
124031461,Jamisontown - South Penrith,2022,61597.0
124031461,Jamisontown - South Penrith,2023,66796.0
124031462,Kingswood - Werrington,2019,55318.0
124031462,Kingswood - Werrington,2020,56957.0
124031462,Kingswood - Werrington,2021,59075.0
124031462,Kingswood - Werrington,2022,60014.0
124031462,Kingswood - Werrington,2023,65082.0
124031463,Mulgoa - Luddenham - Orchard Hills,2019,60228.0
124031463,Mulgoa - Luddenham - Orchard Hills,2020,62560.0
124031463,Mulgoa - Luddenham - Orchard Hills,2021,64175.0
124031463,Mulgoa - Luddenham - Orchard Hills,2022,64484.0
124031463,Mulgoa - Luddenham - Orchard Hills,2023,71452.0
124031464,Penrith,2019,53957.0
124031464,Penrith,2020,55430.0
124031464,Penrith,2021,57296.0
124031464,Penrith,2022,58913.0
124031464,Penrith,2023,64664.0
124031465,Warragamba - Silverdale,2019,59601.0
124031465,Warragamba - Silverdale,2020,61846.0
124031465,Warragamba - Silverdale,2021,63287.0
124031465,Warragamba - Silverdale,2022,64536.0
124031465,Warragamba - Silverdale,2023,72953.0
124031707,Cranebrook - Castlereagh,2019,58021.0
124031707,Cranebrook - Castlereagh,2020,59999.0
124031707,Cranebrook - Castlereagh,2021,61418.0
124031707,Cranebrook - Castlereagh,2022,61479.0
124031707,Cranebrook - Castlereagh,2023,67489.0
124031708,Jordan Springs - Llandilo,2019,62892.0
124031708,Jordan Springs - Llandilo,2020,64905.0
124031708,Jordan Springs - Llandilo,2021,66274.0
124031708,Jordan Springs - Llandilo,2022,68167.0
124031708,Jordan Springs - Llandilo,2023,72982.0
124041466,Richmond - Clarendon,2019,54945.0
124041466,Richmond - Clarendon,2020,56337.0
124041466,Richmond - Clarendon,2021,58587.0
124041466,Richmond - Clarendon,2022,58141.0
124041466,Richmond - Clarendon,2023,63285.0
124041467,Windsor - Bligh Park,2019,54541.0
124041467,Windsor - Bligh Park,2020,56616.0
124041467,Windsor - Bligh Park,2021,58520.0
124041467,Windsor - Bligh Park,2022,58452.0
124041467,Windsor - Bligh Park,2023,63016.0
124041468,Yarramundi - Londonderry,2019,52000.0
124041468,Yarramundi - Londonderry,2020,53501.0
124041468,Yarramundi - Londonderry,2021,56087.0
124041468,Yarramundi - Londonderry,2022,55383.0
124041468,Yarramundi - Londonderry,2023,60000.0
124051469,Erskine Park,2019,57978.0
124051469,Erskine Park,2020,60565.0
124051469,Erskine Park,2021,62100.0
124051469,Erskine Park,2022,62859.0
124051469,Erskine Park,2023,68306.0
124051470,St Clair,2019,57644.0
124051470,St Clair,2020,59051.0
124051470,St Clair,2021,60065.0
124051470,St Clair,2022,61111.0
124051470,St Clair,2023,65466.0
124051580,Colyton - Oxley Park,2019,54003.0
124051580,Colyton - Oxley Park,2020,55304.0
124051580,Colyton - Oxley Park,2021,56614.0
124051580,Colyton - Oxley Park,2022,56163.0
124051580,Colyton - Oxley Park,2023,61082.0
124051581,St Marys - North St Marys,2019,51856.0
124051581,St Marys - North St Marys,2020,53520.0
124051581,St Marys - North St Marys,2021,55350.0
124051581,St Marys - North St Marys,2022,54702.0
124051581,St Marys - North St Marys,2023,59778.0
125011475,Rookwood Cemetery,2019,60000.0
125011475,Rookwood Cemetery,2020,38721.0
125011475,Rookwood Cemetery,2021,83172.0
125011475,Rookwood Cemetery,2022,65729.0
125011475,Rookwood Cemetery,2023,
125011582,Auburn - Central,2019,32121.0
125011582,Auburn - Central,2020,33102.0
125011582,Auburn - Central,2021,40000.0
125011582,Auburn - Central,2022,39994.0
125011582,Auburn - Central,2023,46931.0
125011583,Auburn - North,2019,32408.0
125011583,Auburn - North,2020,32277.0
125011583,Auburn - North,2021,39889.0
125011583,Auburn - North,2022,39905.0
125011583,Auburn - North,2023,47768.0
125011584,Auburn - South,2019,42121.0
125011584,Auburn - South,2020,42669.0
125011584,Auburn - South,2021,46115.0
125011584,Auburn - South,2022,44751.0
125011584,Auburn - South,2023,47653.0
125011585,Berala,2019,43856.0
125011585,Berala,2020,44451.0
125011585,Berala,2021,48183.0
125011585,Berala,2022,48622.0
125011585,Berala,2023,53750.0
125011586,Lidcombe,2019,39338.0
125011586,Lidcombe,2020,40855.0
125011586,Lidcombe,2021,46679.0
125011586,Lidcombe,2022,47639.0
125011586,Lidcombe,2023,52000.0
125011587,Regents Park,2019,45558.0
125011587,Regents Park,2020,44760.0
125011587,Regents Park,2021,45338.0
125011587,Regents Park,2022,49623.0
125011587,Regents Park,2023,52919.0
125011709,Silverwater - Newington,2019,60426.0
125011709,Silverwater - Newington,2020,61901.0
125011709,Silverwater - Newington,2021,64819.0
125011709,Silverwater - Newington,2022,67718.0
125011709,Silverwater - Newington,2023,71064.0
125011710,Wentworth Point - Sydney Olympic Park,2019,61475.0
125011710,Wentworth Point - Sydney Olympic Park,2020,61354.0
125011710,Wentworth Point - Sydney Olympic Park,2021,64086.0
125011710,Wentworth Point - Sydney Olympic Park,2022,68186.0
125011710,Wentworth Point - Sydney Olympic Park,2023,72776.0
125021477,Ermington - Rydalmere,2019,56660.0
125021477,Ermington - Rydalmere,2020,58472.0
125021477,Ermington - Rydalmere,2021,61051.0
125021477,Ermington - Rydalmere,2022,61985.0
125021477,Ermington - Rydalmere,2023,68289.0
125021478,Oatlands - Dundas Valley,2019,52918.0
125021478,Oatlands - Dundas Valley,2020,54999.0
125021478,Oatlands - Dundas Valley,2021,57734.0
125021478,Oatlands - Dundas Valley,2022,57876.0
125021478,Oatlands - Dundas Valley,2023,64568.0
125021711,Carlingford - East,2019,55084.0
125021711,Carlingford - East,2020,58203.0
125021711,Carlingford - East,2021,60000.0
125021711,Carlingford - East,2022,62199.0
125021711,Carlingford - East,2023,67131.0
125021712,Carlingford - West,2019,54179.0
125021712,Carlingford - West,2020,56667.0
125021712,Carlingford - West,2021,59998.0
125021712,Carlingford - West,2022,61306.0
125021712,Carlingford - West,2023,66433.0
125031479,Chester Hill - Sefton,2019,45667.0
125031479,Chester Hill - Sefton,2020,46143.0
125031479,Chester Hill - Sefton,2021,47941.0
125031479,Chester Hill - Sefton,2022,45053.0
125031479,Chester Hill - Sefton,2023,50837.0
125031480,Fairfield - East,2019,44469.0
125031480,Fairfield - East,2020,45254.0
125031480,Fairfield - East,2021,46042.0
125031480,Fairfield - East,2022,45000.0
125031480,Fairfield - East,2023,49433.0
125031481,Granville - Clyde,2019,39766.0
125031481,Granville - Clyde,2020,40000.0
125031481,Granville - Clyde,2021,45067.0
125031481,Granville - Clyde,2022,46163.0
125031481,Granville - Clyde,2023,52000.0
125031483,Guildford - South Granville,2019,40751.0
125031483,Guildford - South Granville,2020,42282.0
125031483,Guildford - South Granville,2021,43515.0
125031483,Guildford - South Granville,2022,40700.0
125031483,Guildford - South Granville,2023,46500.0
125031484,Guildford West - Merrylands West,2019,47920.0
125031484,Guildford West - Merrylands West,2020,49578.0
125031484,Guildford West - Merrylands West,2021,51162.0
125031484,Guildford West - Merrylands West,2022,49787.0
125031484,Guildford West - Merrylands West,2023,54030.0
125031486,Smithfield Industrial,2019,50129.0
125031486,Smithfield Industrial,2020,50285.0
125031486,Smithfield Industrial,2021,56423.0
125031486,Smithfield Industrial,2022,52394.0
125031486,Smithfield Industrial,2023,55619.0
125031487,Yennora Industrial,2019,22188.0
125031487,Yennora Industrial,2020,23040.0
125031487,Yennora Industrial,2021,50989.0
125031487,Yennora Industrial,2022,47363.0
125031487,Yennora Industrial,2023,60042.0
125031713,Greystanes - South,2019,56983.0
125031713,Greystanes - South,2020,58460.0
125031713,Greystanes - South,2021,59445.0
125031713,Greystanes - South,2022,59073.0
125031713,Greystanes - South,2023,64288.0
125031714,Merrylands - Holroyd,2019,46647.0
125031714,Merrylands - Holroyd,2020,47500.0
125031714,Merrylands - Holroyd,2021,50695.0
125031714,Merrylands - Holroyd,2022,48984.0
125031714,Merrylands - Holroyd,2023,54596.0
125031715,Pemulwuy - Greystanes (North),2019,63843.0
125031715,Pemulwuy - Greystanes (North),2020,64615.0
125031715,Pemulwuy - Greystanes (North),2021,67910.0
125031715,Pemulwuy - Greystanes (North),2022,67303.0
125031715,Pemulwuy - Greystanes (North),2023,72955.0
125031716,South Wentworthville,2019,51505.0
125031716,South Wentworthville,2020,53352.0
125031716,South Wentworthville,2021,55565.0
125031716,South Wentworthville,2022,55934.0
125031716,South Wentworthville,2023,61674.0
125041489,North Parramatta,2019,59507.0
125041489,North Parramatta,2020,61131.0
125041489,North Parramatta,2021,63953.0
125041489,North Parramatta,2022,65106.0
125041489,North Parramatta,2023,70049.0
125041490,North Rocks,2019,62455.0
125041490,North Rocks,2020,64371.0
125041490,North Rocks,2021,67485.0
125041490,North Rocks,2022,68415.0
125041490,North Rocks,2023,74124.0
125041491,Northmead,2019,62963.0
125041491,Northmead,2020,63994.0
125041491,Northmead,2021,65916.0
125041491,Northmead,2022,67401.0
125041491,Northmead,2023,72883.0
125041493,Toongabbie - Constitution Hill,2019,57120.0
125041493,Toongabbie - Constitution Hill,2020,58411.0
125041493,Toongabbie - Constitution Hill,2021,61930.0
125041493,Toongabbie - Constitution Hill,2022,62895.0
125041493,Toongabbie - Constitution Hill,2023,67251.0
125041494,Winston Hills,2019,65385.0
125041494,Winston Hills,2020,67088.0
125041494,Winston Hills,2021,70201.0
125041494,Winston Hills,2022,71713.0
125041494,Winston Hills,2023,77704.0
125041588,Pendle Hill - Girraween,2019,56058.0
125041588,Pendle Hill - Girraween,2020,58615.0
125041588,Pendle Hill - Girraween,2021,61137.0
125041588,Pendle Hill - Girraween,2022,64017.0
125041588,Pendle Hill - Girraween,2023,68976.0
125041589,Wentworthville - Westmead,2019,56924.0
125041589,Wentworthville - Westmead,2020,60050.0
125041589,Wentworthville - Westmead,2021,62475.0
125041589,Wentworthville - Westmead,2022,64056.0
125041589,Wentworthville - Westmead,2023,68909.0
125041717,Parramatta - North,2019,58382.0
125041717,Parramatta - North,2020,60553.0
125041717,Parramatta - North,2021,64397.0
125041717,Parramatta - North,2022,65308.0
125041717,Parramatta - North,2023,69939.0
125041718,Parramatta - South,2019,48915.0
125041718,Parramatta - South,2020,50340.0
125041718,Parramatta - South,2021,53948.0
125041718,Parramatta - South,2022,56928.0
125041718,Parramatta - South,2023,61284.0
125041719,Rosehill - Harris Park,2019,45667.0
125041719,Rosehill - Harris Park,2020,46480.0
125041719,Rosehill - Harris Park,2021,51833.0
125041719,Rosehill - Harris Park,2022,51974.0
125041719,Rosehill - Harris Park,2023,56777.0
126011496,Pennant Hills - Cheltenham,2019,65966.0
126011496,Pennant Hills - Cheltenham,2020,68220.0
126011496,Pennant Hills - Cheltenham,2021,71260.0
126011496,Pennant Hills - Cheltenham,2022,74029.0
126011496,Pennant Hills - Cheltenham,2023,78741.0
126011720,Epping (East) - North Epping,2019,60232.0
126011720,Epping (East) - North Epping,2020,64633.0
126011720,Epping (East) - North Epping,2021,67397.0
126011720,Epping (East) - North Epping,2022,71254.0
126011720,Epping (East) - North Epping,2023,74406.0
126011721,Epping (NSW) - West,2019,57720.0
126011721,Epping (NSW) - West,2020,60664.0
126011721,Epping (NSW) - West,2021,63312.0
126011721,Epping (NSW) - West,2022,64934.0
126011721,Epping (NSW) - West,2023,68684.0
126021498,Gladesville - Huntleys Point,2019,68218.0
126021498,Gladesville - Huntleys Point,2020,71053.0
126021498,Gladesville - Huntleys Point,2021,74130.0
126021498,Gladesville - Huntleys Point,2022,77076.0
126021498,Gladesville - Huntleys Point,2023,81999.0
126021499,Hunters Hill - Woolwich,2019,66129.0
126021499,Hunters Hill - Woolwich,2020,68957.0
126021499,Hunters Hill - Woolwich,2021,72573.0
126021499,Hunters Hill - Woolwich,2022,74625.0
126021499,Hunters Hill - Woolwich,2023,77439.0
126021500,Macquarie Park - Marsfield,2019,56902.0
126021500,Macquarie Park - Marsfield,2020,57264.0
126021500,Macquarie Park - Marsfield,2021,62021.0
126021500,Macquarie Park - Marsfield,2022,64149.0
126021500,Macquarie Park - Marsfield,2023,67404.0
126021501,North Ryde - East Ryde,2019,63370.0
126021501,North Ryde - East Ryde,2020,65893.0
126021501,North Ryde - East Ryde,2021,70480.0
126021501,North Ryde - East Ryde,2022,72742.0
126021501,North Ryde - East Ryde,2023,77930.0
126021503,West Ryde - Meadowbank,2019,59325.0
126021503,West Ryde - Meadowbank,2020,62019.0
126021503,West Ryde - Meadowbank,2021,64680.0
126021503,West Ryde - Meadowbank,2022,67412.0
126021503,West Ryde - Meadowbank,2023,70506.0
126021590,Putney,2019,62884.0
126021590,Putney,2020,64071.0
126021590,Putney,2021,65820.0
126021590,Putney,2022,66969.0
126021590,Putney,2023,73891.0
126021722,Denistone,2019,60926.0
126021722,Denistone,2020,65204.0
126021722,Denistone,2021,66291.0
126021722,Denistone,2022,69163.0
126021722,Denistone,2023,73957.0
126021723,Eastwood,2019,50077.0
126021723,Eastwood,2020,52159.0
126021723,Eastwood,2021,55922.0
126021723,Eastwood,2022,58260.0
126021723,Eastwood,2023,62367.0
126021724,Ryde - North,2019,57012.0
126021724,Ryde - North,2020,58554.0
126021724,Ryde - North,2021,62174.0
126021724,Ryde - North,2022,64000.0
126021724,Ryde - North,2023,69163.0
126021725,Ryde - South,2019,61964.0
126021725,Ryde - South,2020,65017.0
126021725,Ryde - South,2021,68677.0
126021725,Ryde - South,2022,72152.0
126021725,Ryde - South,2023,76751.0
127011504,Ashcroft - Busby - Miller,2019,42937.0
127011504,Ashcroft - Busby - Miller,2020,44824.0
127011504,Ashcroft - Busby - Miller,2021,44875.0
127011504,Ashcroft - Busby - Miller,2022,40615.0
127011504,Ashcroft - Busby - Miller,2023,46135.0
127011505,Austral - Greendale,2019,48000.0
127011505,Austral - Greendale,2020,52486.0
127011505,Austral - Greendale,2021,55137.0
127011505,Austral - Greendale,2022,56254.0
127011505,Austral - Greendale,2023,63817.0
127011592,Badgerys Creek,2019,61116.0
127011592,Badgerys Creek,2020,56728.0
127011592,Badgerys Creek,2021,74484.0
127011592,Badgerys Creek,2022,62175.0
127011592,Badgerys Creek,2023,71201.0
127011593,Cecil Hills,2019,54932.0
127011593,Cecil Hills,2020,55574.0
127011593,Cecil Hills,2021,57636.0
127011593,Cecil Hills,2022,57416.0
127011593,Cecil Hills,2023,63370.0
127011594,Green Valley,2019,50376.0
127011594,Green Valley,2020,51350.0
127011594,Green Valley,2021,51903.0
127011594,Green Valley,2022,51482.0
127011594,Green Valley,2023,56671.0
127011595,Hinchinbrook,2019,51986.0
127011595,Hinchinbrook,2020,53518.0
127011595,Hinchinbrook,2021,55402.0
127011595,Hinchinbrook,2022,54785.0
127011595,Hinchinbrook,2023,60401.0
127011596,Hoxton Park - Carnes Hill - Horningsea Park,2019,56905.0
127011596,Hoxton Park - Carnes Hill - Horningsea Park,2020,57856.0
127011596,Hoxton Park - Carnes Hill - Horningsea Park,2021,58530.0
127011596,Hoxton Park - Carnes Hill - Horningsea Park,2022,58252.0
127011596,Hoxton Park - Carnes Hill - Horningsea Park,2023,63746.0
127011597,West Hoxton - Middleton Grange,2019,56852.0
127011597,West Hoxton - Middleton Grange,2020,58418.0
127011597,West Hoxton - Middleton Grange,2021,59253.0
127011597,West Hoxton - Middleton Grange,2022,58988.0
127011597,West Hoxton - Middleton Grange,2023,64368.0
127011726,Cobbitty - Bringelly,2019,59153.0
127011726,Cobbitty - Bringelly,2020,61920.0
127011726,Cobbitty - Bringelly,2021,62234.0
127011726,Cobbitty - Bringelly,2022,64927.0
127011726,Cobbitty - Bringelly,2023,68987.0
127011727,Gledswood Hills - Gregory Hills,2019,64516.0
127011727,Gledswood Hills - Gregory Hills,2020,66188.0
127011727,Gledswood Hills - Gregory Hills,2021,69319.0
127011727,Gledswood Hills - Gregory Hills,2022,70730.0
127011727,Gledswood Hills - Gregory Hills,2023,75640.0
127011728,Leppington - Catherine Field,2019,57287.0
127011728,Leppington - Catherine Field,2020,59310.0
127011728,Leppington - Catherine Field,2021,62756.0
127011728,Leppington - Catherine Field,2022,64346.0
127011728,Leppington - Catherine Field,2023,71481.0
127011729,Oran Park,2019,63649.0
127011729,Oran Park,2020,63978.0
127011729,Oran Park,2021,65272.0
127011729,Oran Park,2022,66560.0
127011729,Oran Park,2023,71744.0
127021509,Bonnyrigg Heights - Bonnyrigg,2019,48926.0
127021509,Bonnyrigg Heights - Bonnyrigg,2020,50444.0
127021509,Bonnyrigg Heights - Bonnyrigg,2021,50874.0
127021509,Bonnyrigg Heights - Bonnyrigg,2022,50322.0
127021509,Bonnyrigg Heights - Bonnyrigg,2023,56509.0
127021510,Bossley Park - Abbotsbury,2019,52222.0
127021510,Bossley Park - Abbotsbury,2020,53238.0
127021510,Bossley Park - Abbotsbury,2021,54153.0
127021510,Bossley Park - Abbotsbury,2022,52624.0
127021510,Bossley Park - Abbotsbury,2023,58624.0
127021511,Cabramatta - Lansvale,2019,40156.0
127021511,Cabramatta - Lansvale,2020,41539.0
127021511,Cabramatta - Lansvale,2021,43300.0
127021511,Cabramatta - Lansvale,2022,41418.0
127021511,Cabramatta - Lansvale,2023,48030.0
127021512,Cabramatta West - Mount Pritchard,2019,46113.0
127021512,Cabramatta West - Mount Pritchard,2020,46839.0
127021512,Cabramatta West - Mount Pritchard,2021,48303.0
127021512,Cabramatta West - Mount Pritchard,2022,46747.0
127021512,Cabramatta West - Mount Pritchard,2023,50953.0
127021513,Canley Vale - Canley Heights,2019,43458.0
127021513,Canley Vale - Canley Heights,2020,44966.0
127021513,Canley Vale - Canley Heights,2021,45865.0
127021513,Canley Vale - Canley Heights,2022,45447.0
127021513,Canley Vale - Canley Heights,2023,51253.0
127021514,Edensor Park,2019,49984.0
127021514,Edensor Park,2020,52171.0
127021514,Edensor Park,2021,52614.0
127021514,Edensor Park,2022,50715.0
127021514,Edensor Park,2023,57115.0
127021515,Fairfield,2019,43125.0
127021515,Fairfield,2020,43876.0
127021515,Fairfield,2021,44926.0
127021515,Fairfield,2022,43151.0
127021515,Fairfield,2023,49458.0
127021516,Fairfield - West,2019,43906.0
127021516,Fairfield - West,2020,45551.0
127021516,Fairfield - West,2021,46994.0
127021516,Fairfield - West,2022,44695.0
127021516,Fairfield - West,2023,50000.0
127021517,Greenfield Park - Prairiewood,2019,49972.0
127021517,Greenfield Park - Prairiewood,2020,50999.0
127021517,Greenfield Park - Prairiewood,2021,50004.0
127021517,Greenfield Park - Prairiewood,2022,48881.0
127021517,Greenfield Park - Prairiewood,2023,54222.0
127021518,Horsley Park - Kemps Creek,2019,50459.0
127021518,Horsley Park - Kemps Creek,2020,51529.0
127021518,Horsley Park - Kemps Creek,2021,54888.0
127021518,Horsley Park - Kemps Creek,2022,53115.0
127021518,Horsley Park - Kemps Creek,2023,59494.0
127021519,Smithfield - Wetherill Park,2019,49074.0
127021519,Smithfield - Wetherill Park,2020,50150.0
127021519,Smithfield - Wetherill Park,2021,52053.0
127021519,Smithfield - Wetherill Park,2022,49503.0
127021519,Smithfield - Wetherill Park,2023,54489.0
127021520,St Johns Park - Wakeley,2019,49434.0
127021520,St Johns Park - Wakeley,2020,50649.0
127021520,St Johns Park - Wakeley,2021,51344.0
127021520,St Johns Park - Wakeley,2022,50219.0
127021520,St Johns Park - Wakeley,2023,56418.0
127021521,Wetherill Park Industrial,2019,52133.0
127021521,Wetherill Park Industrial,2020,48165.0
127021521,Wetherill Park Industrial,2021,52000.0
127021521,Wetherill Park Industrial,2022,52000.0
127021521,Wetherill Park Industrial,2023,51563.0
127031522,Casula,2019,52243.0
127031522,Casula,2020,53912.0
127031522,Casula,2021,54883.0
127031522,Casula,2022,54086.0
127031522,Casula,2023,59770.0
127031523,Chipping Norton - Moorebank,2019,58356.0
127031523,Chipping Norton - Moorebank,2020,60003.0
127031523,Chipping Norton - Moorebank,2021,61513.0
127031523,Chipping Norton - Moorebank,2022,61035.0
127031523,Chipping Norton - Moorebank,2023,65806.0
127031524,Holsworthy - Wattle Grove,2019,64004.0
127031524,Holsworthy - Wattle Grove,2020,66269.0
127031524,Holsworthy - Wattle Grove,2021,67943.0
127031524,Holsworthy - Wattle Grove,2022,70246.0
127031524,Holsworthy - Wattle Grove,2023,75106.0
127031599,Lurnea - Cartwright,2019,45630.0
127031599,Lurnea - Cartwright,2020,47205.0
127031599,Lurnea - Cartwright,2021,46618.0
127031599,Lurnea - Cartwright,2022,44210.0
127031599,Lurnea - Cartwright,2023,49052.0
127031601,Warwick Farm,2019,48197.0
127031601,Warwick Farm,2020,49769.0
127031601,Warwick Farm,2021,51717.0
127031601,Warwick Farm,2022,51878.0
127031601,Warwick Farm,2023,56731.0
127031730,Edmondson Park,2019,62747.0
127031730,Edmondson Park,2020,64177.0
127031730,Edmondson Park,2021,65989.0
127031730,Edmondson Park,2022,68272.0
127031730,Edmondson Park,2023,73846.0
127031731,Liverpool - East,2019,50258.0
127031731,Liverpool - East,2020,50938.0
127031731,Liverpool - East,2021,53979.0
127031731,Liverpool - East,2022,53629.0
127031731,Liverpool - East,2023,59536.0
127031732,Liverpool - West,2019,46531.0
127031732,Liverpool - West,2020,47244.0
127031732,Liverpool - West,2021,48528.0
127031732,Liverpool - West,2022,47150.0
127031732,Liverpool - West,2023,52820.0
127031733,Prestons,2019,55666.0
127031733,Prestons,2020,56605.0
127031733,Prestons,2021,57812.0
127031733,Prestons,2022,58489.0
127031733,Prestons,2023,63362.0
128011529,Gymea - Grays Point,2019,62865.0
128011529,Gymea - Grays Point,2020,65331.0
128011529,Gymea - Grays Point,2021,68493.0
128011529,Gymea - Grays Point,2022,70076.0
128011529,Gymea - Grays Point,2023,75012.0
128011530,Miranda - Yowie Bay,2019,58744.0
128011530,Miranda - Yowie Bay,2020,60075.0
128011530,Miranda - Yowie Bay,2021,64316.0
128011530,Miranda - Yowie Bay,2022,66893.0
128011530,Miranda - Yowie Bay,2023,72596.0
128011531,Sylvania - Taren Point,2019,56816.0
128011531,Sylvania - Taren Point,2020,58300.0
128011531,Sylvania - Taren Point,2021,60004.0
128011531,Sylvania - Taren Point,2022,60986.0
128011531,Sylvania - Taren Point,2023,66348.0
128011602,Caringbah,2019,62339.0
128011602,Caringbah,2020,64000.0
128011602,Caringbah,2021,67325.0
128011602,Caringbah,2022,69011.0
128011602,Caringbah,2023,74799.0
128011603,Caringbah South,2019,60502.0
128011603,Caringbah South,2020,63456.0
128011603,Caringbah South,2021,66894.0
128011603,Caringbah South,2022,70097.0
128011603,Caringbah South,2023,74359.0
128011604,Cronulla - Kurnell - Bundeena,2019,62000.0
128011604,Cronulla - Kurnell - Bundeena,2020,63335.0
128011604,Cronulla - Kurnell - Bundeena,2021,66453.0
128011604,Cronulla - Kurnell - Bundeena,2022,68793.0
128011604,Cronulla - Kurnell - Bundeena,2023,73284.0
128011605,Lilli Pilli - Port Hacking - Dolans Bay,2019,58874.0
128011605,Lilli Pilli - Port Hacking - Dolans Bay,2020,60259.0
128011605,Lilli Pilli - Port Hacking - Dolans Bay,2021,63399.0
128011605,Lilli Pilli - Port Hacking - Dolans Bay,2022,64871.0
128011605,Lilli Pilli - Port Hacking - Dolans Bay,2023,71956.0
128011606,Woolooware - Burraneer,2019,62302.0
128011606,Woolooware - Burraneer,2020,64643.0
128011606,Woolooware - Burraneer,2021,66027.0
128011606,Woolooware - Burraneer,2022,70564.0
128011606,Woolooware - Burraneer,2023,74011.0
128021533,Heathcote - Waterfall,2019,62096.0
128021533,Heathcote - Waterfall,2020,65000.0
128021533,Heathcote - Waterfall,2021,65733.0
128021533,Heathcote - Waterfall,2022,68140.0
128021533,Heathcote - Waterfall,2023,74513.0
128021534,Illawong - Alfords Point,2019,62540.0
128021534,Illawong - Alfords Point,2020,64772.0
128021534,Illawong - Alfords Point,2021,66476.0
128021534,Illawong - Alfords Point,2022,66775.0
128021534,Illawong - Alfords Point,2023,71493.0
128021535,Menai - Lucas Heights - Woronora,2019,61948.0
128021535,Menai - Lucas Heights - Woronora,2020,64239.0
128021535,Menai - Lucas Heights - Woronora,2021,66842.0
128021535,Menai - Lucas Heights - Woronora,2022,69108.0
128021535,Menai - Lucas Heights - Woronora,2023,74414.0
128021536,Oyster Bay - Como - Jannali,2019,65743.0
128021536,Oyster Bay - Como - Jannali,2020,69127.0
128021536,Oyster Bay - Como - Jannali,2021,71762.0
128021536,Oyster Bay - Como - Jannali,2022,74510.0
128021536,Oyster Bay - Como - Jannali,2023,79865.0
128021537,Royal National Park,2019,35250.0
128021537,Royal National Park,2020,38927.0
128021537,Royal National Park,2021,35923.0
128021537,Royal National Park,2022,23276.0
128021537,Royal National Park,2023,48706.0
128021538,Sutherland - Kirrawee,2019,63412.0
128021538,Sutherland - Kirrawee,2020,66021.0
128021538,Sutherland - Kirrawee,2021,68118.0
128021538,Sutherland - Kirrawee,2022,71009.0
128021538,Sutherland - Kirrawee,2023,76032.0
128021607,Engadine,2019,62544.0
128021607,Engadine,2020,64249.0
128021607,Engadine,2021,66550.0
128021607,Engadine,2022,68296.0
128021607,Engadine,2023,73816.0
128021608,Loftus - Yarrawarrah,2019,63554.0
128021608,Loftus - Yarrawarrah,2020,65500.0
128021608,Loftus - Yarrawarrah,2021,67866.0
128021608,Loftus - Yarrawarrah,2022,69978.0
128021608,Loftus - Yarrawarrah,2023,75170.0
128021609,Woronora Heights,2019,62946.0
128021609,Woronora Heights,2020,65925.0
128021609,Woronora Heights,2021,67564.0
128021609,Woronora Heights,2022,69988.0
128021609,Woronora Heights,2023,73454.0
201011001,Alfredton,2019,53491.0
201011001,Alfredton,2020,54900.0
201011001,Alfredton,2021,57537.0
201011001,Alfredton,2022,59712.0
201011001,Alfredton,2023,63479.0
201011002,Ballarat,2019,50998.0
201011002,Ballarat,2020,52763.0
201011002,Ballarat,2021,55093.0
201011002,Ballarat,2022,57305.0
201011002,Ballarat,2023,61927.0
201011005,Buninyong,2019,53501.0
201011005,Buninyong,2020,56053.0
201011005,Buninyong,2021,58397.0
201011005,Buninyong,2022,59154.0
201011005,Buninyong,2023,62154.0
201011006,Delacombe,2019,49812.0
201011006,Delacombe,2020,52798.0
201011006,Delacombe,2021,53413.0
201011006,Delacombe,2022,55003.0
201011006,Delacombe,2023,58244.0
201011007,Smythes Creek,2019,52996.0
201011007,Smythes Creek,2020,54402.0
201011007,Smythes Creek,2021,57048.0
201011007,Smythes Creek,2022,57831.0
201011007,Smythes Creek,2023,59488.0
201011008,Wendouree - Miners Rest,2019,47334.0
201011008,Wendouree - Miners Rest,2020,48642.0
201011008,Wendouree - Miners Rest,2021,50293.0
201011008,Wendouree - Miners Rest,2022,51494.0
201011008,Wendouree - Miners Rest,2023,55350.0
201011481,Ballarat East - Warrenheip,2019,47822.0
201011481,Ballarat East - Warrenheip,2020,49895.0
201011481,Ballarat East - Warrenheip,2021,50902.0
201011481,Ballarat East - Warrenheip,2022,52126.0
201011481,Ballarat East - Warrenheip,2023,56415.0
201011482,Ballarat North - Invermay,2019,52005.0
201011482,Ballarat North - Invermay,2020,54098.0
201011482,Ballarat North - Invermay,2021,57211.0
201011482,Ballarat North - Invermay,2022,59891.0
201011482,Ballarat North - Invermay,2023,62779.0
201011483,Canadian - Mount Clear,2019,48021.0
201011483,Canadian - Mount Clear,2020,49342.0
201011483,Canadian - Mount Clear,2021,51512.0
201011483,Canadian - Mount Clear,2022,53418.0
201011483,Canadian - Mount Clear,2023,57289.0
201011484,Sebastopol - Redan,2019,44258.0
201011484,Sebastopol - Redan,2020,46096.0
201011484,Sebastopol - Redan,2021,47505.0
201011484,Sebastopol - Redan,2022,48294.0
201011484,Sebastopol - Redan,2023,53188.0
201021009,Bacchus Marsh Surrounds,2019,53959.0
201021009,Bacchus Marsh Surrounds,2020,55946.0
201021009,Bacchus Marsh Surrounds,2021,57663.0
201021009,Bacchus Marsh Surrounds,2022,59587.0
201021009,Bacchus Marsh Surrounds,2023,63996.0
201021010,Creswick - Clunes,2019,45971.0
201021010,Creswick - Clunes,2020,48092.0
201021010,Creswick - Clunes,2021,50065.0
201021010,Creswick - Clunes,2022,50730.0
201021010,Creswick - Clunes,2023,53802.0
201021011,Daylesford,2019,43875.0
201021011,Daylesford,2020,46134.0
201021011,Daylesford,2021,48507.0
201021011,Daylesford,2022,49923.0
201021011,Daylesford,2023,52690.0
201021012,Gordon (Vic.),2019,51978.0
201021012,Gordon (Vic.),2020,53925.0
201021012,Gordon (Vic.),2021,55841.0
201021012,Gordon (Vic.),2022,57842.0
201021012,Gordon (Vic.),2023,62471.0
201031013,Avoca,2019,42896.0
201031013,Avoca,2020,43833.0
201031013,Avoca,2021,44299.0
201031013,Avoca,2022,45177.0
201031013,Avoca,2023,50050.0
201031014,Beaufort,2019,44643.0
201031014,Beaufort,2020,46585.0
201031014,Beaufort,2021,49004.0
201031014,Beaufort,2022,50847.0
201031014,Beaufort,2023,53800.0
201031015,Golden Plains - North,2019,47786.0
201031015,Golden Plains - North,2020,49342.0
201031015,Golden Plains - North,2021,52253.0
201031015,Golden Plains - North,2022,52694.0
201031015,Golden Plains - North,2023,56554.0
201031016,Maryborough (Vic.),2019,42281.0
201031016,Maryborough (Vic.),2020,44029.0
201031016,Maryborough (Vic.),2021,46533.0
201031016,Maryborough (Vic.),2022,45021.0
201031016,Maryborough (Vic.),2023,47914.0
201031017,Maryborough Surrounds,2019,40907.0
201031017,Maryborough Surrounds,2020,43412.0
201031017,Maryborough Surrounds,2021,43754.0
201031017,Maryborough Surrounds,2022,44397.0
201031017,Maryborough Surrounds,2023,48769.0
202011018,Bendigo,2019,47312.0
202011018,Bendigo,2020,48804.0
202011018,Bendigo,2021,50406.0
202011018,Bendigo,2022,51950.0
202011018,Bendigo,2023,55120.0
202011019,California Gully - Eaglehawk,2019,46717.0
202011019,California Gully - Eaglehawk,2020,48642.0
202011019,California Gully - Eaglehawk,2021,50723.0
202011019,California Gully - Eaglehawk,2022,51164.0
202011019,California Gully - Eaglehawk,2023,55562.0
202011020,East Bendigo - Kennington,2019,49534.0
202011020,East Bendigo - Kennington,2020,51865.0
202011020,East Bendigo - Kennington,2021,53533.0
202011020,East Bendigo - Kennington,2022,55116.0
202011020,East Bendigo - Kennington,2023,57797.0
202011021,Flora Hill - Spring Gully,2019,49408.0
202011021,Flora Hill - Spring Gully,2020,50600.0
202011021,Flora Hill - Spring Gully,2021,52532.0
202011021,Flora Hill - Spring Gully,2022,54148.0
202011021,Flora Hill - Spring Gully,2023,57242.0
202011022,Kangaroo Flat - Golden Square,2019,48547.0
202011022,Kangaroo Flat - Golden Square,2020,50135.0
202011022,Kangaroo Flat - Golden Square,2021,51807.0
202011022,Kangaroo Flat - Golden Square,2022,52590.0
202011022,Kangaroo Flat - Golden Square,2023,55396.0
202011023,Maiden Gully,2019,52327.0
202011023,Maiden Gully,2020,55364.0
202011023,Maiden Gully,2021,59131.0
202011023,Maiden Gully,2022,60215.0
202011023,Maiden Gully,2023,63384.0
202011024,Strathfieldsaye,2019,55159.0
202011024,Strathfieldsaye,2020,58508.0
202011024,Strathfieldsaye,2021,61550.0
202011024,Strathfieldsaye,2022,62403.0
202011024,Strathfieldsaye,2023,66657.0
202011025,White Hills - Ascot,2019,52049.0
202011025,White Hills - Ascot,2020,54200.0
202011025,White Hills - Ascot,2021,56625.0
202011025,White Hills - Ascot,2022,57718.0
202011025,White Hills - Ascot,2023,61147.0
202021026,Bendigo Surrounds - South,2019,50965.0
202021026,Bendigo Surrounds - South,2020,53335.0
202021026,Bendigo Surrounds - South,2021,56583.0
202021026,Bendigo Surrounds - South,2022,57033.0
202021026,Bendigo Surrounds - South,2023,59489.0
202021027,Castlemaine,2019,44911.0
202021027,Castlemaine,2020,48053.0
202021027,Castlemaine,2021,50124.0
202021027,Castlemaine,2022,50314.0
202021027,Castlemaine,2023,53908.0
202021028,Castlemaine Surrounds,2019,46503.0
202021028,Castlemaine Surrounds,2020,47875.0
202021028,Castlemaine Surrounds,2021,50671.0
202021028,Castlemaine Surrounds,2022,50262.0
202021028,Castlemaine Surrounds,2023,52384.0
202021029,Heathcote,2019,45748.0
202021029,Heathcote,2020,47101.0
202021029,Heathcote,2021,49040.0
202021029,Heathcote,2022,51535.0
202021029,Heathcote,2023,54780.0
202021030,Kyneton,2019,49207.0
202021030,Kyneton,2020,51219.0
202021030,Kyneton,2021,55187.0
202021030,Kyneton,2022,56766.0
202021030,Kyneton,2023,59953.0
202021031,Woodend,2019,58675.0
202021031,Woodend,2020,60029.0
202021031,Woodend,2021,63800.0
202021031,Woodend,2022,65566.0
202021031,Woodend,2023,67784.0
202031032,Bendigo Surrounds - North,2019,47796.0
202031032,Bendigo Surrounds - North,2020,50449.0
202031032,Bendigo Surrounds - North,2021,51393.0
202031032,Bendigo Surrounds - North,2022,51983.0
202031032,Bendigo Surrounds - North,2023,55175.0
202031033,Loddon,2019,41138.0
202031033,Loddon,2020,42056.0
202031033,Loddon,2021,43666.0
202031033,Loddon,2022,43679.0
202031033,Loddon,2023,46367.0
203011034,Bannockburn,2019,55534.0
203011034,Bannockburn,2020,57509.0
203011034,Bannockburn,2021,59602.0
203011034,Bannockburn,2022,60113.0
203011034,Bannockburn,2023,63840.0
203011035,Golden Plains - South,2019,50598.0
203011035,Golden Plains - South,2020,51862.0
203011035,Golden Plains - South,2021,54491.0
203011035,Golden Plains - South,2022,55736.0
203011035,Golden Plains - South,2023,60004.0
203011036,Winchelsea,2019,48590.0
203011036,Winchelsea,2020,50610.0
203011036,Winchelsea,2021,53459.0
203011036,Winchelsea,2022,52936.0
203011036,Winchelsea,2023,56885.0
203021037,Belmont,2019,48972.0
203021037,Belmont,2020,51212.0
203021037,Belmont,2021,54145.0
203021037,Belmont,2022,57182.0
203021037,Belmont,2023,61887.0
203021039,Geelong,2019,50683.0
203021039,Geelong,2020,52281.0
203021039,Geelong,2021,54701.0
203021039,Geelong,2022,57203.0
203021039,Geelong,2023,61348.0
203021040,Geelong West - Hamlyn Heights,2019,55009.0
203021040,Geelong West - Hamlyn Heights,2020,56136.0
203021040,Geelong West - Hamlyn Heights,2021,59658.0
203021040,Geelong West - Hamlyn Heights,2022,62966.0
203021040,Geelong West - Hamlyn Heights,2023,67190.0
203021042,Highton,2019,52320.0
203021042,Highton,2020,54171.0
203021042,Highton,2021,57291.0
203021042,Highton,2022,59835.0
203021042,Highton,2023,62768.0
203021043,Lara,2019,56262.0
203021043,Lara,2020,57625.0
203021043,Lara,2021,59434.0
203021043,Lara,2022,61707.0
203021043,Lara,2023,65453.0
203021044,Leopold,2019,50967.0
203021044,Leopold,2020,52481.0
203021044,Leopold,2021,54745.0
203021044,Leopold,2022,56183.0
203021044,Leopold,2023,59291.0
203021045,Newcomb - Moolap,2019,46357.0
203021045,Newcomb - Moolap,2020,47452.0
203021045,Newcomb - Moolap,2021,48491.0
203021045,Newcomb - Moolap,2022,49869.0
203021045,Newcomb - Moolap,2023,53623.0
203021046,Newtown (Vic.),2019,54606.0
203021046,Newtown (Vic.),2020,56362.0
203021046,Newtown (Vic.),2021,60865.0
203021046,Newtown (Vic.),2022,61545.0
203021046,Newtown (Vic.),2023,65000.0
203021047,North Geelong - Bell Park,2019,50663.0
203021047,North Geelong - Bell Park,2020,50847.0
203021047,North Geelong - Bell Park,2021,53234.0
203021047,North Geelong - Bell Park,2022,55413.0
203021047,North Geelong - Bell Park,2023,59540.0
203021485,Charlemont,2019,54525.0
203021485,Charlemont,2020,55671.0
203021485,Charlemont,2021,58053.0
203021485,Charlemont,2022,61083.0
203021485,Charlemont,2023,65216.0
203021486,Corio - Lovely Banks,2019,44172.0
203021486,Corio - Lovely Banks,2020,45891.0
203021486,Corio - Lovely Banks,2021,47188.0
203021486,Corio - Lovely Banks,2022,48675.0
203021486,Corio - Lovely Banks,2023,52763.0
203021487,Grovedale - Mount Duneed,2019,49791.0
203021487,Grovedale - Mount Duneed,2020,51123.0
203021487,Grovedale - Mount Duneed,2021,53709.0
203021487,Grovedale - Mount Duneed,2022,56756.0
203021487,Grovedale - Mount Duneed,2023,61399.0
203021488,Norlane,2019,39701.0
203021488,Norlane,2020,41753.0
203021488,Norlane,2021,42087.0
203021488,Norlane,2022,43198.0
203021488,Norlane,2023,48081.0
203031048,Clifton Springs,2019,49886.0
203031048,Clifton Springs,2020,50965.0
203031048,Clifton Springs,2021,53300.0
203031048,Clifton Springs,2022,54378.0
203031048,Clifton Springs,2023,58833.0
203031049,Lorne - Anglesea,2019,39778.0
203031049,Lorne - Anglesea,2020,41589.0
203031049,Lorne - Anglesea,2021,44487.0
203031049,Lorne - Anglesea,2022,47065.0
203031049,Lorne - Anglesea,2023,50165.0
203031051,Portarlington,2019,44170.0
203031051,Portarlington,2020,47630.0
203031051,Portarlington,2021,50000.0
203031051,Portarlington,2022,51584.0
203031051,Portarlington,2023,54596.0
203031052,Point Lonsdale - Queenscliff,2019,45843.0
203031052,Point Lonsdale - Queenscliff,2020,48617.0
203031052,Point Lonsdale - Queenscliff,2021,53073.0
203031052,Point Lonsdale - Queenscliff,2022,55281.0
203031052,Point Lonsdale - Queenscliff,2023,58373.0
203031053,Torquay,2019,53631.0
203031053,Torquay,2020,56108.0
203031053,Torquay,2021,59587.0
203031053,Torquay,2022,61427.0
203031053,Torquay,2023,64767.0
203031489,Barwon Heads - Armstrong Creek,2019,53833.0
203031489,Barwon Heads - Armstrong Creek,2020,55560.0
203031489,Barwon Heads - Armstrong Creek,2021,57466.0
203031489,Barwon Heads - Armstrong Creek,2022,60998.0
203031489,Barwon Heads - Armstrong Creek,2023,64553.0
203031490,Ocean Grove,2019,51498.0
203031490,Ocean Grove,2020,52914.0
203031490,Ocean Grove,2021,55833.0
203031490,Ocean Grove,2022,58119.0
203031490,Ocean Grove,2023,62400.0
204011054,Alexandra,2019,42286.0
204011054,Alexandra,2020,43600.0
204011054,Alexandra,2021,45651.0
204011054,Alexandra,2022,47375.0
204011054,Alexandra,2023,49888.0
204011055,Euroa,2019,42990.0
204011055,Euroa,2020,45857.0
204011055,Euroa,2021,46690.0
204011055,Euroa,2022,49061.0
204011055,Euroa,2023,52000.0
204011056,Kilmore - Broadford,2019,52426.0
204011056,Kilmore - Broadford,2020,53859.0
204011056,Kilmore - Broadford,2021,56102.0
204011056,Kilmore - Broadford,2022,57592.0
204011056,Kilmore - Broadford,2023,61710.0
204011057,Mansfield (Vic.),2019,37385.0
204011057,Mansfield (Vic.),2020,39729.0
204011057,Mansfield (Vic.),2021,44822.0
204011057,Mansfield (Vic.),2022,43017.0
204011057,Mansfield (Vic.),2023,46217.0
204011058,Nagambie,2019,47637.0
204011058,Nagambie,2020,48789.0
204011058,Nagambie,2021,51645.0
204011058,Nagambie,2022,52146.0
204011058,Nagambie,2023,56306.0
204011059,Seymour,2019,45058.0
204011059,Seymour,2020,46639.0
204011059,Seymour,2021,47032.0
204011059,Seymour,2022,49366.0
204011059,Seymour,2023,51831.0
204011060,Seymour Surrounds,2019,57174.0
204011060,Seymour Surrounds,2020,58292.0
204011060,Seymour Surrounds,2021,61602.0
204011060,Seymour Surrounds,2022,63210.0
204011060,Seymour Surrounds,2023,67166.0
204011061,Upper Yarra Valley,2019,41416.0
204011061,Upper Yarra Valley,2020,44525.0
204011061,Upper Yarra Valley,2021,44086.0
204011061,Upper Yarra Valley,2022,49098.0
204011061,Upper Yarra Valley,2023,51901.0
204011062,Yea,2019,43175.0
204011062,Yea,2020,45900.0
204011062,Yea,2021,46948.0
204011062,Yea,2022,49338.0
204011062,Yea,2023,52068.0
204021063,Benalla,2019,46153.0
204021063,Benalla,2020,48792.0
204021063,Benalla,2021,50478.0
204021063,Benalla,2022,51244.0
204021063,Benalla,2023,53502.0
204021064,Benalla Surrounds,2019,44622.0
204021064,Benalla Surrounds,2020,45617.0
204021064,Benalla Surrounds,2021,48944.0
204021064,Benalla Surrounds,2022,50776.0
204021064,Benalla Surrounds,2023,53723.0
204021065,Rutherglen,2019,49128.0
204021065,Rutherglen,2020,51724.0
204021065,Rutherglen,2021,52424.0
204021065,Rutherglen,2022,54608.0
204021065,Rutherglen,2023,57549.0
204021066,Wangaratta,2019,47718.0
204021066,Wangaratta,2020,49059.0
204021066,Wangaratta,2021,51353.0
204021066,Wangaratta,2022,52512.0
204021066,Wangaratta,2023,55463.0
204021067,Wangaratta Surrounds,2019,45820.0
204021067,Wangaratta Surrounds,2020,48380.0
204021067,Wangaratta Surrounds,2021,50608.0
204021067,Wangaratta Surrounds,2022,51805.0
204021067,Wangaratta Surrounds,2023,54224.0
204031068,Beechworth,2019,46490.0
204031068,Beechworth,2020,48353.0
204031068,Beechworth,2021,50952.0
204031068,Beechworth,2022,54038.0
204031068,Beechworth,2023,55854.0
204031069,Bright - Mount Beauty,2019,38356.0
204031069,Bright - Mount Beauty,2020,39502.0
204031069,Bright - Mount Beauty,2021,44353.0
204031069,Bright - Mount Beauty,2022,44554.0
204031069,Bright - Mount Beauty,2023,47320.0
204031070,Chiltern - Indigo Valley,2019,52882.0
204031070,Chiltern - Indigo Valley,2020,53214.0
204031070,Chiltern - Indigo Valley,2021,55752.0
204031070,Chiltern - Indigo Valley,2022,56636.0
204031070,Chiltern - Indigo Valley,2023,59016.0
204031071,Myrtleford,2019,42145.0
204031071,Myrtleford,2020,44047.0
204031071,Myrtleford,2021,45949.0
204031071,Myrtleford,2022,47835.0
204031071,Myrtleford,2023,51304.0
204031072,Towong,2019,44022.0
204031072,Towong,2020,45612.0
204031072,Towong,2021,47618.0
204031072,Towong,2022,48469.0
204031072,Towong,2023,51245.0
204031073,West Wodonga,2019,50980.0
204031073,West Wodonga,2020,52671.0
204031073,West Wodonga,2021,54431.0
204031073,West Wodonga,2022,55571.0
204031073,West Wodonga,2023,59044.0
204031075,Yackandandah,2019,51209.0
204031075,Yackandandah,2020,53855.0
204031075,Yackandandah,2021,55183.0
204031075,Yackandandah,2022,57747.0
204031075,Yackandandah,2023,60000.0
204031491,Baranduda - Leneva,2019,56989.0
204031491,Baranduda - Leneva,2020,58612.0
204031491,Baranduda - Leneva,2021,60158.0
204031491,Baranduda - Leneva,2022,62367.0
204031491,Baranduda - Leneva,2023,65518.0
204031492,Wodonga,2019,48322.0
204031492,Wodonga,2020,49996.0
204031492,Wodonga,2021,51297.0
204031492,Wodonga,2022,52255.0
204031492,Wodonga,2023,56009.0
205011076,Drouin,2019,48766.0
205011076,Drouin,2020,50161.0
205011076,Drouin,2021,52297.0
205011076,Drouin,2022,53564.0
205011076,Drouin,2023,58373.0
205011077,Mount Baw Baw Region,2019,45769.0
205011077,Mount Baw Baw Region,2020,47611.0
205011077,Mount Baw Baw Region,2021,49500.0
205011077,Mount Baw Baw Region,2022,49895.0
205011077,Mount Baw Baw Region,2023,54773.0
205011078,Trafalgar (Vic.),2019,50488.0
205011078,Trafalgar (Vic.),2020,51260.0
205011078,Trafalgar (Vic.),2021,53367.0
205011078,Trafalgar (Vic.),2022,54062.0
205011078,Trafalgar (Vic.),2023,57749.0
205011079,Warragul,2019,48410.0
205011079,Warragul,2020,50244.0
205011079,Warragul,2021,53072.0
205011079,Warragul,2022,54878.0
205011079,Warragul,2023,58488.0
205021080,Alps - East,2019,
205021080,Alps - East,2020,
205021080,Alps - East,2021,
205021080,Alps - East,2022,
205021080,Alps - East,2023,
205021081,Bairnsdale,2019,43500.0
205021081,Bairnsdale,2020,45638.0
205021081,Bairnsdale,2021,47309.0
205021081,Bairnsdale,2022,48332.0
205021081,Bairnsdale,2023,51672.0
205021082,Bruthen - Omeo,2019,42585.0
205021082,Bruthen - Omeo,2020,45000.0
205021082,Bruthen - Omeo,2021,46713.0
205021082,Bruthen - Omeo,2022,47155.0
205021082,Bruthen - Omeo,2023,49333.0
205021083,Lake King,2019,
205021083,Lake King,2020,
205021083,Lake King,2021,
205021083,Lake King,2022,
205021083,Lake King,2023,
205021084,Lakes Entrance,2019,39082.0
205021084,Lakes Entrance,2020,40365.0
205021084,Lakes Entrance,2021,41363.0
205021084,Lakes Entrance,2022,42017.0
205021084,Lakes Entrance,2023,45024.0
205021085,Orbost,2019,36672.0
205021085,Orbost,2020,39050.0
205021085,Orbost,2021,40000.0
205021085,Orbost,2022,40237.0
205021085,Orbost,2023,43130.0
205021086,Paynesville,2019,42034.0
205021086,Paynesville,2020,43178.0
205021086,Paynesville,2021,45902.0
205021086,Paynesville,2022,46800.0
205021086,Paynesville,2023,50378.0
205031087,Foster,2019,38277.0
205031087,Foster,2020,41488.0
205031087,Foster,2021,44000.0
205031087,Foster,2022,44289.0
205031087,Foster,2023,45568.0
205031088,French Island,2019,17987.0
205031088,French Island,2020,21023.0
205031088,French Island,2021,21900.0
205031088,French Island,2022,27335.0
205031088,French Island,2023,39245.0
205031089,Korumburra,2019,44115.0
205031089,Korumburra,2020,46426.0
205031089,Korumburra,2021,48682.0
205031089,Korumburra,2022,50290.0
205031089,Korumburra,2023,52545.0
205031090,Leongatha,2019,44694.0
205031090,Leongatha,2020,46466.0
205031090,Leongatha,2021,48507.0
205031090,Leongatha,2022,49454.0
205031090,Leongatha,2023,52828.0
205031091,Phillip Island,2019,37416.0
205031091,Phillip Island,2020,38504.0
205031091,Phillip Island,2021,41622.0
205031091,Phillip Island,2022,42628.0
205031091,Phillip Island,2023,46586.0
205031092,Wilsons Promontory,2019,65785.0
205031092,Wilsons Promontory,2020,73486.0
205031092,Wilsons Promontory,2021,
205031092,Wilsons Promontory,2022,60811.0
205031092,Wilsons Promontory,2023,88228.0
205031093,Wonthaggi - Inverloch,2019,41641.0
205031093,Wonthaggi - Inverloch,2020,44585.0
205031093,Wonthaggi - Inverloch,2021,46364.0
205031093,Wonthaggi - Inverloch,2022,47009.0
205031093,Wonthaggi - Inverloch,2023,50610.0
205041094,Churchill,2019,51752.0
205041094,Churchill,2020,52570.0
205041094,Churchill,2021,54677.0
205041094,Churchill,2022,56343.0
205041094,Churchill,2023,59994.0
205041095,Moe - Newborough,2019,46876.0
205041095,Moe - Newborough,2020,48488.0
205041095,Moe - Newborough,2021,49539.0
205041095,Moe - Newborough,2022,50455.0
205041095,Moe - Newborough,2023,54728.0
205041096,Morwell,2019,43323.0
205041096,Morwell,2020,44779.0
205041096,Morwell,2021,44668.0
205041096,Morwell,2022,45107.0
205041096,Morwell,2023,48734.0
205041098,Yallourn North - Glengarry,2019,53900.0
205041098,Yallourn North - Glengarry,2020,55196.0
205041098,Yallourn North - Glengarry,2021,57525.0
205041098,Yallourn North - Glengarry,2022,60761.0
205041098,Yallourn North - Glengarry,2023,62901.0
205041493,Traralgon - East,2019,51303.0
205041493,Traralgon - East,2020,54072.0
205041493,Traralgon - East,2021,54885.0
205041493,Traralgon - East,2022,56925.0
205041493,Traralgon - East,2023,60099.0
205041494,Traralgon - West,2019,56573.0
205041494,Traralgon - West,2020,59265.0
205041494,Traralgon - West,2021,60215.0
205041494,Traralgon - West,2022,61123.0
205041494,Traralgon - West,2023,64975.0
205051099,Alps - West,2019,33919.0
205051099,Alps - West,2020,17600.0
205051099,Alps - West,2021,56789.0
205051099,Alps - West,2022,36622.0
205051099,Alps - West,2023,32707.0
205051100,Longford - Loch Sport,2019,47412.0
205051100,Longford - Loch Sport,2020,50468.0
205051100,Longford - Loch Sport,2021,51324.0
205051100,Longford - Loch Sport,2022,50697.0
205051100,Longford - Loch Sport,2023,54224.0
205051101,Maffra,2019,48038.0
205051101,Maffra,2020,49618.0
205051101,Maffra,2021,50471.0
205051101,Maffra,2022,52628.0
205051101,Maffra,2023,54693.0
205051102,Rosedale,2019,45340.0
205051102,Rosedale,2020,49442.0
205051102,Rosedale,2021,52868.0
205051102,Rosedale,2022,53463.0
205051102,Rosedale,2023,55817.0
205051103,Sale,2019,49554.0
205051103,Sale,2020,51049.0
205051103,Sale,2021,51541.0
205051103,Sale,2022,52995.0
205051103,Sale,2023,56386.0
205051104,Yarram,2019,43120.0
205051104,Yarram,2020,44530.0
205051104,Yarram,2021,46910.0
205051104,Yarram,2022,46125.0
205051104,Yarram,2023,48365.0
206011106,Brunswick East,2019,59011.0
206011106,Brunswick East,2020,62140.0
206011106,Brunswick East,2021,68762.0
206011106,Brunswick East,2022,73078.0
206011106,Brunswick East,2023,75263.0
206011107,Brunswick West,2019,56393.0
206011107,Brunswick West,2020,57783.0
206011107,Brunswick West,2021,61617.0
206011107,Brunswick West,2022,65338.0
206011107,Brunswick West,2023,68276.0
206011109,Pascoe Vale South,2019,60306.0
206011109,Pascoe Vale South,2020,62513.0
206011109,Pascoe Vale South,2021,64743.0
206011109,Pascoe Vale South,2022,68192.0
206011109,Pascoe Vale South,2023,72571.0
206011495,Brunswick - North,2019,52926.0
206011495,Brunswick - North,2020,55346.0
206011495,Brunswick - North,2021,61654.0
206011495,Brunswick - North,2022,66427.0
206011495,Brunswick - North,2023,69726.0
206011496,Brunswick - South,2019,58533.0
206011496,Brunswick - South,2020,61846.0
206011496,Brunswick - South,2021,67432.0
206011496,Brunswick - South,2022,70313.0
206011496,Brunswick - South,2023,72396.0
206011497,Coburg - East,2019,53690.0
206011497,Coburg - East,2020,54794.0
206011497,Coburg - East,2021,58674.0
206011497,Coburg - East,2022,62820.0
206011497,Coburg - East,2023,66019.0
206011498,Coburg - West,2019,56483.0
206011498,Coburg - West,2020,58334.0
206011498,Coburg - West,2021,63912.0
206011498,Coburg - West,2022,66915.0
206011498,Coburg - West,2023,70526.0
206021110,Alphington - Fairfield,2019,60525.0
206021110,Alphington - Fairfield,2020,64674.0
206021110,Alphington - Fairfield,2021,68971.0
206021110,Alphington - Fairfield,2022,71092.0
206021110,Alphington - Fairfield,2023,74480.0
206021112,Thornbury,2019,58993.0
206021112,Thornbury,2020,61511.0
206021112,Thornbury,2021,65479.0
206021112,Thornbury,2022,69467.0
206021112,Thornbury,2023,72647.0
206021499,Northcote - East,2019,62496.0
206021499,Northcote - East,2020,65360.0
206021499,Northcote - East,2021,70975.0
206021499,Northcote - East,2022,73062.0
206021499,Northcote - East,2023,75899.0
206021500,Northcote - West,2019,62400.0
206021500,Northcote - West,2020,65954.0
206021500,Northcote - West,2021,70319.0
206021500,Northcote - West,2022,74992.0
206021500,Northcote - West,2023,77703.0
206031113,Ascot Vale,2019,62539.0
206031113,Ascot Vale,2020,65188.0
206031113,Ascot Vale,2021,68744.0
206031113,Ascot Vale,2022,72658.0
206031113,Ascot Vale,2023,73692.0
206031115,Flemington,2019,52768.0
206031115,Flemington,2020,54954.0
206031115,Flemington,2021,58302.0
206031115,Flemington,2022,60089.0
206031115,Flemington,2023,63015.0
206031116,Moonee Ponds,2019,61977.0
206031116,Moonee Ponds,2020,64070.0
206031116,Moonee Ponds,2021,68259.0
206031116,Moonee Ponds,2022,72543.0
206031116,Moonee Ponds,2023,75876.0
206031501,Essendon (West) - Aberfeldie,2019,58847.0
206031501,Essendon (West) - Aberfeldie,2020,60197.0
206031501,Essendon (West) - Aberfeldie,2021,63146.0
206031501,Essendon (West) - Aberfeldie,2022,65361.0
206031501,Essendon (West) - Aberfeldie,2023,70564.0
206031502,Essendon - East,2019,60249.0
206031502,Essendon - East,2020,61806.0
206031502,Essendon - East,2021,64655.0
206031502,Essendon - East,2022,68587.0
206031502,Essendon - East,2023,71547.0
206041117,Carlton,2019,31432.0
206041117,Carlton,2020,33077.0
206041117,Carlton,2021,37422.0
206041117,Carlton,2022,35832.0
206041117,Carlton,2023,33229.0
206041118,Docklands,2019,50463.0
206041118,Docklands,2020,54974.0
206041118,Docklands,2021,64801.0
206041118,Docklands,2022,66244.0
206041118,Docklands,2023,67797.0
206041119,East Melbourne,2019,66292.0
206041119,East Melbourne,2020,70213.0
206041119,East Melbourne,2021,75876.0
206041119,East Melbourne,2022,77851.0
206041119,East Melbourne,2023,76593.0
206041120,Flemington Racecourse,2019,39314.0
206041120,Flemington Racecourse,2020,57549.0
206041120,Flemington Racecourse,2021,55127.0
206041120,Flemington Racecourse,2022,61316.0
206041120,Flemington Racecourse,2023,64950.0
206041121,Kensington (Vic.),2019,67723.0
206041121,Kensington (Vic.),2020,70156.0
206041121,Kensington (Vic.),2021,74397.0
206041121,Kensington (Vic.),2022,78132.0
206041121,Kensington (Vic.),2023,80091.0
206041124,Parkville,2019,44281.0
206041124,Parkville,2020,45311.0
206041124,Parkville,2021,47285.0
206041124,Parkville,2022,47664.0
206041124,Parkville,2023,46746.0
206041125,South Yarra - West,2019,61873.0
206041125,South Yarra - West,2020,59226.0
206041125,South Yarra - West,2021,72369.0
206041125,South Yarra - West,2022,78940.0
206041125,South Yarra - West,2023,77833.0
206041127,West Melbourne - Industrial,2019,
206041127,West Melbourne - Industrial,2020,40916.0
206041127,West Melbourne - Industrial,2021,45638.0
206041127,West Melbourne - Industrial,2022,
206041127,West Melbourne - Industrial,2023,
206041503,Melbourne CBD - East,2019,24407.0
206041503,Melbourne CBD - East,2020,25893.0
206041503,Melbourne CBD - East,2021,37923.0
206041503,Melbourne CBD - East,2022,45000.0
206041503,Melbourne CBD - East,2023,42876.0
206041504,Melbourne CBD - North,2019,19548.0
206041504,Melbourne CBD - North,2020,19736.0
206041504,Melbourne CBD - North,2021,26725.0
206041504,Melbourne CBD - North,2022,30839.0
206041504,Melbourne CBD - North,2023,29613.0
206041505,Melbourne CBD - West,2019,22676.0
206041505,Melbourne CBD - West,2020,23841.0
206041505,Melbourne CBD - West,2021,36207.0
206041505,Melbourne CBD - West,2022,43328.0
206041505,Melbourne CBD - West,2023,39365.0
206041506,North Melbourne,2019,46384.0
206041506,North Melbourne,2020,48507.0
206041506,North Melbourne,2021,56394.0
206041506,North Melbourne,2022,55707.0
206041506,North Melbourne,2023,56460.0
206041507,Royal Botanic Gardens Victoria,2019,18066.0
206041507,Royal Botanic Gardens Victoria,2020,30251.0
206041507,Royal Botanic Gardens Victoria,2021,
206041507,Royal Botanic Gardens Victoria,2022,38078.0
206041507,Royal Botanic Gardens Victoria,2023,27568.0
206041508,Southbank (West) - South Wharf,2019,53994.0
206041508,Southbank (West) - South Wharf,2020,54773.0
206041508,Southbank (West) - South Wharf,2021,60875.0
206041508,Southbank (West) - South Wharf,2022,64008.0
206041508,Southbank (West) - South Wharf,2023,65757.0
206041509,Southbank - East,2019,49548.0
206041509,Southbank - East,2020,48200.0
206041509,Southbank - East,2021,54974.0
206041509,Southbank - East,2022,60401.0
206041509,Southbank - East,2023,62641.0
206041510,West Melbourne - Residential,2019,41226.0
206041510,West Melbourne - Residential,2020,43781.0
206041510,West Melbourne - Residential,2021,54039.0
206041510,West Melbourne - Residential,2022,55908.0
206041510,West Melbourne - Residential,2023,56906.0
206051128,Albert Park,2019,65601.0
206051128,Albert Park,2020,68000.0
206051128,Albert Park,2021,72145.0
206051128,Albert Park,2022,75611.0
206051128,Albert Park,2023,75550.0
206051129,Elwood,2019,65247.0
206051129,Elwood,2020,67030.0
206051129,Elwood,2021,72692.0
206051129,Elwood,2022,74999.0
206051129,Elwood,2023,75892.0
206051130,Port Melbourne,2019,76974.0
206051130,Port Melbourne,2020,78998.0
206051130,Port Melbourne,2021,82015.0
206051130,Port Melbourne,2022,86442.0
206051130,Port Melbourne,2023,88481.0
206051134,St Kilda East,2019,57265.0
206051134,St Kilda East,2020,58662.0
206051134,St Kilda East,2021,64218.0
206051134,St Kilda East,2022,67788.0
206051134,St Kilda East,2023,68380.0
206051511,Port Melbourne Industrial,2019,39995.0
206051511,Port Melbourne Industrial,2020,53589.0
206051511,Port Melbourne Industrial,2021,60438.0
206051511,Port Melbourne Industrial,2022,67083.0
206051511,Port Melbourne Industrial,2023,67947.0
206051512,South Melbourne,2019,64422.0
206051512,South Melbourne,2020,68231.0
206051512,South Melbourne,2021,71600.0
206051512,South Melbourne,2022,76555.0
206051512,South Melbourne,2023,74976.0
206051513,St Kilda - Central,2019,54130.0
206051513,St Kilda - Central,2020,55631.0
206051513,St Kilda - Central,2021,63732.0
206051513,St Kilda - Central,2022,68168.0
206051513,St Kilda - Central,2023,66048.0
206051514,St Kilda - West,2019,51822.0
206051514,St Kilda - West,2020,53779.0
206051514,St Kilda - West,2021,63688.0
206051514,St Kilda - West,2022,66104.0
206051514,St Kilda - West,2023,63589.0
206061135,Armadale,2019,64498.0
206061135,Armadale,2020,67745.0
206061135,Armadale,2021,71484.0
206061135,Armadale,2022,75798.0
206061135,Armadale,2023,79420.0
206061136,Prahran - Windsor,2019,64026.0
206061136,Prahran - Windsor,2020,66918.0
206061136,Prahran - Windsor,2021,71870.0
206061136,Prahran - Windsor,2022,76448.0
206061136,Prahran - Windsor,2023,77272.0
206061138,Toorak,2019,59391.0
206061138,Toorak,2020,60000.0
206061138,Toorak,2021,65000.0
206061138,Toorak,2022,68081.0
206061138,Toorak,2023,71121.0
206061515,South Yarra - North,2019,63499.0
206061515,South Yarra - North,2020,65862.0
206061515,South Yarra - North,2021,70196.0
206061515,South Yarra - North,2022,73357.0
206061515,South Yarra - North,2023,73107.0
206061516,South Yarra - South,2019,64393.0
206061516,South Yarra - South,2020,66106.0
206061516,South Yarra - South,2021,71530.0
206061516,South Yarra - South,2022,75787.0
206061516,South Yarra - South,2023,75273.0
206071139,Abbotsford,2019,61822.0
206071139,Abbotsford,2020,65911.0
206071139,Abbotsford,2021,70789.0
206071139,Abbotsford,2022,74787.0
206071139,Abbotsford,2023,76252.0
206071140,Carlton North - Princes Hill,2019,57215.0
206071140,Carlton North - Princes Hill,2020,57625.0
206071140,Carlton North - Princes Hill,2021,63877.0
206071140,Carlton North - Princes Hill,2022,67991.0
206071140,Carlton North - Princes Hill,2023,70440.0
206071141,Collingwood,2019,61269.0
206071141,Collingwood,2020,64363.0
206071141,Collingwood,2021,70326.0
206071141,Collingwood,2022,75000.0
206071141,Collingwood,2023,80402.0
206071142,Fitzroy,2019,56209.0
206071142,Fitzroy,2020,60413.0
206071142,Fitzroy,2021,69767.0
206071142,Fitzroy,2022,72579.0
206071142,Fitzroy,2023,71962.0
206071143,Fitzroy North,2019,62227.0
206071143,Fitzroy North,2020,65000.0
206071143,Fitzroy North,2021,69884.0
206071143,Fitzroy North,2022,73351.0
206071143,Fitzroy North,2023,74946.0
206071145,Clifton Hill - Alphington,2019,69428.0
206071145,Clifton Hill - Alphington,2020,71667.0
206071145,Clifton Hill - Alphington,2021,77031.0
206071145,Clifton Hill - Alphington,2022,82292.0
206071145,Clifton Hill - Alphington,2023,83256.0
206071517,Richmond (South) - Cremorne,2019,72640.0
206071517,Richmond (South) - Cremorne,2020,75948.0
206071517,Richmond (South) - Cremorne,2021,80515.0
206071517,Richmond (South) - Cremorne,2022,84823.0
206071517,Richmond (South) - Cremorne,2023,85165.0
206071518,Richmond - North,2019,61668.0
206071518,Richmond - North,2020,63892.0
206071518,Richmond - North,2021,69844.0
206071518,Richmond - North,2022,72575.0
206071518,Richmond - North,2023,75845.0
207011146,Ashburton (Vic.),2019,62552.0
207011146,Ashburton (Vic.),2020,65466.0
207011146,Ashburton (Vic.),2021,69561.0
207011146,Ashburton (Vic.),2022,71925.0
207011146,Ashburton (Vic.),2023,74196.0
207011147,Balwyn,2019,52137.0
207011147,Balwyn,2020,54268.0
207011147,Balwyn,2021,56517.0
207011147,Balwyn,2022,58542.0
207011147,Balwyn,2023,62000.0
207011148,Balwyn North,2019,53023.0
207011148,Balwyn North,2020,54000.0
207011148,Balwyn North,2021,57073.0
207011148,Balwyn North,2022,59551.0
207011148,Balwyn North,2023,63817.0
207011149,Camberwell,2019,60467.0
207011149,Camberwell,2020,61723.0
207011149,Camberwell,2021,65865.0
207011149,Camberwell,2022,68221.0
207011149,Camberwell,2023,71560.0
207011150,Glen Iris - East,2019,64378.0
207011150,Glen Iris - East,2020,67013.0
207011150,Glen Iris - East,2021,71001.0
207011150,Glen Iris - East,2022,73086.0
207011150,Glen Iris - East,2023,76014.0
207011152,Hawthorn East,2019,60000.0
207011152,Hawthorn East,2020,62675.0
207011152,Hawthorn East,2021,66913.0
207011152,Hawthorn East,2022,70554.0
207011152,Hawthorn East,2023,74222.0
207011154,Kew East,2019,59741.0
207011154,Kew East,2020,59993.0
207011154,Kew East,2021,62066.0
207011154,Kew East,2022,64358.0
207011154,Kew East,2023,68518.0
207011155,Surrey Hills (West) - Canterbury,2019,60750.0
207011155,Surrey Hills (West) - Canterbury,2020,62220.0
207011155,Surrey Hills (West) - Canterbury,2021,65707.0
207011155,Surrey Hills (West) - Canterbury,2022,67330.0
207011155,Surrey Hills (West) - Canterbury,2023,70000.0
207011519,Hawthorn - North,2019,60048.0
207011519,Hawthorn - North,2020,63275.0
207011519,Hawthorn - North,2021,67068.0
207011519,Hawthorn - North,2022,68985.0
207011519,Hawthorn - North,2023,69687.0
207011520,Hawthorn - South,2019,59131.0
207011520,Hawthorn - South,2020,61754.0
207011520,Hawthorn - South,2021,65222.0
207011520,Hawthorn - South,2022,68046.0
207011520,Hawthorn - South,2023,69166.0
207011521,Kew - South,2019,56237.0
207011521,Kew - South,2020,60000.0
207011521,Kew - South,2021,64395.0
207011521,Kew - South,2022,66495.0
207011521,Kew - South,2023,66871.0
207011522,Kew - West,2019,59360.0
207011522,Kew - West,2020,61016.0
207011522,Kew - West,2021,65780.0
207011522,Kew - West,2022,69391.0
207011522,Kew - West,2023,71921.0
207021156,Bulleen,2019,53576.0
207021156,Bulleen,2020,55094.0
207021156,Bulleen,2021,57575.0
207021156,Bulleen,2022,60234.0
207021156,Bulleen,2023,65057.0
207021157,Doncaster,2019,47238.0
207021157,Doncaster,2020,47714.0
207021157,Doncaster,2021,50066.0
207021157,Doncaster,2022,54013.0
207021157,Doncaster,2023,59061.0
207021159,Templestowe,2019,51986.0
207021159,Templestowe,2020,53499.0
207021159,Templestowe,2021,54597.0
207021159,Templestowe,2022,57546.0
207021159,Templestowe,2023,63280.0
207021160,Templestowe Lower,2019,54554.0
207021160,Templestowe Lower,2020,55704.0
207021160,Templestowe Lower,2021,57971.0
207021160,Templestowe Lower,2022,60324.0
207021160,Templestowe Lower,2023,66297.0
207021424,Doncaster East - North,2019,50936.0
207021424,Doncaster East - North,2020,51584.0
207021424,Doncaster East - North,2021,54391.0
207021424,Doncaster East - North,2022,56645.0
207021424,Doncaster East - North,2023,62033.0
207021425,Doncaster East - South,2019,49427.0
207021425,Doncaster East - South,2020,51185.0
207021425,Doncaster East - South,2021,52309.0
207021425,Doncaster East - South,2022,56715.0
207021425,Doncaster East - South,2023,62875.0
207031161,Blackburn,2019,55141.0
207031161,Blackburn,2020,56813.0
207031161,Blackburn,2021,60317.0
207031161,Blackburn,2022,63413.0
207031161,Blackburn,2023,66520.0
207031162,Blackburn South,2019,53344.0
207031162,Blackburn South,2020,53405.0
207031162,Blackburn South,2021,57000.0
207031162,Blackburn South,2022,59999.0
207031162,Blackburn South,2023,64721.0
207031163,Box Hill,2019,40886.0
207031163,Box Hill,2020,41288.0
207031163,Box Hill,2021,45000.0
207031163,Box Hill,2022,48144.0
207031163,Box Hill,2023,52101.0
207031164,Box Hill North,2019,52209.0
207031164,Box Hill North,2020,53377.0
207031164,Box Hill North,2021,57205.0
207031164,Box Hill North,2022,59075.0
207031164,Box Hill North,2023,62390.0
207031165,Burwood (Vic.),2019,34716.0
207031165,Burwood (Vic.),2020,36436.0
207031165,Burwood (Vic.),2021,43614.0
207031165,Burwood (Vic.),2022,46106.0
207031165,Burwood (Vic.),2023,49194.0
207031166,Burwood East,2019,46705.0
207031166,Burwood East,2020,47663.0
207031166,Burwood East,2021,50168.0
207031166,Burwood East,2022,54605.0
207031166,Burwood East,2023,59934.0
207031167,Surrey Hills (East) - Mont Albert,2019,61169.0
207031167,Surrey Hills (East) - Mont Albert,2020,63165.0
207031167,Surrey Hills (East) - Mont Albert,2021,67385.0
207031167,Surrey Hills (East) - Mont Albert,2022,69605.0
207031167,Surrey Hills (East) - Mont Albert,2023,74246.0
208011168,Beaumaris,2019,58800.0
208011168,Beaumaris,2020,60788.0
208011168,Beaumaris,2021,65173.0
208011168,Beaumaris,2022,66095.0
208011168,Beaumaris,2023,70301.0
208011169,Brighton (Vic.),2019,60078.0
208011169,Brighton (Vic.),2020,61933.0
208011169,Brighton (Vic.),2021,65790.0
208011169,Brighton (Vic.),2022,67364.0
208011169,Brighton (Vic.),2023,71936.0
208011170,Brighton East,2019,60225.0
208011170,Brighton East,2020,62123.0
208011170,Brighton East,2021,65152.0
208011170,Brighton East,2022,67894.0
208011170,Brighton East,2023,71285.0
208011171,Highett (West) - Cheltenham,2019,63183.0
208011171,Highett (West) - Cheltenham,2020,65830.0
208011171,Highett (West) - Cheltenham,2021,68641.0
208011171,Highett (West) - Cheltenham,2022,71598.0
208011171,Highett (West) - Cheltenham,2023,76648.0
208011172,Hampton,2019,60863.0
208011172,Hampton,2020,64034.0
208011172,Hampton,2021,68497.0
208011172,Hampton,2022,70164.0
208011172,Hampton,2023,73331.0
208011173,Sandringham - Black Rock,2019,61976.0
208011173,Sandringham - Black Rock,2020,65110.0
208011173,Sandringham - Black Rock,2021,67580.0
208011173,Sandringham - Black Rock,2022,70354.0
208011173,Sandringham - Black Rock,2023,72309.0
208021174,Bentleigh - McKinnon,2019,58238.0
208021174,Bentleigh - McKinnon,2020,60940.0
208021174,Bentleigh - McKinnon,2021,65044.0
208021174,Bentleigh - McKinnon,2022,68356.0
208021174,Bentleigh - McKinnon,2023,72360.0
208021176,Carnegie,2019,55379.0
208021176,Carnegie,2020,58699.0
208021176,Carnegie,2021,62079.0
208021176,Carnegie,2022,65944.0
208021176,Carnegie,2023,69406.0
208021177,Caulfield - North,2019,50000.0
208021177,Caulfield - North,2020,51979.0
208021177,Caulfield - North,2021,56130.0
208021177,Caulfield - North,2022,59123.0
208021177,Caulfield - North,2023,60748.0
208021178,Caulfield - South,2019,55377.0
208021178,Caulfield - South,2020,56631.0
208021178,Caulfield - South,2021,60282.0
208021178,Caulfield - South,2022,65443.0
208021178,Caulfield - South,2023,68565.0
208021179,Elsternwick,2019,61032.0
208021179,Elsternwick,2020,63775.0
208021179,Elsternwick,2021,67962.0
208021179,Elsternwick,2022,70229.0
208021179,Elsternwick,2023,72270.0
208021180,Hughesdale,2019,55665.0
208021180,Hughesdale,2020,58816.0
208021180,Hughesdale,2021,62129.0
208021180,Hughesdale,2022,65045.0
208021180,Hughesdale,2023,69522.0
208021181,Murrumbeena,2019,57077.0
208021181,Murrumbeena,2020,60243.0
208021181,Murrumbeena,2021,64991.0
208021181,Murrumbeena,2022,67861.0
208021181,Murrumbeena,2023,71649.0
208021182,Ormond - Glen Huntly,2019,55153.0
208021182,Ormond - Glen Huntly,2020,57884.0
208021182,Ormond - Glen Huntly,2021,61143.0
208021182,Ormond - Glen Huntly,2022,64512.0
208021182,Ormond - Glen Huntly,2023,67258.0
208021426,Bentleigh East - North,2019,58485.0
208021426,Bentleigh East - North,2020,60835.0
208021426,Bentleigh East - North,2021,63521.0
208021426,Bentleigh East - North,2022,66120.0
208021426,Bentleigh East - North,2023,70781.0
208021427,Bentleigh East - South,2019,57982.0
208021427,Bentleigh East - South,2020,60968.0
208021427,Bentleigh East - South,2021,64143.0
208021427,Bentleigh East - South,2022,68155.0
208021427,Bentleigh East - South,2023,72913.0
208031183,Aspendale Gardens - Waterways,2019,55652.0
208031183,Aspendale Gardens - Waterways,2020,56858.0
208031183,Aspendale Gardens - Waterways,2021,58971.0
208031183,Aspendale Gardens - Waterways,2022,61457.0
208031183,Aspendale Gardens - Waterways,2023,65719.0
208031184,Braeside,2019,45615.0
208031184,Braeside,2020,55011.0
208031184,Braeside,2021,59857.0
208031184,Braeside,2022,61187.0
208031184,Braeside,2023,54064.0
208031185,Carrum - Patterson Lakes,2019,56811.0
208031185,Carrum - Patterson Lakes,2020,59250.0
208031185,Carrum - Patterson Lakes,2021,60848.0
208031185,Carrum - Patterson Lakes,2022,63450.0
208031185,Carrum - Patterson Lakes,2023,68143.0
208031186,Chelsea - Bonbeach,2019,59665.0
208031186,Chelsea - Bonbeach,2020,61103.0
208031186,Chelsea - Bonbeach,2021,64937.0
208031186,Chelsea - Bonbeach,2022,68557.0
208031186,Chelsea - Bonbeach,2023,72493.0
208031187,Chelsea Heights,2019,55612.0
208031187,Chelsea Heights,2020,57324.0
208031187,Chelsea Heights,2021,59690.0
208031187,Chelsea Heights,2022,62163.0
208031187,Chelsea Heights,2023,67322.0
208031188,Highett (East) - Cheltenham,2019,58954.0
208031188,Highett (East) - Cheltenham,2020,60527.0
208031188,Highett (East) - Cheltenham,2021,63446.0
208031188,Highett (East) - Cheltenham,2022,66614.0
208031188,Highett (East) - Cheltenham,2023,72148.0
208031189,Edithvale - Aspendale,2019,60491.0
208031189,Edithvale - Aspendale,2020,62530.0
208031189,Edithvale - Aspendale,2021,66004.0
208031189,Edithvale - Aspendale,2022,68029.0
208031189,Edithvale - Aspendale,2023,72861.0
208031190,Mentone,2019,60282.0
208031190,Mentone,2020,62632.0
208031190,Mentone,2021,64893.0
208031190,Mentone,2022,68092.0
208031190,Mentone,2023,71951.0
208031191,Moorabbin - Heatherton,2019,56595.0
208031191,Moorabbin - Heatherton,2020,58892.0
208031191,Moorabbin - Heatherton,2021,63012.0
208031191,Moorabbin - Heatherton,2022,65827.0
208031191,Moorabbin - Heatherton,2023,69895.0
208031192,Moorabbin Airport,2019,58315.0
208031192,Moorabbin Airport,2020,41999.0
208031192,Moorabbin Airport,2021,61754.0
208031192,Moorabbin Airport,2022,55365.0
208031192,Moorabbin Airport,2023,76897.0
208031193,Mordialloc - Parkdale,2019,62252.0
208031193,Mordialloc - Parkdale,2020,63579.0
208031193,Mordialloc - Parkdale,2021,65583.0
208031193,Mordialloc - Parkdale,2022,68247.0
208031193,Mordialloc - Parkdale,2023,72136.0
208041194,Malvern - Glen Iris,2019,61797.0
208041194,Malvern - Glen Iris,2020,64618.0
208041194,Malvern - Glen Iris,2021,68022.0
208041194,Malvern - Glen Iris,2022,70816.0
208041194,Malvern - Glen Iris,2023,73055.0
208041195,Malvern East,2019,55316.0
208041195,Malvern East,2020,57697.0
208041195,Malvern East,2021,62527.0
208041195,Malvern East,2022,65033.0
208041195,Malvern East,2023,67654.0
209011196,Bundoora - East,2019,49392.0
209011196,Bundoora - East,2020,51499.0
209011196,Bundoora - East,2021,54088.0
209011196,Bundoora - East,2022,55615.0
209011196,Bundoora - East,2023,60238.0
209011197,Greensborough,2019,59345.0
209011197,Greensborough,2020,61592.0
209011197,Greensborough,2021,64810.0
209011197,Greensborough,2022,68478.0
209011197,Greensborough,2023,73037.0
209011198,Heidelberg - Rosanna,2019,63641.0
209011198,Heidelberg - Rosanna,2020,66052.0
209011198,Heidelberg - Rosanna,2021,69397.0
209011198,Heidelberg - Rosanna,2022,73039.0
209011198,Heidelberg - Rosanna,2023,76658.0
209011199,Heidelberg West,2019,50981.0
209011199,Heidelberg West,2020,52358.0
209011199,Heidelberg West,2021,57376.0
209011199,Heidelberg West,2022,61305.0
209011199,Heidelberg West,2023,66002.0
209011200,Ivanhoe,2019,63187.0
209011200,Ivanhoe,2020,66321.0
209011200,Ivanhoe,2021,69447.0
209011200,Ivanhoe,2022,72727.0
209011200,Ivanhoe,2023,75888.0
209011201,Ivanhoe East - Eaglemont,2019,61488.0
209011201,Ivanhoe East - Eaglemont,2020,63305.0
209011201,Ivanhoe East - Eaglemont,2021,67276.0
209011201,Ivanhoe East - Eaglemont,2022,69095.0
209011201,Ivanhoe East - Eaglemont,2023,72086.0
209011202,Montmorency - Briar Hill,2019,60031.0
209011202,Montmorency - Briar Hill,2020,62500.0
209011202,Montmorency - Briar Hill,2021,65387.0
209011202,Montmorency - Briar Hill,2022,68073.0
209011202,Montmorency - Briar Hill,2023,73137.0
209011203,Viewbank - Yallambie,2019,60294.0
209011203,Viewbank - Yallambie,2020,63182.0
209011203,Viewbank - Yallambie,2021,66187.0
209011203,Viewbank - Yallambie,2022,68014.0
209011203,Viewbank - Yallambie,2023,72694.0
209011204,Watsonia,2019,59036.0
209011204,Watsonia,2020,61673.0
209011204,Watsonia,2021,64935.0
209011204,Watsonia,2022,67859.0
209011204,Watsonia,2023,74076.0
209021205,Kingsbury,2019,41166.0
209021205,Kingsbury,2020,43586.0
209021205,Kingsbury,2021,48030.0
209021205,Kingsbury,2022,52957.0
209021205,Kingsbury,2023,56473.0
209021428,Preston - East,2019,52630.0
209021428,Preston - East,2020,55241.0
209021428,Preston - East,2021,57940.0
209021428,Preston - East,2022,61977.0
209021428,Preston - East,2023,66020.0
209021429,Preston - West,2019,55878.0
209021429,Preston - West,2020,58152.0
209021429,Preston - West,2021,62000.0
209021429,Preston - West,2022,64374.0
209021429,Preston - West,2023,68419.0
209021523,Reservoir - North East,2019,50918.0
209021523,Reservoir - North East,2020,52700.0
209021523,Reservoir - North East,2021,55392.0
209021523,Reservoir - North East,2022,59843.0
209021523,Reservoir - North East,2023,64456.0
209021524,Reservoir - North West,2019,47321.0
209021524,Reservoir - North West,2020,50321.0
209021524,Reservoir - North West,2021,52000.0
209021524,Reservoir - North West,2022,54545.0
209021524,Reservoir - North West,2023,60332.0
209021525,Reservoir - South East,2019,46794.0
209021525,Reservoir - South East,2020,49184.0
209021525,Reservoir - South East,2021,51994.0
209021525,Reservoir - South East,2022,56608.0
209021525,Reservoir - South East,2023,61422.0
209021526,Reservoir - South West,2019,52070.0
209021526,Reservoir - South West,2020,53699.0
209021526,Reservoir - South West,2021,58614.0
209021526,Reservoir - South West,2022,62909.0
209021526,Reservoir - South West,2023,67605.0
209031209,Eltham,2019,59783.0
209031209,Eltham,2020,61695.0
209031209,Eltham,2021,64846.0
209031209,Eltham,2022,67129.0
209031209,Eltham,2023,71750.0
209031210,Hurstbridge,2019,55567.0
209031210,Hurstbridge,2020,56322.0
209031210,Hurstbridge,2021,59303.0
209031210,Hurstbridge,2022,61526.0
209031210,Hurstbridge,2023,64920.0
209031211,Kinglake,2019,50221.0
209031211,Kinglake,2020,51885.0
209031211,Kinglake,2021,54161.0
209031211,Kinglake,2022,56049.0
209031211,Kinglake,2023,61672.0
209031212,Panton Hill - St Andrews,2019,49975.0
209031212,Panton Hill - St Andrews,2020,51122.0
209031212,Panton Hill - St Andrews,2021,56151.0
209031212,Panton Hill - St Andrews,2022,56498.0
209031212,Panton Hill - St Andrews,2023,60432.0
209031213,Plenty - Yarrambat,2019,56527.0
209031213,Plenty - Yarrambat,2020,58077.0
209031213,Plenty - Yarrambat,2021,60660.0
209031213,Plenty - Yarrambat,2022,62313.0
209031213,Plenty - Yarrambat,2023,67840.0
209031214,Research - North Warrandyte,2019,56561.0
209031214,Research - North Warrandyte,2020,57946.0
209031214,Research - North Warrandyte,2021,61748.0
209031214,Research - North Warrandyte,2022,62722.0
209031214,Research - North Warrandyte,2023,68409.0
209031215,Wattle Glen - Diamond Creek,2019,58172.0
209031215,Wattle Glen - Diamond Creek,2020,60168.0
209031215,Wattle Glen - Diamond Creek,2021,62132.0
209031215,Wattle Glen - Diamond Creek,2022,64261.0
209031215,Wattle Glen - Diamond Creek,2023,70189.0
209041216,Bundoora - North,2019,50392.0
209041216,Bundoora - North,2020,51198.0
209041216,Bundoora - North,2021,53314.0
209041216,Bundoora - North,2022,55896.0
209041216,Bundoora - North,2023,60472.0
209041217,Bundoora - West,2019,47666.0
209041217,Bundoora - West,2020,48501.0
209041217,Bundoora - West,2021,51029.0
209041217,Bundoora - West,2022,55991.0
209041217,Bundoora - West,2023,61334.0
209041220,Mill Park - North,2019,51882.0
209041220,Mill Park - North,2020,52781.0
209041220,Mill Park - North,2021,54874.0
209041220,Mill Park - North,2022,57054.0
209041220,Mill Park - North,2023,62375.0
209041221,Mill Park - South,2019,50731.0
209041221,Mill Park - South,2020,52494.0
209041221,Mill Park - South,2021,53973.0
209041221,Mill Park - South,2022,55717.0
209041221,Mill Park - South,2023,60702.0
209041223,Thomastown,2019,45002.0
209041223,Thomastown,2020,46196.0
209041223,Thomastown,2021,47422.0
209041223,Thomastown,2022,49818.0
209041223,Thomastown,2023,54930.0
209041224,Wallan,2019,55039.0
209041224,Wallan,2020,56937.0
209041224,Wallan,2021,57560.0
209041224,Wallan,2022,59790.0
209041224,Wallan,2023,63733.0
209041225,Whittlesea,2019,50836.0
209041225,Whittlesea,2020,53513.0
209041225,Whittlesea,2021,55709.0
209041225,Whittlesea,2022,59050.0
209041225,Whittlesea,2023,63193.0
209041431,Epping - East,2019,50108.0
209041431,Epping - East,2020,51396.0
209041431,Epping - East,2021,52208.0
209041431,Epping - East,2022,53150.0
209041431,Epping - East,2023,59112.0
209041432,Epping - South,2019,47329.0
209041432,Epping - South,2020,47728.0
209041432,Epping - South,2021,50000.0
209041432,Epping - South,2022,52206.0
209041432,Epping - South,2023,57229.0
209041433,Epping (Vic.) - West,2019,52389.0
209041433,Epping (Vic.) - West,2020,53652.0
209041433,Epping (Vic.) - West,2021,55277.0
209041433,Epping (Vic.) - West,2022,56477.0
209041433,Epping (Vic.) - West,2023,61477.0
209041435,South Morang - North,2019,55349.0
209041435,South Morang - North,2020,57241.0
209041435,South Morang - North,2021,57998.0
209041435,South Morang - North,2022,60748.0
209041435,South Morang - North,2023,64896.0
209041436,South Morang - South,2019,53839.0
209041436,South Morang - South,2020,55173.0
209041436,South Morang - South,2021,56445.0
209041436,South Morang - South,2022,58656.0
209041436,South Morang - South,2023,63375.0
209041437,Wollert,2019,54120.0
209041437,Wollert,2020,54228.0
209041437,Wollert,2021,55480.0
209041437,Wollert,2022,57566.0
209041437,Wollert,2023,61907.0
209041527,Doreen - North,2019,56620.0
209041527,Doreen - North,2020,58503.0
209041527,Doreen - North,2021,60027.0
209041527,Doreen - North,2022,62714.0
209041527,Doreen - North,2023,67256.0
209041528,Doreen - South,2019,59280.0
209041528,Doreen - South,2020,59420.0
209041528,Doreen - South,2021,60889.0
209041528,Doreen - South,2022,63548.0
209041528,Doreen - South,2023,67856.0
209041529,Lalor - East,2019,43621.0
209041529,Lalor - East,2020,44303.0
209041529,Lalor - East,2021,46748.0
209041529,Lalor - East,2022,48585.0
209041529,Lalor - East,2023,54268.0
209041530,Lalor - West,2019,47589.0
209041530,Lalor - West,2020,48538.0
209041530,Lalor - West,2021,50704.0
209041530,Lalor - West,2022,52687.0
209041530,Lalor - West,2023,57270.0
209041531,Mernda - North,2019,56344.0
209041531,Mernda - North,2020,56712.0
209041531,Mernda - North,2021,58848.0
209041531,Mernda - North,2022,61441.0
209041531,Mernda - North,2023,64030.0
209041532,Mernda - South,2019,54932.0
209041532,Mernda - South,2020,55724.0
209041532,Mernda - South,2021,57678.0
209041532,Mernda - South,2022,60007.0
209041532,Mernda - South,2023,65308.0
210011226,Airport West,2019,60863.0
210011226,Airport West,2020,62460.0
210011226,Airport West,2021,64294.0
210011226,Airport West,2022,68961.0
210011226,Airport West,2023,72190.0
210011227,Essendon Airport,2019,54052.0
210011227,Essendon Airport,2020,56561.0
210011227,Essendon Airport,2021,60703.0
210011227,Essendon Airport,2022,107008.0
210011227,Essendon Airport,2023,42331.0
210011228,Keilor,2019,55215.0
210011228,Keilor,2020,56370.0
210011228,Keilor,2021,58685.0
210011228,Keilor,2022,60877.0
210011228,Keilor,2023,67039.0
210011230,Niddrie - Essendon West,2019,60000.0
210011230,Niddrie - Essendon West,2020,62747.0
210011230,Niddrie - Essendon West,2021,66442.0
210011230,Niddrie - Essendon West,2022,68256.0
210011230,Niddrie - Essendon West,2023,73695.0
210011231,Strathmore,2019,59325.0
210011231,Strathmore,2020,61533.0
210011231,Strathmore,2021,65436.0
210011231,Strathmore,2022,66971.0
210011231,Strathmore,2023,71783.0
210011533,Avondale Heights,2019,54761.0
210011533,Avondale Heights,2020,56267.0
210011533,Avondale Heights,2021,59272.0
210011533,Avondale Heights,2022,61864.0
210011533,Avondale Heights,2023,66932.0
210011534,Keilor East,2019,57376.0
210011534,Keilor East,2020,59293.0
210011534,Keilor East,2021,61058.0
210011534,Keilor East,2022,63041.0
210011534,Keilor East,2023,68234.0
210021232,Gisborne,2019,60869.0
210021232,Gisborne,2020,62053.0
210021232,Gisborne,2021,65181.0
210021232,Gisborne,2022,66345.0
210021232,Gisborne,2023,69920.0
210021233,Macedon,2019,61017.0
210021233,Macedon,2020,63962.0
210021233,Macedon,2021,68591.0
210021233,Macedon,2022,71005.0
210021233,Macedon,2023,72310.0
210021234,Riddells Creek,2019,56743.0
210021234,Riddells Creek,2020,58851.0
210021234,Riddells Creek,2021,61499.0
210021234,Riddells Creek,2022,63459.0
210021234,Riddells Creek,2023,66591.0
210021235,Romsey,2019,54546.0
210021235,Romsey,2020,56283.0
210021235,Romsey,2021,58762.0
210021235,Romsey,2022,60610.0
210021235,Romsey,2023,64673.0
210031236,Coburg North,2019,55047.0
210031236,Coburg North,2020,57496.0
210031236,Coburg North,2021,60759.0
210031236,Coburg North,2022,66155.0
210031236,Coburg North,2023,70471.0
210031237,Fawkner,2019,45462.0
210031237,Fawkner,2020,45972.0
210031237,Fawkner,2021,49299.0
210031237,Fawkner,2022,51749.0
210031237,Fawkner,2023,57004.0
210031439,Gowanbrae,2019,64395.0
210031439,Gowanbrae,2020,64007.0
210031439,Gowanbrae,2021,65024.0
210031439,Gowanbrae,2022,68037.0
210031439,Gowanbrae,2023,71580.0
210031440,Hadfield,2019,52823.0
210031440,Hadfield,2020,55312.0
210031440,Hadfield,2021,56424.0
210031440,Hadfield,2022,59567.0
210031440,Hadfield,2023,65477.0
210031535,Glenroy - East,2019,47929.0
210031535,Glenroy - East,2020,48552.0
210031535,Glenroy - East,2021,52000.0
210031535,Glenroy - East,2022,55957.0
210031535,Glenroy - East,2023,60261.0
210031536,Glenroy - West,2019,48703.0
210031536,Glenroy - West,2020,49648.0
210031536,Glenroy - West,2021,52962.0
210031536,Glenroy - West,2022,58541.0
210031536,Glenroy - West,2023,64434.0
210031537,Oak Park,2019,56907.0
210031537,Oak Park,2020,59702.0
210031537,Oak Park,2021,63018.0
210031537,Oak Park,2022,68386.0
210031537,Oak Park,2023,72000.0
210031538,Pascoe Vale,2019,60992.0
210031538,Pascoe Vale,2020,63008.0
210031538,Pascoe Vale,2021,64984.0
210031538,Pascoe Vale,2022,69293.0
210031538,Pascoe Vale,2023,73073.0
210041240,Sunbury,2019,56467.0
210041240,Sunbury,2020,57477.0
210041240,Sunbury,2021,59198.0
210041240,Sunbury,2022,61005.0
210041240,Sunbury,2023,65796.0
210041539,Diggers Rest,2019,58264.0
210041539,Diggers Rest,2020,59295.0
210041539,Diggers Rest,2021,61450.0
210041539,Diggers Rest,2022,65943.0
210041539,Diggers Rest,2023,70711.0
210041540,Sunbury - South,2019,55507.0
210041540,Sunbury - South,2020,57996.0
210041540,Sunbury - South,2021,58873.0
210041540,Sunbury - South,2022,62057.0
210041540,Sunbury - South,2023,66493.0
210041541,Sunbury - West,2019,56111.0
210041541,Sunbury - West,2020,57149.0
210041541,Sunbury - West,2021,59190.0
210041541,Sunbury - West,2022,61735.0
210041541,Sunbury - West,2023,66688.0
210051242,Broadmeadows,2019,36465.0
210051242,Broadmeadows,2020,37794.0
210051242,Broadmeadows,2021,40501.0
210051242,Broadmeadows,2022,42054.0
210051242,Broadmeadows,2023,48054.0
210051243,Campbellfield - Coolaroo,2019,38463.0
210051243,Campbellfield - Coolaroo,2020,39981.0
210051243,Campbellfield - Coolaroo,2021,40020.0
210051243,Campbellfield - Coolaroo,2022,41643.0
210051243,Campbellfield - Coolaroo,2023,45928.0
210051245,Gladstone Park - Westmeadows,2019,53373.0
210051245,Gladstone Park - Westmeadows,2020,54100.0
210051245,Gladstone Park - Westmeadows,2021,55931.0
210051245,Gladstone Park - Westmeadows,2022,58149.0
210051245,Gladstone Park - Westmeadows,2023,63056.0
210051246,Greenvale - Bulla,2019,54298.0
210051246,Greenvale - Bulla,2020,55738.0
210051246,Greenvale - Bulla,2021,57778.0
210051246,Greenvale - Bulla,2022,59332.0
210051246,Greenvale - Bulla,2023,64480.0
210051247,Meadow Heights,2019,40670.0
210051247,Meadow Heights,2020,42271.0
210051247,Meadow Heights,2021,44262.0
210051247,Meadow Heights,2022,44274.0
210051247,Meadow Heights,2023,49176.0
210051248,Melbourne Airport,2019,49384.0
210051248,Melbourne Airport,2020,40000.0
210051248,Melbourne Airport,2021,42755.0
210051248,Melbourne Airport,2022,52000.0
210051248,Melbourne Airport,2023,48975.0
210051250,Tullamarine,2019,53718.0
210051250,Tullamarine,2020,55065.0
210051250,Tullamarine,2021,56068.0
210051250,Tullamarine,2022,58824.0
210051250,Tullamarine,2023,64802.0
210051441,Craigieburn - Central,2019,48280.0
210051441,Craigieburn - Central,2020,48870.0
210051441,Craigieburn - Central,2021,49774.0
210051441,Craigieburn - Central,2022,50157.0
210051441,Craigieburn - Central,2023,55840.0
210051442,Craigieburn - North,2019,52167.0
210051442,Craigieburn - North,2020,52406.0
210051442,Craigieburn - North,2021,53968.0
210051442,Craigieburn - North,2022,54481.0
210051442,Craigieburn - North,2023,59332.0
210051443,Craigieburn - South,2019,50036.0
210051443,Craigieburn - South,2020,50593.0
210051443,Craigieburn - South,2021,51259.0
210051443,Craigieburn - South,2022,53557.0
210051443,Craigieburn - South,2023,57631.0
210051445,Mickleham - Yuroke,2019,54895.0
210051445,Mickleham - Yuroke,2020,54722.0
210051445,Mickleham - Yuroke,2021,56074.0
210051445,Mickleham - Yuroke,2022,57919.0
210051445,Mickleham - Yuroke,2023,61724.0
210051542,Craigieburn - North West,2019,51913.0
210051542,Craigieburn - North West,2020,52003.0
210051542,Craigieburn - North West,2021,52795.0
210051542,Craigieburn - North West,2022,54986.0
210051542,Craigieburn - North West,2023,58930.0
210051543,Craigieburn - West,2019,50502.0
210051543,Craigieburn - West,2020,51919.0
210051543,Craigieburn - West,2021,52117.0
210051543,Craigieburn - West,2022,53721.0
210051543,Craigieburn - West,2023,58226.0
210051544,Roxburgh Park (South) - Somerton,2019,46567.0
210051544,Roxburgh Park (South) - Somerton,2020,46611.0
210051544,Roxburgh Park (South) - Somerton,2021,46984.0
210051544,Roxburgh Park (South) - Somerton,2022,48930.0
210051544,Roxburgh Park (South) - Somerton,2023,53782.0
210051545,Roxburgh Park - North,2019,43485.0
210051545,Roxburgh Park - North,2020,43242.0
210051545,Roxburgh Park - North,2021,43564.0
210051545,Roxburgh Park - North,2022,43891.0
210051545,Roxburgh Park - North,2023,47871.0
211011251,Bayswater,2019,52113.0
211011251,Bayswater,2020,52693.0
211011251,Bayswater,2021,55295.0
211011251,Bayswater,2022,58105.0
211011251,Bayswater,2023,62454.0
211011254,Knoxfield - Scoresby,2019,53636.0
211011254,Knoxfield - Scoresby,2020,54931.0
211011254,Knoxfield - Scoresby,2021,56871.0
211011254,Knoxfield - Scoresby,2022,59076.0
211011254,Knoxfield - Scoresby,2023,64369.0
211011255,Lysterfield,2019,54598.0
211011255,Lysterfield,2020,56250.0
211011255,Lysterfield,2021,59141.0
211011255,Lysterfield,2022,59973.0
211011255,Lysterfield,2023,66075.0
211011256,Rowville - Central,2019,53833.0
211011256,Rowville - Central,2020,55914.0
211011256,Rowville - Central,2021,59088.0
211011256,Rowville - Central,2022,61466.0
211011256,Rowville - Central,2023,66524.0
211011257,Rowville - North,2019,56247.0
211011257,Rowville - North,2020,58139.0
211011257,Rowville - North,2021,60589.0
211011257,Rowville - North,2022,62799.0
211011257,Rowville - North,2023,67938.0
211011258,Rowville - South,2019,55612.0
211011258,Rowville - South,2020,55958.0
211011258,Rowville - South,2021,58138.0
211011258,Rowville - South,2022,61094.0
211011258,Rowville - South,2023,65670.0
211011259,Wantirna,2019,53226.0
211011259,Wantirna,2020,54218.0
211011259,Wantirna,2021,56015.0
211011259,Wantirna,2022,58220.0
211011259,Wantirna,2023,63499.0
211011260,Wantirna South,2019,51573.0
211011260,Wantirna South,2020,52789.0
211011260,Wantirna South,2021,54659.0
211011260,Wantirna South,2022,57181.0
211011260,Wantirna South,2023,61659.0
211011446,Boronia,2019,53625.0
211011446,Boronia,2020,55043.0
211011446,Boronia,2021,56806.0
211011446,Boronia,2022,59282.0
211011446,Boronia,2023,63347.0
211011447,Ferntree Gully - North,2019,53137.0
211011447,Ferntree Gully - North,2020,55165.0
211011447,Ferntree Gully - North,2021,57480.0
211011447,Ferntree Gully - North,2022,58581.0
211011447,Ferntree Gully - North,2023,63784.0
211011448,Ferntree Gully (South) - Upper Ferntree Gully,2019,54140.0
211011448,Ferntree Gully (South) - Upper Ferntree Gully,2020,55126.0
211011448,Ferntree Gully (South) - Upper Ferntree Gully,2021,56527.0
211011448,Ferntree Gully (South) - Upper Ferntree Gully,2022,58665.0
211011448,Ferntree Gully (South) - Upper Ferntree Gully,2023,63385.0
211011449,The Basin,2019,54135.0
211011449,The Basin,2020,55018.0
211011449,The Basin,2021,58193.0
211011449,The Basin,2022,61091.0
211011449,The Basin,2023,66364.0
211021261,Donvale - Park Orchards,2019,51437.0
211021261,Donvale - Park Orchards,2020,53429.0
211021261,Donvale - Park Orchards,2021,56055.0
211021261,Donvale - Park Orchards,2022,58414.0
211021261,Donvale - Park Orchards,2023,64089.0
211021262,Warrandyte - Wonga Park,2019,52329.0
211021262,Warrandyte - Wonga Park,2020,55004.0
211021262,Warrandyte - Wonga Park,2021,57527.0
211021262,Warrandyte - Wonga Park,2022,58034.0
211021262,Warrandyte - Wonga Park,2023,62879.0
211031263,Bayswater North,2019,52867.0
211031263,Bayswater North,2020,55103.0
211031263,Bayswater North,2021,57392.0
211031263,Bayswater North,2022,60000.0
211031263,Bayswater North,2023,64650.0
211031265,Croydon Hills - Warranwood,2019,55634.0
211031265,Croydon Hills - Warranwood,2020,58394.0
211031265,Croydon Hills - Warranwood,2021,60180.0
211031265,Croydon Hills - Warranwood,2022,62760.0
211031265,Croydon Hills - Warranwood,2023,67174.0
211031266,Ringwood,2019,52629.0
211031266,Ringwood,2020,54600.0
211031266,Ringwood,2021,56907.0
211031266,Ringwood,2022,59496.0
211031266,Ringwood,2023,64434.0
211031267,Ringwood East,2019,56024.0
211031267,Ringwood East,2020,58227.0
211031267,Ringwood East,2021,60628.0
211031267,Ringwood East,2022,63598.0
211031267,Ringwood East,2023,69048.0
211031268,Ringwood North,2019,56700.0
211031268,Ringwood North,2020,59267.0
211031268,Ringwood North,2021,60250.0
211031268,Ringwood North,2022,63188.0
211031268,Ringwood North,2023,69275.0
211031450,Croydon - East,2019,54116.0
211031450,Croydon - East,2020,55316.0
211031450,Croydon - East,2021,56919.0
211031450,Croydon - East,2022,59708.0
211031450,Croydon - East,2023,64739.0
211031451,Croydon - West,2019,53614.0
211031451,Croydon - West,2020,54614.0
211031451,Croydon - West,2021,57446.0
211031451,Croydon - West,2022,60333.0
211031451,Croydon - West,2023,65063.0
211031452,Croydon South,2019,54258.0
211031452,Croydon South,2020,57575.0
211031452,Croydon South,2021,60393.0
211031452,Croydon South,2022,61773.0
211031452,Croydon South,2023,67600.0
211041269,Forest Hill,2019,51905.0
211041269,Forest Hill,2020,53965.0
211041269,Forest Hill,2021,56061.0
211041269,Forest Hill,2022,58398.0
211041269,Forest Hill,2023,62919.0
211041270,Mitcham (Vic.),2019,57174.0
211041270,Mitcham (Vic.),2020,59357.0
211041270,Mitcham (Vic.),2021,61577.0
211041270,Mitcham (Vic.),2022,64748.0
211041270,Mitcham (Vic.),2023,69748.0
211041271,Nunawading,2019,54020.0
211041271,Nunawading,2020,56435.0
211041271,Nunawading,2021,59326.0
211041271,Nunawading,2022,63081.0
211041271,Nunawading,2023,66722.0
211041272,Vermont,2019,55522.0
211041272,Vermont,2020,57885.0
211041272,Vermont,2021,59560.0
211041272,Vermont,2022,62079.0
211041272,Vermont,2023,67591.0
211041273,Vermont South,2019,49805.0
211041273,Vermont South,2020,50808.0
211041273,Vermont South,2021,54462.0
211041273,Vermont South,2022,58595.0
211041273,Vermont South,2023,63000.0
211051274,Belgrave - Selby,2019,54314.0
211051274,Belgrave - Selby,2020,56521.0
211051274,Belgrave - Selby,2021,58908.0
211051274,Belgrave - Selby,2022,60920.0
211051274,Belgrave - Selby,2023,64667.0
211051275,Chirnside Park,2019,54562.0
211051275,Chirnside Park,2020,55647.0
211051275,Chirnside Park,2021,57311.0
211051275,Chirnside Park,2022,59778.0
211051275,Chirnside Park,2023,64535.0
211051276,Healesville - Yarra Glen,2019,47501.0
211051276,Healesville - Yarra Glen,2020,48752.0
211051276,Healesville - Yarra Glen,2021,50834.0
211051276,Healesville - Yarra Glen,2022,52545.0
211051276,Healesville - Yarra Glen,2023,56669.0
211051277,Kilsyth,2019,52729.0
211051277,Kilsyth,2020,55480.0
211051277,Kilsyth,2021,57802.0
211051277,Kilsyth,2022,60346.0
211051277,Kilsyth,2023,65000.0
211051278,Lilydale - Coldstream,2019,51195.0
211051278,Lilydale - Coldstream,2020,53722.0
211051278,Lilydale - Coldstream,2021,55490.0
211051278,Lilydale - Coldstream,2022,58288.0
211051278,Lilydale - Coldstream,2023,62561.0
211051279,Monbulk - Silvan,2019,46616.0
211051279,Monbulk - Silvan,2020,48984.0
211051279,Monbulk - Silvan,2021,51212.0
211051279,Monbulk - Silvan,2022,53800.0
211051279,Monbulk - Silvan,2023,56542.0
211051280,Montrose,2019,53247.0
211051280,Montrose,2020,56511.0
211051280,Montrose,2021,58027.0
211051280,Montrose,2022,61599.0
211051280,Montrose,2023,65371.0
211051281,Mooroolbark,2019,53648.0
211051281,Mooroolbark,2020,55356.0
211051281,Mooroolbark,2021,56841.0
211051281,Mooroolbark,2022,59280.0
211051281,Mooroolbark,2023,63393.0
211051282,Mount Dandenong - Olinda,2019,54260.0
211051282,Mount Dandenong - Olinda,2020,57201.0
211051282,Mount Dandenong - Olinda,2021,61406.0
211051282,Mount Dandenong - Olinda,2022,61186.0
211051282,Mount Dandenong - Olinda,2023,65419.0
211051283,Mount Evelyn,2019,51699.0
211051283,Mount Evelyn,2020,53049.0
211051283,Mount Evelyn,2021,54751.0
211051283,Mount Evelyn,2022,57074.0
211051283,Mount Evelyn,2023,60582.0
211051284,Upwey - Tecoma,2019,56751.0
211051284,Upwey - Tecoma,2020,58325.0
211051284,Upwey - Tecoma,2021,60706.0
211051284,Upwey - Tecoma,2022,61559.0
211051284,Upwey - Tecoma,2023,66424.0
211051285,Wandin - Seville,2019,48685.0
211051285,Wandin - Seville,2020,50613.0
211051285,Wandin - Seville,2021,53445.0
211051285,Wandin - Seville,2022,56078.0
211051285,Wandin - Seville,2023,59486.0
211051286,Yarra Valley,2019,47088.0
211051286,Yarra Valley,2020,48007.0
211051286,Yarra Valley,2021,50251.0
211051286,Yarra Valley,2022,50200.0
211051286,Yarra Valley,2023,54329.0
212011289,Emerald - Cockatoo,2019,52249.0
212011289,Emerald - Cockatoo,2020,54380.0
212011289,Emerald - Cockatoo,2021,56890.0
212011289,Emerald - Cockatoo,2022,58032.0
212011289,Emerald - Cockatoo,2023,61807.0
212011546,Beaconsfield - Officer,2019,56373.0
212011546,Beaconsfield - Officer,2020,56985.0
212011546,Beaconsfield - Officer,2021,58947.0
212011546,Beaconsfield - Officer,2022,61095.0
212011546,Beaconsfield - Officer,2023,65465.0
212011547,Bunyip - Garfield,2019,49400.0
212011547,Bunyip - Garfield,2020,51072.0
212011547,Bunyip - Garfield,2021,52946.0
212011547,Bunyip - Garfield,2022,54256.0
212011547,Bunyip - Garfield,2023,58120.0
212011548,Koo Wee Rup,2019,46475.0
212011548,Koo Wee Rup,2020,48968.0
212011548,Koo Wee Rup,2021,54291.0
212011548,Koo Wee Rup,2022,55126.0
212011548,Koo Wee Rup,2023,59118.0
212011549,Pakenham - North East,2019,51460.0
212011549,Pakenham - North East,2020,52634.0
212011549,Pakenham - North East,2021,53151.0
212011549,Pakenham - North East,2022,55021.0
212011549,Pakenham - North East,2023,60167.0
212011550,Pakenham - North West,2019,53763.0
212011550,Pakenham - North West,2020,54527.0
212011550,Pakenham - North West,2021,56633.0
212011550,Pakenham - North West,2022,59614.0
212011550,Pakenham - North West,2023,63921.0
212011551,Pakenham - South East,2019,48601.0
212011551,Pakenham - South East,2020,46906.0
212011551,Pakenham - South East,2021,48173.0
212011551,Pakenham - South East,2022,50064.0
212011551,Pakenham - South East,2023,54884.0
212011552,Pakenham - South West,2019,51221.0
212011552,Pakenham - South West,2020,52233.0
212011552,Pakenham - South West,2021,53525.0
212011552,Pakenham - South West,2022,55094.0
212011552,Pakenham - South West,2023,58539.0
212021293,Berwick - North,2019,53111.0
212021293,Berwick - North,2020,55607.0
212021293,Berwick - North,2021,58214.0
212021293,Berwick - North,2022,60194.0
212021293,Berwick - North,2023,64260.0
212021295,Doveton,2019,43488.0
212021295,Doveton,2020,44169.0
212021295,Doveton,2021,45779.0
212021295,Doveton,2022,46119.0
212021295,Doveton,2023,49543.0
212021297,Hallam,2019,46207.0
212021297,Hallam,2020,47525.0
212021297,Hallam,2021,49891.0
212021297,Hallam,2022,50450.0
212021297,Hallam,2023,55018.0
212021299,Narre Warren North,2019,50306.0
212021299,Narre Warren North,2020,51134.0
212021299,Narre Warren North,2021,53375.0
212021299,Narre Warren North,2022,53674.0
212021299,Narre Warren North,2023,58325.0
212021453,Endeavour Hills - North,2019,50698.0
212021453,Endeavour Hills - North,2020,51777.0
212021453,Endeavour Hills - North,2021,53845.0
212021453,Endeavour Hills - North,2022,55513.0
212021453,Endeavour Hills - North,2023,60000.0
212021454,Endeavour Hills - South,2019,50259.0
212021454,Endeavour Hills - South,2020,51767.0
212021454,Endeavour Hills - South,2021,54117.0
212021454,Endeavour Hills - South,2022,56240.0
212021454,Endeavour Hills - South,2023,60081.0
212021455,Narre Warren - North East,2019,51793.0
212021455,Narre Warren - North East,2020,53101.0
212021455,Narre Warren - North East,2021,54128.0
212021455,Narre Warren - North East,2022,55849.0
212021455,Narre Warren - North East,2023,60137.0
212021456,Narre Warren - South West,2019,48776.0
212021456,Narre Warren - South West,2020,49928.0
212021456,Narre Warren - South West,2021,52020.0
212021456,Narre Warren - South West,2022,53281.0
212021456,Narre Warren - South West,2023,57981.0
212021553,Berwick - South East,2019,55246.0
212021553,Berwick - South East,2020,56860.0
212021553,Berwick - South East,2021,59753.0
212021553,Berwick - South East,2022,61687.0
212021553,Berwick - South East,2023,67035.0
212021554,Berwick - South West,2019,53881.0
212021554,Berwick - South West,2020,55390.0
212021554,Berwick - South West,2021,56538.0
212021554,Berwick - South West,2022,59137.0
212021554,Berwick - South West,2023,63636.0
212031300,Cranbourne,2019,48020.0
212031300,Cranbourne,2020,49055.0
212031300,Cranbourne,2021,50626.0
212031300,Cranbourne,2022,52606.0
212031300,Cranbourne,2023,56900.0
212031303,Cranbourne South,2019,55608.0
212031303,Cranbourne South,2020,57200.0
212031303,Cranbourne South,2021,58798.0
212031303,Cranbourne South,2022,60901.0
212031303,Cranbourne South,2023,65488.0
212031304,Cranbourne West,2019,52150.0
212031304,Cranbourne West,2020,53091.0
212031304,Cranbourne West,2021,55414.0
212031304,Cranbourne West,2022,58043.0
212031304,Cranbourne West,2023,61693.0
212031306,Lynbrook - Lyndhurst,2019,54499.0
212031306,Lynbrook - Lyndhurst,2020,55321.0
212031306,Lynbrook - Lyndhurst,2021,58478.0
212031306,Lynbrook - Lyndhurst,2022,60410.0
212031306,Lynbrook - Lyndhurst,2023,63216.0
212031308,Pearcedale - Tooradin,2019,51839.0
212031308,Pearcedale - Tooradin,2020,52984.0
212031308,Pearcedale - Tooradin,2021,54600.0
212031308,Pearcedale - Tooradin,2022,54470.0
212031308,Pearcedale - Tooradin,2023,59719.0
212031457,Narre Warren South - East,2019,51987.0
212031457,Narre Warren South - East,2020,52696.0
212031457,Narre Warren South - East,2021,54278.0
212031457,Narre Warren South - East,2022,55702.0
212031457,Narre Warren South - East,2023,60508.0
212031458,Narre Warren South - West,2019,49831.0
212031458,Narre Warren South - West,2020,51045.0
212031458,Narre Warren South - West,2021,52289.0
212031458,Narre Warren South - West,2022,53452.0
212031458,Narre Warren South - West,2023,57351.0
212031555,Clyde North - North,2019,59324.0
212031555,Clyde North - North,2020,59775.0
212031555,Clyde North - North,2021,61339.0
212031555,Clyde North - North,2022,63812.0
212031555,Clyde North - North,2023,66819.0
212031556,Clyde North - South,2019,56413.0
212031556,Clyde North - South,2020,56615.0
212031556,Clyde North - South,2021,57487.0
212031556,Clyde North - South,2022,59616.0
212031556,Clyde North - South,2023,63325.0
212031557,Cranbourne East - North,2019,52383.0
212031557,Cranbourne East - North,2020,53111.0
212031557,Cranbourne East - North,2021,54388.0
212031557,Cranbourne East - North,2022,55279.0
212031557,Cranbourne East - North,2023,59104.0
212031558,Cranbourne East - South,2019,52982.0
212031558,Cranbourne East - South,2020,54334.0
212031558,Cranbourne East - South,2021,55322.0
212031558,Cranbourne East - South,2022,57267.0
212031558,Cranbourne East - South,2023,61814.0
212031559,Cranbourne North - East,2019,54300.0
212031559,Cranbourne North - East,2020,54707.0
212031559,Cranbourne North - East,2021,56022.0
212031559,Cranbourne North - East,2022,58180.0
212031559,Cranbourne North - East,2023,61417.0
212031560,Cranbourne North - West,2019,49906.0
212031560,Cranbourne North - West,2020,50164.0
212031560,Cranbourne North - West,2021,51540.0
212031560,Cranbourne North - West,2022,52994.0
212031560,Cranbourne North - West,2023,57974.0
212031561,Hampton Park - East,2019,48272.0
212031561,Hampton Park - East,2020,48902.0
212031561,Hampton Park - East,2021,50913.0
212031561,Hampton Park - East,2022,52256.0
212031561,Hampton Park - East,2023,56420.0
212031562,Hampton Park - West,2019,47945.0
212031562,Hampton Park - West,2020,48518.0
212031562,Hampton Park - West,2021,50083.0
212031562,Hampton Park - West,2022,50411.0
212031562,Hampton Park - West,2023,54663.0
212041309,Clarinda - Oakleigh South,2019,51483.0
212041309,Clarinda - Oakleigh South,2020,53039.0
212041309,Clarinda - Oakleigh South,2021,55463.0
212041309,Clarinda - Oakleigh South,2022,57933.0
212041309,Clarinda - Oakleigh South,2023,63179.0
212041310,Clayton South,2019,43389.0
212041310,Clayton South,2020,44342.0
212041310,Clayton South,2021,48191.0
212041310,Clayton South,2022,51846.0
212041310,Clayton South,2023,56032.0
212041312,Dandenong North,2019,46624.0
212041312,Dandenong North,2020,47318.0
212041312,Dandenong North,2021,49959.0
212041312,Dandenong North,2022,51958.0
212041312,Dandenong North,2023,55531.0
212041313,Dingley Village,2019,53531.0
212041313,Dingley Village,2020,55449.0
212041313,Dingley Village,2021,58403.0
212041313,Dingley Village,2022,60492.0
212041313,Dingley Village,2023,64201.0
212041316,Noble Park North,2019,48085.0
212041316,Noble Park North,2020,47843.0
212041316,Noble Park North,2021,50773.0
212041316,Noble Park North,2022,52525.0
212041316,Noble Park North,2023,57070.0
212041317,Springvale,2019,37960.0
212041317,Springvale,2020,38449.0
212041317,Springvale,2021,41788.0
212041317,Springvale,2022,44369.0
212041317,Springvale,2023,49230.0
212041318,Springvale South,2019,42496.0
212041318,Springvale South,2020,42765.0
212041318,Springvale South,2021,44599.0
212041318,Springvale South,2022,46547.0
212041318,Springvale South,2023,51120.0
212041459,Noble Park - East,2019,44567.0
212041459,Noble Park - East,2020,44826.0
212041459,Noble Park - East,2021,47690.0
212041459,Noble Park - East,2022,50581.0
212041459,Noble Park - East,2023,55582.0
212041460,Noble Park - West,2019,41600.0
212041460,Noble Park - West,2020,42643.0
212041460,Noble Park - West,2021,45284.0
212041460,Noble Park - West,2022,47464.0
212041460,Noble Park - West,2023,51602.0
212041563,Dandenong - North,2019,41165.0
212041563,Dandenong - North,2020,41756.0
212041563,Dandenong - North,2021,44457.0
212041563,Dandenong - North,2022,46189.0
212041563,Dandenong - North,2023,50441.0
212041564,Dandenong - South,2019,42252.0
212041564,Dandenong - South,2020,43797.0
212041564,Dandenong - South,2021,46426.0
212041564,Dandenong - South,2022,47956.0
212041564,Dandenong - South,2023,51093.0
212041565,Keysborough - North,2019,46703.0
212041565,Keysborough - North,2020,47095.0
212041565,Keysborough - North,2021,49611.0
212041565,Keysborough - North,2022,51254.0
212041565,Keysborough - North,2023,54816.0
212041566,Keysborough - South,2019,53777.0
212041566,Keysborough - South,2020,54780.0
212041566,Keysborough - South,2021,57646.0
212041566,Keysborough - South,2022,60235.0
212041566,Keysborough - South,2023,65454.0
212051319,Ashwood - Chadstone,2019,52309.0
212051319,Ashwood - Chadstone,2020,53896.0
212051319,Ashwood - Chadstone,2021,58236.0
212051319,Ashwood - Chadstone,2022,62718.0
212051319,Ashwood - Chadstone,2023,67757.0
212051321,Glen Waverley - East,2019,49221.0
212051321,Glen Waverley - East,2020,50823.0
212051321,Glen Waverley - East,2021,53350.0
212051321,Glen Waverley - East,2022,55610.0
212051321,Glen Waverley - East,2023,59932.0
212051322,Glen Waverley - West,2019,48203.0
212051322,Glen Waverley - West,2020,50000.0
212051322,Glen Waverley - West,2021,52580.0
212051322,Glen Waverley - West,2022,56338.0
212051322,Glen Waverley - West,2023,61218.0
212051323,Mount Waverley - North,2019,50443.0
212051323,Mount Waverley - North,2020,52928.0
212051323,Mount Waverley - North,2021,56451.0
212051323,Mount Waverley - North,2022,60000.0
212051323,Mount Waverley - North,2023,64835.0
212051324,Mount Waverley - South,2019,53231.0
212051324,Mount Waverley - South,2020,54578.0
212051324,Mount Waverley - South,2021,57988.0
212051324,Mount Waverley - South,2022,60400.0
212051324,Mount Waverley - South,2023,66000.0
212051325,Mulgrave,2019,52670.0
212051325,Mulgrave,2020,54176.0
212051325,Mulgrave,2021,56758.0
212051325,Mulgrave,2022,59239.0
212051325,Mulgrave,2023,64115.0
212051326,Oakleigh - Huntingdale,2019,52407.0
212051326,Oakleigh - Huntingdale,2020,53612.0
212051326,Oakleigh - Huntingdale,2021,57020.0
212051326,Oakleigh - Huntingdale,2022,60830.0
212051326,Oakleigh - Huntingdale,2023,65194.0
212051327,Wheelers Hill,2019,52497.0
212051327,Wheelers Hill,2020,53993.0
212051327,Wheelers Hill,2021,55648.0
212051327,Wheelers Hill,2022,57694.0
212051327,Wheelers Hill,2023,62272.0
212051567,Clayton (North) - Notting Hill,2019,24471.0
212051567,Clayton (North) - Notting Hill,2020,26203.0
212051567,Clayton (North) - Notting Hill,2021,31781.0
212051567,Clayton (North) - Notting Hill,2022,31901.0
212051567,Clayton (North) - Notting Hill,2023,35249.0
212051568,Clayton - Central,2019,35346.0
212051568,Clayton - Central,2020,34991.0
212051568,Clayton - Central,2021,41183.0
212051568,Clayton - Central,2022,46448.0
212051568,Clayton - Central,2023,50492.0
213011328,Ardeer - Albion,2019,44986.0
213011328,Ardeer - Albion,2020,46128.0
213011328,Ardeer - Albion,2021,49079.0
213011328,Ardeer - Albion,2022,52059.0
213011328,Ardeer - Albion,2023,57231.0
213011329,Cairnlea,2019,49683.0
213011329,Cairnlea,2020,51741.0
213011329,Cairnlea,2021,53217.0
213011329,Cairnlea,2022,54039.0
213011329,Cairnlea,2023,57721.0
213011331,Delahey,2019,48461.0
213011331,Delahey,2020,49766.0
213011331,Delahey,2021,49822.0
213011331,Delahey,2022,52521.0
213011331,Delahey,2023,57552.0
213011332,Keilor Downs,2019,51119.0
213011332,Keilor Downs,2020,52683.0
213011332,Keilor Downs,2021,53483.0
213011332,Keilor Downs,2022,55499.0
213011332,Keilor Downs,2023,61016.0
213011333,Kings Park (Vic.),2019,45359.0
213011333,Kings Park (Vic.),2020,46088.0
213011333,Kings Park (Vic.),2021,46772.0
213011333,Kings Park (Vic.),2022,46628.0
213011333,Kings Park (Vic.),2023,51323.0
213011334,St Albans - North,2019,40567.0
213011334,St Albans - North,2020,40752.0
213011334,St Albans - North,2021,42041.0
213011334,St Albans - North,2022,43935.0
213011334,St Albans - North,2023,49041.0
213011335,St Albans - South,2019,40611.0
213011335,St Albans - South,2020,41109.0
213011335,St Albans - South,2021,42308.0
213011335,St Albans - South,2022,44864.0
213011335,St Albans - South,2023,49200.0
213011336,Sunshine,2019,43204.0
213011336,Sunshine,2020,43802.0
213011336,Sunshine,2021,48255.0
213011336,Sunshine,2022,52740.0
213011336,Sunshine,2023,56312.0
213011337,Sunshine North,2019,42914.0
213011337,Sunshine North,2020,44504.0
213011337,Sunshine North,2021,46199.0
213011337,Sunshine North,2022,49109.0
213011337,Sunshine North,2023,53285.0
213011338,Sunshine West,2019,46130.0
213011338,Sunshine West,2020,47457.0
213011338,Sunshine West,2021,49163.0
213011338,Sunshine West,2022,51053.0
213011338,Sunshine West,2023,55719.0
213011339,Sydenham,2019,50531.0
213011339,Sydenham,2020,51612.0
213011339,Sydenham,2021,53675.0
213011339,Sydenham,2022,55641.0
213011339,Sydenham,2023,61369.0
213011340,Taylors Lakes,2019,54202.0
213011340,Taylors Lakes,2020,55867.0
213011340,Taylors Lakes,2021,57991.0
213011340,Taylors Lakes,2022,60871.0
213011340,Taylors Lakes,2023,65200.0
213011569,Deer Park,2019,48517.0
213011569,Deer Park,2020,49391.0
213011569,Deer Park,2021,50273.0
213011569,Deer Park,2022,51519.0
213011569,Deer Park,2023,55485.0
213011570,Derrimut,2019,55635.0
213011570,Derrimut,2020,56973.0
213011570,Derrimut,2021,58166.0
213011570,Derrimut,2022,59210.0
213011570,Derrimut,2023,63013.0
213021341,Altona,2019,62347.0
213021341,Altona,2020,65773.0
213021341,Altona,2021,69871.0
213021341,Altona,2022,73141.0
213021341,Altona,2023,76854.0
213021342,Altona Meadows,2019,55232.0
213021342,Altona Meadows,2020,56798.0
213021342,Altona Meadows,2021,58564.0
213021342,Altona Meadows,2022,60590.0
213021342,Altona Meadows,2023,65004.0
213021343,Altona North,2019,57904.0
213021343,Altona North,2020,60214.0
213021343,Altona North,2021,63837.0
213021343,Altona North,2022,67497.0
213021343,Altona North,2023,70326.0
213021344,Newport,2019,70842.0
213021344,Newport,2020,73138.0
213021344,Newport,2021,76276.0
213021344,Newport,2022,80485.0
213021344,Newport,2023,83280.0
213021345,Seabrook,2019,56684.0
213021345,Seabrook,2020,58264.0
213021345,Seabrook,2021,60258.0
213021345,Seabrook,2022,62639.0
213021345,Seabrook,2023,67425.0
213021346,Williamstown,2019,64529.0
213021346,Williamstown,2020,66046.0
213021346,Williamstown,2021,70499.0
213021346,Williamstown,2022,72698.0
213021346,Williamstown,2023,76456.0
213031347,Braybrook,2019,46524.0
213031347,Braybrook,2020,48746.0
213031347,Braybrook,2021,51122.0
213031347,Braybrook,2022,54335.0
213031347,Braybrook,2023,59111.0
213031348,Footscray,2019,48880.0
213031348,Footscray,2020,50750.0
213031348,Footscray,2021,56181.0
213031348,Footscray,2022,58937.0
213031348,Footscray,2023,61575.0
213031349,Maribyrnong,2019,54952.0
213031349,Maribyrnong,2020,56167.0
213031349,Maribyrnong,2021,59476.0
213031349,Maribyrnong,2022,63030.0
213031349,Maribyrnong,2023,66557.0
213031350,Seddon - Kingsville,2019,65820.0
213031350,Seddon - Kingsville,2020,69066.0
213031350,Seddon - Kingsville,2021,73758.0
213031350,Seddon - Kingsville,2022,79944.0
213031350,Seddon - Kingsville,2023,82554.0
213031351,West Footscray - Tottenham,2019,54092.0
213031351,West Footscray - Tottenham,2020,56649.0
213031351,West Footscray - Tottenham,2021,61195.0
213031351,West Footscray - Tottenham,2022,66310.0
213031351,West Footscray - Tottenham,2023,69026.0
213031352,Yarraville,2019,69179.0
213031352,Yarraville,2020,71996.0
213031352,Yarraville,2021,77464.0
213031352,Yarraville,2022,81154.0
213031352,Yarraville,2023,83028.0
213041353,Bacchus Marsh,2019,55260.0
213041353,Bacchus Marsh,2020,57494.0
213041353,Bacchus Marsh,2021,58803.0
213041353,Bacchus Marsh,2022,60410.0
213041353,Bacchus Marsh,2023,65505.0
213041358,Melton West,2019,51217.0
213041358,Melton West,2020,52545.0
213041358,Melton West,2021,52800.0
213041358,Melton West,2022,54179.0
213041358,Melton West,2023,58188.0
213041359,Rockbank - Mount Cottrell,2019,53453.0
213041359,Rockbank - Mount Cottrell,2020,56145.0
213041359,Rockbank - Mount Cottrell,2021,59147.0
213041359,Rockbank - Mount Cottrell,2022,60771.0
213041359,Rockbank - Mount Cottrell,2023,64594.0
213041360,Taylors Hill,2019,56546.0
213041360,Taylors Hill,2020,57584.0
213041360,Taylors Hill,2021,58489.0
213041360,Taylors Hill,2022,59635.0
213041360,Taylors Hill,2023,63993.0
213041461,Burnside,2019,53491.0
213041461,Burnside,2020,54839.0
213041461,Burnside,2021,55661.0
213041461,Burnside,2022,57868.0
213041461,Burnside,2023,62629.0
213041462,Burnside Heights,2019,54794.0
213041462,Burnside Heights,2020,56395.0
213041462,Burnside Heights,2021,57212.0
213041462,Burnside Heights,2022,58323.0
213041462,Burnside Heights,2023,62668.0
213041463,Caroline Springs,2019,56790.0
213041463,Caroline Springs,2020,57999.0
213041463,Caroline Springs,2021,58577.0
213041463,Caroline Springs,2022,60205.0
213041463,Caroline Springs,2023,64493.0
213041571,Brookfield,2019,51667.0
213041571,Brookfield,2020,52918.0
213041571,Brookfield,2021,53294.0
213041571,Brookfield,2022,54622.0
213041571,Brookfield,2023,59862.0
213041572,Cobblebank - Strathtulloh,2019,54999.0
213041572,Cobblebank - Strathtulloh,2020,54429.0
213041572,Cobblebank - Strathtulloh,2021,56834.0
213041572,Cobblebank - Strathtulloh,2022,59015.0
213041572,Cobblebank - Strathtulloh,2023,61896.0
213041573,Eynesbury - Exford,2019,68562.0
213041573,Eynesbury - Exford,2020,70520.0
213041573,Eynesbury - Exford,2021,71459.0
213041573,Eynesbury - Exford,2022,73059.0
213041573,Eynesbury - Exford,2023,75505.0
213041574,Fraser Rise - Plumpton,2019,60025.0
213041574,Fraser Rise - Plumpton,2020,60367.0
213041574,Fraser Rise - Plumpton,2021,62096.0
213041574,Fraser Rise - Plumpton,2022,63992.0
213041574,Fraser Rise - Plumpton,2023,67709.0
213041575,Hillside,2019,54107.0
213041575,Hillside,2020,55172.0
213041575,Hillside,2021,55911.0
213041575,Hillside,2022,58810.0
213041575,Hillside,2023,63891.0
213041576,Kurunjang - Toolern Vale,2019,51353.0
213041576,Kurunjang - Toolern Vale,2020,51729.0
213041576,Kurunjang - Toolern Vale,2021,52911.0
213041576,Kurunjang - Toolern Vale,2022,53708.0
213041576,Kurunjang - Toolern Vale,2023,59436.0
213041577,Melton,2019,47433.0
213041577,Melton,2020,48127.0
213041577,Melton,2021,48542.0
213041577,Melton,2022,49501.0
213041577,Melton,2023,54039.0
213041578,Melton South - Weir Views,2019,48147.0
213041578,Melton South - Weir Views,2020,49602.0
213041578,Melton South - Weir Views,2021,50828.0
213041578,Melton South - Weir Views,2022,51009.0
213041578,Melton South - Weir Views,2023,56143.0
213051361,Hoppers Crossing - North,2019,50834.0
213051361,Hoppers Crossing - North,2020,51922.0
213051361,Hoppers Crossing - North,2021,53680.0
213051361,Hoppers Crossing - North,2022,55603.0
213051361,Hoppers Crossing - North,2023,59345.0
213051362,Hoppers Crossing - South,2019,48347.0
213051362,Hoppers Crossing - South,2020,48701.0
213051362,Hoppers Crossing - South,2021,50781.0
213051362,Hoppers Crossing - South,2022,52118.0
213051362,Hoppers Crossing - South,2023,57201.0
213051363,Laverton,2019,49459.0
213051363,Laverton,2020,50349.0
213051363,Laverton,2021,53105.0
213051363,Laverton,2022,56113.0
213051363,Laverton,2023,61089.0
213051368,Werribee - South,2019,53983.0
213051368,Werribee - South,2020,55107.0
213051368,Werribee - South,2021,56990.0
213051368,Werribee - South,2022,59567.0
213051368,Werribee - South,2023,63404.0
213051464,Point Cook - East,2019,56495.0
213051464,Point Cook - East,2020,58604.0
213051464,Point Cook - East,2021,60031.0
213051464,Point Cook - East,2022,64561.0
213051464,Point Cook - East,2023,70313.0
213051466,Point Cook - South,2019,62501.0
213051466,Point Cook - South,2020,64040.0
213051466,Point Cook - South,2021,66731.0
213051466,Point Cook - South,2022,69933.0
213051466,Point Cook - South,2023,75959.0
213051467,Werribee - East,2019,48640.0
213051467,Werribee - East,2020,49316.0
213051467,Werribee - East,2021,50424.0
213051467,Werribee - East,2022,52390.0
213051467,Werribee - East,2023,57014.0
213051468,Werribee - West,2019,54539.0
213051468,Werribee - West,2020,55849.0
213051468,Werribee - West,2021,57724.0
213051468,Werribee - West,2022,60855.0
213051468,Werribee - West,2023,65511.0
213051579,Manor Lakes - Quandong,2019,59360.0
213051579,Manor Lakes - Quandong,2020,61619.0
213051579,Manor Lakes - Quandong,2021,62429.0
213051579,Manor Lakes - Quandong,2022,64715.0
213051579,Manor Lakes - Quandong,2023,69459.0
213051580,Point Cook - North East,2019,58454.0
213051580,Point Cook - North East,2020,59481.0
213051580,Point Cook - North East,2021,60075.0
213051580,Point Cook - North East,2022,62934.0
213051580,Point Cook - North East,2023,67645.0
213051581,Point Cook - North West,2019,60121.0
213051581,Point Cook - North West,2020,61123.0
213051581,Point Cook - North West,2021,62211.0
213051581,Point Cook - North West,2022,66002.0
213051581,Point Cook - North West,2023,69996.0
213051582,Tarneit (West) - Mount Cottrell,2019,52944.0
213051582,Tarneit (West) - Mount Cottrell,2020,54169.0
213051582,Tarneit (West) - Mount Cottrell,2021,55800.0
213051582,Tarneit (West) - Mount Cottrell,2022,57015.0
213051582,Tarneit (West) - Mount Cottrell,2023,60312.0
213051583,Tarneit - Central,2019,51136.0
213051583,Tarneit - Central,2020,51544.0
213051583,Tarneit - Central,2021,53402.0
213051583,Tarneit - Central,2022,54902.0
213051583,Tarneit - Central,2023,57583.0
213051584,Tarneit - North,2019,49877.0
213051584,Tarneit - North,2020,50529.0
213051584,Tarneit - North,2021,53618.0
213051584,Tarneit - North,2022,56344.0
213051584,Tarneit - North,2023,58342.0
213051585,Tarneit - South,2019,51967.0
213051585,Tarneit - South,2020,52332.0
213051585,Tarneit - South,2021,53480.0
213051585,Tarneit - South,2022,54512.0
213051585,Tarneit - South,2023,58233.0
213051586,Truganina - North,2019,53185.0
213051586,Truganina - North,2020,53758.0
213051586,Truganina - North,2021,55684.0
213051586,Truganina - North,2022,59572.0
213051586,Truganina - North,2023,62655.0
213051587,Truganina - South East,2019,55149.0
213051587,Truganina - South East,2020,55759.0
213051587,Truganina - South East,2021,57514.0
213051587,Truganina - South East,2022,60834.0
213051587,Truganina - South East,2023,64469.0
213051588,Truganina - South West,2019,50804.0
213051588,Truganina - South West,2020,51091.0
213051588,Truganina - South West,2021,52097.0
213051588,Truganina - South West,2022,53317.0
213051588,Truganina - South West,2023,56784.0
213051589,Wyndham Vale - North,2019,50556.0
213051589,Wyndham Vale - North,2020,53547.0
213051589,Wyndham Vale - North,2021,54307.0
213051589,Wyndham Vale - North,2022,57161.0
213051589,Wyndham Vale - North,2023,61255.0
213051590,Wyndham Vale - South,2019,53172.0
213051590,Wyndham Vale - South,2020,54588.0
213051590,Wyndham Vale - South,2021,55189.0
213051590,Wyndham Vale - South,2022,57133.0
213051590,Wyndham Vale - South,2023,60548.0
214011370,Carrum Downs,2019,53013.0
214011370,Carrum Downs,2020,54658.0
214011370,Carrum Downs,2021,55824.0
214011370,Carrum Downs,2022,57720.0
214011370,Carrum Downs,2023,62559.0
214011371,Frankston,2019,50047.0
214011371,Frankston,2020,51583.0
214011371,Frankston,2021,53375.0
214011371,Frankston,2022,55440.0
214011371,Frankston,2023,60911.0
214011372,Frankston North,2019,48455.0
214011372,Frankston North,2020,49999.0
214011372,Frankston North,2021,51261.0
214011372,Frankston North,2022,52694.0
214011372,Frankston North,2023,58408.0
214011373,Frankston South,2019,55564.0
214011373,Frankston South,2020,57329.0
214011373,Frankston South,2021,60128.0
214011373,Frankston South,2022,61848.0
214011373,Frankston South,2023,67436.0
214011374,Langwarrin,2019,53992.0
214011374,Langwarrin,2020,56255.0
214011374,Langwarrin,2021,57698.0
214011374,Langwarrin,2022,59500.0
214011374,Langwarrin,2023,64038.0
214011375,Seaford (Vic.),2019,54175.0
214011375,Seaford (Vic.),2020,55944.0
214011375,Seaford (Vic.),2021,57988.0
214011375,Seaford (Vic.),2022,59961.0
214011375,Seaford (Vic.),2023,64772.0
214011376,Skye - Sandhurst,2019,56184.0
214011376,Skye - Sandhurst,2020,57600.0
214011376,Skye - Sandhurst,2021,60330.0
214011376,Skye - Sandhurst,2022,61555.0
214011376,Skye - Sandhurst,2023,65459.0
214021377,Dromana,2019,46243.0
214021377,Dromana,2020,47958.0
214021377,Dromana,2021,49549.0
214021377,Dromana,2022,50617.0
214021377,Dromana,2023,54323.0
214021378,Flinders,2019,42145.0
214021378,Flinders,2020,44175.0
214021378,Flinders,2021,49063.0
214021378,Flinders,2022,49755.0
214021378,Flinders,2023,51064.0
214021379,Hastings - Somers,2019,48691.0
214021379,Hastings - Somers,2020,50533.0
214021379,Hastings - Somers,2021,52379.0
214021379,Hastings - Somers,2022,53482.0
214021379,Hastings - Somers,2023,56586.0
214021381,Mount Eliza,2019,55029.0
214021381,Mount Eliza,2020,57586.0
214021381,Mount Eliza,2021,59493.0
214021381,Mount Eliza,2022,61285.0
214021381,Mount Eliza,2023,65804.0
214021382,Mount Martha,2019,50598.0
214021382,Mount Martha,2020,52918.0
214021382,Mount Martha,2021,55070.0
214021382,Mount Martha,2022,54974.0
214021382,Mount Martha,2023,59477.0
214021383,Point Nepean,2019,41092.0
214021383,Point Nepean,2020,42931.0
214021383,Point Nepean,2021,44549.0
214021383,Point Nepean,2022,45400.0
214021383,Point Nepean,2023,49551.0
214021384,Rosebud - McCrae,2019,42742.0
214021384,Rosebud - McCrae,2020,43654.0
214021384,Rosebud - McCrae,2021,45882.0
214021384,Rosebud - McCrae,2022,46235.0
214021384,Rosebud - McCrae,2023,51098.0
214021385,Somerville,2019,50952.0
214021385,Somerville,2020,52536.0
214021385,Somerville,2021,53836.0
214021385,Somerville,2022,55386.0
214021385,Somerville,2023,59199.0
214021591,Mornington - East,2019,49657.0
214021591,Mornington - East,2020,51561.0
214021591,Mornington - East,2021,53523.0
214021591,Mornington - East,2022,55820.0
214021591,Mornington - East,2023,59505.0
214021592,Mornington - West,2019,50175.0
214021592,Mornington - West,2020,51624.0
214021592,Mornington - West,2021,54017.0
214021592,Mornington - West,2022,55826.0
214021592,Mornington - West,2023,60415.0
215011386,Ararat,2019,46715.0
215011386,Ararat,2020,47497.0
215011386,Ararat,2021,50186.0
215011386,Ararat,2022,50023.0
215011386,Ararat,2023,54732.0
215011387,Ararat Surrounds,2019,39719.0
215011387,Ararat Surrounds,2020,42256.0
215011387,Ararat Surrounds,2021,44807.0
215011387,Ararat Surrounds,2022,45224.0
215011387,Ararat Surrounds,2023,47978.0
215011388,Horsham,2019,47548.0
215011388,Horsham,2020,49227.0
215011388,Horsham,2021,52333.0
215011388,Horsham,2022,53326.0
215011388,Horsham,2023,55964.0
215011389,Horsham Surrounds,2019,42474.0
215011389,Horsham Surrounds,2020,43646.0
215011389,Horsham Surrounds,2021,45779.0
215011389,Horsham Surrounds,2022,47005.0
215011389,Horsham Surrounds,2023,48885.0
215011390,Nhill Region,2019,42219.0
215011390,Nhill Region,2020,45241.0
215011390,Nhill Region,2021,47992.0
215011390,Nhill Region,2022,49507.0
215011390,Nhill Region,2023,51933.0
215011391,St Arnaud,2019,38914.0
215011391,St Arnaud,2020,41689.0
215011391,St Arnaud,2021,43472.0
215011391,St Arnaud,2022,44400.0
215011391,St Arnaud,2023,47858.0
215011392,Stawell,2019,46687.0
215011392,Stawell,2020,47609.0
215011392,Stawell,2021,49443.0
215011392,Stawell,2022,49869.0
215011392,Stawell,2023,51459.0
215011393,West Wimmera,2019,36370.0
215011393,West Wimmera,2020,41511.0
215011393,West Wimmera,2021,41921.0
215011393,West Wimmera,2022,45034.0
215011393,West Wimmera,2023,45308.0
215011394,Yarriambiack,2019,41588.0
215011394,Yarriambiack,2020,43425.0
215011394,Yarriambiack,2021,45519.0
215011394,Yarriambiack,2022,45917.0
215011394,Yarriambiack,2023,48084.0
215021395,Irymple,2019,45102.0
215021395,Irymple,2020,47133.0
215021395,Irymple,2021,50100.0
215021395,Irymple,2022,51760.0
215021395,Irymple,2023,53953.0
215021396,Merbein,2019,44801.0
215021396,Merbein,2020,45611.0
215021396,Merbein,2021,48984.0
215021396,Merbein,2022,50007.0
215021396,Merbein,2023,53579.0
215021398,Mildura Surrounds,2019,37000.0
215021398,Mildura Surrounds,2020,39888.0
215021398,Mildura Surrounds,2021,45104.0
215021398,Mildura Surrounds,2022,48604.0
215021398,Mildura Surrounds,2023,49400.0
215021399,Red Cliffs,2019,37761.0
215021399,Red Cliffs,2020,39867.0
215021399,Red Cliffs,2021,44616.0
215021399,Red Cliffs,2022,47457.0
215021399,Red Cliffs,2023,48282.0
215021469,Mildura - North,2019,40260.0
215021469,Mildura - North,2020,39133.0
215021469,Mildura - North,2021,43717.0
215021469,Mildura - North,2022,45457.0
215021469,Mildura - North,2023,46071.0
215021470,Mildura - South,2019,44784.0
215021470,Mildura - South,2020,45724.0
215021470,Mildura - South,2021,48949.0
215021470,Mildura - South,2022,51154.0
215021470,Mildura - South,2023,53456.0
215031400,Buloke,2019,39274.0
215031400,Buloke,2020,40279.0
215031400,Buloke,2021,43474.0
215031400,Buloke,2022,44250.0
215031400,Buloke,2023,47440.0
215031401,Gannawarra,2019,40725.0
215031401,Gannawarra,2020,41853.0
215031401,Gannawarra,2021,44429.0
215031401,Gannawarra,2022,45367.0
215031401,Gannawarra,2023,48502.0
215031402,Kerang,2019,42568.0
215031402,Kerang,2020,44894.0
215031402,Kerang,2021,48296.0
215031402,Kerang,2022,48170.0
215031402,Kerang,2023,51014.0
215031403,Robinvale,2019,27350.0
215031403,Robinvale,2020,27743.0
215031403,Robinvale,2021,29978.0
215031403,Robinvale,2022,33617.0
215031403,Robinvale,2023,29142.0
215031404,Swan Hill,2019,44776.0
215031404,Swan Hill,2020,46163.0
215031404,Swan Hill,2021,48819.0
215031404,Swan Hill,2022,50554.0
215031404,Swan Hill,2023,52471.0
215031405,Swan Hill Surrounds,2019,39974.0
215031405,Swan Hill Surrounds,2020,39371.0
215031405,Swan Hill Surrounds,2021,44774.0
215031405,Swan Hill Surrounds,2022,45204.0
215031405,Swan Hill Surrounds,2023,46588.0
216011406,Echuca,2019,45854.0
216011406,Echuca,2020,47207.0
216011406,Echuca,2021,50177.0
216011406,Echuca,2022,51921.0
216011406,Echuca,2023,54145.0
216011407,Kyabram,2019,45373.0
216011407,Kyabram,2020,47666.0
216011407,Kyabram,2021,49450.0
216011407,Kyabram,2022,51020.0
216011407,Kyabram,2023,53433.0
216011408,Lockington - Gunbower,2019,43553.0
216011408,Lockington - Gunbower,2020,45508.0
216011408,Lockington - Gunbower,2021,47845.0
216011408,Lockington - Gunbower,2022,48753.0
216011408,Lockington - Gunbower,2023,52138.0
216011409,Rochester,2019,44934.0
216011409,Rochester,2020,46584.0
216011409,Rochester,2021,48644.0
216011409,Rochester,2022,49710.0
216011409,Rochester,2023,49883.0
216011410,Rushworth,2019,43172.0
216011410,Rushworth,2020,44130.0
216011410,Rushworth,2021,45543.0
216011410,Rushworth,2022,45652.0
216011410,Rushworth,2023,49439.0
216021411,Cobram,2019,41590.0
216021411,Cobram,2020,42077.0
216021411,Cobram,2021,44500.0
216021411,Cobram,2022,47158.0
216021411,Cobram,2023,49129.0
216021412,Moira,2019,44911.0
216021412,Moira,2020,44620.0
216021412,Moira,2021,48895.0
216021412,Moira,2022,49701.0
216021412,Moira,2023,51506.0
216021413,Numurkah,2019,44234.0
216021413,Numurkah,2020,46572.0
216021413,Numurkah,2021,49595.0
216021413,Numurkah,2022,50257.0
216021413,Numurkah,2023,51161.0
216021414,Yarrawonga,2019,43606.0
216021414,Yarrawonga,2020,45318.0
216021414,Yarrawonga,2021,47750.0
216021414,Yarrawonga,2022,49127.0
216021414,Yarrawonga,2023,53472.0
216031415,Mooroopna,2019,42876.0
216031415,Mooroopna,2020,45372.0
216031415,Mooroopna,2021,48472.0
216031415,Mooroopna,2022,49459.0
216031415,Mooroopna,2023,52784.0
216031416,Shepparton - North,2019,47572.0
216031416,Shepparton - North,2020,49330.0
216031416,Shepparton - North,2021,53090.0
216031416,Shepparton - North,2022,54525.0
216031416,Shepparton - North,2023,57398.0
216031418,Shepparton Surrounds - East,2019,46190.0
216031418,Shepparton Surrounds - East,2020,48024.0
216031418,Shepparton Surrounds - East,2021,51850.0
216031418,Shepparton Surrounds - East,2022,51581.0
216031418,Shepparton Surrounds - East,2023,55056.0
216031419,Shepparton Surrounds - West,2019,46147.0
216031419,Shepparton Surrounds - West,2020,47576.0
216031419,Shepparton Surrounds - West,2021,51852.0
216031419,Shepparton Surrounds - West,2022,52000.0
216031419,Shepparton Surrounds - West,2023,54000.0
216031593,Kialla,2019,49998.0
216031593,Kialla,2020,51929.0
216031593,Kialla,2021,55521.0
216031593,Kialla,2022,56772.0
216031593,Kialla,2023,60394.0
216031594,Shepparton - South East,2019,39149.0
216031594,Shepparton - South East,2020,40761.0
216031594,Shepparton - South East,2021,44246.0
216031594,Shepparton - South East,2022,44553.0
216031594,Shepparton - South East,2023,47252.0
217011420,Glenelg (Vic.),2019,45411.0
217011420,Glenelg (Vic.),2020,46800.0
217011420,Glenelg (Vic.),2021,47894.0
217011420,Glenelg (Vic.),2022,50590.0
217011420,Glenelg (Vic.),2023,53238.0
217011421,Hamilton (Vic.),2019,45768.0
217011421,Hamilton (Vic.),2020,46738.0
217011421,Hamilton (Vic.),2021,49466.0
217011421,Hamilton (Vic.),2022,51099.0
217011421,Hamilton (Vic.),2023,53784.0
217011422,Portland,2019,48569.0
217011422,Portland,2020,49833.0
217011422,Portland,2021,50419.0
217011422,Portland,2022,51598.0
217011422,Portland,2023,54930.0
217011423,Southern Grampians,2019,39712.0
217011423,Southern Grampians,2020,42164.0
217011423,Southern Grampians,2021,43495.0
217011423,Southern Grampians,2022,44968.0
217011423,Southern Grampians,2023,46715.0
217031471,Camperdown,2019,45002.0
217031471,Camperdown,2020,48165.0
217031471,Camperdown,2021,49861.0
217031471,Camperdown,2022,49706.0
217031471,Camperdown,2023,52642.0
217031472,Colac,2019,46681.0
217031472,Colac,2020,48364.0
217031472,Colac,2021,51325.0
217031472,Colac,2022,52935.0
217031472,Colac,2023,55573.0
217031473,Colac Surrounds,2019,43984.0
217031473,Colac Surrounds,2020,45774.0
217031473,Colac Surrounds,2021,48446.0
217031473,Colac Surrounds,2022,49906.0
217031473,Colac Surrounds,2023,53026.0
217031474,Corangamite - North,2019,42577.0
217031474,Corangamite - North,2020,45790.0
217031474,Corangamite - North,2021,47165.0
217031474,Corangamite - North,2022,49903.0
217031474,Corangamite - North,2023,52000.0
217031475,Corangamite - South,2019,40987.0
217031475,Corangamite - South,2020,42812.0
217031475,Corangamite - South,2021,46372.0
217031475,Corangamite - South,2022,46516.0
217031475,Corangamite - South,2023,49136.0
217031476,Otway,2019,33555.0
217031476,Otway,2020,36388.0
217031476,Otway,2021,39939.0
217031476,Otway,2022,42409.0
217031476,Otway,2023,44578.0
217041477,Moyne - East,2019,41549.0
217041477,Moyne - East,2020,42094.0
217041477,Moyne - East,2021,46395.0
217041477,Moyne - East,2022,47586.0
217041477,Moyne - East,2023,49644.0
217041478,Moyne - West,2019,44544.0
217041478,Moyne - West,2020,46899.0
217041478,Moyne - West,2021,49992.0
217041478,Moyne - West,2022,51934.0
217041478,Moyne - West,2023,53776.0
217041479,Warrnambool - North,2019,46367.0
217041479,Warrnambool - North,2020,48972.0
217041479,Warrnambool - North,2021,51235.0
217041479,Warrnambool - North,2022,52784.0
217041479,Warrnambool - North,2023,56374.0
217041480,Warrnambool - South,2019,45727.0
217041480,Warrnambool - South,2020,47594.0
217041480,Warrnambool - South,2021,50923.0
217041480,Warrnambool - South,2022,53880.0
217041480,Warrnambool - South,2023,56119.0
301011001,Alexandra Hills,2019,54356.0
301011001,Alexandra Hills,2020,55407.0
301011001,Alexandra Hills,2021,56916.0
301011001,Alexandra Hills,2022,59280.0
301011001,Alexandra Hills,2023,63517.0
301011002,Belmont - Gumdale,2019,55113.0
301011002,Belmont - Gumdale,2020,56440.0
301011002,Belmont - Gumdale,2021,59991.0
301011002,Belmont - Gumdale,2022,64034.0
301011002,Belmont - Gumdale,2023,67558.0
301011003,Birkdale,2019,55931.0
301011003,Birkdale,2020,57235.0
301011003,Birkdale,2021,60507.0
301011003,Birkdale,2022,63326.0
301011003,Birkdale,2023,66749.0
301011004,Capalaba,2019,53672.0
301011004,Capalaba,2020,54928.0
301011004,Capalaba,2021,56832.0
301011004,Capalaba,2022,59575.0
301011004,Capalaba,2023,63374.0
301011005,Thorneside,2019,56204.0
301011005,Thorneside,2020,57897.0
301011005,Thorneside,2021,58655.0
301011005,Thorneside,2022,61988.0
301011005,Thorneside,2023,66081.0
301011006,Wellington Point,2019,56785.0
301011006,Wellington Point,2020,57984.0
301011006,Wellington Point,2021,59426.0
301011006,Wellington Point,2022,61432.0
301011006,Wellington Point,2023,66293.0
301021007,Cleveland,2019,51328.0
301021007,Cleveland,2020,52443.0
301021007,Cleveland,2021,55012.0
301021007,Cleveland,2022,58094.0
301021007,Cleveland,2023,61493.0
301021008,Ormiston,2019,56144.0
301021008,Ormiston,2020,56441.0
301021008,Ormiston,2021,58655.0
301021008,Ormiston,2022,63113.0
301021008,Ormiston,2023,66001.0
301021009,Redland Bay,2019,54851.0
301021009,Redland Bay,2020,56713.0
301021009,Redland Bay,2021,57380.0
301021009,Redland Bay,2022,60796.0
301021009,Redland Bay,2023,64813.0
301021011,Sheldon - Mount Cotton,2019,61976.0
301021011,Sheldon - Mount Cotton,2020,62110.0
301021011,Sheldon - Mount Cotton,2021,64863.0
301021011,Sheldon - Mount Cotton,2022,67346.0
301021011,Sheldon - Mount Cotton,2023,71057.0
301021012,Thornlands,2019,56449.0
301021012,Thornlands,2020,57691.0
301021012,Thornlands,2021,59616.0
301021012,Thornlands,2022,62400.0
301021012,Thornlands,2023,65896.0
301021013,Victoria Point,2019,51846.0
301021013,Victoria Point,2020,52593.0
301021013,Victoria Point,2021,54633.0
301021013,Victoria Point,2022,56552.0
301021013,Victoria Point,2023,61242.0
301021550,North Stradbroke Island,2019,40230.0
301021550,North Stradbroke Island,2020,41544.0
301021550,North Stradbroke Island,2021,41612.0
301021550,North Stradbroke Island,2022,40433.0
301021550,North Stradbroke Island,2023,42160.0
301021551,Southern Moreton Bay Islands,2019,35725.0
301021551,Southern Moreton Bay Islands,2020,37000.0
301021551,Southern Moreton Bay Islands,2021,37032.0
301021551,Southern Moreton Bay Islands,2022,37621.0
301021551,Southern Moreton Bay Islands,2023,41496.0
301031014,Brisbane Port - Lytton,2019,70164.0
301031014,Brisbane Port - Lytton,2020,50685.0
301031014,Brisbane Port - Lytton,2021,47644.0
301031014,Brisbane Port - Lytton,2022,36626.0
301031014,Brisbane Port - Lytton,2023,37459.0
301031015,Manly - Lota,2019,58500.0
301031015,Manly - Lota,2020,62191.0
301031015,Manly - Lota,2021,64704.0
301031015,Manly - Lota,2022,67969.0
301031015,Manly - Lota,2023,70214.0
301031016,Manly West,2019,58552.0
301031016,Manly West,2020,60917.0
301031016,Manly West,2021,63756.0
301031016,Manly West,2022,66761.0
301031016,Manly West,2023,68810.0
301031017,Murarrie,2019,60282.0
301031017,Murarrie,2020,62472.0
301031017,Murarrie,2021,65367.0
301031017,Murarrie,2022,68826.0
301031017,Murarrie,2023,71061.0
301031018,Tingalpa,2019,59227.0
301031018,Tingalpa,2020,60203.0
301031018,Tingalpa,2021,62000.0
301031018,Tingalpa,2022,65276.0
301031018,Tingalpa,2023,69743.0
301031019,Wakerley,2019,68959.0
301031019,Wakerley,2020,69756.0
301031019,Wakerley,2021,73431.0
301031019,Wakerley,2022,76150.0
301031019,Wakerley,2023,80616.0
301031020,Wynnum,2019,57692.0
301031020,Wynnum,2020,60122.0
301031020,Wynnum,2021,61993.0
301031020,Wynnum,2022,65529.0
301031020,Wynnum,2023,69835.0
301031021,Wynnum West - Hemmant,2019,56142.0
301031021,Wynnum West - Hemmant,2020,57756.0
301031021,Wynnum West - Hemmant,2021,60116.0
301031021,Wynnum West - Hemmant,2022,63184.0
301031021,Wynnum West - Hemmant,2023,67766.0
302011022,Bald Hills,2019,55792.0
302011022,Bald Hills,2020,56449.0
302011022,Bald Hills,2021,58056.0
302011022,Bald Hills,2022,61698.0
302011022,Bald Hills,2023,65092.0
302011023,Bridgeman Downs,2019,60598.0
302011023,Bridgeman Downs,2020,64553.0
302011023,Bridgeman Downs,2021,67966.0
302011023,Bridgeman Downs,2022,70129.0
302011023,Bridgeman Downs,2023,75155.0
302011024,Carseldine,2019,59648.0
302011024,Carseldine,2020,60246.0
302011024,Carseldine,2021,62563.0
302011024,Carseldine,2022,65745.0
302011024,Carseldine,2023,69307.0
302011025,Everton Park,2019,60947.0
302011025,Everton Park,2020,64045.0
302011025,Everton Park,2021,65671.0
302011025,Everton Park,2022,70002.0
302011025,Everton Park,2023,74189.0
302011026,McDowall,2019,61156.0
302011026,McDowall,2020,64723.0
302011026,McDowall,2021,66466.0
302011026,McDowall,2022,69344.0
302011026,McDowall,2023,74815.0
302021027,Aspley,2019,56417.0
302021027,Aspley,2020,59230.0
302021027,Aspley,2021,61262.0
302021027,Aspley,2022,63843.0
302021027,Aspley,2023,67883.0
302021028,Chermside,2019,52000.0
302021028,Chermside,2020,53027.0
302021028,Chermside,2021,55310.0
302021028,Chermside,2022,58241.0
302021028,Chermside,2023,63008.0
302021029,Chermside West,2019,57776.0
302021029,Chermside West,2020,59955.0
302021029,Chermside West,2021,62945.0
302021029,Chermside West,2022,66068.0
302021029,Chermside West,2023,69372.0
302021030,Geebung,2019,57169.0
302021030,Geebung,2020,59417.0
302021030,Geebung,2021,62207.0
302021030,Geebung,2022,66008.0
302021030,Geebung,2023,69440.0
302021031,Kedron - Gordon Park,2019,62196.0
302021031,Kedron - Gordon Park,2020,65297.0
302021031,Kedron - Gordon Park,2021,68234.0
302021031,Kedron - Gordon Park,2022,71219.0
302021031,Kedron - Gordon Park,2023,75267.0
302021032,Stafford,2019,58331.0
302021032,Stafford,2020,60981.0
302021032,Stafford,2021,62670.0
302021032,Stafford,2022,66070.0
302021032,Stafford,2023,70398.0
302021033,Stafford Heights,2019,59088.0
302021033,Stafford Heights,2020,60029.0
302021033,Stafford Heights,2021,62561.0
302021033,Stafford Heights,2022,65450.0
302021033,Stafford Heights,2023,69183.0
302021034,Wavell Heights,2019,65000.0
302021034,Wavell Heights,2020,68124.0
302021034,Wavell Heights,2021,70777.0
302021034,Wavell Heights,2022,74583.0
302021034,Wavell Heights,2023,78494.0
302031035,Boondall,2019,55182.0
302031035,Boondall,2020,56218.0
302031035,Boondall,2021,58467.0
302031035,Boondall,2022,61913.0
302031035,Boondall,2023,66432.0
302031036,Brisbane Airport,2019,51179.0
302031036,Brisbane Airport,2020,71530.0
302031036,Brisbane Airport,2021,39279.0
302031036,Brisbane Airport,2022,52060.0
302031036,Brisbane Airport,2023,76734.0
302031037,Eagle Farm - Pinkenba,2019,61420.0
302031037,Eagle Farm - Pinkenba,2020,64958.0
302031037,Eagle Farm - Pinkenba,2021,70692.0
302031037,Eagle Farm - Pinkenba,2022,74097.0
302031037,Eagle Farm - Pinkenba,2023,77133.0
302031038,Northgate - Virginia,2019,60074.0
302031038,Northgate - Virginia,2020,62082.0
302031038,Northgate - Virginia,2021,63949.0
302031038,Northgate - Virginia,2022,68143.0
302031038,Northgate - Virginia,2023,72410.0
302031039,Nudgee - Banyo,2019,60550.0
302031039,Nudgee - Banyo,2020,62275.0
302031039,Nudgee - Banyo,2021,65000.0
302031039,Nudgee - Banyo,2022,68895.0
302031039,Nudgee - Banyo,2023,74088.0
302031040,Nundah,2019,59020.0
302031040,Nundah,2020,59555.0
302031040,Nundah,2021,63160.0
302031040,Nundah,2022,67255.0
302031040,Nundah,2023,71263.0
302041041,Bracken Ridge,2019,54788.0
302041041,Bracken Ridge,2020,56324.0
302041041,Bracken Ridge,2021,58148.0
302041041,Bracken Ridge,2022,60902.0
302041041,Bracken Ridge,2023,64620.0
302041042,Brighton (Qld),2019,60560.0
302041042,Brighton (Qld),2020,61755.0
302041042,Brighton (Qld),2021,64823.0
302041042,Brighton (Qld),2022,67720.0
302041042,Brighton (Qld),2023,72469.0
302041043,Deagon,2019,56809.0
302041043,Deagon,2020,58536.0
302041043,Deagon,2021,60221.0
302041043,Deagon,2022,61289.0
302041043,Deagon,2023,65167.0
302041044,Sandgate - Shorncliffe,2019,60389.0
302041044,Sandgate - Shorncliffe,2020,62934.0
302041044,Sandgate - Shorncliffe,2021,65229.0
302041044,Sandgate - Shorncliffe,2022,67341.0
302041044,Sandgate - Shorncliffe,2023,71774.0
302041045,Taigum - Fitzgibbon,2019,55211.0
302041045,Taigum - Fitzgibbon,2020,55120.0
302041045,Taigum - Fitzgibbon,2021,57059.0
302041045,Taigum - Fitzgibbon,2022,60177.0
302041045,Taigum - Fitzgibbon,2023,63503.0
302041046,Zillmere,2019,50786.0
302041046,Zillmere,2020,51833.0
302041046,Zillmere,2021,53293.0
302041046,Zillmere,2022,56617.0
302041046,Zillmere,2023,61302.0
303011047,Camp Hill,2019,66576.0
303011047,Camp Hill,2020,70512.0
303011047,Camp Hill,2021,74603.0
303011047,Camp Hill,2022,77088.0
303011047,Camp Hill,2023,80115.0
303011048,Cannon Hill,2019,61012.0
303011048,Cannon Hill,2020,63652.0
303011048,Cannon Hill,2021,67933.0
303011048,Cannon Hill,2022,72407.0
303011048,Cannon Hill,2023,75621.0
303011049,Carina,2019,62584.0
303011049,Carina,2020,64452.0
303011049,Carina,2021,66744.0
303011049,Carina,2022,71165.0
303011049,Carina,2023,75511.0
303011050,Carina Heights,2019,58672.0
303011050,Carina Heights,2020,62359.0
303011050,Carina Heights,2021,64353.0
303011050,Carina Heights,2022,67507.0
303011050,Carina Heights,2023,71650.0
303011051,Carindale,2019,56566.0
303011051,Carindale,2020,58554.0
303011051,Carindale,2021,62009.0
303011051,Carindale,2022,65037.0
303011051,Carindale,2023,68480.0
303021052,Annerley,2019,53164.0
303021052,Annerley,2020,54601.0
303021052,Annerley,2021,58938.0
303021052,Annerley,2022,61186.0
303021052,Annerley,2023,64251.0
303021053,Coorparoo,2019,59999.0
303021053,Coorparoo,2020,61603.0
303021053,Coorparoo,2021,65884.0
303021053,Coorparoo,2022,69136.0
303021053,Coorparoo,2023,71939.0
303021054,Fairfield - Dutton Park,2019,49876.0
303021054,Fairfield - Dutton Park,2020,52944.0
303021054,Fairfield - Dutton Park,2021,56597.0
303021054,Fairfield - Dutton Park,2022,60696.0
303021054,Fairfield - Dutton Park,2023,59720.0
303021055,Greenslopes,2019,56695.0
303021055,Greenslopes,2020,57064.0
303021055,Greenslopes,2021,62410.0
303021055,Greenslopes,2022,66117.0
303021055,Greenslopes,2023,68689.0
303021056,Holland Park,2019,62930.0
303021056,Holland Park,2020,63957.0
303021056,Holland Park,2021,67619.0
303021056,Holland Park,2022,69467.0
303021056,Holland Park,2023,73295.0
303021057,Holland Park West,2019,61900.0
303021057,Holland Park West,2020,64894.0
303021057,Holland Park West,2021,67464.0
303021057,Holland Park West,2022,70627.0
303021057,Holland Park West,2023,74264.0
303021058,Woolloongabba,2019,44599.0
303021058,Woolloongabba,2020,45756.0
303021058,Woolloongabba,2021,50175.0
303021058,Woolloongabba,2022,53676.0
303021058,Woolloongabba,2023,53206.0
303021059,Yeronga,2019,59757.0
303021059,Yeronga,2020,62482.0
303021059,Yeronga,2021,64973.0
303021059,Yeronga,2022,68220.0
303021059,Yeronga,2023,70324.0
303031060,Eight Mile Plains,2019,45716.0
303031060,Eight Mile Plains,2020,46775.0
303031060,Eight Mile Plains,2021,50823.0
303031060,Eight Mile Plains,2022,53768.0
303031060,Eight Mile Plains,2023,57058.0
303031061,Macgregor (Qld),2019,32677.0
303031061,Macgregor (Qld),2020,34737.0
303031061,Macgregor (Qld),2021,40261.0
303031061,Macgregor (Qld),2022,44243.0
303031061,Macgregor (Qld),2023,46101.0
303031062,Mansfield (Qld),2019,51919.0
303031062,Mansfield (Qld),2020,53854.0
303031062,Mansfield (Qld),2021,56814.0
303031062,Mansfield (Qld),2022,58635.0
303031062,Mansfield (Qld),2023,62006.0
303031063,Mount Gravatt,2019,58580.0
303031063,Mount Gravatt,2020,60080.0
303031063,Mount Gravatt,2021,63047.0
303031063,Mount Gravatt,2022,65655.0
303031063,Mount Gravatt,2023,68950.0
303031064,Rochedale - Burbank,2019,55141.0
303031064,Rochedale - Burbank,2020,56292.0
303031064,Rochedale - Burbank,2021,58947.0
303031064,Rochedale - Burbank,2022,59774.0
303031064,Rochedale - Burbank,2023,62766.0
303031065,Upper Mount Gravatt,2019,45740.0
303031065,Upper Mount Gravatt,2020,47086.0
303031065,Upper Mount Gravatt,2021,50704.0
303031065,Upper Mount Gravatt,2022,53387.0
303031065,Upper Mount Gravatt,2023,55784.0
303031066,Wishart,2019,52321.0
303031066,Wishart,2020,53366.0
303031066,Wishart,2021,56902.0
303031066,Wishart,2022,58666.0
303031066,Wishart,2023,61200.0
303041067,Coopers Plains,2019,41109.0
303041067,Coopers Plains,2020,41469.0
303041067,Coopers Plains,2021,47625.0
303041067,Coopers Plains,2022,51405.0
303041067,Coopers Plains,2023,53569.0
303041068,Moorooka,2019,57892.0
303041068,Moorooka,2020,60792.0
303041068,Moorooka,2021,63436.0
303041068,Moorooka,2022,67188.0
303041068,Moorooka,2023,71574.0
303041069,Robertson,2019,32440.0
303041069,Robertson,2020,33625.0
303041069,Robertson,2021,40680.0
303041069,Robertson,2022,42132.0
303041069,Robertson,2023,45007.0
303041070,Salisbury - Nathan,2019,54587.0
303041070,Salisbury - Nathan,2020,55851.0
303041070,Salisbury - Nathan,2021,60390.0
303041070,Salisbury - Nathan,2022,63321.0
303041070,Salisbury - Nathan,2023,65152.0
303041071,Tarragindi,2019,67826.0
303041071,Tarragindi,2020,69742.0
303041071,Tarragindi,2021,73548.0
303041071,Tarragindi,2022,75960.0
303041071,Tarragindi,2023,79065.0
303051072,Algester,2019,51573.0
303051072,Algester,2020,52488.0
303051072,Algester,2021,54119.0
303051072,Algester,2022,56229.0
303051072,Algester,2023,59157.0
303051073,Calamvale - Stretton,2019,47503.0
303051073,Calamvale - Stretton,2020,48932.0
303051073,Calamvale - Stretton,2021,50847.0
303051073,Calamvale - Stretton,2022,53680.0
303051073,Calamvale - Stretton,2023,56786.0
303051074,Pallara - Willawong,2019,58226.0
303051074,Pallara - Willawong,2020,58923.0
303051074,Pallara - Willawong,2021,61172.0
303051074,Pallara - Willawong,2022,62784.0
303051074,Pallara - Willawong,2023,66483.0
303051075,Parkinson - Drewvale,2019,54280.0
303051075,Parkinson - Drewvale,2020,55247.0
303051075,Parkinson - Drewvale,2021,57597.0
303051075,Parkinson - Drewvale,2022,59478.0
303051075,Parkinson - Drewvale,2023,63356.0
303051076,Rocklea - Acacia Ridge,2019,46442.0
303051076,Rocklea - Acacia Ridge,2020,47939.0
303051076,Rocklea - Acacia Ridge,2021,50000.0
303051076,Rocklea - Acacia Ridge,2022,51751.0
303051076,Rocklea - Acacia Ridge,2023,54939.0
303061077,Kuraby,2019,49920.0
303061077,Kuraby,2020,51544.0
303061077,Kuraby,2021,53327.0
303061077,Kuraby,2022,55626.0
303061077,Kuraby,2023,59894.0
303061078,Runcorn,2019,42253.0
303061078,Runcorn,2020,43705.0
303061078,Runcorn,2021,47441.0
303061078,Runcorn,2022,50626.0
303061078,Runcorn,2023,54108.0
303061079,Sunnybank,2019,31875.0
303061079,Sunnybank,2020,32950.0
303061079,Sunnybank,2021,39267.0
303061079,Sunnybank,2022,43077.0
303061079,Sunnybank,2023,44186.0
303061080,Sunnybank Hills,2019,43299.0
303061080,Sunnybank Hills,2020,44560.0
303061080,Sunnybank Hills,2021,47465.0
303061080,Sunnybank Hills,2022,50168.0
303061080,Sunnybank Hills,2023,52205.0
304011081,Jindalee - Mount Ommaney,2019,59166.0
304011081,Jindalee - Mount Ommaney,2020,63488.0
304011081,Jindalee - Mount Ommaney,2021,65700.0
304011081,Jindalee - Mount Ommaney,2022,68431.0
304011081,Jindalee - Mount Ommaney,2023,72295.0
304011082,Middle Park - Jamboree Heights,2019,58819.0
304011082,Middle Park - Jamboree Heights,2020,60983.0
304011082,Middle Park - Jamboree Heights,2021,62221.0
304011082,Middle Park - Jamboree Heights,2022,66118.0
304011082,Middle Park - Jamboree Heights,2023,67488.0
304011083,Riverhills,2019,58321.0
304011083,Riverhills,2020,61215.0
304011083,Riverhills,2021,64418.0
304011083,Riverhills,2022,66607.0
304011083,Riverhills,2023,70873.0
304011084,Seventeen Mile Rocks - Sinnamon Park,2019,65194.0
304011084,Seventeen Mile Rocks - Sinnamon Park,2020,67147.0
304011084,Seventeen Mile Rocks - Sinnamon Park,2021,70959.0
304011084,Seventeen Mile Rocks - Sinnamon Park,2022,72671.0
304011084,Seventeen Mile Rocks - Sinnamon Park,2023,76541.0
304011085,Westlake,2019,63373.0
304011085,Westlake,2020,64270.0
304011085,Westlake,2021,67925.0
304011085,Westlake,2022,72304.0
304011085,Westlake,2023,73812.0
304021086,Bellbowrie - Moggill,2019,61676.0
304021086,Bellbowrie - Moggill,2020,64844.0
304021086,Bellbowrie - Moggill,2021,65836.0
304021086,Bellbowrie - Moggill,2022,69883.0
304021086,Bellbowrie - Moggill,2023,73973.0
304021087,Brookfield - Kenmore Hills,2019,58430.0
304021087,Brookfield - Kenmore Hills,2020,62062.0
304021087,Brookfield - Kenmore Hills,2021,67560.0
304021087,Brookfield - Kenmore Hills,2022,70006.0
304021087,Brookfield - Kenmore Hills,2023,74000.0
304021088,Chapel Hill,2019,63789.0
304021088,Chapel Hill,2020,67172.0
304021088,Chapel Hill,2021,71238.0
304021088,Chapel Hill,2022,74515.0
304021088,Chapel Hill,2023,78626.0
304021089,Fig Tree Pocket,2019,64208.0
304021089,Fig Tree Pocket,2020,71233.0
304021089,Fig Tree Pocket,2021,73394.0
304021089,Fig Tree Pocket,2022,74568.0
304021089,Fig Tree Pocket,2023,76344.0
304021090,Kenmore,2019,61763.0
304021090,Kenmore,2020,64965.0
304021090,Kenmore,2021,69221.0
304021090,Kenmore,2022,71212.0
304021090,Kenmore,2023,77291.0
304021091,Pinjarra Hills - Pullenvale,2019,62491.0
304021091,Pinjarra Hills - Pullenvale,2020,67076.0
304021091,Pinjarra Hills - Pullenvale,2021,73363.0
304021091,Pinjarra Hills - Pullenvale,2022,74282.0
304021091,Pinjarra Hills - Pullenvale,2023,77651.0
304031092,Chelmer - Graceville,2019,64080.0
304031092,Chelmer - Graceville,2020,68301.0
304031092,Chelmer - Graceville,2021,70862.0
304031092,Chelmer - Graceville,2022,73545.0
304031092,Chelmer - Graceville,2023,77338.0
304031093,Corinda,2019,61575.0
304031093,Corinda,2020,63895.0
304031093,Corinda,2021,67315.0
304031093,Corinda,2022,69516.0
304031093,Corinda,2023,73748.0
304031094,Indooroopilly,2019,52891.0
304031094,Indooroopilly,2020,55112.0
304031094,Indooroopilly,2021,58417.0
304031094,Indooroopilly,2022,60695.0
304031094,Indooroopilly,2023,62722.0
304031095,Sherwood,2019,61729.0
304031095,Sherwood,2020,63846.0
304031095,Sherwood,2021,66919.0
304031095,Sherwood,2022,70486.0
304031095,Sherwood,2023,73579.0
304031096,St Lucia,2019,32647.0
304031096,St Lucia,2020,36487.0
304031096,St Lucia,2021,38379.0
304031096,St Lucia,2022,38380.0
304031096,St Lucia,2023,40364.0
304031097,Taringa,2019,53180.0
304031097,Taringa,2020,54661.0
304031097,Taringa,2021,58312.0
304031097,Taringa,2022,59986.0
304031097,Taringa,2023,64845.0
304041098,Enoggera,2019,66358.0
304041098,Enoggera,2020,66676.0
304041098,Enoggera,2021,69428.0
304041098,Enoggera,2022,73320.0
304041098,Enoggera,2023,76453.0
304041099,Enoggera Reservoir,2019,59303.0
304041099,Enoggera Reservoir,2020,71299.0
304041099,Enoggera Reservoir,2021,49103.0
304041099,Enoggera Reservoir,2022,11885.0
304041099,Enoggera Reservoir,2023,31250.0
304041100,Keperra,2019,56496.0
304041100,Keperra,2020,58112.0
304041100,Keperra,2021,62585.0
304041100,Keperra,2022,64177.0
304041100,Keperra,2023,68160.0
304041101,Mitchelton,2019,65056.0
304041101,Mitchelton,2020,67091.0
304041101,Mitchelton,2021,70446.0
304041101,Mitchelton,2022,72683.0
304041101,Mitchelton,2023,76749.0
304041102,Mount Coot-tha,2019,
304041102,Mount Coot-tha,2020,
304041102,Mount Coot-tha,2021,
304041102,Mount Coot-tha,2022,
304041102,Mount Coot-tha,2023,
304041103,The Gap,2019,64720.0
304041103,The Gap,2020,66461.0
304041103,The Gap,2021,69395.0
304041103,The Gap,2022,72609.0
304041103,The Gap,2023,76391.0
304041104,Upper Kedron - Ferny Grove,2019,63781.0
304041104,Upper Kedron - Ferny Grove,2020,67840.0
304041104,Upper Kedron - Ferny Grove,2021,70186.0
304041104,Upper Kedron - Ferny Grove,2022,73919.0
304041104,Upper Kedron - Ferny Grove,2023,78702.0
305011105,Brisbane City,2019,25000.0
305011105,Brisbane City,2020,27880.0
305011105,Brisbane City,2021,43613.0
305011105,Brisbane City,2022,48022.0
305011105,Brisbane City,2023,38042.0
305011106,Fortitude Valley,2019,46449.0
305011106,Fortitude Valley,2020,46870.0
305011106,Fortitude Valley,2021,54057.0
305011106,Fortitude Valley,2022,58888.0
305011106,Fortitude Valley,2023,61200.0
305011107,Highgate Hill,2019,48191.0
305011107,Highgate Hill,2020,49156.0
305011107,Highgate Hill,2021,54736.0
305011107,Highgate Hill,2022,56111.0
305011107,Highgate Hill,2023,57925.0
305011108,Kangaroo Point,2019,53948.0
305011108,Kangaroo Point,2020,56272.0
305011108,Kangaroo Point,2021,63759.0
305011108,Kangaroo Point,2022,66363.0
305011108,Kangaroo Point,2023,65820.0
305011109,New Farm,2019,60224.0
305011109,New Farm,2020,62163.0
305011109,New Farm,2021,67705.0
305011109,New Farm,2022,70619.0
305011109,New Farm,2023,72359.0
305011110,South Brisbane,2019,46095.0
305011110,South Brisbane,2020,46767.0
305011110,South Brisbane,2021,51434.0
305011110,South Brisbane,2022,52762.0
305011110,South Brisbane,2023,52467.0
305011111,Spring Hill,2019,31305.0
305011111,Spring Hill,2020,33432.0
305011111,Spring Hill,2021,46196.0
305011111,Spring Hill,2022,50422.0
305011111,Spring Hill,2023,50869.0
305011112,West End,2019,54248.0
305011112,West End,2020,57559.0
305011112,West End,2021,62189.0
305011112,West End,2022,65596.0
305011112,West End,2023,64800.0
305021113,Balmoral,2019,68040.0
305021113,Balmoral,2020,69924.0
305021113,Balmoral,2021,72084.0
305021113,Balmoral,2022,75342.0
305021113,Balmoral,2023,81950.0
305021114,Bulimba,2019,74120.0
305021114,Bulimba,2020,74758.0
305021114,Bulimba,2021,79143.0
305021114,Bulimba,2022,80090.0
305021114,Bulimba,2023,82307.0
305021115,East Brisbane,2019,50912.0
305021115,East Brisbane,2020,52032.0
305021115,East Brisbane,2021,58543.0
305021115,East Brisbane,2022,61481.0
305021115,East Brisbane,2023,61182.0
305021116,Hawthorne,2019,66348.0
305021116,Hawthorne,2020,69363.0
305021116,Hawthorne,2021,72366.0
305021116,Hawthorne,2022,76639.0
305021116,Hawthorne,2023,77223.0
305021117,Morningside - Seven Hills,2019,63143.0
305021117,Morningside - Seven Hills,2020,65580.0
305021117,Morningside - Seven Hills,2021,70380.0
305021117,Morningside - Seven Hills,2022,74221.0
305021117,Morningside - Seven Hills,2023,78153.0
305021118,Norman Park,2019,66435.0
305021118,Norman Park,2020,69193.0
305021118,Norman Park,2021,72540.0
305021118,Norman Park,2022,75123.0
305021118,Norman Park,2023,78105.0
305031119,Albion,2019,60446.0
305031119,Albion,2020,60716.0
305031119,Albion,2021,64238.0
305031119,Albion,2022,67332.0
305031119,Albion,2023,70881.0
305031120,Alderley,2019,62160.0
305031120,Alderley,2020,64615.0
305031120,Alderley,2021,69904.0
305031120,Alderley,2022,73465.0
305031120,Alderley,2023,75240.0
305031121,Ascot,2019,61707.0
305031121,Ascot,2020,62445.0
305031121,Ascot,2021,65422.0
305031121,Ascot,2022,69726.0
305031121,Ascot,2023,72380.0
305031122,Clayfield,2019,57806.0
305031122,Clayfield,2020,58351.0
305031122,Clayfield,2021,62924.0
305031122,Clayfield,2022,67251.0
305031122,Clayfield,2023,71795.0
305031123,Grange,2019,70000.0
305031123,Grange,2020,74124.0
305031123,Grange,2021,76572.0
305031123,Grange,2022,78534.0
305031123,Grange,2023,81938.0
305031124,Hamilton (Qld),2019,59674.0
305031124,Hamilton (Qld),2020,62688.0
305031124,Hamilton (Qld),2021,63551.0
305031124,Hamilton (Qld),2022,69337.0
305031124,Hamilton (Qld),2023,71372.0
305031125,Hendra,2019,66040.0
305031125,Hendra,2020,65746.0
305031125,Hendra,2021,71530.0
305031125,Hendra,2022,74955.0
305031125,Hendra,2023,77100.0
305031126,Kelvin Grove - Herston,2019,44496.0
305031126,Kelvin Grove - Herston,2020,45000.0
305031126,Kelvin Grove - Herston,2021,49187.0
305031126,Kelvin Grove - Herston,2022,49694.0
305031126,Kelvin Grove - Herston,2023,49790.0
305031127,Newmarket,2019,56488.0
305031127,Newmarket,2020,57783.0
305031127,Newmarket,2021,60469.0
305031127,Newmarket,2022,63847.0
305031127,Newmarket,2023,67961.0
305031128,Newstead - Bowen Hills,2019,65557.0
305031128,Newstead - Bowen Hills,2020,68030.0
305031128,Newstead - Bowen Hills,2021,70781.0
305031128,Newstead - Bowen Hills,2022,74651.0
305031128,Newstead - Bowen Hills,2023,77317.0
305031129,Wilston,2019,65546.0
305031129,Wilston,2020,67464.0
305031129,Wilston,2021,72143.0
305031129,Wilston,2022,74377.0
305031129,Wilston,2023,77566.0
305031130,Windsor,2019,58031.0
305031130,Windsor,2020,61262.0
305031130,Windsor,2021,64996.0
305031130,Windsor,2022,67470.0
305031130,Windsor,2023,71986.0
305031131,Wooloowin - Lutwyche,2019,59594.0
305031131,Wooloowin - Lutwyche,2020,60122.0
305031131,Wooloowin - Lutwyche,2021,63460.0
305031131,Wooloowin - Lutwyche,2022,67543.0
305031131,Wooloowin - Lutwyche,2023,71064.0
305041132,Ashgrove,2019,63792.0
305041132,Ashgrove,2020,65864.0
305041132,Ashgrove,2021,69268.0
305041132,Ashgrove,2022,70515.0
305041132,Ashgrove,2023,74318.0
305041133,Auchenflower,2019,55698.0
305041133,Auchenflower,2020,56675.0
305041133,Auchenflower,2021,59551.0
305041133,Auchenflower,2022,63889.0
305041133,Auchenflower,2023,65532.0
305041134,Bardon,2019,67437.0
305041134,Bardon,2020,70849.0
305041134,Bardon,2021,75067.0
305041134,Bardon,2022,78513.0
305041134,Bardon,2023,81890.0
305041135,Paddington - Milton,2019,61164.0
305041135,Paddington - Milton,2020,61914.0
305041135,Paddington - Milton,2021,65061.0
305041135,Paddington - Milton,2022,69393.0
305041135,Paddington - Milton,2023,70692.0
305041136,Red Hill (Qld),2019,58929.0
305041136,Red Hill (Qld),2020,59800.0
305041136,Red Hill (Qld),2021,63019.0
305041136,Red Hill (Qld),2022,65714.0
305041136,Red Hill (Qld),2023,68795.0
305041137,Toowong,2019,54037.0
305041137,Toowong,2020,55742.0
305041137,Toowong,2021,59207.0
305041137,Toowong,2022,61228.0
305041137,Toowong,2023,62714.0
306011138,Brinsmead,2019,55410.0
306011138,Brinsmead,2020,57099.0
306011138,Brinsmead,2021,57635.0
306011138,Brinsmead,2022,60436.0
306011138,Brinsmead,2023,62486.0
306011139,Clifton Beach - Kewarra Beach,2019,50797.0
306011139,Clifton Beach - Kewarra Beach,2020,51811.0
306011139,Clifton Beach - Kewarra Beach,2021,53715.0
306011139,Clifton Beach - Kewarra Beach,2022,55901.0
306011139,Clifton Beach - Kewarra Beach,2023,58810.0
306011140,Freshwater - Stratford,2019,56037.0
306011140,Freshwater - Stratford,2020,57516.0
306011140,Freshwater - Stratford,2021,60528.0
306011140,Freshwater - Stratford,2022,63159.0
306011140,Freshwater - Stratford,2023,67797.0
306011141,Redlynch,2019,57292.0
306011141,Redlynch,2020,58394.0
306011141,Redlynch,2021,60206.0
306011141,Redlynch,2022,62464.0
306011141,Redlynch,2023,66269.0
306011142,Trinity Beach - Smithfield,2019,52505.0
306011142,Trinity Beach - Smithfield,2020,52975.0
306011142,Trinity Beach - Smithfield,2021,55737.0
306011142,Trinity Beach - Smithfield,2022,58160.0
306011142,Trinity Beach - Smithfield,2023,61808.0
306011143,Yorkeys Knob - Machans Beach,2019,48718.0
306011143,Yorkeys Knob - Machans Beach,2020,49259.0
306011143,Yorkeys Knob - Machans Beach,2021,50404.0
306011143,Yorkeys Knob - Machans Beach,2022,52962.0
306011143,Yorkeys Knob - Machans Beach,2023,57392.0
306021144,Bentley Park,2019,51800.0
306021144,Bentley Park,2020,51892.0
306021144,Bentley Park,2021,54000.0
306021144,Bentley Park,2022,55614.0
306021144,Bentley Park,2023,59963.0
306021145,Cairns City,2019,31581.0
306021145,Cairns City,2020,32484.0
306021145,Cairns City,2021,43658.0
306021145,Cairns City,2022,45174.0
306021145,Cairns City,2023,40608.0
306021146,Earlville - Bayview Heights,2019,50078.0
306021146,Earlville - Bayview Heights,2020,52169.0
306021146,Earlville - Bayview Heights,2021,54452.0
306021146,Earlville - Bayview Heights,2022,56396.0
306021146,Earlville - Bayview Heights,2023,59938.0
306021147,Edmonton,2019,49920.0
306021147,Edmonton,2020,51696.0
306021147,Edmonton,2021,52705.0
306021147,Edmonton,2022,54711.0
306021147,Edmonton,2023,58220.0
306021148,Gordonvale - Trinity,2019,51380.0
306021148,Gordonvale - Trinity,2020,53708.0
306021148,Gordonvale - Trinity,2021,55871.0
306021148,Gordonvale - Trinity,2022,56872.0
306021148,Gordonvale - Trinity,2023,60805.0
306021149,Kanimbla - Mooroobool,2019,50295.0
306021149,Kanimbla - Mooroobool,2020,52014.0
306021149,Kanimbla - Mooroobool,2021,52681.0
306021149,Kanimbla - Mooroobool,2022,54527.0
306021149,Kanimbla - Mooroobool,2023,58010.0
306021150,Lamb Range,2019,
306021150,Lamb Range,2020,
306021150,Lamb Range,2021,
306021150,Lamb Range,2022,
306021150,Lamb Range,2023,
306021151,Manoora,2019,42129.0
306021151,Manoora,2020,44580.0
306021151,Manoora,2021,44206.0
306021151,Manoora,2022,46857.0
306021151,Manoora,2023,50528.0
306021152,Manunda,2019,43926.0
306021152,Manunda,2020,43195.0
306021152,Manunda,2021,44819.0
306021152,Manunda,2022,47078.0
306021152,Manunda,2023,51489.0
306021153,Mount Sheridan,2019,53374.0
306021153,Mount Sheridan,2020,53644.0
306021153,Mount Sheridan,2021,54685.0
306021153,Mount Sheridan,2022,57385.0
306021153,Mount Sheridan,2023,60654.0
306021154,Westcourt - Bungalow,2019,42140.0
306021154,Westcourt - Bungalow,2020,43658.0
306021154,Westcourt - Bungalow,2021,46017.0
306021154,Westcourt - Bungalow,2022,49332.0
306021154,Westcourt - Bungalow,2023,51528.0
306021155,White Rock,2019,47056.0
306021155,White Rock,2020,48925.0
306021155,White Rock,2021,49888.0
306021155,White Rock,2022,51516.0
306021155,White Rock,2023,54933.0
306021156,Whitfield - Edge Hill,2019,53134.0
306021156,Whitfield - Edge Hill,2020,54053.0
306021156,Whitfield - Edge Hill,2021,57009.0
306021156,Whitfield - Edge Hill,2022,59517.0
306021156,Whitfield - Edge Hill,2023,63176.0
306021157,Woree,2019,46018.0
306021157,Woree,2020,46582.0
306021157,Woree,2021,45972.0
306021157,Woree,2022,48204.0
306021157,Woree,2023,53182.0
306031158,Babinda,2019,47036.0
306031158,Babinda,2020,47212.0
306031158,Babinda,2021,50008.0
306031158,Babinda,2022,51147.0
306031158,Babinda,2023,52589.0
306031159,Innisfail,2019,31459.0
306031159,Innisfail,2020,34684.0
306031159,Innisfail,2021,41115.0
306031159,Innisfail,2022,42408.0
306031159,Innisfail,2023,39600.0
306031160,Johnstone,2019,40564.0
306031160,Johnstone,2020,42721.0
306031160,Johnstone,2021,45444.0
306031160,Johnstone,2022,47144.0
306031160,Johnstone,2023,48469.0
306031161,Tully,2019,33920.0
306031161,Tully,2020,36714.0
306031161,Tully,2021,42879.0
306031161,Tully,2022,43530.0
306031161,Tully,2023,42507.0
306031162,Wooroonooran,2019,76933.0
306031162,Wooroonooran,2020,81293.0
306031162,Wooroonooran,2021,
306031162,Wooroonooran,2022,
306031162,Wooroonooran,2023,
306031163,Yarrabah,2019,36913.0
306031163,Yarrabah,2020,38601.0
306031163,Yarrabah,2021,28950.0
306031163,Yarrabah,2022,27924.0
306031163,Yarrabah,2023,33183.0
306041164,Daintree,2019,41663.0
306041164,Daintree,2020,43072.0
306041164,Daintree,2021,43082.0
306041164,Daintree,2022,44681.0
306041164,Daintree,2023,47129.0
306041165,Port Douglas,2019,35093.0
306041165,Port Douglas,2020,37602.0
306041165,Port Douglas,2021,38803.0
306041165,Port Douglas,2022,43442.0
306041165,Port Douglas,2023,43043.0
306051166,Atherton,2019,36994.0
306051166,Atherton,2020,37823.0
306051166,Atherton,2021,45049.0
306051166,Atherton,2022,46511.0
306051166,Atherton,2023,45363.0
306051167,Herberton,2019,37031.0
306051167,Herberton,2020,38624.0
306051167,Herberton,2021,38743.0
306051167,Herberton,2022,39726.0
306051167,Herberton,2023,42645.0
306051168,Kuranda,2019,44892.0
306051168,Kuranda,2020,45643.0
306051168,Kuranda,2021,46184.0
306051168,Kuranda,2022,48266.0
306051168,Kuranda,2023,52220.0
306051169,Malanda - Yungaburra,2019,40200.0
306051169,Malanda - Yungaburra,2020,43518.0
306051169,Malanda - Yungaburra,2021,44503.0
306051169,Malanda - Yungaburra,2022,45020.0
306051169,Malanda - Yungaburra,2023,46766.0
306051170,Mareeba,2019,35358.0
306051170,Mareeba,2020,37684.0
306051170,Mareeba,2021,44879.0
306051170,Mareeba,2022,46811.0
306051170,Mareeba,2023,43988.0
307011171,Balonne,2019,40226.0
307011171,Balonne,2020,42602.0
307011171,Balonne,2021,46390.0
307011171,Balonne,2022,48230.0
307011171,Balonne,2023,51088.0
307011172,Chinchilla,2019,50129.0
307011172,Chinchilla,2020,52366.0
307011172,Chinchilla,2021,51814.0
307011172,Chinchilla,2022,54099.0
307011172,Chinchilla,2023,58272.0
307011173,Goondiwindi,2019,47369.0
307011173,Goondiwindi,2020,48726.0
307011173,Goondiwindi,2021,52079.0
307011173,Goondiwindi,2022,53549.0
307011173,Goondiwindi,2023,57922.0
307011174,Inglewood - Waggamba,2019,40072.0
307011174,Inglewood - Waggamba,2020,43505.0
307011174,Inglewood - Waggamba,2021,44709.0
307011174,Inglewood - Waggamba,2022,47496.0
307011174,Inglewood - Waggamba,2023,49746.0
307011175,Miles - Wandoan,2019,43952.0
307011175,Miles - Wandoan,2020,46234.0
307011175,Miles - Wandoan,2021,47158.0
307011175,Miles - Wandoan,2022,50805.0
307011175,Miles - Wandoan,2023,54165.0
307011176,Roma,2019,54575.0
307011176,Roma,2020,56844.0
307011176,Roma,2021,57474.0
307011176,Roma,2022,59227.0
307011176,Roma,2023,62632.0
307011177,Roma Surrounds,2019,44453.0
307011177,Roma Surrounds,2020,45594.0
307011177,Roma Surrounds,2021,46967.0
307011177,Roma Surrounds,2022,48423.0
307011177,Roma Surrounds,2023,51017.0
307011178,Tara,2019,37548.0
307011178,Tara,2020,40496.0
307011178,Tara,2021,40453.0
307011178,Tara,2022,41162.0
307011178,Tara,2023,42146.0
307021179,Crows Nest - Rosalie,2019,46907.0
307021179,Crows Nest - Rosalie,2020,47948.0
307021179,Crows Nest - Rosalie,2021,50019.0
307021179,Crows Nest - Rosalie,2022,49572.0
307021179,Crows Nest - Rosalie,2023,52199.0
307021180,Jondaryan,2019,50535.0
307021180,Jondaryan,2020,51043.0
307021180,Jondaryan,2021,50625.0
307021180,Jondaryan,2022,53179.0
307021180,Jondaryan,2023,55317.0
307021181,Millmerran,2019,44846.0
307021181,Millmerran,2020,46183.0
307021181,Millmerran,2021,49441.0
307021181,Millmerran,2022,49846.0
307021181,Millmerran,2023,51515.0
307021182,Pittsworth,2019,47098.0
307021182,Pittsworth,2020,48347.0
307021182,Pittsworth,2021,50851.0
307021182,Pittsworth,2022,51570.0
307021182,Pittsworth,2023,56018.0
307021183,Wambo,2019,48686.0
307021183,Wambo,2020,50579.0
307021183,Wambo,2021,51060.0
307021183,Wambo,2022,53395.0
307021183,Wambo,2023,56230.0
307031184,Clifton - Greenmount,2019,47752.0
307031184,Clifton - Greenmount,2020,50054.0
307031184,Clifton - Greenmount,2021,51376.0
307031184,Clifton - Greenmount,2022,53289.0
307031184,Clifton - Greenmount,2023,55641.0
307031185,Southern Downs - East,2019,42754.0
307031185,Southern Downs - East,2020,45500.0
307031185,Southern Downs - East,2021,46369.0
307031185,Southern Downs - East,2022,48760.0
307031185,Southern Downs - East,2023,49967.0
307031186,Southern Downs - West,2019,43555.0
307031186,Southern Downs - West,2020,45626.0
307031186,Southern Downs - West,2021,46703.0
307031186,Southern Downs - West,2022,47244.0
307031186,Southern Downs - West,2023,49039.0
307031187,Stanthorpe,2019,26655.0
307031187,Stanthorpe,2020,32603.0
307031187,Stanthorpe,2021,39370.0
307031187,Stanthorpe,2022,40227.0
307031187,Stanthorpe,2023,41569.0
307031188,Stanthorpe Surrounds,2019,30791.0
307031188,Stanthorpe Surrounds,2020,33595.0
307031188,Stanthorpe Surrounds,2021,37639.0
307031188,Stanthorpe Surrounds,2022,39204.0
307031188,Stanthorpe Surrounds,2023,38826.0
307031189,Warwick,2019,45350.0
307031189,Warwick,2020,47586.0
307031189,Warwick,2021,48152.0
307031189,Warwick,2022,49400.0
307031189,Warwick,2023,51839.0
308011190,Central Highlands - East,2019,65467.0
308011190,Central Highlands - East,2020,69861.0
308011190,Central Highlands - East,2021,72446.0
308011190,Central Highlands - East,2022,74237.0
308011190,Central Highlands - East,2023,80557.0
308011191,Central Highlands - West,2019,47617.0
308011191,Central Highlands - West,2020,51093.0
308011191,Central Highlands - West,2021,56141.0
308011191,Central Highlands - West,2022,57834.0
308011191,Central Highlands - West,2023,55833.0
308011192,Emerald,2019,56694.0
308011192,Emerald,2020,55924.0
308011192,Emerald,2021,60628.0
308011192,Emerald,2022,63059.0
308011192,Emerald,2023,65925.0
308031205,Berserker,2019,47938.0
308031205,Berserker,2020,49839.0
308031205,Berserker,2021,50842.0
308031205,Berserker,2022,51777.0
308031205,Berserker,2023,55485.0
308031206,Bouldercombe,2019,55962.0
308031206,Bouldercombe,2020,54809.0
308031206,Bouldercombe,2021,56684.0
308031206,Bouldercombe,2022,58037.0
308031206,Bouldercombe,2023,63296.0
308031207,Emu Park,2019,51792.0
308031207,Emu Park,2020,53046.0
308031207,Emu Park,2021,54323.0
308031207,Emu Park,2022,54972.0
308031207,Emu Park,2023,59680.0
308031208,Frenchville - Mount Archer,2019,57367.0
308031208,Frenchville - Mount Archer,2020,59472.0
308031208,Frenchville - Mount Archer,2021,62641.0
308031208,Frenchville - Mount Archer,2022,64095.0
308031208,Frenchville - Mount Archer,2023,66926.0
308031209,Glenlee - Rockyview,2019,64328.0
308031209,Glenlee - Rockyview,2020,66981.0
308031209,Glenlee - Rockyview,2021,70766.0
308031209,Glenlee - Rockyview,2022,70452.0
308031209,Glenlee - Rockyview,2023,73783.0
308031210,Gracemere,2019,54678.0
308031210,Gracemere,2020,57055.0
308031210,Gracemere,2021,57784.0
308031210,Gracemere,2022,59805.0
308031210,Gracemere,2023,63615.0
308031211,Lakes Creek,2019,51867.0
308031211,Lakes Creek,2020,53926.0
308031211,Lakes Creek,2021,52314.0
308031211,Lakes Creek,2022,54547.0
308031211,Lakes Creek,2023,58836.0
308031212,Mount Morgan,2019,46780.0
308031212,Mount Morgan,2020,47523.0
308031212,Mount Morgan,2021,48796.0
308031212,Mount Morgan,2022,48008.0
308031212,Mount Morgan,2023,52788.0
308031213,Norman Gardens,2019,57934.0
308031213,Norman Gardens,2020,60886.0
308031213,Norman Gardens,2021,62533.0
308031213,Norman Gardens,2022,63304.0
308031213,Norman Gardens,2023,66845.0
308031214,Park Avenue,2019,51999.0
308031214,Park Avenue,2020,52883.0
308031214,Park Avenue,2021,54719.0
308031214,Park Avenue,2022,57257.0
308031214,Park Avenue,2023,59216.0
308031215,Parkhurst - Kawana,2019,55667.0
308031215,Parkhurst - Kawana,2020,58192.0
308031215,Parkhurst - Kawana,2021,58277.0
308031215,Parkhurst - Kawana,2022,61820.0
308031215,Parkhurst - Kawana,2023,66007.0
308031216,Rockhampton - West,2019,56216.0
308031216,Rockhampton - West,2020,58559.0
308031216,Rockhampton - West,2021,58920.0
308031216,Rockhampton - West,2022,62080.0
308031216,Rockhampton - West,2023,65930.0
308031217,Rockhampton City,2019,45755.0
308031217,Rockhampton City,2020,47389.0
308031217,Rockhampton City,2021,47965.0
308031217,Rockhampton City,2022,48544.0
308031217,Rockhampton City,2023,53335.0
308031218,Rockhampton Surrounds - East,2019,57176.0
308031218,Rockhampton Surrounds - East,2020,60041.0
308031218,Rockhampton Surrounds - East,2021,61447.0
308031218,Rockhampton Surrounds - East,2022,61383.0
308031218,Rockhampton Surrounds - East,2023,64439.0
308031219,Rockhampton Surrounds - North,2019,45971.0
308031219,Rockhampton Surrounds - North,2020,48675.0
308031219,Rockhampton Surrounds - North,2021,51754.0
308031219,Rockhampton Surrounds - North,2022,53215.0
308031219,Rockhampton Surrounds - North,2023,56199.0
308031220,Rockhampton Surrounds - West,2019,54147.0
308031220,Rockhampton Surrounds - West,2020,56917.0
308031220,Rockhampton Surrounds - West,2021,60523.0
308031220,Rockhampton Surrounds - West,2022,61000.0
308031220,Rockhampton Surrounds - West,2023,64018.0
308031221,Shoalwater Bay,2019,
308031221,Shoalwater Bay,2020,
308031221,Shoalwater Bay,2021,
308031221,Shoalwater Bay,2022,
308031221,Shoalwater Bay,2023,11436.0
308031222,The Range - Allenstown,2019,56316.0
308031222,The Range - Allenstown,2020,59936.0
308031222,The Range - Allenstown,2021,61586.0
308031222,The Range - Allenstown,2022,62835.0
308031222,The Range - Allenstown,2023,65778.0
308031223,Yeppoon,2019,55425.0
308031223,Yeppoon,2020,58514.0
308031223,Yeppoon,2021,61281.0
308031223,Yeppoon,2022,62493.0
308031223,Yeppoon,2023,65411.0
308041528,Banana,2019,50817.0
308041528,Banana,2020,51997.0
308041528,Banana,2021,54377.0
308041528,Banana,2022,54799.0
308041528,Banana,2023,58581.0
308041529,Biloela,2019,60394.0
308041529,Biloela,2020,60755.0
308041529,Biloela,2021,59829.0
308041529,Biloela,2022,62343.0
308041529,Biloela,2023,63206.0
308051530,Agnes Water - Miriam Vale,2019,41338.0
308051530,Agnes Water - Miriam Vale,2020,43964.0
308051530,Agnes Water - Miriam Vale,2021,45362.0
308051530,Agnes Water - Miriam Vale,2022,45000.0
308051530,Agnes Water - Miriam Vale,2023,45899.0
308051531,Boyne Island - Tannum Sands,2019,68002.0
308051531,Boyne Island - Tannum Sands,2020,70678.0
308051531,Boyne Island - Tannum Sands,2021,69065.0
308051531,Boyne Island - Tannum Sands,2022,71476.0
308051531,Boyne Island - Tannum Sands,2023,76320.0
308051532,Callemondah,2019,
308051532,Callemondah,2020,
308051532,Callemondah,2021,89049.0
308051532,Callemondah,2022,89051.0
308051532,Callemondah,2023,47535.0
308051533,Clinton - New Auckland,2019,63722.0
308051533,Clinton - New Auckland,2020,63237.0
308051533,Clinton - New Auckland,2021,64796.0
308051533,Clinton - New Auckland,2022,66560.0
308051533,Clinton - New Auckland,2023,71502.0
308051534,Gladstone,2019,54779.0
308051534,Gladstone,2020,57520.0
308051534,Gladstone,2021,55866.0
308051534,Gladstone,2022,57787.0
308051534,Gladstone,2023,59689.0
308051535,Gladstone Hinterland,2019,65018.0
308051535,Gladstone Hinterland,2020,69149.0
308051535,Gladstone Hinterland,2021,69633.0
308051535,Gladstone Hinterland,2022,72070.0
308051535,Gladstone Hinterland,2023,77085.0
308051536,Kin Kora - Sun Valley,2019,60695.0
308051536,Kin Kora - Sun Valley,2020,64389.0
308051536,Kin Kora - Sun Valley,2021,65380.0
308051536,Kin Kora - Sun Valley,2022,65999.0
308051536,Kin Kora - Sun Valley,2023,68983.0
308051537,South Trees,2019,
308051537,South Trees,2020,
308051537,South Trees,2021,
308051537,South Trees,2022,
308051537,South Trees,2023,
308051538,Telina - Toolooa,2019,61008.0
308051538,Telina - Toolooa,2020,64508.0
308051538,Telina - Toolooa,2021,66306.0
308051538,Telina - Toolooa,2022,68317.0
308051538,Telina - Toolooa,2023,71076.0
308051539,West Gladstone,2019,54139.0
308051539,West Gladstone,2020,59583.0
308051539,West Gladstone,2021,60109.0
308051539,West Gladstone,2022,61726.0
308051539,West Gladstone,2023,65154.0
309011224,Broadbeach Waters,2019,42181.0
309011224,Broadbeach Waters,2020,43713.0
309011224,Broadbeach Waters,2021,49074.0
309011224,Broadbeach Waters,2022,51094.0
309011224,Broadbeach Waters,2023,52980.0
309011225,Burleigh Heads,2019,45877.0
309011225,Burleigh Heads,2020,47499.0
309011225,Burleigh Heads,2021,50999.0
309011225,Burleigh Heads,2022,53885.0
309011225,Burleigh Heads,2023,54998.0
309011226,Burleigh Waters,2019,48240.0
309011226,Burleigh Waters,2020,48829.0
309011226,Burleigh Waters,2021,52095.0
309011226,Burleigh Waters,2022,56372.0
309011226,Burleigh Waters,2023,58558.0
309011227,Mermaid Beach - Broadbeach,2019,45768.0
309011227,Mermaid Beach - Broadbeach,2020,47023.0
309011227,Mermaid Beach - Broadbeach,2021,50596.0
309011227,Mermaid Beach - Broadbeach,2022,54685.0
309011227,Mermaid Beach - Broadbeach,2023,56800.0
309011228,Mermaid Waters,2019,44841.0
309011228,Mermaid Waters,2020,45870.0
309011228,Mermaid Waters,2021,49094.0
309011228,Mermaid Waters,2022,53030.0
309011228,Mermaid Waters,2023,55299.0
309011229,Miami,2019,47502.0
309011229,Miami,2020,48193.0
309011229,Miami,2021,52932.0
309011229,Miami,2022,55622.0
309011229,Miami,2023,58927.0
309021230,Coolangatta,2019,41902.0
309021230,Coolangatta,2020,42943.0
309021230,Coolangatta,2021,46076.0
309021230,Coolangatta,2022,47923.0
309021230,Coolangatta,2023,51692.0
309021231,Currumbin - Tugun,2019,47954.0
309021231,Currumbin - Tugun,2020,48734.0
309021231,Currumbin - Tugun,2021,50724.0
309021231,Currumbin - Tugun,2022,52943.0
309021231,Currumbin - Tugun,2023,57003.0
309021232,Currumbin Waters,2019,47182.0
309021232,Currumbin Waters,2020,48132.0
309021232,Currumbin Waters,2021,49526.0
309021232,Currumbin Waters,2022,51379.0
309021232,Currumbin Waters,2023,55223.0
309021233,Elanora,2019,47006.0
309021233,Elanora,2020,48110.0
309021233,Elanora,2021,49764.0
309021233,Elanora,2022,52310.0
309021233,Elanora,2023,56321.0
309021234,Palm Beach,2019,47146.0
309021234,Palm Beach,2020,48926.0
309021234,Palm Beach,2021,52422.0
309021234,Palm Beach,2022,54641.0
309021234,Palm Beach,2023,58226.0
309031235,Arundel,2019,46602.0
309031235,Arundel,2020,46701.0
309031235,Arundel,2021,49530.0
309031235,Arundel,2022,51676.0
309031235,Arundel,2023,55237.0
309031236,Biggera Waters,2019,45606.0
309031236,Biggera Waters,2020,46493.0
309031236,Biggera Waters,2021,48744.0
309031236,Biggera Waters,2022,51480.0
309031236,Biggera Waters,2023,54487.0
309031237,Coombabah,2019,46807.0
309031237,Coombabah,2020,47432.0
309031237,Coombabah,2021,48971.0
309031237,Coombabah,2022,52112.0
309031237,Coombabah,2023,55672.0
309031238,Labrador,2019,44564.0
309031238,Labrador,2020,44770.0
309031238,Labrador,2021,47018.0
309031238,Labrador,2022,49138.0
309031238,Labrador,2023,52587.0
309031239,Paradise Point - Hollywell,2019,42161.0
309031239,Paradise Point - Hollywell,2020,46123.0
309031239,Paradise Point - Hollywell,2021,52411.0
309031239,Paradise Point - Hollywell,2022,56354.0
309031239,Paradise Point - Hollywell,2023,60015.0
309031240,Runaway Bay,2019,48464.0
309031240,Runaway Bay,2020,48403.0
309031240,Runaway Bay,2021,50317.0
309031240,Runaway Bay,2022,53381.0
309031240,Runaway Bay,2023,56290.0
309041241,Guanaba - Springbrook,2019,47955.0
309041241,Guanaba - Springbrook,2020,48535.0
309041241,Guanaba - Springbrook,2021,49403.0
309041241,Guanaba - Springbrook,2022,50809.0
309041241,Guanaba - Springbrook,2023,53423.0
309041242,Tamborine - Canungra,2019,48564.0
309041242,Tamborine - Canungra,2020,49166.0
309041242,Tamborine - Canungra,2021,52033.0
309041242,Tamborine - Canungra,2022,52880.0
309041242,Tamborine - Canungra,2023,55501.0
309051243,Currumbin Valley - Tallebudgera,2019,43954.0
309051243,Currumbin Valley - Tallebudgera,2020,46227.0
309051243,Currumbin Valley - Tallebudgera,2021,49111.0
309051243,Currumbin Valley - Tallebudgera,2022,50961.0
309051243,Currumbin Valley - Tallebudgera,2023,54003.0
309051244,Mudgeeraba - Bonogin,2019,48404.0
309051244,Mudgeeraba - Bonogin,2020,49685.0
309051244,Mudgeeraba - Bonogin,2021,51330.0
309051244,Mudgeeraba - Bonogin,2022,53914.0
309051244,Mudgeeraba - Bonogin,2023,57771.0
309051245,Reedy Creek - Andrews,2019,50805.0
309051245,Reedy Creek - Andrews,2020,51780.0
309051245,Reedy Creek - Andrews,2021,54035.0
309051245,Reedy Creek - Andrews,2022,56734.0
309051245,Reedy Creek - Andrews,2023,59901.0
309061246,Carrara,2019,48474.0
309061246,Carrara,2020,48523.0
309061246,Carrara,2021,50371.0
309061246,Carrara,2022,53250.0
309061246,Carrara,2023,57782.0
309061247,Highland Park,2019,49034.0
309061247,Highland Park,2020,50694.0
309061247,Highland Park,2021,51009.0
309061247,Highland Park,2022,54210.0
309061247,Highland Park,2023,57053.0
309061248,Nerang - Mount Nathan,2019,46934.0
309061248,Nerang - Mount Nathan,2020,48071.0
309061248,Nerang - Mount Nathan,2021,49887.0
309061248,Nerang - Mount Nathan,2022,51979.0
309061248,Nerang - Mount Nathan,2023,56116.0
309061249,Pacific Pines - Gaven,2019,50350.0
309061249,Pacific Pines - Gaven,2020,51088.0
309061249,Pacific Pines - Gaven,2021,52427.0
309061249,Pacific Pines - Gaven,2022,55184.0
309061249,Pacific Pines - Gaven,2023,59170.0
309061250,Worongary - Tallai,2019,46280.0
309061250,Worongary - Tallai,2020,47161.0
309061250,Worongary - Tallai,2021,48065.0
309061250,Worongary - Tallai,2022,51326.0
309061250,Worongary - Tallai,2023,53401.0
309071251,Coomera,2019,47071.0
309071251,Coomera,2020,48523.0
309071251,Coomera,2021,49557.0
309071251,Coomera,2022,52725.0
309071251,Coomera,2023,57079.0
309071252,Helensvale,2019,50063.0
309071252,Helensvale,2020,51343.0
309071252,Helensvale,2021,53694.0
309071252,Helensvale,2022,55586.0
309071252,Helensvale,2023,59335.0
309071253,Hope Island,2019,48951.0
309071253,Hope Island,2020,50886.0
309071253,Hope Island,2021,53213.0
309071253,Hope Island,2022,55518.0
309071253,Hope Island,2023,59744.0
309071254,Jacobs Well - Alberton,2019,51313.0
309071254,Jacobs Well - Alberton,2020,51509.0
309071254,Jacobs Well - Alberton,2021,54144.0
309071254,Jacobs Well - Alberton,2022,56668.0
309071254,Jacobs Well - Alberton,2023,61040.0
309071256,Oxenford - Maudsland,2019,50842.0
309071256,Oxenford - Maudsland,2020,51449.0
309071256,Oxenford - Maudsland,2021,53313.0
309071256,Oxenford - Maudsland,2022,55992.0
309071256,Oxenford - Maudsland,2023,59791.0
309071552,Ormeau (East) - Stapylton,2019,53454.0
309071552,Ormeau (East) - Stapylton,2020,54511.0
309071552,Ormeau (East) - Stapylton,2021,55932.0
309071552,Ormeau (East) - Stapylton,2022,57585.0
309071552,Ormeau (East) - Stapylton,2023,61249.0
309071553,Ormeau (West) - Yatala,2019,54392.0
309071553,Ormeau (West) - Yatala,2020,55633.0
309071553,Ormeau (West) - Yatala,2021,56664.0
309071553,Ormeau (West) - Yatala,2022,59498.0
309071553,Ormeau (West) - Yatala,2023,63718.0
309071554,Pimpama - North,2019,51014.0
309071554,Pimpama - North,2020,51755.0
309071554,Pimpama - North,2021,53646.0
309071554,Pimpama - North,2022,54831.0
309071554,Pimpama - North,2023,59313.0
309071555,Pimpama - South,2019,47914.0
309071555,Pimpama - South,2020,48670.0
309071555,Pimpama - South,2021,49722.0
309071555,Pimpama - South,2022,52668.0
309071555,Pimpama - South,2023,57284.0
309071556,Upper Coomera (South) - Wongawallan,2019,54408.0
309071556,Upper Coomera (South) - Wongawallan,2020,54970.0
309071556,Upper Coomera (South) - Wongawallan,2021,57232.0
309071556,Upper Coomera (South) - Wongawallan,2022,59555.0
309071556,Upper Coomera (South) - Wongawallan,2023,64023.0
309071557,Upper Coomera - North,2019,49628.0
309071557,Upper Coomera - North,2020,50249.0
309071557,Upper Coomera - North,2021,51786.0
309071557,Upper Coomera - North,2022,53953.0
309071557,Upper Coomera - North,2023,57955.0
309071558,Willow Vale - Pimpama (West),2019,49279.0
309071558,Willow Vale - Pimpama (West),2020,49925.0
309071558,Willow Vale - Pimpama (West),2021,52212.0
309071558,Willow Vale - Pimpama (West),2022,54385.0
309071558,Willow Vale - Pimpama (West),2023,58361.0
309081259,Clear Island Waters,2019,43058.0
309081259,Clear Island Waters,2020,45444.0
309081259,Clear Island Waters,2021,48997.0
309081259,Clear Island Waters,2022,50561.0
309081259,Clear Island Waters,2023,52000.0
309081260,Merrimac,2019,48014.0
309081260,Merrimac,2020,48920.0
309081260,Merrimac,2021,50980.0
309081260,Merrimac,2022,54301.0
309081260,Merrimac,2023,57716.0
309081262,Varsity Lakes,2019,46785.0
309081262,Varsity Lakes,2020,46924.0
309081262,Varsity Lakes,2021,49225.0
309081262,Varsity Lakes,2022,51593.0
309081262,Varsity Lakes,2023,54917.0
309081559,Robina - East,2019,45955.0
309081559,Robina - East,2020,46773.0
309081559,Robina - East,2021,49360.0
309081559,Robina - East,2022,52770.0
309081559,Robina - East,2023,55735.0
309081560,Robina - West,2019,47790.0
309081560,Robina - West,2020,48246.0
309081560,Robina - West,2021,51512.0
309081560,Robina - West,2022,53781.0
309081560,Robina - West,2023,57293.0
309091263,Ashmore,2019,46790.0
309091263,Ashmore,2020,47637.0
309091263,Ashmore,2021,49323.0
309091263,Ashmore,2022,51712.0
309091263,Ashmore,2023,54197.0
309091264,Molendinar,2019,43718.0
309091264,Molendinar,2020,44412.0
309091264,Molendinar,2021,45965.0
309091264,Molendinar,2022,48471.0
309091264,Molendinar,2023,53500.0
309091265,Parkwood,2019,45126.0
309091265,Parkwood,2020,45234.0
309091265,Parkwood,2021,48746.0
309091265,Parkwood,2022,51417.0
309091265,Parkwood,2023,53685.0
309091540,Southport - North,2019,37333.0
309091540,Southport - North,2020,38826.0
309091540,Southport - North,2021,42347.0
309091540,Southport - North,2022,44933.0
309091540,Southport - North,2023,48511.0
309091541,Southport - South,2019,40000.0
309091541,Southport - South,2020,40562.0
309091541,Southport - South,2021,43851.0
309091541,Southport - South,2022,46242.0
309091541,Southport - South,2023,47990.0
309101267,Benowa,2019,45400.0
309101267,Benowa,2020,46984.0
309101267,Benowa,2021,48429.0
309101267,Benowa,2022,50588.0
309101267,Benowa,2023,54802.0
309101268,Bundall,2019,45433.0
309101268,Bundall,2020,47224.0
309101268,Bundall,2021,49365.0
309101268,Bundall,2022,52468.0
309101268,Bundall,2023,54526.0
309101269,Main Beach,2019,46112.0
309101269,Main Beach,2020,46587.0
309101269,Main Beach,2021,50037.0
309101269,Main Beach,2022,52799.0
309101269,Main Beach,2023,53310.0
309101561,Surfers Paradise - North,2019,32398.0
309101561,Surfers Paradise - North,2020,33063.0
309101561,Surfers Paradise - North,2021,41333.0
309101561,Surfers Paradise - North,2022,45635.0
309101561,Surfers Paradise - North,2023,46940.0
309101562,Surfers Paradise - South,2019,30547.0
309101562,Surfers Paradise - South,2020,30253.0
309101562,Surfers Paradise - South,2021,39055.0
309101562,Surfers Paradise - South,2022,43781.0
309101562,Surfers Paradise - South,2023,44396.0
310011271,Darra - Sumner,2019,49509.0
310011271,Darra - Sumner,2020,49780.0
310011271,Darra - Sumner,2021,52179.0
310011271,Darra - Sumner,2022,56461.0
310011271,Darra - Sumner,2023,60399.0
310011272,Durack,2019,46692.0
310011272,Durack,2020,47191.0
310011272,Durack,2021,49518.0
310011272,Durack,2022,50532.0
310011272,Durack,2023,52730.0
310011274,Inala - Richlands,2019,39537.0
310011274,Inala - Richlands,2020,40856.0
310011274,Inala - Richlands,2021,41075.0
310011274,Inala - Richlands,2022,43516.0
310011274,Inala - Richlands,2023,46182.0
310011275,Oxley (Qld),2019,61080.0
310011275,Oxley (Qld),2020,61799.0
310011275,Oxley (Qld),2021,65383.0
310011275,Oxley (Qld),2022,68836.0
310011275,Oxley (Qld),2023,71892.0
310011276,Wacol,2019,43769.0
310011276,Wacol,2020,44011.0
310011276,Wacol,2021,44558.0
310011276,Wacol,2022,45569.0
310011276,Wacol,2023,50367.0
310011563,Doolandella,2019,50890.0
310011563,Doolandella,2020,51144.0
310011563,Doolandella,2021,52777.0
310011563,Doolandella,2022,55283.0
310011563,Doolandella,2023,59003.0
310011564,Forest Lake - Ellen Grove,2019,54693.0
310011564,Forest Lake - Ellen Grove,2020,55112.0
310011564,Forest Lake - Ellen Grove,2021,56516.0
310011564,Forest Lake - Ellen Grove,2022,58295.0
310011564,Forest Lake - Ellen Grove,2023,62800.0
310021277,Boonah,2019,46103.0
310021277,Boonah,2020,47276.0
310021277,Boonah,2021,50465.0
310021277,Boonah,2022,52305.0
310021277,Boonah,2023,54857.0
310021278,Esk,2019,45371.0
310021278,Esk,2020,45774.0
310021278,Esk,2021,47113.0
310021278,Esk,2022,45996.0
310021278,Esk,2023,48839.0
310021279,Lake Manchester - England Creek,2019,100624.0
310021279,Lake Manchester - England Creek,2020,107770.0
310021279,Lake Manchester - England Creek,2021,
310021279,Lake Manchester - England Creek,2022,
310021279,Lake Manchester - England Creek,2023,
310021280,Lockyer Valley - East,2019,49438.0
310021280,Lockyer Valley - East,2020,50626.0
310021280,Lockyer Valley - East,2021,52008.0
310021280,Lockyer Valley - East,2022,53595.0
310021280,Lockyer Valley - East,2023,57169.0
310021281,Lowood,2019,50641.0
310021281,Lowood,2020,51957.0
310021281,Lowood,2021,53006.0
310021281,Lowood,2022,54630.0
310021281,Lowood,2023,58943.0
310021282,Rosewood,2019,54062.0
310021282,Rosewood,2020,55173.0
310021282,Rosewood,2021,55915.0
310021282,Rosewood,2022,56658.0
310021282,Rosewood,2023,61256.0
310031283,Brassall,2019,51110.0
310031283,Brassall,2020,52102.0
310031283,Brassall,2021,52819.0
310031283,Brassall,2022,55111.0
310031283,Brassall,2023,58936.0
310031284,Bundamba,2019,50269.0
310031284,Bundamba,2020,51707.0
310031284,Bundamba,2021,51956.0
310031284,Bundamba,2022,54491.0
310031284,Bundamba,2023,58010.0
310031285,Churchill - Yamanto,2019,55683.0
310031285,Churchill - Yamanto,2020,56536.0
310031285,Churchill - Yamanto,2021,57714.0
310031285,Churchill - Yamanto,2022,59372.0
310031285,Churchill - Yamanto,2023,62326.0
310031286,Ipswich - Central,2019,51836.0
310031286,Ipswich - Central,2020,53949.0
310031286,Ipswich - Central,2021,54912.0
310031286,Ipswich - Central,2022,56302.0
310031286,Ipswich - Central,2023,59966.0
310031287,Ipswich - East,2019,51334.0
310031287,Ipswich - East,2020,52434.0
310031287,Ipswich - East,2021,53653.0
310031287,Ipswich - East,2022,55786.0
310031287,Ipswich - East,2023,58998.0
310031288,Ipswich - North,2019,57921.0
310031288,Ipswich - North,2020,60033.0
310031288,Ipswich - North,2021,60874.0
310031288,Ipswich - North,2022,63021.0
310031288,Ipswich - North,2023,67147.0
310031289,Karalee - Barellan Point,2019,62437.0
310031289,Karalee - Barellan Point,2020,64999.0
310031289,Karalee - Barellan Point,2021,66666.0
310031289,Karalee - Barellan Point,2022,68890.0
310031289,Karalee - Barellan Point,2023,74733.0
310031290,Karana Downs,2019,63884.0
310031290,Karana Downs,2020,65171.0
310031290,Karana Downs,2021,66792.0
310031290,Karana Downs,2022,66481.0
310031290,Karana Downs,2023,71013.0
310031291,Leichhardt - One Mile,2019,46954.0
310031291,Leichhardt - One Mile,2020,48114.0
310031291,Leichhardt - One Mile,2021,48353.0
310031291,Leichhardt - One Mile,2022,50084.0
310031291,Leichhardt - One Mile,2023,53594.0
310031292,North Ipswich - Tivoli,2019,52168.0
310031292,North Ipswich - Tivoli,2020,53462.0
310031292,North Ipswich - Tivoli,2021,54241.0
310031292,North Ipswich - Tivoli,2022,56287.0
310031292,North Ipswich - Tivoli,2023,59973.0
310031293,Raceview,2019,54131.0
310031293,Raceview,2020,55306.0
310031293,Raceview,2021,56335.0
310031293,Raceview,2022,57994.0
310031293,Raceview,2023,62531.0
310031294,Ripley,2019,60963.0
310031294,Ripley,2020,62451.0
310031294,Ripley,2021,63963.0
310031294,Ripley,2022,66225.0
310031294,Ripley,2023,70683.0
310031295,Riverview,2019,43809.0
310031295,Riverview,2020,46498.0
310031295,Riverview,2021,45220.0
310031295,Riverview,2022,44317.0
310031295,Riverview,2023,47940.0
310041297,Camira - Gailes,2019,53071.0
310041297,Camira - Gailes,2020,54352.0
310041297,Camira - Gailes,2021,55847.0
310041297,Camira - Gailes,2022,58886.0
310041297,Camira - Gailes,2023,61694.0
310041298,Carole Park,2019,39739.0
310041298,Carole Park,2020,50199.0
310041298,Carole Park,2021,62298.0
310041298,Carole Park,2022,65718.0
310041298,Carole Park,2023,61497.0
310041299,Collingwood Park - Redbank,2019,51131.0
310041299,Collingwood Park - Redbank,2020,52405.0
310041299,Collingwood Park - Redbank,2021,52356.0
310041299,Collingwood Park - Redbank,2022,55065.0
310041299,Collingwood Park - Redbank,2023,59478.0
310041300,Goodna,2019,46237.0
310041300,Goodna,2020,47801.0
310041300,Goodna,2021,48293.0
310041300,Goodna,2022,49278.0
310041300,Goodna,2023,52844.0
310041301,New Chum,2019,
310041301,New Chum,2020,10400.0
310041301,New Chum,2021,
310041301,New Chum,2022,18239.0
310041301,New Chum,2023,20000.0
310041302,Redbank Plains,2019,48340.0
310041302,Redbank Plains,2020,49569.0
310041302,Redbank Plains,2021,49359.0
310041302,Redbank Plains,2022,52133.0
310041302,Redbank Plains,2023,55360.0
310041303,Springfield,2019,56669.0
310041303,Springfield,2020,58399.0
310041303,Springfield,2021,58824.0
310041303,Springfield,2022,62873.0
310041303,Springfield,2023,66952.0
310041304,Springfield Lakes,2019,59285.0
310041304,Springfield Lakes,2020,61098.0
310041304,Springfield Lakes,2021,62527.0
310041304,Springfield Lakes,2022,64977.0
310041304,Springfield Lakes,2023,68700.0
310041565,Augustine Heights - Brookwater,2019,66308.0
310041565,Augustine Heights - Brookwater,2020,67499.0
310041565,Augustine Heights - Brookwater,2021,68744.0
310041565,Augustine Heights - Brookwater,2022,72080.0
310041565,Augustine Heights - Brookwater,2023,76617.0
310041566,Bellbird Park,2019,52254.0
310041566,Bellbird Park,2020,53189.0
310041566,Bellbird Park,2021,55047.0
310041566,Bellbird Park,2022,57181.0
310041566,Bellbird Park,2023,61597.0
311011305,Beaudesert,2019,46720.0
311011305,Beaudesert,2020,48363.0
311011305,Beaudesert,2021,49264.0
311011305,Beaudesert,2022,50490.0
311011305,Beaudesert,2023,54357.0
311021306,Beenleigh,2019,47091.0
311021306,Beenleigh,2020,48468.0
311021306,Beenleigh,2021,47957.0
311021306,Beenleigh,2022,49519.0
311021306,Beenleigh,2023,53384.0
311021307,Eagleby,2019,44812.0
311021307,Eagleby,2020,46362.0
311021307,Eagleby,2021,46485.0
311021307,Eagleby,2022,47978.0
311021307,Eagleby,2023,52188.0
311021308,Edens Landing - Holmview,2019,51309.0
311021308,Edens Landing - Holmview,2020,52115.0
311021308,Edens Landing - Holmview,2021,53132.0
311021308,Edens Landing - Holmview,2022,55241.0
311021308,Edens Landing - Holmview,2023,59279.0
311021309,Mount Warren Park,2019,51340.0
311021309,Mount Warren Park,2020,53029.0
311021309,Mount Warren Park,2021,54435.0
311021309,Mount Warren Park,2022,56786.0
311021309,Mount Warren Park,2023,60082.0
311021310,Wolffdene - Bahrs Scrub,2019,53691.0
311021310,Wolffdene - Bahrs Scrub,2020,54546.0
311021310,Wolffdene - Bahrs Scrub,2021,56593.0
311021310,Wolffdene - Bahrs Scrub,2022,59718.0
311021310,Wolffdene - Bahrs Scrub,2023,64488.0
311031311,Boronia Heights - Park Ridge,2019,49299.0
311031311,Boronia Heights - Park Ridge,2020,49096.0
311031311,Boronia Heights - Park Ridge,2021,50605.0
311031311,Boronia Heights - Park Ridge,2022,53024.0
311031311,Boronia Heights - Park Ridge,2023,55681.0
311031312,Browns Plains,2019,49827.0
311031312,Browns Plains,2020,50307.0
311031312,Browns Plains,2021,51027.0
311031312,Browns Plains,2022,52356.0
311031312,Browns Plains,2023,55631.0
311031313,Chambers Flat - Logan Reserve,2019,50000.0
311031313,Chambers Flat - Logan Reserve,2020,50648.0
311031313,Chambers Flat - Logan Reserve,2021,51676.0
311031313,Chambers Flat - Logan Reserve,2022,54330.0
311031313,Chambers Flat - Logan Reserve,2023,57167.0
311031314,Crestmead,2019,47638.0
311031314,Crestmead,2020,47926.0
311031314,Crestmead,2021,49018.0
311031314,Crestmead,2022,50462.0
311031314,Crestmead,2023,54193.0
311031315,Greenbank Military Camp,2019,
311031315,Greenbank Military Camp,2020,
311031315,Greenbank Military Camp,2021,
311031315,Greenbank Military Camp,2022,
311031315,Greenbank Military Camp,2023,
311031316,Hillcrest,2019,52182.0
311031316,Hillcrest,2020,52889.0
311031316,Hillcrest,2021,54769.0
311031316,Hillcrest,2022,57293.0
311031316,Hillcrest,2023,60015.0
311031317,Marsden,2019,45365.0
311031317,Marsden,2020,45720.0
311031317,Marsden,2021,46791.0
311031317,Marsden,2022,48135.0
311031317,Marsden,2023,51347.0
311031318,Munruben - Park Ridge South,2019,53406.0
311031318,Munruben - Park Ridge South,2020,54090.0
311031318,Munruben - Park Ridge South,2021,55414.0
311031318,Munruben - Park Ridge South,2022,57478.0
311031318,Munruben - Park Ridge South,2023,60447.0
311031319,Regents Park - Heritage Park,2019,53011.0
311031319,Regents Park - Heritage Park,2020,54082.0
311031319,Regents Park - Heritage Park,2021,55440.0
311031319,Regents Park - Heritage Park,2022,56717.0
311031319,Regents Park - Heritage Park,2023,60586.0
311041322,Logan Village,2019,53888.0
311041322,Logan Village,2020,55740.0
311041322,Logan Village,2021,56355.0
311041322,Logan Village,2022,57781.0
311041322,Logan Village,2023,62729.0
311041567,Flagstone (East) - Riverbend,2019,55563.0
311041567,Flagstone (East) - Riverbend,2020,57109.0
311041567,Flagstone (East) - Riverbend,2021,57650.0
311041567,Flagstone (East) - Riverbend,2022,59688.0
311041567,Flagstone (East) - Riverbend,2023,63887.0
311041568,Flagstone (West) - New Beith,2019,60409.0
311041568,Flagstone (West) - New Beith,2020,61804.0
311041568,Flagstone (West) - New Beith,2021,64273.0
311041568,Flagstone (West) - New Beith,2022,65906.0
311041568,Flagstone (West) - New Beith,2023,69828.0
311041569,Greenbank - North Maclean,2019,51619.0
311041569,Greenbank - North Maclean,2020,53241.0
311041569,Greenbank - North Maclean,2021,56127.0
311041569,Greenbank - North Maclean,2022,58364.0
311041569,Greenbank - North Maclean,2023,62652.0
311041570,Jimboomba - Glenlogan,2019,54275.0
311041570,Jimboomba - Glenlogan,2020,55393.0
311041570,Jimboomba - Glenlogan,2021,58014.0
311041570,Jimboomba - Glenlogan,2022,59727.0
311041570,Jimboomba - Glenlogan,2023,63988.0
311041571,Yarrabilba,2019,51394.0
311041571,Yarrabilba,2020,50705.0
311041571,Yarrabilba,2021,50979.0
311041571,Yarrabilba,2022,53546.0
311041571,Yarrabilba,2023,57610.0
311051323,Bethania - Waterford,2019,51226.0
311051323,Bethania - Waterford,2020,51605.0
311051323,Bethania - Waterford,2021,51822.0
311051323,Bethania - Waterford,2022,54201.0
311051323,Bethania - Waterford,2023,58002.0
311051324,Cornubia - Carbrook,2019,54990.0
311051324,Cornubia - Carbrook,2020,58258.0
311051324,Cornubia - Carbrook,2021,60241.0
311051324,Cornubia - Carbrook,2022,62616.0
311051324,Cornubia - Carbrook,2023,67184.0
311051325,Loganholme - Tanah Merah,2019,53691.0
311051325,Loganholme - Tanah Merah,2020,54703.0
311051325,Loganholme - Tanah Merah,2021,56534.0
311051325,Loganholme - Tanah Merah,2022,58846.0
311051325,Loganholme - Tanah Merah,2023,62120.0
311051326,Loganlea,2019,46213.0
311051326,Loganlea,2020,46451.0
311051326,Loganlea,2021,47405.0
311051326,Loganlea,2022,48731.0
311051326,Loganlea,2023,53031.0
311051327,Shailer Park,2019,56800.0
311051327,Shailer Park,2020,58498.0
311051327,Shailer Park,2021,60975.0
311051327,Shailer Park,2022,62681.0
311051327,Shailer Park,2023,66763.0
311051328,Waterford West,2019,47842.0
311051328,Waterford West,2020,47579.0
311051328,Waterford West,2021,48195.0
311051328,Waterford West,2022,49732.0
311051328,Waterford West,2023,52433.0
311061329,Daisy Hill,2019,56324.0
311061329,Daisy Hill,2020,57878.0
311061329,Daisy Hill,2021,59778.0
311061329,Daisy Hill,2022,61810.0
311061329,Daisy Hill,2023,65776.0
311061330,Kingston (Qld),2019,42879.0
311061330,Kingston (Qld),2020,43610.0
311061330,Kingston (Qld),2021,43079.0
311061330,Kingston (Qld),2022,44620.0
311061330,Kingston (Qld),2023,47962.0
311061331,Logan Central,2019,40559.0
311061331,Logan Central,2020,41631.0
311061331,Logan Central,2021,39722.0
311061331,Logan Central,2022,40019.0
311061331,Logan Central,2023,45748.0
311061332,Rochedale South - Priestdale,2019,55764.0
311061332,Rochedale South - Priestdale,2020,56578.0
311061332,Rochedale South - Priestdale,2021,58790.0
311061332,Rochedale South - Priestdale,2022,59838.0
311061332,Rochedale South - Priestdale,2023,63472.0
311061333,Slacks Creek,2019,46665.0
311061333,Slacks Creek,2020,47291.0
311061333,Slacks Creek,2021,47556.0
311061333,Slacks Creek,2022,49586.0
311061333,Slacks Creek,2023,52560.0
311061334,Springwood,2019,54559.0
311061334,Springwood,2020,56132.0
311061334,Springwood,2021,56617.0
311061334,Springwood,2022,59334.0
311061334,Springwood,2023,63240.0
311061335,Underwood,2019,50774.0
311061335,Underwood,2020,52070.0
311061335,Underwood,2021,52323.0
311061335,Underwood,2022,55612.0
311061335,Underwood,2023,58996.0
311061336,Woodridge,2019,41034.0
311061336,Woodridge,2020,41653.0
311061336,Woodridge,2021,41297.0
311061336,Woodridge,2022,42099.0
311061336,Woodridge,2023,45326.0
312011337,Bowen,2019,38619.0
312011337,Bowen,2020,37642.0
312011337,Bowen,2021,45301.0
312011337,Bowen,2022,48763.0
312011337,Bowen,2023,49033.0
312011338,Broadsound - Nebo,2019,72263.0
312011338,Broadsound - Nebo,2020,76644.0
312011338,Broadsound - Nebo,2021,76152.0
312011338,Broadsound - Nebo,2022,79239.0
312011338,Broadsound - Nebo,2023,82912.0
312011339,Clermont,2019,56615.0
312011339,Clermont,2020,59841.0
312011339,Clermont,2021,62013.0
312011339,Clermont,2022,65286.0
312011339,Clermont,2023,65991.0
312011340,Collinsville,2019,47769.0
312011340,Collinsville,2020,49521.0
312011340,Collinsville,2021,48661.0
312011340,Collinsville,2022,54315.0
312011340,Collinsville,2023,55403.0
312011341,Moranbah,2019,87262.0
312011341,Moranbah,2020,89504.0
312011341,Moranbah,2021,90738.0
312011341,Moranbah,2022,92443.0
312011341,Moranbah,2023,100044.0
312021342,Andergrove - Beaconsfield,2019,57712.0
312021342,Andergrove - Beaconsfield,2020,59671.0
312021342,Andergrove - Beaconsfield,2021,61242.0
312021342,Andergrove - Beaconsfield,2022,63626.0
312021342,Andergrove - Beaconsfield,2023,68305.0
312021343,East Mackay,2019,60363.0
312021343,East Mackay,2020,61484.0
312021343,East Mackay,2021,64676.0
312021343,East Mackay,2022,65134.0
312021343,East Mackay,2023,68858.0
312021344,Eimeo - Rural View,2019,63173.0
312021344,Eimeo - Rural View,2020,65259.0
312021344,Eimeo - Rural View,2021,66487.0
312021344,Eimeo - Rural View,2022,69515.0
312021344,Eimeo - Rural View,2023,73499.0
312021345,Eungella Hinterland,2019,
312021345,Eungella Hinterland,2020,
312021345,Eungella Hinterland,2021,
312021345,Eungella Hinterland,2022,
312021345,Eungella Hinterland,2023,
312021346,Mackay,2019,50852.0
312021346,Mackay,2020,52903.0
312021346,Mackay,2021,55616.0
312021346,Mackay,2022,57732.0
312021346,Mackay,2023,58090.0
312021347,Mackay Harbour,2019,73094.0
312021347,Mackay Harbour,2020,77703.0
312021347,Mackay Harbour,2021,76580.0
312021347,Mackay Harbour,2022,84061.0
312021347,Mackay Harbour,2023,84856.0
312021348,Mount Pleasant - Glenella,2019,59780.0
312021348,Mount Pleasant - Glenella,2020,62000.0
312021348,Mount Pleasant - Glenella,2021,63176.0
312021348,Mount Pleasant - Glenella,2022,59999.0
312021348,Mount Pleasant - Glenella,2023,56739.0
312021349,North Mackay,2019,53560.0
312021349,North Mackay,2020,55568.0
312021349,North Mackay,2021,57712.0
312021349,North Mackay,2022,59485.0
312021349,North Mackay,2023,62943.0
312021350,Ooralea - Bakers Creek,2019,62400.0
312021350,Ooralea - Bakers Creek,2020,63907.0
312021350,Ooralea - Bakers Creek,2021,65960.0
312021350,Ooralea - Bakers Creek,2022,68447.0
312021350,Ooralea - Bakers Creek,2023,71444.0
312021351,Pioneer Valley,2019,61551.0
312021351,Pioneer Valley,2020,62012.0
312021351,Pioneer Valley,2021,64290.0
312021351,Pioneer Valley,2022,67474.0
312021351,Pioneer Valley,2023,71459.0
312021352,Sarina,2019,61178.0
312021352,Sarina,2020,64026.0
312021352,Sarina,2021,64473.0
312021352,Sarina,2022,66149.0
312021352,Sarina,2023,71617.0
312021353,Seaforth - Calen,2019,57783.0
312021353,Seaforth - Calen,2020,58949.0
312021353,Seaforth - Calen,2021,60764.0
312021353,Seaforth - Calen,2022,62242.0
312021353,Seaforth - Calen,2023,65463.0
312021354,Shoal Point - Bucasia,2019,61342.0
312021354,Shoal Point - Bucasia,2020,62255.0
312021354,Shoal Point - Bucasia,2021,65234.0
312021354,Shoal Point - Bucasia,2022,65903.0
312021354,Shoal Point - Bucasia,2023,69551.0
312021355,Slade Point,2019,55562.0
312021355,Slade Point,2020,55980.0
312021355,Slade Point,2021,56905.0
312021355,Slade Point,2022,58038.0
312021355,Slade Point,2023,63295.0
312021356,South Mackay,2019,56077.0
312021356,South Mackay,2020,57350.0
312021356,South Mackay,2021,58298.0
312021356,South Mackay,2022,60242.0
312021356,South Mackay,2023,64021.0
312021357,Walkerston - Eton,2019,59327.0
312021357,Walkerston - Eton,2020,62703.0
312021357,Walkerston - Eton,2021,63658.0
312021357,Walkerston - Eton,2022,65885.0
312021357,Walkerston - Eton,2023,70426.0
312021358,West Mackay,2019,60218.0
312021358,West Mackay,2020,62722.0
312021358,West Mackay,2021,65000.0
312021358,West Mackay,2022,65646.0
312021358,West Mackay,2023,68361.0
312031359,Airlie - Whitsundays,2019,44448.0
312031359,Airlie - Whitsundays,2020,43201.0
312031359,Airlie - Whitsundays,2021,48146.0
312031359,Airlie - Whitsundays,2022,50691.0
312031359,Airlie - Whitsundays,2023,51151.0
312031360,Cape Conway,2019,
312031360,Cape Conway,2020,
312031360,Cape Conway,2021,
312031360,Cape Conway,2022,
312031360,Cape Conway,2023,
312031361,Proserpine,2019,48763.0
312031361,Proserpine,2020,49202.0
312031361,Proserpine,2021,51748.0
312031361,Proserpine,2022,53563.0
312031361,Proserpine,2023,55683.0
313011362,Beachmere - Sandstone Point,2019,47224.0
313011362,Beachmere - Sandstone Point,2020,48420.0
313011362,Beachmere - Sandstone Point,2021,49629.0
313011362,Beachmere - Sandstone Point,2022,50662.0
313011362,Beachmere - Sandstone Point,2023,55112.0
313011363,Bribie Island,2019,45612.0
313011363,Bribie Island,2020,46768.0
313011363,Bribie Island,2021,47461.0
313011363,Bribie Island,2022,48393.0
313011363,Bribie Island,2023,51696.0
313021364,Burpengary - East,2019,55931.0
313021364,Burpengary - East,2020,58636.0
313021364,Burpengary - East,2021,60000.0
313021364,Burpengary - East,2022,63453.0
313021364,Burpengary - East,2023,65701.0
313021366,Caboolture - South,2019,41960.0
313021366,Caboolture - South,2020,43417.0
313021366,Caboolture - South,2021,45840.0
313021366,Caboolture - South,2022,47953.0
313021366,Caboolture - South,2023,52078.0
313021367,Elimbah,2019,47086.0
313021367,Elimbah,2020,51168.0
313021367,Elimbah,2021,53959.0
313021367,Elimbah,2022,57576.0
313021367,Elimbah,2023,57761.0
313021368,Morayfield - East,2019,46654.0
313021368,Morayfield - East,2020,47121.0
313021368,Morayfield - East,2021,49249.0
313021368,Morayfield - East,2022,51523.0
313021368,Morayfield - East,2023,55087.0
313021369,Wamuran,2019,45805.0
313021369,Wamuran,2020,48009.0
313021369,Wamuran,2021,53287.0
313021369,Wamuran,2022,51907.0
313021369,Wamuran,2023,53140.0
313021572,Caboolture - East,2019,40968.0
313021572,Caboolture - East,2020,43302.0
313021572,Caboolture - East,2021,46524.0
313021572,Caboolture - East,2022,47820.0
313021572,Caboolture - East,2023,50464.0
313021573,Caboolture - West,2019,44233.0
313021573,Caboolture - West,2020,45651.0
313021573,Caboolture - West,2021,48885.0
313021573,Caboolture - West,2022,50592.0
313021573,Caboolture - West,2023,54467.0
313031370,Kilcoy,2019,50388.0
313031370,Kilcoy,2020,53274.0
313031370,Kilcoy,2021,55323.0
313031370,Kilcoy,2022,55637.0
313031370,Kilcoy,2023,53866.0
313031371,Woodford - D'Aguilar,2019,49511.0
313031371,Woodford - D'Aguilar,2020,49988.0
313031371,Woodford - D'Aguilar,2021,51997.0
313031371,Woodford - D'Aguilar,2022,53381.0
313031371,Woodford - D'Aguilar,2023,57671.0
313041372,Burpengary,2019,49905.0
313041372,Burpengary,2020,51007.0
313041372,Burpengary,2021,53034.0
313041372,Burpengary,2022,55457.0
313041372,Burpengary,2023,59739.0
313041373,Deception Bay,2019,46832.0
313041373,Deception Bay,2020,48277.0
313041373,Deception Bay,2021,49348.0
313041373,Deception Bay,2022,50792.0
313041373,Deception Bay,2023,54898.0
313041374,Morayfield,2019,50073.0
313041374,Morayfield,2020,49277.0
313041374,Morayfield,2021,53184.0
313041374,Morayfield,2022,54939.0
313041374,Morayfield,2023,57801.0
313041375,Narangba,2019,55354.0
313041375,Narangba,2020,56087.0
313041375,Narangba,2021,57405.0
313041375,Narangba,2022,60116.0
313041375,Narangba,2023,64511.0
313041376,Upper Caboolture,2019,51079.0
313041376,Upper Caboolture,2020,53588.0
313041376,Upper Caboolture,2021,56693.0
313041376,Upper Caboolture,2022,58523.0
313041376,Upper Caboolture,2023,62268.0
313051377,Clontarf,2019,52999.0
313051377,Clontarf,2020,54767.0
313051377,Clontarf,2021,55534.0
313051377,Clontarf,2022,58911.0
313051377,Clontarf,2023,60373.0
313051378,Margate - Woody Point,2019,52033.0
313051378,Margate - Woody Point,2020,53355.0
313051378,Margate - Woody Point,2021,55008.0
313051378,Margate - Woody Point,2022,56793.0
313051378,Margate - Woody Point,2023,61009.0
313051379,Redcliffe,2019,50156.0
313051379,Redcliffe,2020,51166.0
313051379,Redcliffe,2021,52667.0
313051379,Redcliffe,2022,54450.0
313051379,Redcliffe,2023,58679.0
313051380,Rothwell - Kippa-Ring,2019,48014.0
313051380,Rothwell - Kippa-Ring,2020,48880.0
313051380,Rothwell - Kippa-Ring,2021,50854.0
313051380,Rothwell - Kippa-Ring,2022,52374.0
313051380,Rothwell - Kippa-Ring,2023,56509.0
313051574,Moreton Island,2019,50590.0
313051574,Moreton Island,2020,48351.0
313051574,Moreton Island,2021,54606.0
313051574,Moreton Island,2022,54414.0
313051574,Moreton Island,2023,48983.0
313051575,Scarborough - Newport,2019,54164.0
313051575,Scarborough - Newport,2020,56515.0
313051575,Scarborough - Newport,2021,59475.0
313051575,Scarborough - Newport,2022,62960.0
313051575,Scarborough - Newport,2023,67014.0
314011382,Albany Creek,2019,59251.0
314011382,Albany Creek,2020,61199.0
314011382,Albany Creek,2021,63605.0
314011382,Albany Creek,2022,66706.0
314011382,Albany Creek,2023,70495.0
314011383,Cashmere,2019,59779.0
314011383,Cashmere,2020,60955.0
314011383,Cashmere,2021,63015.0
314011383,Cashmere,2022,65155.0
314011383,Cashmere,2023,69718.0
314011384,Dayboro,2019,56631.0
314011384,Dayboro,2020,58826.0
314011384,Dayboro,2021,61760.0
314011384,Dayboro,2022,62128.0
314011384,Dayboro,2023,65924.0
314011385,Eatons Hill,2019,61789.0
314011385,Eatons Hill,2020,62808.0
314011385,Eatons Hill,2021,65605.0
314011385,Eatons Hill,2022,67888.0
314011385,Eatons Hill,2023,71849.0
314011386,The Hills District,2019,62161.0
314011386,The Hills District,2020,63828.0
314011386,The Hills District,2021,66515.0
314011386,The Hills District,2022,69087.0
314011386,The Hills District,2023,73028.0
314011387,Samford Valley,2019,61579.0
314011387,Samford Valley,2020,64678.0
314011387,Samford Valley,2021,66808.0
314011387,Samford Valley,2022,68804.0
314011387,Samford Valley,2023,72115.0
314021389,Murrumba Downs - Griffin,2019,54888.0
314021389,Murrumba Downs - Griffin,2020,56056.0
314021389,Murrumba Downs - Griffin,2021,58127.0
314021389,Murrumba Downs - Griffin,2022,61675.0
314021389,Murrumba Downs - Griffin,2023,65999.0
314021576,Dakabin,2019,51332.0
314021576,Dakabin,2020,51769.0
314021576,Dakabin,2021,53264.0
314021576,Dakabin,2022,56022.0
314021576,Dakabin,2023,59599.0
314021577,Kallangur,2019,49805.0
314021577,Kallangur,2020,51734.0
314021577,Kallangur,2021,52051.0
314021577,Kallangur,2022,54071.0
314021577,Kallangur,2023,58422.0
314021578,Mango Hill,2019,54507.0
314021578,Mango Hill,2020,55101.0
314021578,Mango Hill,2021,57957.0
314021578,Mango Hill,2022,61384.0
314021578,Mango Hill,2023,65245.0
314021579,North Lakes,2019,55911.0
314021579,North Lakes,2020,56790.0
314021579,North Lakes,2021,58778.0
314021579,North Lakes,2022,61112.0
314021579,North Lakes,2023,64587.0
314031391,Bray Park,2019,52847.0
314031391,Bray Park,2020,53886.0
314031391,Bray Park,2021,55262.0
314031391,Bray Park,2022,57120.0
314031391,Bray Park,2023,61465.0
314031392,Lawnton,2019,52951.0
314031392,Lawnton,2020,53157.0
314031392,Lawnton,2021,54467.0
314031392,Lawnton,2022,58037.0
314031392,Lawnton,2023,61278.0
314031393,Petrie,2019,54496.0
314031393,Petrie,2020,55265.0
314031393,Petrie,2021,56128.0
314031393,Petrie,2022,58539.0
314031393,Petrie,2023,62531.0
314031394,Strathpine - Brendale,2019,49528.0
314031394,Strathpine - Brendale,2020,50912.0
314031394,Strathpine - Brendale,2021,52283.0
314031394,Strathpine - Brendale,2022,54866.0
314031394,Strathpine - Brendale,2023,59825.0
315011395,Aurukun,2019,16898.0
315011395,Aurukun,2020,16948.0
315011395,Aurukun,2021,18326.0
315011395,Aurukun,2022,19014.0
315011395,Aurukun,2023,17872.0
315011396,Cape York,2019,32495.0
315011396,Cape York,2020,36183.0
315011396,Cape York,2021,41211.0
315011396,Cape York,2022,40222.0
315011396,Cape York,2023,40002.0
315011397,Croydon - Etheridge,2019,36445.0
315011397,Croydon - Etheridge,2020,38965.0
315011397,Croydon - Etheridge,2021,43453.0
315011397,Croydon - Etheridge,2022,47773.0
315011397,Croydon - Etheridge,2023,49109.0
315011398,Kowanyama - Pormpuraaw,2019,21050.0
315011398,Kowanyama - Pormpuraaw,2020,23683.0
315011398,Kowanyama - Pormpuraaw,2021,21601.0
315011398,Kowanyama - Pormpuraaw,2022,23672.0
315011398,Kowanyama - Pormpuraaw,2023,25097.0
315011399,Northern Peninsula,2019,37946.0
315011399,Northern Peninsula,2020,40086.0
315011399,Northern Peninsula,2021,38600.0
315011399,Northern Peninsula,2022,41707.0
315011399,Northern Peninsula,2023,42629.0
315011400,Tablelands,2019,35951.0
315011400,Tablelands,2020,39974.0
315011400,Tablelands,2021,41916.0
315011400,Tablelands,2022,42954.0
315011400,Tablelands,2023,43881.0
315011401,Torres,2019,55653.0
315011401,Torres,2020,56687.0
315011401,Torres,2021,59334.0
315011401,Torres,2022,61153.0
315011401,Torres,2023,65734.0
315011402,Torres Strait Islands,2019,36751.0
315011402,Torres Strait Islands,2020,38671.0
315011402,Torres Strait Islands,2021,38962.0
315011402,Torres Strait Islands,2022,39384.0
315011402,Torres Strait Islands,2023,42098.0
315011403,Weipa,2019,87757.0
315011403,Weipa,2020,88624.0
315011403,Weipa,2021,89717.0
315011403,Weipa,2022,91241.0
315011403,Weipa,2023,98004.0
315021404,Carpentaria,2019,34750.0
315021404,Carpentaria,2020,38897.0
315021404,Carpentaria,2021,40858.0
315021404,Carpentaria,2022,41862.0
315021404,Carpentaria,2023,43469.0
315021405,Mount Isa,2019,68512.0
315021405,Mount Isa,2020,74289.0
315021405,Mount Isa,2021,75599.0
315021405,Mount Isa,2022,76313.0
315021405,Mount Isa,2023,78983.0
315021406,Mount Isa Surrounds,2019,54191.0
315021406,Mount Isa Surrounds,2020,60530.0
315021406,Mount Isa Surrounds,2021,62129.0
315021406,Mount Isa Surrounds,2022,63448.0
315021406,Mount Isa Surrounds,2023,63339.0
315021407,Northern Highlands,2019,46118.0
315021407,Northern Highlands,2020,47093.0
315021407,Northern Highlands,2021,50198.0
315021407,Northern Highlands,2022,51924.0
315021407,Northern Highlands,2023,53145.0
315031408,Barcaldine - Blackall,2019,45064.0
315031408,Barcaldine - Blackall,2020,48010.0
315031408,Barcaldine - Blackall,2021,50397.0
315031408,Barcaldine - Blackall,2022,50395.0
315031408,Barcaldine - Blackall,2023,52631.0
315031409,Charleville,2019,47571.0
315031409,Charleville,2020,47380.0
315031409,Charleville,2021,48163.0
315031409,Charleville,2022,52736.0
315031409,Charleville,2023,55032.0
315031410,Far Central West,2019,47394.0
315031410,Far Central West,2020,49024.0
315031410,Far Central West,2021,54063.0
315031410,Far Central West,2022,55889.0
315031410,Far Central West,2023,55229.0
315031411,Far South West,2019,49208.0
315031411,Far South West,2020,48984.0
315031411,Far South West,2021,51219.0
315031411,Far South West,2022,50466.0
315031411,Far South West,2023,55816.0
315031412,Longreach,2019,51632.0
315031412,Longreach,2020,53548.0
315031412,Longreach,2021,55807.0
315031412,Longreach,2022,58851.0
315031412,Longreach,2023,62002.0
316011413,Buderim - North,2019,47412.0
316011413,Buderim - North,2020,49058.0
316011413,Buderim - North,2021,51290.0
316011413,Buderim - North,2022,53134.0
316011413,Buderim - North,2023,57304.0
316011414,Buderim - South,2019,47360.0
316011414,Buderim - South,2020,48307.0
316011414,Buderim - South,2021,51025.0
316011414,Buderim - South,2022,53135.0
316011414,Buderim - South,2023,57106.0
316011415,Mountain Creek,2019,48633.0
316011415,Mountain Creek,2020,49628.0
316011415,Mountain Creek,2021,52513.0
316011415,Mountain Creek,2022,54121.0
316011415,Mountain Creek,2023,57985.0
316011416,Sippy Downs,2019,43198.0
316011416,Sippy Downs,2020,44404.0
316011416,Sippy Downs,2021,46153.0
316011416,Sippy Downs,2022,49100.0
316011416,Sippy Downs,2023,53027.0
316021417,Aroona - Currimundi,2019,47582.0
316021417,Aroona - Currimundi,2020,49838.0
316021417,Aroona - Currimundi,2021,51669.0
316021417,Aroona - Currimundi,2022,53305.0
316021417,Aroona - Currimundi,2023,57287.0
316021418,Buddina - Minyama,2019,44677.0
316021418,Buddina - Minyama,2020,46748.0
316021418,Buddina - Minyama,2021,50379.0
316021418,Buddina - Minyama,2022,54114.0
316021418,Buddina - Minyama,2023,57372.0
316021419,Caloundra - Kings Beach,2019,42499.0
316021419,Caloundra - Kings Beach,2020,41963.0
316021419,Caloundra - Kings Beach,2021,45897.0
316021419,Caloundra - Kings Beach,2022,50292.0
316021419,Caloundra - Kings Beach,2023,51948.0
316021421,Golden Beach - Pelican Waters,2019,46515.0
316021421,Golden Beach - Pelican Waters,2020,47532.0
316021421,Golden Beach - Pelican Waters,2021,50233.0
316021421,Golden Beach - Pelican Waters,2022,52000.0
316021421,Golden Beach - Pelican Waters,2023,56207.0
316021422,Moffat Beach - Battery Hill,2019,47554.0
316021422,Moffat Beach - Battery Hill,2020,47687.0
316021422,Moffat Beach - Battery Hill,2021,49771.0
316021422,Moffat Beach - Battery Hill,2022,52304.0
316021422,Moffat Beach - Battery Hill,2023,54873.0
316021423,Parrearra - Warana,2019,48450.0
316021423,Parrearra - Warana,2020,50000.0
316021423,Parrearra - Warana,2021,52707.0
316021423,Parrearra - Warana,2022,54825.0
316021423,Parrearra - Warana,2023,58683.0
316021424,Wurtulla - Birtinya,2019,50431.0
316021424,Wurtulla - Birtinya,2020,51186.0
316021424,Wurtulla - Birtinya,2021,53607.0
316021424,Wurtulla - Birtinya,2022,56427.0
316021424,Wurtulla - Birtinya,2023,58962.0
316021580,Caloundra West - Baringa,2019,51536.0
316021580,Caloundra West - Baringa,2020,53231.0
316021580,Caloundra West - Baringa,2021,54090.0
316021580,Caloundra West - Baringa,2022,56181.0
316021580,Caloundra West - Baringa,2023,60429.0
316021581,Meridan Plains - Little Mountain (North),2019,47689.0
316021581,Meridan Plains - Little Mountain (North),2020,49356.0
316021581,Meridan Plains - Little Mountain (North),2021,51199.0
316021581,Meridan Plains - Little Mountain (North),2022,53439.0
316021581,Meridan Plains - Little Mountain (North),2023,56947.0
316031425,Coolum Beach,2019,47285.0
316031425,Coolum Beach,2020,48522.0
316031425,Coolum Beach,2021,50420.0
316031425,Coolum Beach,2022,51698.0
316031425,Coolum Beach,2023,55140.0
316031426,Marcoola - Mudjimba,2019,46762.0
316031426,Marcoola - Mudjimba,2020,47358.0
316031426,Marcoola - Mudjimba,2021,48951.0
316031426,Marcoola - Mudjimba,2022,51468.0
316031426,Marcoola - Mudjimba,2023,54706.0
316031427,Maroochydore - Kuluin,2019,44031.0
316031427,Maroochydore - Kuluin,2020,45571.0
316031427,Maroochydore - Kuluin,2021,48611.0
316031427,Maroochydore - Kuluin,2022,51997.0
316031427,Maroochydore - Kuluin,2023,54331.0
316031428,Mooloolaba - Alexandra Headland,2019,44069.0
316031428,Mooloolaba - Alexandra Headland,2020,45519.0
316031428,Mooloolaba - Alexandra Headland,2021,49326.0
316031428,Mooloolaba - Alexandra Headland,2022,52212.0
316031428,Mooloolaba - Alexandra Headland,2023,53891.0
316051434,Noosa Heads,2019,33578.0
316051434,Noosa Heads,2020,34799.0
316051434,Noosa Heads,2021,43831.0
316051434,Noosa Heads,2022,44721.0
316051434,Noosa Heads,2023,44767.0
316051435,Noosaville,2019,41179.0
316051435,Noosaville,2020,40286.0
316051435,Noosaville,2021,43790.0
316051435,Noosaville,2022,45262.0
316051435,Noosaville,2023,45790.0
316051437,Sunshine Beach,2019,40207.0
316051437,Sunshine Beach,2020,38933.0
316051437,Sunshine Beach,2021,43026.0
316051437,Sunshine Beach,2022,45416.0
316051437,Sunshine Beach,2023,47612.0
316051438,Tewantin,2019,41376.0
316051438,Tewantin,2020,42013.0
316051438,Tewantin,2021,44221.0
316051438,Tewantin,2022,46161.0
316051438,Tewantin,2023,49077.0
316051543,Peregian Beach - Marcus Beach,2019,42619.0
316051543,Peregian Beach - Marcus Beach,2020,45145.0
316051543,Peregian Beach - Marcus Beach,2021,47781.0
316051543,Peregian Beach - Marcus Beach,2022,47399.0
316051543,Peregian Beach - Marcus Beach,2023,49095.0
316051544,Peregian Springs,2019,46744.0
316051544,Peregian Springs,2020,47958.0
316051544,Peregian Springs,2021,50376.0
316051544,Peregian Springs,2022,51618.0
316051544,Peregian Springs,2023,55819.0
316061439,Beerwah,2019,46946.0
316061439,Beerwah,2020,48747.0
316061439,Beerwah,2021,49462.0
316061439,Beerwah,2022,51007.0
316061439,Beerwah,2023,55584.0
316061440,Caloundra Hinterland,2019,38899.0
316061440,Caloundra Hinterland,2020,39884.0
316061440,Caloundra Hinterland,2021,42895.0
316061440,Caloundra Hinterland,2022,43269.0
316061440,Caloundra Hinterland,2023,45810.0
316061441,Glass House Mountains,2019,48799.0
316061441,Glass House Mountains,2020,49696.0
316061441,Glass House Mountains,2021,52067.0
316061441,Glass House Mountains,2022,53963.0
316061441,Glass House Mountains,2023,56657.0
316061442,Landsborough,2019,48000.0
316061442,Landsborough,2020,49608.0
316061442,Landsborough,2021,51824.0
316061442,Landsborough,2022,54317.0
316061442,Landsborough,2023,58817.0
316061443,Maroochy Hinterland,2019,44956.0
316061443,Maroochy Hinterland,2020,45773.0
316061443,Maroochy Hinterland,2021,47407.0
316061443,Maroochy Hinterland,2022,48300.0
316061443,Maroochy Hinterland,2023,49690.0
316061444,Palmwoods,2019,46737.0
316061444,Palmwoods,2020,47272.0
316061444,Palmwoods,2021,49371.0
316061444,Palmwoods,2022,51000.0
316061444,Palmwoods,2023,55069.0
316071545,Bli Bli,2019,50595.0
316071545,Bli Bli,2020,50728.0
316071545,Bli Bli,2021,52597.0
316071545,Bli Bli,2022,54430.0
316071545,Bli Bli,2023,57417.0
316071546,Diddillibah - Rosemount,2019,45324.0
316071546,Diddillibah - Rosemount,2020,47324.0
316071546,Diddillibah - Rosemount,2021,50076.0
316071546,Diddillibah - Rosemount,2022,51000.0
316071546,Diddillibah - Rosemount,2023,53593.0
316071547,Eumundi - Yandina,2019,45054.0
316071547,Eumundi - Yandina,2020,46682.0
316071547,Eumundi - Yandina,2021,48661.0
316071547,Eumundi - Yandina,2022,49953.0
316071547,Eumundi - Yandina,2023,53136.0
316071548,Nambour,2019,46504.0
316071548,Nambour,2020,47794.0
316071548,Nambour,2021,49097.0
316071548,Nambour,2022,50788.0
316071548,Nambour,2023,54495.0
316081549,Noosa Hinterland,2019,41774.0
316081549,Noosa Hinterland,2020,43447.0
316081549,Noosa Hinterland,2021,45254.0
316081549,Noosa Hinterland,2022,45501.0
316081549,Noosa Hinterland,2023,48377.0
317011445,Cambooya - Wyreema,2019,54240.0
317011445,Cambooya - Wyreema,2020,55632.0
317011445,Cambooya - Wyreema,2021,58302.0
317011445,Cambooya - Wyreema,2022,59041.0
317011445,Cambooya - Wyreema,2023,62786.0
317011446,Darling Heights,2019,46690.0
317011446,Darling Heights,2020,48402.0
317011446,Darling Heights,2021,51729.0
317011446,Darling Heights,2022,54187.0
317011446,Darling Heights,2023,56874.0
317011447,Drayton - Harristown,2019,48825.0
317011447,Drayton - Harristown,2020,49288.0
317011447,Drayton - Harristown,2021,52333.0
317011447,Drayton - Harristown,2022,52158.0
317011447,Drayton - Harristown,2023,55625.0
317011448,Gatton,2019,28554.0
317011448,Gatton,2020,31627.0
317011448,Gatton,2021,42607.0
317011448,Gatton,2022,41440.0
317011448,Gatton,2023,43577.0
317011449,Gowrie (Qld),2019,56239.0
317011449,Gowrie (Qld),2020,58086.0
317011449,Gowrie (Qld),2021,59404.0
317011449,Gowrie (Qld),2022,61244.0
317011449,Gowrie (Qld),2023,64452.0
317011450,Highfields,2019,56649.0
317011450,Highfields,2020,58770.0
317011450,Highfields,2021,61095.0
317011450,Highfields,2022,62390.0
317011450,Highfields,2023,64651.0
317011451,Lockyer Valley - West,2019,48859.0
317011451,Lockyer Valley - West,2020,50424.0
317011451,Lockyer Valley - West,2021,52473.0
317011451,Lockyer Valley - West,2022,54367.0
317011451,Lockyer Valley - West,2023,55930.0
317011452,Middle Ridge,2019,58058.0
317011452,Middle Ridge,2020,58432.0
317011452,Middle Ridge,2021,62697.0
317011452,Middle Ridge,2022,64118.0
317011452,Middle Ridge,2023,66905.0
317011453,Newtown (Qld),2019,48154.0
317011453,Newtown (Qld),2020,48910.0
317011453,Newtown (Qld),2021,50954.0
317011453,Newtown (Qld),2022,52358.0
317011453,Newtown (Qld),2023,55917.0
317011454,North Toowoomba - Harlaxton,2019,47348.0
317011454,North Toowoomba - Harlaxton,2020,49317.0
317011454,North Toowoomba - Harlaxton,2021,51703.0
317011454,North Toowoomba - Harlaxton,2022,53723.0
317011454,North Toowoomba - Harlaxton,2023,56823.0
317011455,Rangeville,2019,54710.0
317011455,Rangeville,2020,57205.0
317011455,Rangeville,2021,60526.0
317011455,Rangeville,2022,61215.0
317011455,Rangeville,2023,64760.0
317011456,Toowoomba - Central,2019,50000.0
317011456,Toowoomba - Central,2020,51774.0
317011456,Toowoomba - Central,2021,53953.0
317011456,Toowoomba - Central,2022,56126.0
317011456,Toowoomba - Central,2023,59814.0
317011457,Toowoomba - East,2019,55057.0
317011457,Toowoomba - East,2020,57175.0
317011457,Toowoomba - East,2021,60255.0
317011457,Toowoomba - East,2022,61559.0
317011457,Toowoomba - East,2023,64204.0
317011458,Toowoomba - West,2019,53790.0
317011458,Toowoomba - West,2020,55224.0
317011458,Toowoomba - West,2021,57000.0
317011458,Toowoomba - West,2022,59332.0
317011458,Toowoomba - West,2023,62826.0
317011459,Wilsonton,2019,49391.0
317011459,Wilsonton,2020,49691.0
317011459,Wilsonton,2021,50599.0
317011459,Wilsonton,2022,52304.0
317011459,Wilsonton,2023,55854.0
318011460,Ayr,2019,39976.0
318011460,Ayr,2020,41250.0
318011460,Ayr,2021,47405.0
318011460,Ayr,2022,50461.0
318011460,Ayr,2023,51827.0
318011461,Burdekin,2019,44116.0
318011461,Burdekin,2020,47263.0
318011461,Burdekin,2021,49920.0
318011461,Burdekin,2022,52417.0
318011461,Burdekin,2023,54718.0
318011462,Charters Towers,2019,50711.0
318011462,Charters Towers,2020,52507.0
318011462,Charters Towers,2021,53604.0
318011462,Charters Towers,2022,55082.0
318011462,Charters Towers,2023,59256.0
318011463,Dalrymple,2019,49021.0
318011463,Dalrymple,2020,49253.0
318011463,Dalrymple,2021,52074.0
318011463,Dalrymple,2022,51095.0
318011463,Dalrymple,2023,53086.0
318011464,Ingham,2019,43933.0
318011464,Ingham,2020,46667.0
318011464,Ingham,2021,48986.0
318011464,Ingham,2022,49829.0
318011464,Ingham,2023,52097.0
318011465,Ingham Surrounds,2019,48222.0
318011465,Ingham Surrounds,2020,49226.0
318011465,Ingham Surrounds,2021,51006.0
318011465,Ingham Surrounds,2022,53828.0
318011465,Ingham Surrounds,2023,56879.0
318011466,Palm Island,2019,37893.0
318011466,Palm Island,2020,34173.0
318011466,Palm Island,2021,37136.0
318011466,Palm Island,2022,38827.0
318011466,Palm Island,2023,38958.0
318021467,Aitkenvale,2019,48131.0
318021467,Aitkenvale,2020,49334.0
318021467,Aitkenvale,2021,51842.0
318021467,Aitkenvale,2022,52246.0
318021467,Aitkenvale,2023,56318.0
318021468,Annandale (Qld),2019,59741.0
318021468,Annandale (Qld),2020,62376.0
318021468,Annandale (Qld),2021,63906.0
318021468,Annandale (Qld),2022,65086.0
318021468,Annandale (Qld),2023,68646.0
318021469,Belgian Gardens - Pallarenda,2019,61835.0
318021469,Belgian Gardens - Pallarenda,2020,65606.0
318021469,Belgian Gardens - Pallarenda,2021,67748.0
318021469,Belgian Gardens - Pallarenda,2022,69847.0
318021469,Belgian Gardens - Pallarenda,2023,69717.0
318021470,Bohle Plains,2019,64015.0
318021470,Bohle Plains,2020,66717.0
318021470,Bohle Plains,2021,69600.0
318021470,Bohle Plains,2022,71202.0
318021470,Bohle Plains,2023,75249.0
318021471,Condon - Rasmussen,2019,50541.0
318021471,Condon - Rasmussen,2020,52267.0
318021471,Condon - Rasmussen,2021,52499.0
318021471,Condon - Rasmussen,2022,55187.0
318021471,Condon - Rasmussen,2023,58063.0
318021472,Cranbrook,2019,47744.0
318021472,Cranbrook,2020,48326.0
318021472,Cranbrook,2021,51254.0
318021472,Cranbrook,2022,52678.0
318021472,Cranbrook,2023,58656.0
318021474,Douglas,2019,62846.0
318021474,Douglas,2020,64241.0
318021474,Douglas,2021,61799.0
318021474,Douglas,2022,63639.0
318021474,Douglas,2023,67980.0
318021475,Garbutt - West End,2019,54141.0
318021475,Garbutt - West End,2020,55302.0
318021475,Garbutt - West End,2021,57410.0
318021475,Garbutt - West End,2022,60093.0
318021475,Garbutt - West End,2023,62281.0
318021476,Gulliver - Currajong - Vincent,2019,51149.0
318021476,Gulliver - Currajong - Vincent,2020,52940.0
318021476,Gulliver - Currajong - Vincent,2021,53620.0
318021476,Gulliver - Currajong - Vincent,2022,55467.0
318021476,Gulliver - Currajong - Vincent,2023,57697.0
318021477,Heatley,2019,48703.0
318021477,Heatley,2020,49177.0
318021477,Heatley,2021,49435.0
318021477,Heatley,2022,51069.0
318021477,Heatley,2023,53033.0
318021478,Hermit Park - Rosslea,2019,53010.0
318021478,Hermit Park - Rosslea,2020,55035.0
318021478,Hermit Park - Rosslea,2021,56516.0
318021478,Hermit Park - Rosslea,2022,57842.0
318021478,Hermit Park - Rosslea,2023,61222.0
318021479,Hyde Park - Pimlico,2019,52057.0
318021479,Hyde Park - Pimlico,2020,53935.0
318021479,Hyde Park - Pimlico,2021,55253.0
318021479,Hyde Park - Pimlico,2022,56659.0
318021479,Hyde Park - Pimlico,2023,61232.0
318021480,Kelso,2019,50700.0
318021480,Kelso,2020,52257.0
318021480,Kelso,2021,54040.0
318021480,Kelso,2022,56754.0
318021480,Kelso,2023,61066.0
318021481,Kirwan - East,2019,47976.0
318021481,Kirwan - East,2020,49496.0
318021481,Kirwan - East,2021,50438.0
318021481,Kirwan - East,2022,52522.0
318021481,Kirwan - East,2023,54662.0
318021482,Kirwan - West,2019,55545.0
318021482,Kirwan - West,2020,57299.0
318021482,Kirwan - West,2021,58796.0
318021482,Kirwan - West,2022,60694.0
318021482,Kirwan - West,2023,63601.0
318021483,Magnetic Island,2019,36372.0
318021483,Magnetic Island,2020,34510.0
318021483,Magnetic Island,2021,39586.0
318021483,Magnetic Island,2022,40608.0
318021483,Magnetic Island,2023,39055.0
318021484,Mount Louisa,2019,58488.0
318021484,Mount Louisa,2020,61082.0
318021484,Mount Louisa,2021,61931.0
318021484,Mount Louisa,2022,64078.0
318021484,Mount Louisa,2023,66697.0
318021485,Mundingburra,2019,51987.0
318021485,Mundingburra,2020,53877.0
318021485,Mundingburra,2021,56490.0
318021485,Mundingburra,2022,57868.0
318021485,Mundingburra,2023,61221.0
318021486,Northern Beaches,2019,53204.0
318021486,Northern Beaches,2020,56445.0
318021486,Northern Beaches,2021,57666.0
318021486,Northern Beaches,2022,60246.0
318021486,Northern Beaches,2023,63858.0
318021487,Oonoonba,2019,64159.0
318021487,Oonoonba,2020,66386.0
318021487,Oonoonba,2021,68955.0
318021487,Oonoonba,2022,71003.0
318021487,Oonoonba,2023,73450.0
318021488,South Townsville - Railway Estate,2019,52552.0
318021488,South Townsville - Railway Estate,2020,55228.0
318021488,South Townsville - Railway Estate,2021,56734.0
318021488,South Townsville - Railway Estate,2022,59698.0
318021488,South Townsville - Railway Estate,2023,63491.0
318021489,Townsville - South,2019,58362.0
318021489,Townsville - South,2020,61208.0
318021489,Townsville - South,2021,64490.0
318021489,Townsville - South,2022,66607.0
318021489,Townsville - South,2023,70201.0
318021490,Townsville City - North Ward,2019,62885.0
318021490,Townsville City - North Ward,2020,62588.0
318021490,Townsville City - North Ward,2021,67913.0
318021490,Townsville City - North Ward,2022,68258.0
318021490,Townsville City - North Ward,2023,67924.0
318021491,Wulguru - Roseneath,2019,53978.0
318021491,Wulguru - Roseneath,2020,55529.0
318021491,Wulguru - Roseneath,2021,55858.0
318021491,Wulguru - Roseneath,2022,57381.0
318021491,Wulguru - Roseneath,2023,59578.0
318021582,Burdell - Mount Low,2019,63085.0
318021582,Burdell - Mount Low,2020,64824.0
318021582,Burdell - Mount Low,2021,66461.0
318021582,Burdell - Mount Low,2022,68564.0
318021582,Burdell - Mount Low,2023,72451.0
318021583,Deeragun - Jensen,2019,53020.0
318021583,Deeragun - Jensen,2020,54635.0
318021583,Deeragun - Jensen,2021,56672.0
318021583,Deeragun - Jensen,2022,58427.0
318021583,Deeragun - Jensen,2023,62260.0
319011492,Ashfield - Kepnock,2019,46668.0
319011492,Ashfield - Kepnock,2020,46036.0
319011492,Ashfield - Kepnock,2021,48752.0
319011492,Ashfield - Kepnock,2022,50087.0
319011492,Ashfield - Kepnock,2023,52936.0
319011493,Bargara - Burnett Heads,2019,49257.0
319011493,Bargara - Burnett Heads,2020,50622.0
319011493,Bargara - Burnett Heads,2021,52939.0
319011493,Bargara - Burnett Heads,2022,54061.0
319011493,Bargara - Burnett Heads,2023,58485.0
319011494,Branyan - Kensington,2019,49581.0
319011494,Branyan - Kensington,2020,50716.0
319011494,Branyan - Kensington,2021,52327.0
319011494,Branyan - Kensington,2022,54118.0
319011494,Branyan - Kensington,2023,57627.0
319011495,Bundaberg,2019,17425.0
319011495,Bundaberg,2020,21603.0
319011495,Bundaberg,2021,36591.0
319011495,Bundaberg,2022,39510.0
319011495,Bundaberg,2023,37108.0
319011496,Bundaberg East - Kalkie,2019,44003.0
319011496,Bundaberg East - Kalkie,2020,46178.0
319011496,Bundaberg East - Kalkie,2021,48740.0
319011496,Bundaberg East - Kalkie,2022,49528.0
319011496,Bundaberg East - Kalkie,2023,51155.0
319011497,Bundaberg North - Gooburrum,2019,37299.0
319011497,Bundaberg North - Gooburrum,2020,40456.0
319011497,Bundaberg North - Gooburrum,2021,45655.0
319011497,Bundaberg North - Gooburrum,2022,45899.0
319011497,Bundaberg North - Gooburrum,2023,48052.0
319011498,Bundaberg Surrounds - North,2019,44367.0
319011498,Bundaberg Surrounds - North,2020,46229.0
319011498,Bundaberg Surrounds - North,2021,47455.0
319011498,Bundaberg Surrounds - North,2022,49433.0
319011498,Bundaberg Surrounds - North,2023,50962.0
319011499,Bundaberg Surrounds - South,2019,35000.0
319011499,Bundaberg Surrounds - South,2020,37330.0
319011499,Bundaberg Surrounds - South,2021,43676.0
319011499,Bundaberg Surrounds - South,2022,44000.0
319011499,Bundaberg Surrounds - South,2023,42946.0
319011500,Millbank - Avoca,2019,46279.0
319011500,Millbank - Avoca,2020,49715.0
319011500,Millbank - Avoca,2021,50368.0
319011500,Millbank - Avoca,2022,51643.0
319011500,Millbank - Avoca,2023,53620.0
319011501,Svensson Heights - Norville,2019,45414.0
319011501,Svensson Heights - Norville,2020,47480.0
319011501,Svensson Heights - Norville,2021,48141.0
319011501,Svensson Heights - Norville,2022,49945.0
319011501,Svensson Heights - Norville,2023,51615.0
319011502,Walkervale - Avenell Heights,2019,43493.0
319011502,Walkervale - Avenell Heights,2020,46135.0
319011502,Walkervale - Avenell Heights,2021,47340.0
319011502,Walkervale - Avenell Heights,2022,49023.0
319011502,Walkervale - Avenell Heights,2023,51748.0
319021503,Gayndah - Mundubbera,2019,24957.0
319021503,Gayndah - Mundubbera,2020,28295.0
319021503,Gayndah - Mundubbera,2021,37967.0
319021503,Gayndah - Mundubbera,2022,41123.0
319021503,Gayndah - Mundubbera,2023,36359.0
319021504,Gin Gin,2019,33443.0
319021504,Gin Gin,2020,38754.0
319021504,Gin Gin,2021,39921.0
319021504,Gin Gin,2022,42381.0
319021504,Gin Gin,2023,42591.0
319021505,Kingaroy,2019,46113.0
319021505,Kingaroy,2020,47872.0
319021505,Kingaroy,2021,49035.0
319021505,Kingaroy,2022,50400.0
319021505,Kingaroy,2023,53324.0
319021506,Kingaroy Surrounds - North,2019,42031.0
319021506,Kingaroy Surrounds - North,2020,44712.0
319021506,Kingaroy Surrounds - North,2021,44535.0
319021506,Kingaroy Surrounds - North,2022,45654.0
319021506,Kingaroy Surrounds - North,2023,47164.0
319021507,Kingaroy Surrounds - South,2019,44246.0
319021507,Kingaroy Surrounds - South,2020,46380.0
319021507,Kingaroy Surrounds - South,2021,48000.0
319021507,Kingaroy Surrounds - South,2022,48707.0
319021507,Kingaroy Surrounds - South,2023,50265.0
319021508,Monto - Eidsvold,2019,40461.0
319021508,Monto - Eidsvold,2020,41338.0
319021508,Monto - Eidsvold,2021,43686.0
319021508,Monto - Eidsvold,2022,42725.0
319021508,Monto - Eidsvold,2023,46053.0
319021509,Nanango,2019,41841.0
319021509,Nanango,2020,43144.0
319021509,Nanango,2021,44885.0
319021509,Nanango,2022,45214.0
319021509,Nanango,2023,47663.0
319021510,North Burnett,2019,
319021510,North Burnett,2020,
319021510,North Burnett,2021,
319021510,North Burnett,2022,
319021510,North Burnett,2023,
319031511,Cooloola,2019,33502.0
319031511,Cooloola,2020,34821.0
319031511,Cooloola,2021,38461.0
319031511,Cooloola,2022,38508.0
319031511,Cooloola,2023,40563.0
319031512,Gympie - North,2019,41581.0
319031512,Gympie - North,2020,43040.0
319031512,Gympie - North,2021,43741.0
319031512,Gympie - North,2022,45075.0
319031512,Gympie - North,2023,50242.0
319031513,Gympie - South,2019,45469.0
319031513,Gympie - South,2020,47007.0
319031513,Gympie - South,2021,47927.0
319031513,Gympie - South,2022,49650.0
319031513,Gympie - South,2023,52882.0
319031514,Gympie Surrounds,2019,43218.0
319031514,Gympie Surrounds,2020,44675.0
319031514,Gympie Surrounds,2021,45542.0
319031514,Gympie Surrounds,2022,46775.0
319031514,Gympie Surrounds,2023,49400.0
319031515,Kilkivan,2019,42213.0
319031515,Kilkivan,2020,44802.0
319031515,Kilkivan,2021,45911.0
319031515,Kilkivan,2022,46156.0
319031515,Kilkivan,2023,48208.0
319041516,Booral - River Heads,2019,45065.0
319041516,Booral - River Heads,2020,47154.0
319041516,Booral - River Heads,2021,49475.0
319041516,Booral - River Heads,2022,49972.0
319041516,Booral - River Heads,2023,53611.0
319041517,Craignish - Dundowran Beach,2019,49675.0
319041517,Craignish - Dundowran Beach,2020,51338.0
319041517,Craignish - Dundowran Beach,2021,54114.0
319041517,Craignish - Dundowran Beach,2022,56525.0
319041517,Craignish - Dundowran Beach,2023,57256.0
319041518,Pialba - Eli Waters,2019,44093.0
319041518,Pialba - Eli Waters,2020,46350.0
319041518,Pialba - Eli Waters,2021,47340.0
319041518,Pialba - Eli Waters,2022,47929.0
319041518,Pialba - Eli Waters,2023,50532.0
319041519,Point Vernon,2019,43347.0
319041519,Point Vernon,2020,44585.0
319041519,Point Vernon,2021,46710.0
319041519,Point Vernon,2022,48092.0
319041519,Point Vernon,2023,53136.0
319041520,Torquay - Scarness - Kawungan,2019,43170.0
319041520,Torquay - Scarness - Kawungan,2020,44516.0
319041520,Torquay - Scarness - Kawungan,2021,46192.0
319041520,Torquay - Scarness - Kawungan,2022,47294.0
319041520,Torquay - Scarness - Kawungan,2023,49830.0
319041521,Urangan - Wondunna,2019,44138.0
319041521,Urangan - Wondunna,2020,45248.0
319041521,Urangan - Wondunna,2021,46858.0
319041521,Urangan - Wondunna,2022,48747.0
319041521,Urangan - Wondunna,2023,52362.0
319051522,Burrum - Fraser,2019,43605.0
319051522,Burrum - Fraser,2020,44718.0
319051522,Burrum - Fraser,2021,45591.0
319051522,Burrum - Fraser,2022,46293.0
319051522,Burrum - Fraser,2023,49184.0
319051523,Granville,2019,45549.0
319051523,Granville,2020,46245.0
319051523,Granville,2021,48324.0
319051523,Granville,2022,46616.0
319051523,Granville,2023,50302.0
319051524,Maryborough (Qld),2019,45635.0
319051524,Maryborough (Qld),2020,46745.0
319051524,Maryborough (Qld),2021,47180.0
319051524,Maryborough (Qld),2022,48410.0
319051524,Maryborough (Qld),2023,51805.0
319051525,Maryborough Surrounds - South,2019,42640.0
319051525,Maryborough Surrounds - South,2020,43783.0
319051525,Maryborough Surrounds - South,2021,44759.0
319051525,Maryborough Surrounds - South,2022,46479.0
319051525,Maryborough Surrounds - South,2023,50549.0
319051526,Tinana,2019,47858.0
319051526,Tinana,2020,49859.0
319051526,Tinana,2021,49556.0
319051526,Tinana,2022,51444.0
319051526,Tinana,2023,55677.0
401011001,Adelaide,2019,38637.0
401011001,Adelaide,2020,37544.0
401011001,Adelaide,2021,41084.0
401011001,Adelaide,2022,43179.0
401011001,Adelaide,2023,44361.0
401011002,North Adelaide,2019,55393.0
401011002,North Adelaide,2020,56827.0
401011002,North Adelaide,2021,59990.0
401011002,North Adelaide,2022,60530.0
401011002,North Adelaide,2023,62144.0
401021003,Adelaide Hills,2019,52706.0
401021003,Adelaide Hills,2020,54210.0
401021003,Adelaide Hills,2021,56538.0
401021003,Adelaide Hills,2022,58133.0
401021003,Adelaide Hills,2023,60167.0
401021004,Aldgate - Stirling,2019,58275.0
401021004,Aldgate - Stirling,2020,60428.0
401021004,Aldgate - Stirling,2021,62122.0
401021004,Aldgate - Stirling,2022,64172.0
401021004,Aldgate - Stirling,2023,66462.0
401021005,Hahndorf - Echunga,2019,51018.0
401021005,Hahndorf - Echunga,2020,52458.0
401021005,Hahndorf - Echunga,2021,53780.0
401021005,Hahndorf - Echunga,2022,55337.0
401021005,Hahndorf - Echunga,2023,57716.0
401021006,Lobethal - Woodside,2019,51332.0
401021006,Lobethal - Woodside,2020,51719.0
401021006,Lobethal - Woodside,2021,54801.0
401021006,Lobethal - Woodside,2022,57429.0
401021006,Lobethal - Woodside,2023,59628.0
401021007,Mount Barker,2019,52334.0
401021007,Mount Barker,2020,53411.0
401021007,Mount Barker,2021,55533.0
401021007,Mount Barker,2022,58453.0
401021007,Mount Barker,2023,61680.0
401021008,Mount Barker Surrounds,2019,52448.0
401021008,Mount Barker Surrounds,2020,53881.0
401021008,Mount Barker Surrounds,2021,54910.0
401021008,Mount Barker Surrounds,2022,56972.0
401021008,Mount Barker Surrounds,2023,59400.0
401021009,Nairne,2019,50864.0
401021009,Nairne,2020,53023.0
401021009,Nairne,2021,53946.0
401021009,Nairne,2022,56303.0
401021009,Nairne,2023,60526.0
401021010,Uraidla - Summertown,2019,56371.0
401021010,Uraidla - Summertown,2020,57926.0
401021010,Uraidla - Summertown,2021,60985.0
401021010,Uraidla - Summertown,2022,64142.0
401021010,Uraidla - Summertown,2023,64728.0
401031011,Burnside - Wattle Park,2019,55311.0
401031011,Burnside - Wattle Park,2020,56336.0
401031011,Burnside - Wattle Park,2021,58692.0
401031011,Burnside - Wattle Park,2022,61769.0
401031011,Burnside - Wattle Park,2023,63546.0
401031012,Beaumont - Glen Osmond,2019,56199.0
401031012,Beaumont - Glen Osmond,2020,58364.0
401031012,Beaumont - Glen Osmond,2021,61154.0
401031012,Beaumont - Glen Osmond,2022,63313.0
401031012,Beaumont - Glen Osmond,2023,64387.0
401031013,Toorak Gardens,2019,55060.0
401031013,Toorak Gardens,2020,55427.0
401031013,Toorak Gardens,2021,60000.0
401031013,Toorak Gardens,2022,60339.0
401031013,Toorak Gardens,2023,62167.0
401041014,Athelstone,2019,53649.0
401041014,Athelstone,2020,54855.0
401041014,Athelstone,2021,56794.0
401041014,Athelstone,2022,58456.0
401041014,Athelstone,2023,62495.0
401041015,Paradise - Newton,2019,49145.0
401041015,Paradise - Newton,2020,50162.0
401041015,Paradise - Newton,2021,53718.0
401041015,Paradise - Newton,2022,56349.0
401041015,Paradise - Newton,2023,59105.0
401041016,Rostrevor - Magill,2019,52325.0
401041016,Rostrevor - Magill,2020,53055.0
401041016,Rostrevor - Magill,2021,56023.0
401041016,Rostrevor - Magill,2022,58607.0
401041016,Rostrevor - Magill,2023,61112.0
401051017,Norwood (SA),2019,56210.0
401051017,Norwood (SA),2020,56804.0
401051017,Norwood (SA),2021,57628.0
401051017,Norwood (SA),2022,60468.0
401051017,Norwood (SA),2023,64588.0
401051018,Payneham - Felixstow,2019,51514.0
401051018,Payneham - Felixstow,2020,52060.0
401051018,Payneham - Felixstow,2021,55274.0
401051018,Payneham - Felixstow,2022,57196.0
401051018,Payneham - Felixstow,2023,60548.0
401051019,St Peters - Marden,2019,55573.0
401051019,St Peters - Marden,2020,57014.0
401051019,St Peters - Marden,2021,60410.0
401051019,St Peters - Marden,2022,61646.0
401051019,St Peters - Marden,2023,65429.0
401061020,Nailsworth - Broadview,2019,59328.0
401061020,Nailsworth - Broadview,2020,59223.0
401061020,Nailsworth - Broadview,2021,60794.0
401061020,Nailsworth - Broadview,2022,61777.0
401061020,Nailsworth - Broadview,2023,64673.0
401061021,Prospect,2019,54999.0
401061021,Prospect,2020,56420.0
401061021,Prospect,2021,59490.0
401061021,Prospect,2022,62299.0
401061021,Prospect,2023,64835.0
401061022,Walkerville,2019,55000.0
401061022,Walkerville,2020,56585.0
401061022,Walkerville,2021,60351.0
401061022,Walkerville,2022,62753.0
401061022,Walkerville,2023,65053.0
401071023,Goodwood - Millswood,2019,56666.0
401071023,Goodwood - Millswood,2020,57421.0
401071023,Goodwood - Millswood,2021,61459.0
401071023,Goodwood - Millswood,2022,63948.0
401071023,Goodwood - Millswood,2023,67158.0
401071024,Unley - Parkside,2019,58240.0
401071024,Unley - Parkside,2020,58917.0
401071024,Unley - Parkside,2021,60710.0
401071024,Unley - Parkside,2022,64355.0
401071024,Unley - Parkside,2023,66509.0
402011025,Gawler - North,2019,54037.0
402011025,Gawler - North,2020,55292.0
402011025,Gawler - North,2021,56237.0
402011025,Gawler - North,2022,58212.0
402011025,Gawler - North,2023,61132.0
402011026,Gawler - South,2019,51439.0
402011026,Gawler - South,2020,52907.0
402011026,Gawler - South,2021,54420.0
402011026,Gawler - South,2022,56665.0
402011026,Gawler - South,2023,60377.0
402011027,Lewiston - Two Wells,2019,52494.0
402011027,Lewiston - Two Wells,2020,54763.0
402011027,Lewiston - Two Wells,2021,55849.0
402011027,Lewiston - Two Wells,2022,58017.0
402011027,Lewiston - Two Wells,2023,61759.0
402021028,Craigmore - Blakeview,2019,52020.0
402021028,Craigmore - Blakeview,2020,53340.0
402021028,Craigmore - Blakeview,2021,54916.0
402021028,Craigmore - Blakeview,2022,56609.0
402021028,Craigmore - Blakeview,2023,59466.0
402021029,Davoren Park,2019,45279.0
402021029,Davoren Park,2020,46949.0
402021029,Davoren Park,2021,46707.0
402021029,Davoren Park,2022,48392.0
402021029,Davoren Park,2023,52074.0
402021030,Elizabeth,2019,39831.0
402021030,Elizabeth,2020,40640.0
402021030,Elizabeth,2021,39619.0
402021030,Elizabeth,2022,41058.0
402021030,Elizabeth,2023,44585.0
402021031,Elizabeth East,2019,47385.0
402021031,Elizabeth East,2020,48902.0
402021031,Elizabeth East,2021,49321.0
402021031,Elizabeth East,2022,50721.0
402021031,Elizabeth East,2023,54203.0
402021032,Munno Para West - Angle Vale,2019,50264.0
402021032,Munno Para West - Angle Vale,2020,52746.0
402021032,Munno Para West - Angle Vale,2021,54478.0
402021032,Munno Para West - Angle Vale,2022,57131.0
402021032,Munno Para West - Angle Vale,2023,61240.0
402021033,One Tree Hill,2019,51955.0
402021033,One Tree Hill,2020,52235.0
402021033,One Tree Hill,2021,54562.0
402021033,One Tree Hill,2022,57450.0
402021033,One Tree Hill,2023,62129.0
402021034,Smithfield - Elizabeth North,2019,42956.0
402021034,Smithfield - Elizabeth North,2020,43647.0
402021034,Smithfield - Elizabeth North,2021,43367.0
402021034,Smithfield - Elizabeth North,2022,44454.0
402021034,Smithfield - Elizabeth North,2023,47033.0
402021035,Virginia - Waterloo Corner,2019,49742.0
402021035,Virginia - Waterloo Corner,2020,51222.0
402021035,Virginia - Waterloo Corner,2021,54031.0
402021035,Virginia - Waterloo Corner,2022,55836.0
402021035,Virginia - Waterloo Corner,2023,59285.0
402031036,Enfield - Blair Athol,2019,46476.0
402031036,Enfield - Blair Athol,2020,47364.0
402031036,Enfield - Blair Athol,2021,49797.0
402031036,Enfield - Blair Athol,2022,51601.0
402031036,Enfield - Blair Athol,2023,54848.0
402031038,Windsor Gardens,2019,50599.0
402031038,Windsor Gardens,2020,51789.0
402031038,Windsor Gardens,2021,54324.0
402031038,Windsor Gardens,2022,57485.0
402031038,Windsor Gardens,2023,60066.0
402031175,Northgate - Northfield,2019,55198.0
402031175,Northgate - Northfield,2020,56766.0
402031175,Northgate - Northfield,2021,58495.0
402031175,Northgate - Northfield,2022,60390.0
402031175,Northgate - Northfield,2023,63267.0
402031176,Valley View - Gilles Plains,2019,50283.0
402031176,Valley View - Gilles Plains,2020,51142.0
402031176,Valley View - Gilles Plains,2021,53012.0
402031176,Valley View - Gilles Plains,2022,54925.0
402031176,Valley View - Gilles Plains,2023,58350.0
402041039,Dry Creek - North,2019,
402041039,Dry Creek - North,2020,
402041039,Dry Creek - North,2021,
402041039,Dry Creek - North,2022,
402041039,Dry Creek - North,2023,
402041040,Ingle Farm,2019,50477.0
402041040,Ingle Farm,2020,50982.0
402041040,Ingle Farm,2021,52500.0
402041040,Ingle Farm,2022,53994.0
402041040,Ingle Farm,2023,57621.0
402041041,Para Hills,2019,50200.0
402041041,Para Hills,2020,50825.0
402041041,Para Hills,2021,52039.0
402041041,Para Hills,2022,53262.0
402041041,Para Hills,2023,56533.0
402041042,Parafield,2019,33304.0
402041042,Parafield,2020,42705.0
402041042,Parafield,2021,40120.0
402041042,Parafield,2022,3155.0
402041042,Parafield,2023,20772.0
402041043,Parafield Gardens,2019,47163.0
402041043,Parafield Gardens,2020,48133.0
402041043,Parafield Gardens,2021,49406.0
402041043,Parafield Gardens,2022,50588.0
402041043,Parafield Gardens,2023,53139.0
402041044,Paralowie,2019,49204.0
402041044,Paralowie,2020,50024.0
402041044,Paralowie,2021,51554.0
402041044,Paralowie,2022,52521.0
402041044,Paralowie,2023,55131.0
402041046,Salisbury,2019,46086.0
402041046,Salisbury,2020,46540.0
402041046,Salisbury,2021,47228.0
402041046,Salisbury,2022,48992.0
402041046,Salisbury,2023,51726.0
402041047,Salisbury East,2019,50543.0
402041047,Salisbury East,2020,51921.0
402041047,Salisbury East,2021,52898.0
402041047,Salisbury East,2022,53939.0
402041047,Salisbury East,2023,56961.0
402041048,Salisbury North,2019,49584.0
402041048,Salisbury North,2020,49944.0
402041048,Salisbury North,2021,49928.0
402041048,Salisbury North,2022,51634.0
402041048,Salisbury North,2023,54647.0
402041171,Mawson Lakes - Globe Derby Park,2019,56382.0
402041171,Mawson Lakes - Globe Derby Park,2020,57227.0
402041171,Mawson Lakes - Globe Derby Park,2021,58020.0
402041171,Mawson Lakes - Globe Derby Park,2022,60006.0
402041171,Mawson Lakes - Globe Derby Park,2023,62801.0
402041172,Pooraka - Cavan,2019,47902.0
402041172,Pooraka - Cavan,2020,49106.0
402041172,Pooraka - Cavan,2021,50878.0
402041172,Pooraka - Cavan,2022,51124.0
402041172,Pooraka - Cavan,2023,54077.0
402051049,Golden Grove,2019,55803.0
402051049,Golden Grove,2020,57949.0
402051049,Golden Grove,2021,61238.0
402051049,Golden Grove,2022,62796.0
402051049,Golden Grove,2023,65586.0
402051050,Greenwith,2019,56888.0
402051050,Greenwith,2020,59236.0
402051050,Greenwith,2021,60856.0
402051050,Greenwith,2022,61746.0
402051050,Greenwith,2023,65834.0
402051051,Highbury - Dernancourt,2019,54839.0
402051051,Highbury - Dernancourt,2020,55990.0
402051051,Highbury - Dernancourt,2021,59124.0
402051051,Highbury - Dernancourt,2022,59903.0
402051051,Highbury - Dernancourt,2023,63844.0
402051052,Hope Valley - Modbury,2019,50415.0
402051052,Hope Valley - Modbury,2020,50802.0
402051052,Hope Valley - Modbury,2021,52595.0
402051052,Hope Valley - Modbury,2022,54852.0
402051052,Hope Valley - Modbury,2023,58398.0
402051053,Modbury Heights,2019,54767.0
402051053,Modbury Heights,2020,55942.0
402051053,Modbury Heights,2021,57383.0
402051053,Modbury Heights,2022,59065.0
402051053,Modbury Heights,2023,62366.0
402051054,Redwood Park,2019,54963.0
402051054,Redwood Park,2020,56423.0
402051054,Redwood Park,2021,58371.0
402051054,Redwood Park,2022,60206.0
402051054,Redwood Park,2023,63660.0
402051055,St Agnes - Ridgehaven,2019,54155.0
402051055,St Agnes - Ridgehaven,2020,55154.0
402051055,St Agnes - Ridgehaven,2021,57652.0
402051055,St Agnes - Ridgehaven,2022,58948.0
402051055,St Agnes - Ridgehaven,2023,61966.0
403011056,Brighton (SA),2019,58191.0
403011056,Brighton (SA),2020,58558.0
403011056,Brighton (SA),2021,61000.0
403011056,Brighton (SA),2022,63109.0
403011056,Brighton (SA),2023,65662.0
403011057,Glenelg (SA),2019,55201.0
403011057,Glenelg (SA),2020,56231.0
403011057,Glenelg (SA),2021,59048.0
403011057,Glenelg (SA),2022,61582.0
403011057,Glenelg (SA),2023,64178.0
403021058,Edwardstown,2019,51617.0
403021058,Edwardstown,2020,52665.0
403021058,Edwardstown,2021,56135.0
403021058,Edwardstown,2022,58862.0
403021058,Edwardstown,2023,62895.0
403021059,Hallett Cove,2019,55496.0
403021059,Hallett Cove,2020,57251.0
403021059,Hallett Cove,2021,58461.0
403021059,Hallett Cove,2022,61476.0
403021059,Hallett Cove,2023,64157.0
403021060,Marino - Seaview Downs,2019,54849.0
403021060,Marino - Seaview Downs,2020,57383.0
403021060,Marino - Seaview Downs,2021,60484.0
403021060,Marino - Seaview Downs,2022,61391.0
403021060,Marino - Seaview Downs,2023,64737.0
403021061,Mitchell Park,2019,48902.0
403021061,Mitchell Park,2020,50398.0
403021061,Mitchell Park,2021,53546.0
403021061,Mitchell Park,2022,55966.0
403021061,Mitchell Park,2023,59477.0
403021062,Morphettville,2019,54413.0
403021062,Morphettville,2020,55586.0
403021062,Morphettville,2021,58586.0
403021062,Morphettville,2022,60534.0
403021062,Morphettville,2023,63714.0
403021063,Sheidow Park - Trott Park,2019,56415.0
403021063,Sheidow Park - Trott Park,2020,57913.0
403021063,Sheidow Park - Trott Park,2021,59581.0
403021063,Sheidow Park - Trott Park,2022,62086.0
403021063,Sheidow Park - Trott Park,2023,65672.0
403021064,Warradale,2019,52803.0
403021064,Warradale,2020,53998.0
403021064,Warradale,2021,57222.0
403021064,Warradale,2022,60347.0
403021064,Warradale,2023,64024.0
403031065,Belair,2019,60551.0
403031065,Belair,2020,62006.0
403031065,Belair,2021,63896.0
403031065,Belair,2022,66186.0
403031065,Belair,2023,69192.0
403031066,Bellevue Heights,2019,48938.0
403031066,Bellevue Heights,2020,50105.0
403031066,Bellevue Heights,2021,52356.0
403031066,Bellevue Heights,2022,54511.0
403031066,Bellevue Heights,2023,56292.0
403031067,Blackwood,2019,60246.0
403031067,Blackwood,2020,63542.0
403031067,Blackwood,2021,65142.0
403031067,Blackwood,2022,67591.0
403031067,Blackwood,2023,70733.0
403031068,Colonel Light Gardens,2019,57353.0
403031068,Colonel Light Gardens,2020,59152.0
403031068,Colonel Light Gardens,2021,61801.0
403031068,Colonel Light Gardens,2022,64704.0
403031068,Colonel Light Gardens,2023,66153.0
403031069,Mitcham (SA),2019,56301.0
403031069,Mitcham (SA),2020,58908.0
403031069,Mitcham (SA),2021,62214.0
403031069,Mitcham (SA),2022,64242.0
403031069,Mitcham (SA),2023,65903.0
403031070,Panorama,2019,50091.0
403031070,Panorama,2020,52745.0
403031070,Panorama,2021,55391.0
403031070,Panorama,2022,58444.0
403031070,Panorama,2023,62053.0
403041071,Aberfoyle Park,2019,54152.0
403041071,Aberfoyle Park,2020,55231.0
403041071,Aberfoyle Park,2021,58404.0
403041071,Aberfoyle Park,2022,59333.0
403041071,Aberfoyle Park,2023,63252.0
403041072,Aldinga,2019,47362.0
403041072,Aldinga,2020,48508.0
403041072,Aldinga,2021,50057.0
403041072,Aldinga,2022,50737.0
403041072,Aldinga,2023,53774.0
403041073,Christie Downs,2019,45208.0
403041073,Christie Downs,2020,47316.0
403041073,Christie Downs,2021,47981.0
403041073,Christie Downs,2022,50000.0
403041073,Christie Downs,2023,53540.0
403041074,Christies Beach,2019,48200.0
403041074,Christies Beach,2020,50291.0
403041074,Christies Beach,2021,51058.0
403041074,Christies Beach,2022,52453.0
403041074,Christies Beach,2023,56564.0
403041075,Clarendon,2019,50243.0
403041075,Clarendon,2020,51497.0
403041075,Clarendon,2021,53874.0
403041075,Clarendon,2022,55960.0
403041075,Clarendon,2023,59377.0
403041076,Coromandel Valley,2019,59208.0
403041076,Coromandel Valley,2020,61308.0
403041076,Coromandel Valley,2021,63622.0
403041076,Coromandel Valley,2022,65419.0
403041076,Coromandel Valley,2023,69273.0
403041077,Flagstaff Hill,2019,56800.0
403041077,Flagstaff Hill,2020,57850.0
403041077,Flagstaff Hill,2021,59983.0
403041077,Flagstaff Hill,2022,61898.0
403041077,Flagstaff Hill,2023,65265.0
403041078,Hackham - Onkaparinga Hills,2019,49323.0
403041078,Hackham - Onkaparinga Hills,2020,49975.0
403041078,Hackham - Onkaparinga Hills,2021,52181.0
403041078,Hackham - Onkaparinga Hills,2022,54929.0
403041078,Hackham - Onkaparinga Hills,2023,58663.0
403041079,Hackham West - Huntfield Heights,2019,46445.0
403041079,Hackham West - Huntfield Heights,2020,47616.0
403041079,Hackham West - Huntfield Heights,2021,48892.0
403041079,Hackham West - Huntfield Heights,2022,50413.0
403041079,Hackham West - Huntfield Heights,2023,53184.0
403041080,Happy Valley,2019,55110.0
403041080,Happy Valley,2020,55956.0
403041080,Happy Valley,2021,57501.0
403041080,Happy Valley,2022,59476.0
403041080,Happy Valley,2023,62213.0
403041081,Happy Valley Reservoir,2019,
403041081,Happy Valley Reservoir,2020,
403041081,Happy Valley Reservoir,2021,
403041081,Happy Valley Reservoir,2022,
403041081,Happy Valley Reservoir,2023,
403041082,Lonsdale,2019,49382.0
403041082,Lonsdale,2020,46979.0
403041082,Lonsdale,2021,57047.0
403041082,Lonsdale,2022,60869.0
403041082,Lonsdale,2023,56797.0
403041083,McLaren Vale,2019,49042.0
403041083,McLaren Vale,2020,52280.0
403041083,McLaren Vale,2021,54260.0
403041083,McLaren Vale,2022,56439.0
403041083,McLaren Vale,2023,58989.0
403041084,Morphett Vale - East,2019,49789.0
403041084,Morphett Vale - East,2020,50739.0
403041084,Morphett Vale - East,2021,51993.0
403041084,Morphett Vale - East,2022,53085.0
403041084,Morphett Vale - East,2023,56634.0
403041085,Morphett Vale - West,2019,47796.0
403041085,Morphett Vale - West,2020,48820.0
403041085,Morphett Vale - West,2021,50084.0
403041085,Morphett Vale - West,2022,51718.0
403041085,Morphett Vale - West,2023,55244.0
403041086,Reynella,2019,51520.0
403041086,Reynella,2020,52632.0
403041086,Reynella,2021,54739.0
403041086,Reynella,2022,56099.0
403041086,Reynella,2023,59618.0
403041088,Willunga,2019,45386.0
403041088,Willunga,2020,48117.0
403041088,Willunga,2021,50556.0
403041088,Willunga,2022,50532.0
403041088,Willunga,2023,53144.0
403041089,Woodcroft,2019,53502.0
403041089,Woodcroft,2020,54609.0
403041089,Woodcroft,2021,56071.0
403041089,Woodcroft,2022,58149.0
403041089,Woodcroft,2023,61390.0
403041177,Seaford - Seaford Meadows,2019,51261.0
403041177,Seaford - Seaford Meadows,2020,52580.0
403041177,Seaford - Seaford Meadows,2021,53739.0
403041177,Seaford - Seaford Meadows,2022,56182.0
403041177,Seaford - Seaford Meadows,2023,59445.0
403041178,Seaford Rise - Moana,2019,51404.0
403041178,Seaford Rise - Moana,2020,52128.0
403041178,Seaford Rise - Moana,2021,53989.0
403041178,Seaford Rise - Moana,2022,54792.0
403041178,Seaford Rise - Moana,2023,58449.0
404011090,Beverley,2019,53992.0
404011090,Beverley,2020,55363.0
404011090,Beverley,2021,57793.0
404011090,Beverley,2022,60540.0
404011090,Beverley,2023,63958.0
404011091,Flinders Park,2019,51946.0
404011091,Flinders Park,2020,53601.0
404011091,Flinders Park,2021,55792.0
404011091,Flinders Park,2022,57958.0
404011091,Flinders Park,2023,61292.0
404011092,Henley Beach,2019,55168.0
404011092,Henley Beach,2020,57560.0
404011092,Henley Beach,2021,59480.0
404011092,Henley Beach,2022,61873.0
404011092,Henley Beach,2023,64815.0
404011093,Hindmarsh - Brompton,2019,54118.0
404011093,Hindmarsh - Brompton,2020,54868.0
404011093,Hindmarsh - Brompton,2021,58079.0
404011093,Hindmarsh - Brompton,2022,60372.0
404011093,Hindmarsh - Brompton,2023,63704.0
404011094,Royal Park - Hendon - Albert Park,2019,52090.0
404011094,Royal Park - Hendon - Albert Park,2020,53321.0
404011094,Royal Park - Hendon - Albert Park,2021,54156.0
404011094,Royal Park - Hendon - Albert Park,2022,58532.0
404011094,Royal Park - Hendon - Albert Park,2023,60663.0
404011095,Seaton - Grange,2019,52895.0
404011095,Seaton - Grange,2020,53909.0
404011095,Seaton - Grange,2021,56425.0
404011095,Seaton - Grange,2022,59360.0
404011095,Seaton - Grange,2023,62403.0
404011096,West Lakes,2019,54602.0
404011096,West Lakes,2020,56935.0
404011096,West Lakes,2021,59633.0
404011096,West Lakes,2022,61445.0
404011096,West Lakes,2023,65000.0
404011097,Woodville - Cheltenham,2019,50671.0
404011097,Woodville - Cheltenham,2020,51569.0
404011097,Woodville - Cheltenham,2021,53978.0
404011097,Woodville - Cheltenham,2022,56822.0
404011097,Woodville - Cheltenham,2023,59221.0
404021098,Dry Creek - South,2019,
404021098,Dry Creek - South,2020,
404021098,Dry Creek - South,2021,
404021098,Dry Creek - South,2022,
404021098,Dry Creek - South,2023,
404021099,Largs Bay - Semaphore,2019,59118.0
404021099,Largs Bay - Semaphore,2020,59800.0
404021099,Largs Bay - Semaphore,2021,62424.0
404021099,Largs Bay - Semaphore,2022,64464.0
404021099,Largs Bay - Semaphore,2023,67371.0
404021100,North Haven,2019,54684.0
404021100,North Haven,2020,55854.0
404021100,North Haven,2021,58660.0
404021100,North Haven,2022,60000.0
404021100,North Haven,2023,63265.0
404021101,Port Adelaide,2019,50610.0
404021101,Port Adelaide,2020,51764.0
404021101,Port Adelaide,2021,52543.0
404021101,Port Adelaide,2022,55124.0
404021101,Port Adelaide,2023,58760.0
404021102,The Parks,2019,44005.0
404021102,The Parks,2020,44961.0
404021102,The Parks,2021,47346.0
404021102,The Parks,2022,49364.0
404021102,The Parks,2023,52242.0
404021103,Torrens Island,2019,
404021103,Torrens Island,2020,
404021103,Torrens Island,2021,
404021103,Torrens Island,2022,
404021103,Torrens Island,2023,
404031104,Adelaide Airport,2019,55845.0
404031104,Adelaide Airport,2020,8073.0
404031104,Adelaide Airport,2021,56083.0
404031104,Adelaide Airport,2022,
404031104,Adelaide Airport,2023,111422.0
404031105,Fulham,2019,53497.0
404031105,Fulham,2020,55964.0
404031105,Fulham,2021,57464.0
404031105,Fulham,2022,59176.0
404031105,Fulham,2023,62330.0
404031106,Lockleys,2019,51741.0
404031106,Lockleys,2020,53754.0
404031106,Lockleys,2021,56416.0
404031106,Lockleys,2022,58313.0
404031106,Lockleys,2023,61544.0
404031107,Plympton,2019,50271.0
404031107,Plympton,2020,51190.0
404031107,Plympton,2021,54375.0
404031107,Plympton,2022,58627.0
404031107,Plympton,2023,62386.0
404031108,Richmond (SA),2019,50000.0
404031108,Richmond (SA),2020,50759.0
404031108,Richmond (SA),2021,54334.0
404031108,Richmond (SA),2022,56661.0
404031108,Richmond (SA),2023,59713.0
404031109,West Beach,2019,56156.0
404031109,West Beach,2020,56194.0
404031109,West Beach,2021,59745.0
404031109,West Beach,2022,62127.0
404031109,West Beach,2023,65598.0
405011110,Barossa - Angaston,2019,50106.0
405011110,Barossa - Angaston,2020,51673.0
405011110,Barossa - Angaston,2021,52295.0
405011110,Barossa - Angaston,2022,53669.0
405011110,Barossa - Angaston,2023,57591.0
405011111,Light,2019,50830.0
405011111,Light,2020,52233.0
405011111,Light,2021,53498.0
405011111,Light,2022,54842.0
405011111,Light,2023,57094.0
405011112,Lyndoch,2019,52857.0
405011112,Lyndoch,2020,54651.0
405011112,Lyndoch,2021,55433.0
405011112,Lyndoch,2022,58245.0
405011112,Lyndoch,2023,62635.0
405011113,Mallala,2019,38711.0
405011113,Mallala,2020,41245.0
405011113,Mallala,2021,50760.0
405011113,Mallala,2022,52512.0
405011113,Mallala,2023,44495.0
405011114,Nuriootpa,2019,52184.0
405011114,Nuriootpa,2020,51728.0
405011114,Nuriootpa,2021,54061.0
405011114,Nuriootpa,2022,54489.0
405011114,Nuriootpa,2023,58577.0
405011115,Tanunda,2019,48068.0
405011115,Tanunda,2020,50398.0
405011115,Tanunda,2021,54999.0
405011115,Tanunda,2022,56504.0
405011115,Tanunda,2023,59081.0
405021116,Clare,2019,47901.0
405021116,Clare,2020,48685.0
405021116,Clare,2021,49846.0
405021116,Clare,2022,52103.0
405021116,Clare,2023,54861.0
405021117,Gilbert Valley,2019,42378.0
405021117,Gilbert Valley,2020,44422.0
405021117,Gilbert Valley,2021,46819.0
405021117,Gilbert Valley,2022,48338.0
405021117,Gilbert Valley,2023,49394.0
405021118,Goyder,2019,39996.0
405021118,Goyder,2020,41806.0
405021118,Goyder,2021,41197.0
405021118,Goyder,2022,42884.0
405021118,Goyder,2023,44729.0
405021119,Wakefield - Barunga West,2019,42680.0
405021119,Wakefield - Barunga West,2020,43934.0
405021119,Wakefield - Barunga West,2021,45490.0
405021119,Wakefield - Barunga West,2022,46385.0
405021119,Wakefield - Barunga West,2023,49089.0
405031120,Jamestown,2019,41080.0
405031120,Jamestown,2020,43000.0
405031120,Jamestown,2021,45623.0
405031120,Jamestown,2022,48011.0
405031120,Jamestown,2023,49941.0
405031121,Peterborough - Mount Remarkable,2019,38316.0
405031121,Peterborough - Mount Remarkable,2020,41956.0
405031121,Peterborough - Mount Remarkable,2021,43659.0
405031121,Peterborough - Mount Remarkable,2022,41998.0
405031121,Peterborough - Mount Remarkable,2023,45241.0
405031122,Port Pirie,2019,46942.0
405031122,Port Pirie,2020,48911.0
405031122,Port Pirie,2021,51763.0
405031122,Port Pirie,2022,52998.0
405031122,Port Pirie,2023,55618.0
405031123,Port Pirie Surrounds,2019,49613.0
405031123,Port Pirie Surrounds,2020,49544.0
405031123,Port Pirie Surrounds,2021,50117.0
405031123,Port Pirie Surrounds,2022,53628.0
405031123,Port Pirie Surrounds,2023,56969.0
405041124,Kadina,2019,43049.0
405041124,Kadina,2020,44237.0
405041124,Kadina,2021,46363.0
405041124,Kadina,2022,47488.0
405041124,Kadina,2023,48421.0
405041125,Moonta,2019,39875.0
405041125,Moonta,2020,42260.0
405041125,Moonta,2021,44004.0
405041125,Moonta,2022,44622.0
405041125,Moonta,2023,48156.0
405041126,Wallaroo,2019,44248.0
405041126,Wallaroo,2020,43689.0
405041126,Wallaroo,2021,45323.0
405041126,Wallaroo,2022,45545.0
405041126,Wallaroo,2023,48991.0
405041127,Yorke Peninsula - North,2019,37414.0
405041127,Yorke Peninsula - North,2020,39140.0
405041127,Yorke Peninsula - North,2021,40467.0
405041127,Yorke Peninsula - North,2022,41580.0
405041127,Yorke Peninsula - North,2023,44795.0
405041128,Yorke Peninsula - South,2019,37440.0
405041128,Yorke Peninsula - South,2020,40293.0
405041128,Yorke Peninsula - South,2021,41120.0
405041128,Yorke Peninsula - South,2022,40032.0
405041128,Yorke Peninsula - South,2023,45023.0
406011129,Ceduna,2019,47054.0
406011129,Ceduna,2020,48558.0
406011129,Ceduna,2021,48589.0
406011129,Ceduna,2022,50760.0
406011129,Ceduna,2023,51940.0
406011130,Eyre Peninsula,2019,41413.0
406011130,Eyre Peninsula,2020,44026.0
406011130,Eyre Peninsula,2021,45507.0
406011130,Eyre Peninsula,2022,44536.0
406011130,Eyre Peninsula,2023,48705.0
406011131,Kimba - Cleve - Franklin Harbour,2019,41205.0
406011131,Kimba - Cleve - Franklin Harbour,2020,43257.0
406011131,Kimba - Cleve - Franklin Harbour,2021,45131.0
406011131,Kimba - Cleve - Franklin Harbour,2022,44607.0
406011131,Kimba - Cleve - Franklin Harbour,2023,49039.0
406011132,Le Hunte - Elliston,2019,34735.0
406011132,Le Hunte - Elliston,2020,36062.0
406011132,Le Hunte - Elliston,2021,40032.0
406011132,Le Hunte - Elliston,2022,40539.0
406011132,Le Hunte - Elliston,2023,45550.0
406011133,Port Lincoln,2019,44863.0
406011133,Port Lincoln,2020,45509.0
406011133,Port Lincoln,2021,47007.0
406011133,Port Lincoln,2022,47965.0
406011133,Port Lincoln,2023,50601.0
406011134,West Coast (SA),2019,37754.0
406011134,West Coast (SA),2020,39371.0
406011134,West Coast (SA),2021,40851.0
406011134,West Coast (SA),2022,42253.0
406011134,West Coast (SA),2023,43669.0
406011135,Western,2019,65020.0
406011135,Western,2020,74582.0
406011135,Western,2021,9449.0
406011135,Western,2022,35016.0
406011135,Western,2023,45870.0
406011136,Whyalla,2019,57465.0
406011136,Whyalla,2020,58708.0
406011136,Whyalla,2021,59511.0
406011136,Whyalla,2022,61299.0
406011136,Whyalla,2023,65497.0
406011137,Whyalla - North,2019,
406011137,Whyalla - North,2020,
406011137,Whyalla - North,2021,
406011137,Whyalla - North,2022,
406011137,Whyalla - North,2023,
406021138,APY Lands,2019,24465.0
406021138,APY Lands,2020,19093.0
406021138,APY Lands,2021,27485.0
406021138,APY Lands,2022,26934.0
406021138,APY Lands,2023,20824.0
406021139,Coober Pedy,2019,43514.0
406021139,Coober Pedy,2020,46411.0
406021139,Coober Pedy,2021,47390.0
406021139,Coober Pedy,2022,45905.0
406021139,Coober Pedy,2023,49335.0
406021140,Quorn - Lake Gilles,2019,45516.0
406021140,Quorn - Lake Gilles,2020,44393.0
406021140,Quorn - Lake Gilles,2021,46847.0
406021140,Quorn - Lake Gilles,2022,53012.0
406021140,Quorn - Lake Gilles,2023,50192.0
406021141,Outback,2019,43871.0
406021141,Outback,2020,46480.0
406021141,Outback,2021,48570.0
406021141,Outback,2022,50418.0
406021141,Outback,2023,52006.0
406021142,Port Augusta,2019,49504.0
406021142,Port Augusta,2020,50450.0
406021142,Port Augusta,2021,52833.0
406021142,Port Augusta,2022,55272.0
406021142,Port Augusta,2023,55876.0
406021143,Roxby Downs,2019,96389.0
406021143,Roxby Downs,2020,98859.0
406021143,Roxby Downs,2021,104213.0
406021143,Roxby Downs,2022,103336.0
406021143,Roxby Downs,2023,108195.0
407011144,Goolwa - Port Elliot,2019,39304.0
407011144,Goolwa - Port Elliot,2020,40601.0
407011144,Goolwa - Port Elliot,2021,43510.0
407011144,Goolwa - Port Elliot,2022,43869.0
407011144,Goolwa - Port Elliot,2023,45013.0
407011145,Kangaroo Island,2019,34897.0
407011145,Kangaroo Island,2020,36787.0
407011145,Kangaroo Island,2021,39445.0
407011145,Kangaroo Island,2022,39907.0
407011145,Kangaroo Island,2023,42651.0
407011146,Strathalbyn,2019,47196.0
407011146,Strathalbyn,2020,48361.0
407011146,Strathalbyn,2021,51027.0
407011146,Strathalbyn,2022,51780.0
407011146,Strathalbyn,2023,55029.0
407011147,Strathalbyn Surrounds,2019,45101.0
407011147,Strathalbyn Surrounds,2020,45661.0
407011147,Strathalbyn Surrounds,2021,48759.0
407011147,Strathalbyn Surrounds,2022,49747.0
407011147,Strathalbyn Surrounds,2023,50985.0
407011148,Victor Harbor,2019,37548.0
407011148,Victor Harbor,2020,39122.0
407011148,Victor Harbor,2021,41202.0
407011148,Victor Harbor,2022,41666.0
407011148,Victor Harbor,2023,45939.0
407011149,Yankalilla,2019,41549.0
407011149,Yankalilla,2020,42926.0
407011149,Yankalilla,2021,43776.0
407011149,Yankalilla,2022,44322.0
407011149,Yankalilla,2023,46472.0
407021150,Grant,2019,46717.0
407021150,Grant,2020,47453.0
407021150,Grant,2021,49666.0
407021150,Grant,2022,49400.0
407021150,Grant,2023,53266.0
407021151,Kingston - Robe,2019,38006.0
407021151,Kingston - Robe,2020,38412.0
407021151,Kingston - Robe,2021,43259.0
407021151,Kingston - Robe,2022,43907.0
407021151,Kingston - Robe,2023,44901.0
407021152,Millicent,2019,43458.0
407021152,Millicent,2020,45954.0
407021152,Millicent,2021,48140.0
407021152,Millicent,2022,48092.0
407021152,Millicent,2023,50558.0
407021154,Naracoorte,2019,43908.0
407021154,Naracoorte,2020,45246.0
407021154,Naracoorte,2021,45888.0
407021154,Naracoorte,2022,49566.0
407021154,Naracoorte,2023,50725.0
407021155,Naracoorte Surrounds,2019,40072.0
407021155,Naracoorte Surrounds,2020,42280.0
407021155,Naracoorte Surrounds,2021,45297.0
407021155,Naracoorte Surrounds,2022,46921.0
407021155,Naracoorte Surrounds,2023,50454.0
407021156,Penola,2019,43264.0
407021156,Penola,2020,44700.0
407021156,Penola,2021,47059.0
407021156,Penola,2022,47723.0
407021156,Penola,2023,51617.0
407021157,Tatiara,2019,42837.0
407021157,Tatiara,2020,44267.0
407021157,Tatiara,2021,47381.0
407021157,Tatiara,2022,48615.0
407021157,Tatiara,2023,49896.0
407021158,Wattle Range,2019,43332.0
407021158,Wattle Range,2020,46019.0
407021158,Wattle Range,2021,46368.0
407021158,Wattle Range,2022,46829.0
407021158,Wattle Range,2023,50579.0
407021173,Mount Gambier - East,2019,48763.0
407021173,Mount Gambier - East,2020,49988.0
407021173,Mount Gambier - East,2021,50919.0
407021173,Mount Gambier - East,2022,52072.0
407021173,Mount Gambier - East,2023,55221.0
407021174,Mount Gambier - West,2019,47534.0
407021174,Mount Gambier - West,2020,49180.0
407021174,Mount Gambier - West,2021,50453.0
407021174,Mount Gambier - West,2022,50894.0
407021174,Mount Gambier - West,2023,54364.0
407031159,Barmera,2019,44314.0
407031159,Barmera,2020,46109.0
407031159,Barmera,2021,46974.0
407031159,Barmera,2022,49843.0
407031159,Barmera,2023,51954.0
407031160,Berri,2019,41718.0
407031160,Berri,2020,43504.0
407031160,Berri,2021,44167.0
407031160,Berri,2022,47365.0
407031160,Berri,2023,50255.0
407031161,Karoonda - Lameroo,2019,37477.0
407031161,Karoonda - Lameroo,2020,38702.0
407031161,Karoonda - Lameroo,2021,45016.0
407031161,Karoonda - Lameroo,2022,45367.0
407031161,Karoonda - Lameroo,2023,47760.0
407031162,Loxton,2019,44625.0
407031162,Loxton,2020,46532.0
407031162,Loxton,2021,48410.0
407031162,Loxton,2022,48757.0
407031162,Loxton,2023,52031.0
407031163,Loxton Surrounds,2019,39553.0
407031163,Loxton Surrounds,2020,39469.0
407031163,Loxton Surrounds,2021,46692.0
407031163,Loxton Surrounds,2022,45308.0
407031163,Loxton Surrounds,2023,44757.0
407031164,Mannum,2019,41677.0
407031164,Mannum,2020,42056.0
407031164,Mannum,2021,43422.0
407031164,Mannum,2022,43921.0
407031164,Mannum,2023,47226.0
407031165,Murray Bridge,2019,43451.0
407031165,Murray Bridge,2020,45118.0
407031165,Murray Bridge,2021,46820.0
407031165,Murray Bridge,2022,47646.0
407031165,Murray Bridge,2023,50332.0
407031166,Murray Bridge Surrounds,2019,43842.0
407031166,Murray Bridge Surrounds,2020,45628.0
407031166,Murray Bridge Surrounds,2021,46077.0
407031166,Murray Bridge Surrounds,2022,47521.0
407031166,Murray Bridge Surrounds,2023,51812.0
407031167,Renmark,2019,34691.0
407031167,Renmark,2020,34601.0
407031167,Renmark,2021,40889.0
407031167,Renmark,2022,44599.0
407031167,Renmark,2023,45486.0
407031168,Renmark Surrounds,2019,36756.0
407031168,Renmark Surrounds,2020,37013.0
407031168,Renmark Surrounds,2021,42209.0
407031168,Renmark Surrounds,2022,43456.0
407031168,Renmark Surrounds,2023,45169.0
407031169,The Coorong,2019,39089.0
407031169,The Coorong,2020,41304.0
407031169,The Coorong,2021,43004.0
407031169,The Coorong,2022,44400.0
407031169,The Coorong,2023,46632.0
407031170,Waikerie,2019,40103.0
407031170,Waikerie,2020,42090.0
407031170,Waikerie,2021,44215.0
407031170,Waikerie,2022,45234.0
407031170,Waikerie,2023,47635.0
501011001,Augusta,2019,39073.0
501011001,Augusta,2020,40745.0
501011001,Augusta,2021,45126.0
501011001,Augusta,2022,45705.0
501011001,Augusta,2023,47373.0
501011003,Busselton Surrounds,2019,41160.0
501011003,Busselton Surrounds,2020,42115.0
501011003,Busselton Surrounds,2021,46309.0
501011003,Busselton Surrounds,2022,47727.0
501011003,Busselton Surrounds,2023,51090.0
501011004,Margaret River,2019,35770.0
501011004,Margaret River,2020,37095.0
501011004,Margaret River,2021,43880.0
501011004,Margaret River,2022,45826.0
501011004,Margaret River,2023,44323.0
501011293,Busselton - East,2019,44376.0
501011293,Busselton - East,2020,45804.0
501011293,Busselton - East,2021,49228.0
501011293,Busselton - East,2022,50837.0
501011293,Busselton - East,2023,55058.0
501011294,Busselton - West,2019,44048.0
501011294,Busselton - West,2020,45717.0
501011294,Busselton - West,2021,47697.0
501011294,Busselton - West,2022,49803.0
501011294,Busselton - West,2023,53357.0
501021005,Australind - Leschenault,2019,55874.0
501021005,Australind - Leschenault,2020,57368.0
501021005,Australind - Leschenault,2021,60495.0
501021005,Australind - Leschenault,2022,62498.0
501021005,Australind - Leschenault,2023,66946.0
501021007,Capel,2019,50652.0
501021007,Capel,2020,50715.0
501021007,Capel,2021,54975.0
501021007,Capel,2022,56529.0
501021007,Capel,2023,58086.0
501021008,College Grove - Carey Park,2019,46597.0
501021008,College Grove - Carey Park,2020,47059.0
501021008,College Grove - Carey Park,2021,49124.0
501021008,College Grove - Carey Park,2022,51331.0
501021008,College Grove - Carey Park,2023,56219.0
501021009,Collie,2019,54997.0
501021009,Collie,2020,57535.0
501021009,Collie,2021,57289.0
501021009,Collie,2022,56866.0
501021009,Collie,2023,63499.0
501021010,Dardanup,2019,52530.0
501021010,Dardanup,2020,55391.0
501021010,Dardanup,2021,56972.0
501021010,Dardanup,2022,59975.0
501021010,Dardanup,2023,63860.0
501021011,Davenport,2019,57992.0
501021011,Davenport,2020,53352.0
501021011,Davenport,2021,60008.0
501021011,Davenport,2022,63363.0
501021011,Davenport,2023,73991.0
501021012,Eaton - Pelican Point,2019,54559.0
501021012,Eaton - Pelican Point,2020,56735.0
501021012,Eaton - Pelican Point,2021,59305.0
501021012,Eaton - Pelican Point,2022,60854.0
501021012,Eaton - Pelican Point,2023,64040.0
501021014,Harvey,2019,50517.0
501021014,Harvey,2020,54921.0
501021014,Harvey,2021,57287.0
501021014,Harvey,2022,57141.0
501021014,Harvey,2023,62001.0
501021015,East Bunbury - Glen Iris,2019,48659.0
501021015,East Bunbury - Glen Iris,2020,50202.0
501021015,East Bunbury - Glen Iris,2021,53532.0
501021015,East Bunbury - Glen Iris,2022,55718.0
501021015,East Bunbury - Glen Iris,2023,59949.0
501021016,Waroona,2019,54508.0
501021016,Waroona,2020,56725.0
501021016,Waroona,2021,57776.0
501021016,Waroona,2022,59032.0
501021016,Waroona,2023,64029.0
501021251,Dalyellup,2019,56712.0
501021251,Dalyellup,2020,59164.0
501021251,Dalyellup,2021,60897.0
501021251,Dalyellup,2022,62538.0
501021251,Dalyellup,2023,67479.0
501021252,Gelorup - Stratham,2019,55301.0
501021252,Gelorup - Stratham,2020,58630.0
501021252,Gelorup - Stratham,2021,60367.0
501021252,Gelorup - Stratham,2022,59537.0
501021252,Gelorup - Stratham,2023,64429.0
501021253,South Bunbury - Bunbury,2019,52814.0
501021253,South Bunbury - Bunbury,2020,53706.0
501021253,South Bunbury - Bunbury,2021,56905.0
501021253,South Bunbury - Bunbury,2022,58694.0
501021253,South Bunbury - Bunbury,2023,62379.0
501021254,Withers - Usher,2019,45998.0
501021254,Withers - Usher,2020,47507.0
501021254,Withers - Usher,2021,48414.0
501021254,Withers - Usher,2022,50559.0
501021254,Withers - Usher,2023,52944.0
501031017,Bridgetown - Boyup Brook,2019,45747.0
501031017,Bridgetown - Boyup Brook,2020,47823.0
501031017,Bridgetown - Boyup Brook,2021,50498.0
501031017,Bridgetown - Boyup Brook,2022,49983.0
501031017,Bridgetown - Boyup Brook,2023,56848.0
501031018,Donnybrook - Balingup,2019,41352.0
501031018,Donnybrook - Balingup,2020,43600.0
501031018,Donnybrook - Balingup,2021,51170.0
501031018,Donnybrook - Balingup,2022,52254.0
501031018,Donnybrook - Balingup,2023,54880.0
501031019,Manjimup,2019,41754.0
501031019,Manjimup,2020,43707.0
501031019,Manjimup,2021,45690.0
501031019,Manjimup,2022,47155.0
501031019,Manjimup,2023,49999.0
501031020,Pemberton,2019,28242.0
501031020,Pemberton,2020,32313.0
501031020,Pemberton,2021,39928.0
501031020,Pemberton,2022,40944.0
501031020,Pemberton,2023,42206.0
502011021,Dawesville - Bouvard,2019,54603.0
502011021,Dawesville - Bouvard,2020,56493.0
502011021,Dawesville - Bouvard,2021,59651.0
502011021,Dawesville - Bouvard,2022,60018.0
502011021,Dawesville - Bouvard,2023,63645.0
502011022,Falcon - Wannanup,2019,51641.0
502011022,Falcon - Wannanup,2020,55141.0
502011022,Falcon - Wannanup,2021,57328.0
502011022,Falcon - Wannanup,2022,59119.0
502011022,Falcon - Wannanup,2023,63915.0
502011023,Greenfields,2019,47814.0
502011023,Greenfields,2020,49367.0
502011023,Greenfields,2021,50008.0
502011023,Greenfields,2022,51825.0
502011023,Greenfields,2023,57450.0
502011024,Halls Head - Erskine,2019,53624.0
502011024,Halls Head - Erskine,2020,55857.0
502011024,Halls Head - Erskine,2021,59844.0
502011024,Halls Head - Erskine,2022,59813.0
502011024,Halls Head - Erskine,2023,65268.0
502011025,Mandurah,2019,46753.0
502011025,Mandurah,2020,46097.0
502011025,Mandurah,2021,48827.0
502011025,Mandurah,2022,49669.0
502011025,Mandurah,2023,54363.0
502011026,Mandurah - East,2019,53643.0
502011026,Mandurah - East,2020,57557.0
502011026,Mandurah - East,2021,58767.0
502011026,Mandurah - East,2022,62035.0
502011026,Mandurah - East,2023,67809.0
502011027,Mandurah - North,2019,59960.0
502011027,Mandurah - North,2020,61461.0
502011027,Mandurah - North,2021,63741.0
502011027,Mandurah - North,2022,64710.0
502011027,Mandurah - North,2023,69133.0
502011028,Mandurah - South,2019,49974.0
502011028,Mandurah - South,2020,51167.0
502011028,Mandurah - South,2021,52815.0
502011028,Mandurah - South,2022,54682.0
502011028,Mandurah - South,2023,59515.0
502011029,Pinjarra,2019,54535.0
502011029,Pinjarra,2020,55562.0
502011029,Pinjarra,2021,56039.0
502011029,Pinjarra,2022,57282.0
502011029,Pinjarra,2023,60806.0
503011030,City Beach,2019,55510.0
503011030,City Beach,2020,59164.0
503011030,City Beach,2021,62905.0
503011030,City Beach,2022,64282.0
503011030,City Beach,2023,66400.0
503011031,Claremont (WA),2019,57715.0
503011031,Claremont (WA),2020,59280.0
503011031,Claremont (WA),2021,61704.0
503011031,Claremont (WA),2022,64773.0
503011031,Claremont (WA),2023,70000.0
503011032,Cottesloe,2019,63591.0
503011032,Cottesloe,2020,64949.0
503011032,Cottesloe,2021,70365.0
503011032,Cottesloe,2022,69810.0
503011032,Cottesloe,2023,74329.0
503011033,Floreat,2019,67048.0
503011033,Floreat,2020,68310.0
503011033,Floreat,2021,71777.0
503011033,Floreat,2022,72098.0
503011033,Floreat,2023,78035.0
503011034,Mosman Park - Peppermint Grove,2019,54794.0
503011034,Mosman Park - Peppermint Grove,2020,57108.0
503011034,Mosman Park - Peppermint Grove,2021,61451.0
503011034,Mosman Park - Peppermint Grove,2022,63748.0
503011034,Mosman Park - Peppermint Grove,2023,64651.0
503011035,Nedlands - Dalkeith - Crawley,2019,52250.0
503011035,Nedlands - Dalkeith - Crawley,2020,52958.0
503011035,Nedlands - Dalkeith - Crawley,2021,55929.0
503011035,Nedlands - Dalkeith - Crawley,2022,55587.0
503011035,Nedlands - Dalkeith - Crawley,2023,58179.0
503011036,Swanbourne - Mount Claremont,2019,63946.0
503011036,Swanbourne - Mount Claremont,2020,66390.0
503011036,Swanbourne - Mount Claremont,2021,70438.0
503011036,Swanbourne - Mount Claremont,2022,71922.0
503011036,Swanbourne - Mount Claremont,2023,78794.0
503021037,Kings Park (WA),2019,57165.0
503021037,Kings Park (WA),2020,63400.0
503021037,Kings Park (WA),2021,102785.0
503021037,Kings Park (WA),2022,30790.0
503021037,Kings Park (WA),2023,38642.0
503021038,Mount Hawthorn - Leederville,2019,70000.0
503021038,Mount Hawthorn - Leederville,2020,71893.0
503021038,Mount Hawthorn - Leederville,2021,77097.0
503021038,Mount Hawthorn - Leederville,2022,80158.0
503021038,Mount Hawthorn - Leederville,2023,82363.0
503021039,Mount Lawley - Inglewood,2019,62377.0
503021039,Mount Lawley - Inglewood,2020,64410.0
503021039,Mount Lawley - Inglewood,2021,67682.0
503021039,Mount Lawley - Inglewood,2022,70301.0
503021039,Mount Lawley - Inglewood,2023,73793.0
503021040,North Perth,2019,63441.0
503021040,North Perth,2020,64378.0
503021040,North Perth,2021,69086.0
503021040,North Perth,2022,68811.0
503021040,North Perth,2023,68474.0
503021042,Subiaco - Shenton Park,2019,67257.0
503021042,Subiaco - Shenton Park,2020,70394.0
503021042,Subiaco - Shenton Park,2021,74373.0
503021042,Subiaco - Shenton Park,2022,75673.0
503021042,Subiaco - Shenton Park,2023,77784.0
503021043,Wembley - West Leederville - Glendalough,2019,56575.0
503021043,Wembley - West Leederville - Glendalough,2020,59088.0
503021043,Wembley - West Leederville - Glendalough,2021,65256.0
503021043,Wembley - West Leederville - Glendalough,2022,69738.0
503021043,Wembley - West Leederville - Glendalough,2023,70906.0
503021295,East Perth,2019,54282.0
503021295,East Perth,2020,57232.0
503021295,East Perth,2021,65000.0
503021295,East Perth,2022,69387.0
503021295,East Perth,2023,68499.0
503021296,Perth (North) - Highgate,2019,49691.0
503021296,Perth (North) - Highgate,2020,52173.0
503021296,Perth (North) - Highgate,2021,60847.0
503021296,Perth (North) - Highgate,2022,64236.0
503021296,Perth (North) - Highgate,2023,62028.0
503021297,Perth (West) - Northbridge,2019,52289.0
503021297,Perth (West) - Northbridge,2020,50941.0
503021297,Perth (West) - Northbridge,2021,60090.0
503021297,Perth (West) - Northbridge,2022,60534.0
503021297,Perth (West) - Northbridge,2023,56652.0
504011044,Bassendean - Eden Hill - Ashfield,2019,58846.0
504011044,Bassendean - Eden Hill - Ashfield,2020,60597.0
504011044,Bassendean - Eden Hill - Ashfield,2021,64205.0
504011044,Bassendean - Eden Hill - Ashfield,2022,65970.0
504011044,Bassendean - Eden Hill - Ashfield,2023,70289.0
504011045,Bayswater - Embleton - Bedford,2019,61496.0
504011045,Bayswater - Embleton - Bedford,2020,62914.0
504011045,Bayswater - Embleton - Bedford,2021,67623.0
504011045,Bayswater - Embleton - Bedford,2022,69750.0
504011045,Bayswater - Embleton - Bedford,2023,72800.0
504011046,Maylands,2019,60000.0
504011046,Maylands,2020,61182.0
504011046,Maylands,2021,65855.0
504011046,Maylands,2022,67176.0
504011046,Maylands,2023,68782.0
504011047,Morley,2019,51977.0
504011047,Morley,2020,53182.0
504011047,Morley,2021,56351.0
504011047,Morley,2022,58423.0
504011047,Morley,2023,61363.0
504011048,Noranda,2019,51643.0
504011048,Noranda,2020,53537.0
504011048,Noranda,2021,55872.0
504011048,Noranda,2022,57143.0
504011048,Noranda,2023,61823.0
504021049,Chidlow,2019,57123.0
504021049,Chidlow,2020,59390.0
504021049,Chidlow,2021,60308.0
504021049,Chidlow,2022,60457.0
504021049,Chidlow,2023,68288.0
504021050,Glen Forrest - Darlington,2019,59326.0
504021050,Glen Forrest - Darlington,2020,60907.0
504021050,Glen Forrest - Darlington,2021,64254.0
504021050,Glen Forrest - Darlington,2022,65535.0
504021050,Glen Forrest - Darlington,2023,72654.0
504021051,Helena Valley - Koongamia,2019,57306.0
504021051,Helena Valley - Koongamia,2020,60181.0
504021051,Helena Valley - Koongamia,2021,62338.0
504021051,Helena Valley - Koongamia,2022,64764.0
504021051,Helena Valley - Koongamia,2023,69607.0
504021052,Malmalling - Reservoir,2019,
504021052,Malmalling - Reservoir,2020,48448.0
504021052,Malmalling - Reservoir,2021,106208.0
504021052,Malmalling - Reservoir,2022,17348.0
504021052,Malmalling - Reservoir,2023,
504021053,Mundaring,2019,57875.0
504021053,Mundaring,2020,61043.0
504021053,Mundaring,2021,64045.0
504021053,Mundaring,2022,65178.0
504021053,Mundaring,2023,70519.0
504021054,Swan View - Greenmount - Midvale,2019,55571.0
504021054,Swan View - Greenmount - Midvale,2020,56614.0
504021054,Swan View - Greenmount - Midvale,2021,58074.0
504021054,Swan View - Greenmount - Midvale,2022,60270.0
504021054,Swan View - Greenmount - Midvale,2023,65086.0
504031055,Avon Valley National Park,2019,
504031055,Avon Valley National Park,2020,
504031055,Avon Valley National Park,2021,
504031055,Avon Valley National Park,2022,
504031055,Avon Valley National Park,2023,
504031056,Ballajura,2019,50970.0
504031056,Ballajura,2020,51850.0
504031056,Ballajura,2021,53581.0
504031056,Ballajura,2022,55459.0
504031056,Ballajura,2023,60291.0
504031057,Beechboro,2019,53068.0
504031057,Beechboro,2020,54182.0
504031057,Beechboro,2021,56222.0
504031057,Beechboro,2022,58605.0
504031057,Beechboro,2023,61513.0
504031058,Bullsbrook,2019,53904.0
504031058,Bullsbrook,2020,56534.0
504031058,Bullsbrook,2021,59750.0
504031058,Bullsbrook,2022,60601.0
504031058,Bullsbrook,2023,67146.0
504031060,Gidgegannup,2019,59164.0
504031060,Gidgegannup,2020,60689.0
504031060,Gidgegannup,2021,64303.0
504031060,Gidgegannup,2022,66569.0
504031060,Gidgegannup,2023,70951.0
504031061,Hazelmere - Guildford,2019,63352.0
504031061,Hazelmere - Guildford,2020,66487.0
504031061,Hazelmere - Guildford,2021,69127.0
504031061,Hazelmere - Guildford,2022,72536.0
504031061,Hazelmere - Guildford,2023,77778.0
504031062,Lockridge - Kiara,2019,55516.0
504031062,Lockridge - Kiara,2020,57652.0
504031062,Lockridge - Kiara,2021,60014.0
504031062,Lockridge - Kiara,2022,62958.0
504031062,Lockridge - Kiara,2023,65444.0
504031063,Malaga,2019,34894.0
504031063,Malaga,2020,51615.0
504031063,Malaga,2021,55500.0
504031063,Malaga,2022,62774.0
504031063,Malaga,2023,60000.0
504031064,Melaleuca - Lexia,2019,
504031064,Melaleuca - Lexia,2020,
504031064,Melaleuca - Lexia,2021,
504031064,Melaleuca - Lexia,2022,
504031064,Melaleuca - Lexia,2023,
504031065,Middle Swan - Herne Hill,2019,52892.0
504031065,Middle Swan - Herne Hill,2020,54795.0
504031065,Middle Swan - Herne Hill,2021,56684.0
504031065,Middle Swan - Herne Hill,2022,59410.0
504031065,Middle Swan - Herne Hill,2023,62890.0
504031066,Midland - Guildford,2019,53960.0
504031066,Midland - Guildford,2020,55705.0
504031066,Midland - Guildford,2021,57851.0
504031066,Midland - Guildford,2022,59846.0
504031066,Midland - Guildford,2023,64086.0
504031067,Stratton - Jane Brook,2019,56421.0
504031067,Stratton - Jane Brook,2020,58318.0
504031067,Stratton - Jane Brook,2021,59951.0
504031067,Stratton - Jane Brook,2022,62489.0
504031067,Stratton - Jane Brook,2023,66011.0
504031068,The Vines,2019,60034.0
504031068,The Vines,2020,61165.0
504031068,The Vines,2021,62482.0
504031068,The Vines,2022,66180.0
504031068,The Vines,2023,70397.0
504031069,Walyunga National Park,2019,
504031069,Walyunga National Park,2020,
504031069,Walyunga National Park,2021,
504031069,Walyunga National Park,2022,
504031069,Walyunga National Park,2023,
504031298,Aveley,2019,61809.0
504031298,Aveley,2020,63399.0
504031298,Aveley,2021,65139.0
504031298,Aveley,2022,66959.0
504031298,Aveley,2023,70927.0
504031299,Brabham - Henley Brook,2019,60481.0
504031299,Brabham - Henley Brook,2020,60835.0
504031299,Brabham - Henley Brook,2021,62649.0
504031299,Brabham - Henley Brook,2022,66551.0
504031299,Brabham - Henley Brook,2023,69670.0
504031300,Ellenbrook,2019,56013.0
504031300,Ellenbrook,2020,57255.0
504031300,Ellenbrook,2021,59287.0
504031300,Ellenbrook,2022,60710.0
504031300,Ellenbrook,2023,63999.0
505011070,Craigie - Beldon,2019,57130.0
505011070,Craigie - Beldon,2020,60000.0
505011070,Craigie - Beldon,2021,61812.0
505011070,Craigie - Beldon,2022,64756.0
505011070,Craigie - Beldon,2023,69804.0
505011071,Currambine - Kinross,2019,56324.0
505011071,Currambine - Kinross,2020,57812.0
505011071,Currambine - Kinross,2021,60618.0
505011071,Currambine - Kinross,2022,63418.0
505011071,Currambine - Kinross,2023,67894.0
505011072,Duncraig,2019,62499.0
505011072,Duncraig,2020,64812.0
505011072,Duncraig,2021,66926.0
505011072,Duncraig,2022,68667.0
505011072,Duncraig,2023,74774.0
505011073,Greenwood - Warwick,2019,57680.0
505011073,Greenwood - Warwick,2020,60388.0
505011073,Greenwood - Warwick,2021,62784.0
505011073,Greenwood - Warwick,2022,64694.0
505011073,Greenwood - Warwick,2023,69732.0
505011074,Heathridge - Connolly,2019,55533.0
505011074,Heathridge - Connolly,2020,57744.0
505011074,Heathridge - Connolly,2021,61368.0
505011074,Heathridge - Connolly,2022,63343.0
505011074,Heathridge - Connolly,2023,68947.0
505011075,Hillarys,2019,57526.0
505011075,Hillarys,2020,60788.0
505011075,Hillarys,2021,63800.0
505011075,Hillarys,2022,65985.0
505011075,Hillarys,2023,70192.0
505011076,Iluka - Burns Beach,2019,60107.0
505011076,Iluka - Burns Beach,2020,62888.0
505011076,Iluka - Burns Beach,2021,65505.0
505011076,Iluka - Burns Beach,2022,68283.0
505011076,Iluka - Burns Beach,2023,73904.0
505011077,Joondalup - Edgewater,2019,54477.0
505011077,Joondalup - Edgewater,2020,55639.0
505011077,Joondalup - Edgewater,2021,59291.0
505011077,Joondalup - Edgewater,2022,60752.0
505011077,Joondalup - Edgewater,2023,64743.0
505011078,Kingsley,2019,59498.0
505011078,Kingsley,2020,60172.0
505011078,Kingsley,2021,63342.0
505011078,Kingsley,2022,65255.0
505011078,Kingsley,2023,69635.0
505011079,Mullaloo - Kallaroo,2019,58097.0
505011079,Mullaloo - Kallaroo,2020,60000.0
505011079,Mullaloo - Kallaroo,2021,63813.0
505011079,Mullaloo - Kallaroo,2022,65835.0
505011079,Mullaloo - Kallaroo,2023,71322.0
505011080,Ocean Reef,2019,57173.0
505011080,Ocean Reef,2020,59316.0
505011080,Ocean Reef,2021,63315.0
505011080,Ocean Reef,2022,63930.0
505011080,Ocean Reef,2023,68044.0
505011081,Padbury,2019,60131.0
505011081,Padbury,2020,61834.0
505011081,Padbury,2021,66024.0
505011081,Padbury,2022,67069.0
505011081,Padbury,2023,72912.0
505011082,Sorrento - Marmion,2019,58654.0
505011082,Sorrento - Marmion,2020,60077.0
505011082,Sorrento - Marmion,2021,63472.0
505011082,Sorrento - Marmion,2022,64205.0
505011082,Sorrento - Marmion,2023,70858.0
505011083,Woodvale,2019,57461.0
505011083,Woodvale,2020,59609.0
505011083,Woodvale,2021,61906.0
505011083,Woodvale,2022,66002.0
505011083,Woodvale,2023,70462.0
505021084,Balcatta - Hamersley,2019,55548.0
505021084,Balcatta - Hamersley,2020,56100.0
505021084,Balcatta - Hamersley,2021,59699.0
505021084,Balcatta - Hamersley,2022,62175.0
505021084,Balcatta - Hamersley,2023,66173.0
505021085,Balga - Mirrabooka,2019,46492.0
505021085,Balga - Mirrabooka,2020,46526.0
505021085,Balga - Mirrabooka,2021,48846.0
505021085,Balga - Mirrabooka,2022,51318.0
505021085,Balga - Mirrabooka,2023,53975.0
505021087,Herdsman,2019,
505021087,Herdsman,2020,
505021087,Herdsman,2021,
505021087,Herdsman,2022,
505021087,Herdsman,2023,
505021088,Innaloo - Doubleview,2019,65153.0
505021088,Innaloo - Doubleview,2020,68296.0
505021088,Innaloo - Doubleview,2021,72572.0
505021088,Innaloo - Doubleview,2022,75034.0
505021088,Innaloo - Doubleview,2023,77454.0
505021089,Karrinyup - Gwelup - Carine,2019,64075.0
505021089,Karrinyup - Gwelup - Carine,2020,66972.0
505021089,Karrinyup - Gwelup - Carine,2021,69473.0
505021089,Karrinyup - Gwelup - Carine,2022,69998.0
505021089,Karrinyup - Gwelup - Carine,2023,75254.0
505021090,Nollamara - Westminster,2019,51604.0
505021090,Nollamara - Westminster,2020,52555.0
505021090,Nollamara - Westminster,2021,55972.0
505021090,Nollamara - Westminster,2022,59134.0
505021090,Nollamara - Westminster,2023,61267.0
505021091,Osborne Park Industrial,2019,54881.0
505021091,Osborne Park Industrial,2020,55414.0
505021091,Osborne Park Industrial,2021,65397.0
505021091,Osborne Park Industrial,2022,75806.0
505021091,Osborne Park Industrial,2023,71923.0
505021092,Scarborough,2019,64452.0
505021092,Scarborough,2020,66401.0
505021092,Scarborough,2021,72103.0
505021092,Scarborough,2022,75596.0
505021092,Scarborough,2023,77497.0
505021093,Stirling - Osborne Park,2019,55710.0
505021093,Stirling - Osborne Park,2020,56119.0
505021093,Stirling - Osborne Park,2021,60453.0
505021093,Stirling - Osborne Park,2022,64580.0
505021093,Stirling - Osborne Park,2023,66634.0
505021094,Trigg - North Beach - Watermans Bay,2019,59360.0
505021094,Trigg - North Beach - Watermans Bay,2020,62551.0
505021094,Trigg - North Beach - Watermans Bay,2021,65734.0
505021094,Trigg - North Beach - Watermans Bay,2022,68577.0
505021094,Trigg - North Beach - Watermans Bay,2023,72596.0
505021095,Tuart Hill - Joondanna,2019,57297.0
505021095,Tuart Hill - Joondanna,2020,58094.0
505021095,Tuart Hill - Joondanna,2021,62652.0
505021095,Tuart Hill - Joondanna,2022,67022.0
505021095,Tuart Hill - Joondanna,2023,69181.0
505021096,Wembley Downs - Churchlands - Woodlands,2019,61411.0
505021096,Wembley Downs - Churchlands - Woodlands,2020,65315.0
505021096,Wembley Downs - Churchlands - Woodlands,2021,67511.0
505021096,Wembley Downs - Churchlands - Woodlands,2022,70272.0
505021096,Wembley Downs - Churchlands - Woodlands,2023,73411.0
505021097,Yokine - Coolbinia - Menora,2019,56912.0
505021097,Yokine - Coolbinia - Menora,2020,58761.0
505021097,Yokine - Coolbinia - Menora,2021,62153.0
505021097,Yokine - Coolbinia - Menora,2022,64987.0
505021097,Yokine - Coolbinia - Menora,2023,67846.0
505021301,Dianella - North,2019,50370.0
505021301,Dianella - North,2020,51849.0
505021301,Dianella - North,2021,55100.0
505021301,Dianella - North,2022,58365.0
505021301,Dianella - North,2023,61523.0
505021302,Dianella - South,2019,53533.0
505021302,Dianella - South,2020,55014.0
505021302,Dianella - South,2021,59312.0
505021302,Dianella - South,2022,62481.0
505021302,Dianella - South,2023,66506.0
505031098,Alexander Heights - Koondoola,2019,49798.0
505031098,Alexander Heights - Koondoola,2020,49685.0
505031098,Alexander Heights - Koondoola,2021,50628.0
505031098,Alexander Heights - Koondoola,2022,51894.0
505031098,Alexander Heights - Koondoola,2023,55764.0
505031099,Butler - Merriwa - Ridgewood,2019,52557.0
505031099,Butler - Merriwa - Ridgewood,2020,53732.0
505031099,Butler - Merriwa - Ridgewood,2021,54833.0
505031099,Butler - Merriwa - Ridgewood,2022,57150.0
505031099,Butler - Merriwa - Ridgewood,2023,61625.0
505031100,Carramar,2019,57110.0
505031100,Carramar,2020,58481.0
505031100,Carramar,2021,59860.0
505031100,Carramar,2022,61932.0
505031100,Carramar,2023,65651.0
505031101,Clarkson,2019,54485.0
505031101,Clarkson,2020,55952.0
505031101,Clarkson,2021,58343.0
505031101,Clarkson,2022,59394.0
505031101,Clarkson,2023,63699.0
505031102,Girrawheen,2019,46128.0
505031102,Girrawheen,2020,45651.0
505031102,Girrawheen,2021,48789.0
505031102,Girrawheen,2022,50995.0
505031102,Girrawheen,2023,53818.0
505031104,Marangaroo,2019,49479.0
505031104,Marangaroo,2020,50000.0
505031104,Marangaroo,2021,51522.0
505031104,Marangaroo,2022,54420.0
505031104,Marangaroo,2023,58433.0
505031105,Mindarie - Quinns Rocks - Jindalee,2019,55544.0
505031105,Mindarie - Quinns Rocks - Jindalee,2020,57774.0
505031105,Mindarie - Quinns Rocks - Jindalee,2021,60528.0
505031105,Mindarie - Quinns Rocks - Jindalee,2022,63419.0
505031105,Mindarie - Quinns Rocks - Jindalee,2023,68136.0
505031106,Neerabup National Park,2019,
505031106,Neerabup National Park,2020,56891.0
505031106,Neerabup National Park,2021,14949.0
505031106,Neerabup National Park,2022,
505031106,Neerabup National Park,2023,47568.0
505031107,Tapping - Ashby - Sinagra,2019,58213.0
505031107,Tapping - Ashby - Sinagra,2020,59823.0
505031107,Tapping - Ashby - Sinagra,2021,62017.0
505031107,Tapping - Ashby - Sinagra,2022,62989.0
505031107,Tapping - Ashby - Sinagra,2023,66919.0
505031255,Alkimos - Eglinton,2019,60069.0
505031255,Alkimos - Eglinton,2020,61027.0
505031255,Alkimos - Eglinton,2021,64076.0
505031255,Alkimos - Eglinton,2022,66436.0
505031255,Alkimos - Eglinton,2023,70133.0
505031256,Carabooda - Pinjar,2019,42576.0
505031256,Carabooda - Pinjar,2020,45270.0
505031256,Carabooda - Pinjar,2021,51458.0
505031256,Carabooda - Pinjar,2022,48329.0
505031256,Carabooda - Pinjar,2023,53886.0
505031257,Two Rocks,2019,56003.0
505031257,Two Rocks,2020,56672.0
505031257,Two Rocks,2021,60430.0
505031257,Two Rocks,2022,62385.0
505031257,Two Rocks,2023,65185.0
505031258,Yanchep,2019,55400.0
505031258,Yanchep,2020,57623.0
505031258,Yanchep,2021,59953.0
505031258,Yanchep,2022,62377.0
505031258,Yanchep,2023,66926.0
505031303,Hocking - Pearsall,2019,57411.0
505031303,Hocking - Pearsall,2020,58977.0
505031303,Hocking - Pearsall,2021,62195.0
505031303,Hocking - Pearsall,2022,64412.0
505031303,Hocking - Pearsall,2023,68233.0
505031304,Landsdale,2019,58199.0
505031304,Landsdale,2020,58994.0
505031304,Landsdale,2021,61858.0
505031304,Landsdale,2022,64286.0
505031304,Landsdale,2023,68485.0
505031305,Madeley - Darch,2019,55764.0
505031305,Madeley - Darch,2020,56805.0
505031305,Madeley - Darch,2021,59205.0
505031305,Madeley - Darch,2022,60580.0
505031305,Madeley - Darch,2023,65902.0
505031306,Wanneroo - Sinagra,2019,54175.0
505031306,Wanneroo - Sinagra,2020,56265.0
505031306,Wanneroo - Sinagra,2021,58718.0
505031306,Wanneroo - Sinagra,2022,60807.0
505031306,Wanneroo - Sinagra,2023,64255.0
506011110,Armadale - Wungong - Brookdale,2019,52195.0
506011110,Armadale - Wungong - Brookdale,2020,53544.0
506011110,Armadale - Wungong - Brookdale,2021,55213.0
506011110,Armadale - Wungong - Brookdale,2022,56192.0
506011110,Armadale - Wungong - Brookdale,2023,60176.0
506011111,Ashendon - Lesley,2019,47199.0
506011111,Ashendon - Lesley,2020,117172.0
506011111,Ashendon - Lesley,2021,
506011111,Ashendon - Lesley,2022,
506011111,Ashendon - Lesley,2023,
506011112,Camillo - Champion Lakes,2019,50845.0
506011112,Camillo - Champion Lakes,2020,54051.0
506011112,Camillo - Champion Lakes,2021,54344.0
506011112,Camillo - Champion Lakes,2022,55238.0
506011112,Camillo - Champion Lakes,2023,59829.0
506011114,Kelmscott,2019,52496.0
506011114,Kelmscott,2020,52963.0
506011114,Kelmscott,2021,54653.0
506011114,Kelmscott,2022,56241.0
506011114,Kelmscott,2023,61998.0
506011115,Mount Nasura - Mount Richon - Bedfordale,2019,58131.0
506011115,Mount Nasura - Mount Richon - Bedfordale,2020,59987.0
506011115,Mount Nasura - Mount Richon - Bedfordale,2021,62419.0
506011115,Mount Nasura - Mount Richon - Bedfordale,2022,63254.0
506011115,Mount Nasura - Mount Richon - Bedfordale,2023,69044.0
506011116,Roleystone,2019,60515.0
506011116,Roleystone,2020,60902.0
506011116,Roleystone,2021,65185.0
506011116,Roleystone,2022,66703.0
506011116,Roleystone,2023,73227.0
506011117,Seville Grove,2019,53729.0
506011117,Seville Grove,2020,55890.0
506011117,Seville Grove,2021,56339.0
506011117,Seville Grove,2022,58404.0
506011117,Seville Grove,2023,62328.0
506011307,Harrisdale,2019,63823.0
506011307,Harrisdale,2020,65280.0
506011307,Harrisdale,2021,67711.0
506011307,Harrisdale,2022,70925.0
506011307,Harrisdale,2023,73956.0
506011308,Piara Waters - Forrestdale,2019,66105.0
506011308,Piara Waters - Forrestdale,2020,67467.0
506011308,Piara Waters - Forrestdale,2021,69401.0
506011308,Piara Waters - Forrestdale,2022,72596.0
506011308,Piara Waters - Forrestdale,2023,76017.0
506021118,Belmont - Ascot - Redcliffe,2019,55964.0
506021118,Belmont - Ascot - Redcliffe,2020,57545.0
506021118,Belmont - Ascot - Redcliffe,2021,60410.0
506021118,Belmont - Ascot - Redcliffe,2022,63750.0
506021118,Belmont - Ascot - Redcliffe,2023,66479.0
506021119,East Victoria Park - Carlisle,2019,57709.0
506021119,East Victoria Park - Carlisle,2020,58474.0
506021119,East Victoria Park - Carlisle,2021,63646.0
506021119,East Victoria Park - Carlisle,2022,67500.0
506021119,East Victoria Park - Carlisle,2023,71974.0
506021120,Kewdale Commercial,2019,40771.0
506021120,Kewdale Commercial,2020,62056.0
506021120,Kewdale Commercial,2021,103104.0
506021120,Kewdale Commercial,2022,99999.0
506021120,Kewdale Commercial,2023,59064.0
506021121,Perth Airport,2019,38004.0
506021121,Perth Airport,2020,104930.0
506021121,Perth Airport,2021,142711.0
506021121,Perth Airport,2022,133630.0
506021121,Perth Airport,2023,73405.0
506021123,Victoria Park - Lathlain - Burswood,2019,57434.0
506021123,Victoria Park - Lathlain - Burswood,2020,58739.0
506021123,Victoria Park - Lathlain - Burswood,2021,63323.0
506021123,Victoria Park - Lathlain - Burswood,2022,67868.0
506021123,Victoria Park - Lathlain - Burswood,2023,69897.0
506021309,Cloverdale,2019,52639.0
506021309,Cloverdale,2020,54233.0
506021309,Cloverdale,2021,56193.0
506021309,Cloverdale,2022,59790.0
506021309,Cloverdale,2023,63627.0
506021310,Kewdale,2019,54847.0
506021310,Kewdale,2020,56778.0
506021310,Kewdale,2021,58510.0
506021310,Kewdale,2022,61769.0
506021310,Kewdale,2023,64230.0
506021311,Rivervale,2019,57600.0
506021311,Rivervale,2020,57899.0
506021311,Rivervale,2021,62588.0
506021311,Rivervale,2022,66608.0
506021311,Rivervale,2023,70209.0
506031124,Bentley - Wilson - St James,2019,41796.0
506031124,Bentley - Wilson - St James,2020,43660.0
506031124,Bentley - Wilson - St James,2021,47787.0
506031124,Bentley - Wilson - St James,2022,51445.0
506031124,Bentley - Wilson - St James,2023,53753.0
506031125,Canning Vale - West,2019,55333.0
506031125,Canning Vale - West,2020,57437.0
506031125,Canning Vale - West,2021,59877.0
506031125,Canning Vale - West,2022,61992.0
506031125,Canning Vale - West,2023,66181.0
506031126,Canning Vale Commercial,2019,46945.0
506031126,Canning Vale Commercial,2020,45688.0
506031126,Canning Vale Commercial,2021,57000.0
506031126,Canning Vale Commercial,2022,59181.0
506031126,Canning Vale Commercial,2023,41395.0
506031127,Cannington - Queens Park,2019,45070.0
506031127,Cannington - Queens Park,2020,45200.0
506031127,Cannington - Queens Park,2021,49369.0
506031127,Cannington - Queens Park,2022,54970.0
506031127,Cannington - Queens Park,2023,56670.0
506031128,Parkwood - Ferndale - Lynwood,2019,53804.0
506031128,Parkwood - Ferndale - Lynwood,2020,54653.0
506031128,Parkwood - Ferndale - Lynwood,2021,56449.0
506031128,Parkwood - Ferndale - Lynwood,2022,59114.0
506031128,Parkwood - Ferndale - Lynwood,2023,62926.0
506031129,Riverton - Shelley - Rossmoyne,2019,54028.0
506031129,Riverton - Shelley - Rossmoyne,2020,55305.0
506031129,Riverton - Shelley - Rossmoyne,2021,59380.0
506031129,Riverton - Shelley - Rossmoyne,2022,61786.0
506031129,Riverton - Shelley - Rossmoyne,2023,65245.0
506031130,Welshpool,2019,65063.0
506031130,Welshpool,2020,57503.0
506031130,Welshpool,2021,66017.0
506031130,Welshpool,2022,63073.0
506031130,Welshpool,2023,63719.0
506031131,Willetton,2019,55700.0
506031131,Willetton,2020,57432.0
506031131,Willetton,2021,60419.0
506031131,Willetton,2022,60223.0
506031131,Willetton,2023,64621.0
506041132,Beckenham - Kenwick - Langford,2019,49922.0
506041132,Beckenham - Kenwick - Langford,2020,50459.0
506041132,Beckenham - Kenwick - Langford,2021,52853.0
506041132,Beckenham - Kenwick - Langford,2022,55263.0
506041132,Beckenham - Kenwick - Langford,2023,57601.0
506041133,Canning Vale - East,2019,56090.0
506041133,Canning Vale - East,2020,57198.0
506041133,Canning Vale - East,2021,59292.0
506041133,Canning Vale - East,2022,62232.0
506041133,Canning Vale - East,2023,65658.0
506041134,Gosnells,2019,51316.0
506041134,Gosnells,2020,51688.0
506041134,Gosnells,2021,52303.0
506041134,Gosnells,2022,54570.0
506041134,Gosnells,2023,58115.0
506041135,Huntingdale - Southern River,2019,57397.0
506041135,Huntingdale - Southern River,2020,58351.0
506041135,Huntingdale - Southern River,2021,59224.0
506041135,Huntingdale - Southern River,2022,61791.0
506041135,Huntingdale - Southern River,2023,65853.0
506041136,Maddington - Orange Grove - Martin,2019,51779.0
506041136,Maddington - Orange Grove - Martin,2020,51544.0
506041136,Maddington - Orange Grove - Martin,2021,53259.0
506041136,Maddington - Orange Grove - Martin,2022,55411.0
506041136,Maddington - Orange Grove - Martin,2023,59020.0
506041137,Thornlie,2019,52953.0
506041137,Thornlie,2020,53565.0
506041137,Thornlie,2021,55484.0
506041137,Thornlie,2022,57254.0
506041137,Thornlie,2023,60553.0
506051138,Forrestfield - Wattle Grove,2019,59151.0
506051138,Forrestfield - Wattle Grove,2020,59835.0
506051138,Forrestfield - Wattle Grove,2021,61940.0
506051138,Forrestfield - Wattle Grove,2022,64500.0
506051138,Forrestfield - Wattle Grove,2023,68209.0
506051139,High Wycombe,2019,58867.0
506051139,High Wycombe,2020,59867.0
506051139,High Wycombe,2021,61579.0
506051139,High Wycombe,2022,63192.0
506051139,High Wycombe,2023,68017.0
506051140,Kalamunda - Maida Vale - Gooseberry Hill,2019,57249.0
506051140,Kalamunda - Maida Vale - Gooseberry Hill,2020,60466.0
506051140,Kalamunda - Maida Vale - Gooseberry Hill,2021,62856.0
506051140,Kalamunda - Maida Vale - Gooseberry Hill,2022,63702.0
506051140,Kalamunda - Maida Vale - Gooseberry Hill,2023,70947.0
506051141,Lesmurdie - Bickley - Carmel,2019,55093.0
506051141,Lesmurdie - Bickley - Carmel,2020,57200.0
506051141,Lesmurdie - Bickley - Carmel,2021,60577.0
506051141,Lesmurdie - Bickley - Carmel,2022,61893.0
506051141,Lesmurdie - Bickley - Carmel,2023,65234.0
506061142,Byford,2019,59831.0
506061142,Byford,2020,62295.0
506061142,Byford,2021,64569.0
506061142,Byford,2022,66068.0
506061142,Byford,2023,70109.0
506061143,Mundijong,2019,55527.0
506061143,Mundijong,2020,56138.0
506061143,Mundijong,2021,60933.0
506061143,Mundijong,2022,63498.0
506061143,Mundijong,2023,68279.0
506061144,Serpentine - Jarrahdale,2019,56558.0
506061144,Serpentine - Jarrahdale,2020,59067.0
506061144,Serpentine - Jarrahdale,2021,62503.0
506061144,Serpentine - Jarrahdale,2022,61133.0
506061144,Serpentine - Jarrahdale,2023,66902.0
506071145,Como,2019,60951.0
506071145,Como,2020,63147.0
506071145,Como,2021,67357.0
506071145,Como,2022,69399.0
506071145,Como,2023,73386.0
506071146,Manning - Waterford,2019,53177.0
506071146,Manning - Waterford,2020,55837.0
506071146,Manning - Waterford,2021,59215.0
506071146,Manning - Waterford,2022,60600.0
506071146,Manning - Waterford,2023,63874.0
506071147,South Perth - Kensington,2019,62286.0
506071147,South Perth - Kensington,2020,63512.0
506071147,South Perth - Kensington,2021,66934.0
506071147,South Perth - Kensington,2022,68250.0
506071147,South Perth - Kensington,2023,71446.0
507011148,Banjup,2019,61553.0
507011148,Banjup,2020,62707.0
507011148,Banjup,2021,65817.0
507011148,Banjup,2022,68066.0
507011148,Banjup,2023,72400.0
507011150,Bibra Industrial,2019,50986.0
507011150,Bibra Industrial,2020,44560.0
507011150,Bibra Industrial,2021,44768.0
507011150,Bibra Industrial,2022,59127.0
507011150,Bibra Industrial,2023,50000.0
507011151,Bibra Lake,2019,
507011151,Bibra Lake,2020,
507011151,Bibra Lake,2021,
507011151,Bibra Lake,2022,
507011151,Bibra Lake,2023,
507011152,Coogee,2019,59059.0
507011152,Coogee,2020,60330.0
507011152,Coogee,2021,64384.0
507011152,Coogee,2022,66272.0
507011152,Coogee,2023,71041.0
507011153,Coolbellup,2019,56708.0
507011153,Coolbellup,2020,57638.0
507011153,Coolbellup,2021,59923.0
507011153,Coolbellup,2022,62455.0
507011153,Coolbellup,2023,65689.0
507011154,Hamilton Hill,2019,50955.0
507011154,Hamilton Hill,2020,52180.0
507011154,Hamilton Hill,2021,56947.0
507011154,Hamilton Hill,2022,58379.0
507011154,Hamilton Hill,2023,61641.0
507011155,Henderson,2019,26026.0
507011155,Henderson,2020,36140.0
507011155,Henderson,2021,67451.0
507011155,Henderson,2022,57200.0
507011155,Henderson,2023,117057.0
507011158,North Coogee,2019,75268.0
507011158,North Coogee,2020,76837.0
507011158,North Coogee,2021,81399.0
507011158,North Coogee,2022,84062.0
507011158,North Coogee,2023,85517.0
507011159,South Lake - Cockburn Central,2019,55327.0
507011159,South Lake - Cockburn Central,2020,57141.0
507011159,South Lake - Cockburn Central,2021,59325.0
507011159,South Lake - Cockburn Central,2022,61987.0
507011159,South Lake - Cockburn Central,2023,66996.0
507011160,Spearwood,2019,54495.0
507011160,Spearwood,2020,55616.0
507011160,Spearwood,2021,59511.0
507011160,Spearwood,2022,61790.0
507011160,Spearwood,2023,65000.0
507011161,Success - Hammond Park,2019,62469.0
507011161,Success - Hammond Park,2020,63975.0
507011161,Success - Hammond Park,2021,66551.0
507011161,Success - Hammond Park,2022,69324.0
507011161,Success - Hammond Park,2023,73507.0
507011163,Yangebup,2019,57172.0
507011163,Yangebup,2020,58396.0
507011163,Yangebup,2021,60414.0
507011163,Yangebup,2022,63333.0
507011163,Yangebup,2023,67061.0
507011259,Beeliar - Wattleup,2019,60096.0
507011259,Beeliar - Wattleup,2020,61211.0
507011259,Beeliar - Wattleup,2021,64133.0
507011259,Beeliar - Wattleup,2022,68108.0
507011259,Beeliar - Wattleup,2023,72393.0
507011260,Jandakot,2019,59465.0
507011260,Jandakot,2020,60426.0
507011260,Jandakot,2021,62905.0
507011260,Jandakot,2022,63989.0
507011260,Jandakot,2023,67809.0
507021164,East Fremantle,2019,62755.0
507021164,East Fremantle,2020,64343.0
507021164,East Fremantle,2021,66898.0
507021164,East Fremantle,2022,68402.0
507021164,East Fremantle,2023,72786.0
507021165,Fremantle,2019,54502.0
507021165,Fremantle,2020,55617.0
507021165,Fremantle,2021,63493.0
507021165,Fremantle,2022,63654.0
507021165,Fremantle,2023,63578.0
507021166,Fremantle - South,2019,56997.0
507021166,Fremantle - South,2020,59206.0
507021166,Fremantle - South,2021,63103.0
507021166,Fremantle - South,2022,62784.0
507021166,Fremantle - South,2023,66572.0
507021167,O'Connor (WA),2019,85841.0
507021167,O'Connor (WA),2020,73903.0
507021167,O'Connor (WA),2021,59225.0
507021167,O'Connor (WA),2022,49510.0
507021167,O'Connor (WA),2023,56159.0
507031169,Wellard (West) - Bertram,2019,59363.0
507031169,Wellard (West) - Bertram,2020,61261.0
507031169,Wellard (West) - Bertram,2021,62275.0
507031169,Wellard (West) - Bertram,2022,65476.0
507031169,Wellard (West) - Bertram,2023,69172.0
507031170,Calista,2019,51618.0
507031170,Calista,2020,52782.0
507031170,Calista,2021,54992.0
507031170,Calista,2022,56172.0
507031170,Calista,2023,61570.0
507031172,Hope Valley - Postans,2019,48997.0
507031172,Hope Valley - Postans,2020,59533.0
507031172,Hope Valley - Postans,2021,63586.0
507031172,Hope Valley - Postans,2022,70714.0
507031172,Hope Valley - Postans,2023,76839.0
507031173,Kwinana Industrial,2019,25526.0
507031173,Kwinana Industrial,2020,74486.0
507031173,Kwinana Industrial,2021,68508.0
507031173,Kwinana Industrial,2022,47538.0
507031173,Kwinana Industrial,2023,78220.0
507031174,Parmelia - Orelia,2019,51773.0
507031174,Parmelia - Orelia,2020,53666.0
507031174,Parmelia - Orelia,2021,54660.0
507031174,Parmelia - Orelia,2022,56758.0
507031174,Parmelia - Orelia,2023,59744.0
507031261,Casuarina - Wandi,2019,62052.0
507031261,Casuarina - Wandi,2020,63991.0
507031261,Casuarina - Wandi,2021,66764.0
507031261,Casuarina - Wandi,2022,69283.0
507031261,Casuarina - Wandi,2023,74076.0
507041175,Applecross - Ardross,2019,58246.0
507041175,Applecross - Ardross,2020,61115.0
507041175,Applecross - Ardross,2021,64944.0
507041175,Applecross - Ardross,2022,67297.0
507041175,Applecross - Ardross,2023,71291.0
507041176,Bateman,2019,59262.0
507041176,Bateman,2020,60732.0
507041176,Bateman,2021,63386.0
507041176,Bateman,2022,67344.0
507041176,Bateman,2023,71976.0
507041177,Bicton - Palmyra,2019,61879.0
507041177,Bicton - Palmyra,2020,63193.0
507041177,Bicton - Palmyra,2021,66449.0
507041177,Bicton - Palmyra,2022,68059.0
507041177,Bicton - Palmyra,2023,73148.0
507041178,Booragoon,2019,60100.0
507041178,Booragoon,2020,61370.0
507041178,Booragoon,2021,64282.0
507041178,Booragoon,2022,67166.0
507041178,Booragoon,2023,71398.0
507041179,Bull Creek,2019,57166.0
507041179,Bull Creek,2020,59880.0
507041179,Bull Creek,2021,60751.0
507041179,Bull Creek,2022,63616.0
507041179,Bull Creek,2023,69767.0
507041180,Leeming,2019,60083.0
507041180,Leeming,2020,61840.0
507041180,Leeming,2021,63907.0
507041180,Leeming,2022,66443.0
507041180,Leeming,2023,72462.0
507041181,Melville,2019,60583.0
507041181,Melville,2020,62961.0
507041181,Melville,2021,66841.0
507041181,Melville,2022,68212.0
507041181,Melville,2023,73076.0
507041182,Murdoch - Kardinya,2019,51470.0
507041182,Murdoch - Kardinya,2020,52595.0
507041182,Murdoch - Kardinya,2021,56143.0
507041182,Murdoch - Kardinya,2022,57923.0
507041182,Murdoch - Kardinya,2023,60000.0
507041183,Willagee,2019,57618.0
507041183,Willagee,2020,58684.0
507041183,Willagee,2021,60488.0
507041183,Willagee,2022,63264.0
507041183,Willagee,2023,68134.0
507041184,Winthrop,2019,54657.0
507041184,Winthrop,2020,58730.0
507041184,Winthrop,2021,60694.0
507041184,Winthrop,2022,61266.0
507041184,Winthrop,2023,65939.0
507051186,Cooloongup,2019,52798.0
507051186,Cooloongup,2020,53428.0
507051186,Cooloongup,2021,54467.0
507051186,Cooloongup,2022,54946.0
507051186,Cooloongup,2023,59195.0
507051187,Port Kennedy,2019,56925.0
507051187,Port Kennedy,2020,57987.0
507051187,Port Kennedy,2021,60138.0
507051187,Port Kennedy,2022,61057.0
507051187,Port Kennedy,2023,65732.0
507051188,Rockingham,2019,55989.0
507051188,Rockingham,2020,56474.0
507051188,Rockingham,2021,59864.0
507051188,Rockingham,2022,61825.0
507051188,Rockingham,2023,67248.0
507051189,Rockingham Lakes,2019,
507051189,Rockingham Lakes,2020,
507051189,Rockingham Lakes,2021,
507051189,Rockingham Lakes,2022,
507051189,Rockingham Lakes,2023,20384.0
507051190,Safety Bay - Shoalwater,2019,57039.0
507051190,Safety Bay - Shoalwater,2020,58017.0
507051190,Safety Bay - Shoalwater,2021,60488.0
507051190,Safety Bay - Shoalwater,2022,64116.0
507051190,Safety Bay - Shoalwater,2023,67871.0
507051191,Singleton - Golden Bay - Secret Harbour,2019,61033.0
507051191,Singleton - Golden Bay - Secret Harbour,2020,62928.0
507051191,Singleton - Golden Bay - Secret Harbour,2021,65023.0
507051191,Singleton - Golden Bay - Secret Harbour,2022,67507.0
507051191,Singleton - Golden Bay - Secret Harbour,2023,72253.0
507051192,Waikiki,2019,56280.0
507051192,Waikiki,2020,57360.0
507051192,Waikiki,2021,59442.0
507051192,Waikiki,2022,61812.0
507051192,Waikiki,2023,65052.0
507051193,Warnbro,2019,54468.0
507051193,Warnbro,2020,55500.0
507051193,Warnbro,2021,57165.0
507051193,Warnbro,2022,58100.0
507051193,Warnbro,2023,62148.0
507051312,Baldivis - North,2019,62693.0
507051312,Baldivis - North,2020,64268.0
507051312,Baldivis - North,2021,65654.0
507051312,Baldivis - North,2022,70581.0
507051312,Baldivis - North,2023,75000.0
507051313,Baldivis - South,2019,62631.0
507051313,Baldivis - South,2020,64371.0
507051313,Baldivis - South,2021,66158.0
507051313,Baldivis - South,2022,68732.0
507051313,Baldivis - South,2023,72614.0
507051314,Karnup,2019,59182.0
507051314,Karnup,2020,62093.0
507051314,Karnup,2021,62958.0
507051314,Karnup,2022,63740.0
507051314,Karnup,2023,68181.0
509011225,Albany,2019,44417.0
509011225,Albany,2020,44670.0
509011225,Albany,2021,48500.0
509011225,Albany,2022,48994.0
509011225,Albany,2023,53454.0
509011226,Albany Surrounds,2019,41865.0
509011226,Albany Surrounds,2020,45109.0
509011226,Albany Surrounds,2021,47811.0
509011226,Albany Surrounds,2022,46160.0
509011226,Albany Surrounds,2023,51735.0
509011227,Bayonet Head - Lower King,2019,48440.0
509011227,Bayonet Head - Lower King,2020,49159.0
509011227,Bayonet Head - Lower King,2021,50198.0
509011227,Bayonet Head - Lower King,2022,51433.0
509011227,Bayonet Head - Lower King,2023,55574.0
509011228,Denmark,2019,34862.0
509011228,Denmark,2020,37137.0
509011228,Denmark,2021,39846.0
509011228,Denmark,2022,38153.0
509011228,Denmark,2023,44043.0
509011229,Gnowangerup,2019,35833.0
509011229,Gnowangerup,2020,35904.0
509011229,Gnowangerup,2021,39797.0
509011229,Gnowangerup,2022,42596.0
509011229,Gnowangerup,2023,45760.0
509011230,Katanning,2019,43062.0
509011230,Katanning,2020,43790.0
509011230,Katanning,2021,48458.0
509011230,Katanning,2022,49999.0
509011230,Katanning,2023,52865.0
509011231,Kojonup,2019,37333.0
509011231,Kojonup,2020,38732.0
509011231,Kojonup,2021,42231.0
509011231,Kojonup,2022,44010.0
509011231,Kojonup,2023,48749.0
509011232,Little Grove - Elleker,2019,46652.0
509011232,Little Grove - Elleker,2020,47642.0
509011232,Little Grove - Elleker,2021,49037.0
509011232,Little Grove - Elleker,2022,49718.0
509011232,Little Grove - Elleker,2023,53183.0
509011233,McKail - Willyung,2019,45008.0
509011233,McKail - Willyung,2020,46648.0
509011233,McKail - Willyung,2021,48984.0
509011233,McKail - Willyung,2022,49656.0
509011233,McKail - Willyung,2023,53369.0
509011234,Plantagenet,2019,40768.0
509011234,Plantagenet,2020,44179.0
509011234,Plantagenet,2021,47048.0
509011234,Plantagenet,2022,47154.0
509011234,Plantagenet,2023,51368.0
509011235,Stirling Range National Park,2019,
509011235,Stirling Range National Park,2020,
509011235,Stirling Range National Park,2021,
509011235,Stirling Range National Park,2022,
509011235,Stirling Range National Park,2023,
509021236,Chittering,2019,58572.0
509021236,Chittering,2020,59779.0
509021236,Chittering,2021,62758.0
509021236,Chittering,2022,61845.0
509021236,Chittering,2023,67315.0
509021237,Cunderdin,2019,41971.0
509021237,Cunderdin,2020,43654.0
509021237,Cunderdin,2021,45183.0
509021237,Cunderdin,2022,43616.0
509021237,Cunderdin,2023,48849.0
509021238,Dowerin,2019,41677.0
509021238,Dowerin,2020,42222.0
509021238,Dowerin,2021,47997.0
509021238,Dowerin,2022,46419.0
509021238,Dowerin,2023,51799.0
509021239,Gingin - Dandaragan,2019,38172.0
509021239,Gingin - Dandaragan,2020,40110.0
509021239,Gingin - Dandaragan,2021,47974.0
509021239,Gingin - Dandaragan,2022,49630.0
509021239,Gingin - Dandaragan,2023,49800.0
509021240,Merredin,2019,44926.0
509021240,Merredin,2020,43302.0
509021240,Merredin,2021,47995.0
509021240,Merredin,2022,50592.0
509021240,Merredin,2023,55998.0
509021241,Moora,2019,45559.0
509021241,Moora,2020,46934.0
509021241,Moora,2021,49976.0
509021241,Moora,2022,52000.0
509021241,Moora,2023,54692.0
509021242,Mukinbudin,2019,42682.0
509021242,Mukinbudin,2020,46267.0
509021242,Mukinbudin,2021,52000.0
509021242,Mukinbudin,2022,51674.0
509021242,Mukinbudin,2023,52134.0
509021243,Northam,2019,53400.0
509021243,Northam,2020,54309.0
509021243,Northam,2021,56049.0
509021243,Northam,2022,55859.0
509021243,Northam,2023,61579.0
509021244,Toodyay,2019,58186.0
509021244,Toodyay,2020,56475.0
509021244,Toodyay,2021,59491.0
509021244,Toodyay,2022,59280.0
509021244,Toodyay,2023,65728.0
509021245,York - Beverley,2019,46096.0
509021245,York - Beverley,2020,48114.0
509021245,York - Beverley,2021,50385.0
509021245,York - Beverley,2022,52212.0
509021245,York - Beverley,2023,56869.0
509031246,Brookton,2019,40385.0
509031246,Brookton,2020,40545.0
509031246,Brookton,2021,43991.0
509031246,Brookton,2022,44816.0
509031246,Brookton,2023,49626.0
509031247,Kulin,2019,35311.0
509031247,Kulin,2020,38677.0
509031247,Kulin,2021,42419.0
509031247,Kulin,2022,41014.0
509031247,Kulin,2023,44680.0
509031248,Murray,2019,62833.0
509031248,Murray,2020,69880.0
509031248,Murray,2021,68247.0
509031248,Murray,2022,68100.0
509031248,Murray,2023,73592.0
509031249,Narrogin,2019,48320.0
509031249,Narrogin,2020,48148.0
509031249,Narrogin,2021,49448.0
509031249,Narrogin,2022,49482.0
509031249,Narrogin,2023,54338.0
509031250,Wagin,2019,39036.0
509031250,Wagin,2020,39522.0
509031250,Wagin,2021,44806.0
509031250,Wagin,2022,45364.0
509031250,Wagin,2023,49738.0
510011262,Broome,2019,51985.0
510011262,Broome,2020,54836.0
510011262,Broome,2021,60406.0
510011262,Broome,2022,60571.0
510011262,Broome,2023,65199.0
510011263,Derby - West Kimberley,2019,42057.0
510011263,Derby - West Kimberley,2020,43339.0
510011263,Derby - West Kimberley,2021,44707.0
510011263,Derby - West Kimberley,2022,42318.0
510011263,Derby - West Kimberley,2023,47509.0
510011264,Halls Creek,2019,22449.0
510011264,Halls Creek,2020,29039.0
510011264,Halls Creek,2021,23000.0
510011264,Halls Creek,2022,20733.0
510011264,Halls Creek,2023,24015.0
510011265,Kununurra,2019,49874.0
510011265,Kununurra,2020,52016.0
510011265,Kununurra,2021,56222.0
510011265,Kununurra,2022,54764.0
510011265,Kununurra,2023,58255.0
510011266,Roebuck,2019,38538.0
510011266,Roebuck,2020,44491.0
510011266,Roebuck,2021,45525.0
510011266,Roebuck,2022,46250.0
510011266,Roebuck,2023,48100.0
510021267,East Pilbara,2019,53071.0
510021267,East Pilbara,2020,58976.0
510021267,East Pilbara,2021,63677.0
510021267,East Pilbara,2022,51138.0
510021267,East Pilbara,2023,57000.0
510021268,Newman,2019,71137.0
510021268,Newman,2020,75107.0
510021268,Newman,2021,83116.0
510021268,Newman,2022,79758.0
510021268,Newman,2023,84518.0
510021269,Port Hedland,2019,94965.0
510021269,Port Hedland,2020,94872.0
510021269,Port Hedland,2021,101200.0
510021269,Port Hedland,2022,98498.0
510021269,Port Hedland,2023,101288.0
510021270,South Hedland,2019,77722.0
510021270,South Hedland,2020,80835.0
510021270,South Hedland,2021,82665.0
510021270,South Hedland,2022,84171.0
510021270,South Hedland,2023,90385.0
510031271,Ashburton (WA),2019,94981.0
510031271,Ashburton (WA),2020,99486.0
510031271,Ashburton (WA),2021,105719.0
510031271,Ashburton (WA),2022,106810.0
510031271,Ashburton (WA),2023,114817.0
510031272,Karratha,2019,77661.0
510031272,Karratha,2020,82020.0
510031272,Karratha,2021,83571.0
510031272,Karratha,2022,87336.0
510031272,Karratha,2023,93994.0
510031273,Roebourne,2019,79940.0
510031273,Roebourne,2020,79847.0
510031273,Roebourne,2021,80853.0
510031273,Roebourne,2022,85265.0
510031273,Roebourne,2023,88252.0
511011274,Esperance,2019,46532.0
511011274,Esperance,2020,47813.0
511011274,Esperance,2021,50921.0
511011274,Esperance,2022,54115.0
511011274,Esperance,2023,57288.0
511011275,Esperance Surrounds,2019,37261.0
511011275,Esperance Surrounds,2020,38759.0
511011275,Esperance Surrounds,2021,50338.0
511011275,Esperance Surrounds,2022,46787.0
511011275,Esperance Surrounds,2023,51765.0
511021276,Carnarvon,2019,40930.0
511021276,Carnarvon,2020,42203.0
511021276,Carnarvon,2021,49158.0
511021276,Carnarvon,2022,48977.0
511021276,Carnarvon,2023,50820.0
511021277,Exmouth,2019,42436.0
511021277,Exmouth,2020,41949.0
511021277,Exmouth,2021,49965.0
511021277,Exmouth,2022,48607.0
511021277,Exmouth,2023,44996.0
511031278,Boulder,2019,62809.0
511031278,Boulder,2020,64362.0
511031278,Boulder,2021,65412.0
511031278,Boulder,2022,66454.0
511031278,Boulder,2023,73491.0
511031279,Kalgoorlie,2019,64223.0
511031279,Kalgoorlie,2020,67472.0
511031279,Kalgoorlie,2021,72002.0
511031279,Kalgoorlie,2022,75464.0
511031279,Kalgoorlie,2023,79674.0
511031280,Kalgoorlie - North,2019,74498.0
511031280,Kalgoorlie - North,2020,78107.0
511031280,Kalgoorlie - North,2021,82075.0
511031280,Kalgoorlie - North,2022,85232.0
511031280,Kalgoorlie - North,2023,90129.0
511031281,Kalgoorlie Airport,2019,
511031281,Kalgoorlie Airport,2020,
511031281,Kalgoorlie Airport,2021,
511031281,Kalgoorlie Airport,2022,
511031281,Kalgoorlie Airport,2023,
511031282,Kambalda - Coolgardie - Norseman,2019,62937.0
511031282,Kambalda - Coolgardie - Norseman,2020,64708.0
511031282,Kambalda - Coolgardie - Norseman,2021,66112.0
511031282,Kambalda - Coolgardie - Norseman,2022,66032.0
511031282,Kambalda - Coolgardie - Norseman,2023,69426.0
511031283,Leinster - Leonora,2019,64285.0
511031283,Leinster - Leonora,2020,63745.0
511031283,Leinster - Leonora,2021,62860.0
511031283,Leinster - Leonora,2022,62121.0
511031283,Leinster - Leonora,2023,65466.0
511031284,Trafalgar (WA),2019,
511031284,Trafalgar (WA),2020,
511031284,Trafalgar (WA),2021,
511031284,Trafalgar (WA),2022,
511031284,Trafalgar (WA),2023,
511041285,Geraldton,2019,48049.0
511041285,Geraldton,2020,49408.0
511041285,Geraldton,2021,50634.0
511041285,Geraldton,2022,52559.0
511041285,Geraldton,2023,56316.0
511041286,Geraldton - East,2019,50844.0
511041286,Geraldton - East,2020,51821.0
511041286,Geraldton - East,2021,52224.0
511041286,Geraldton - East,2022,52917.0
511041286,Geraldton - East,2023,56830.0
511041287,Geraldton - North,2019,56686.0
511041287,Geraldton - North,2020,57676.0
511041287,Geraldton - North,2021,59686.0
511041287,Geraldton - North,2022,62240.0
511041287,Geraldton - North,2023,66214.0
511041288,Geraldton - South,2019,57907.0
511041288,Geraldton - South,2020,58850.0
511041288,Geraldton - South,2021,61110.0
511041288,Geraldton - South,2022,62072.0
511041288,Geraldton - South,2023,67889.0
511041289,Irwin,2019,46645.0
511041289,Irwin,2020,47992.0
511041289,Irwin,2021,48509.0
511041289,Irwin,2022,51351.0
511041289,Irwin,2023,55371.0
511041290,Meekatharra,2019,37441.0
511041290,Meekatharra,2020,38646.0
511041290,Meekatharra,2021,41252.0
511041290,Meekatharra,2022,38675.0
511041290,Meekatharra,2023,40556.0
511041291,Morawa,2019,46045.0
511041291,Morawa,2020,46841.0
511041291,Morawa,2021,51181.0
511041291,Morawa,2022,48098.0
511041291,Morawa,2023,52165.0
511041292,Northampton - Mullewa - Greenough,2019,39957.0
511041292,Northampton - Mullewa - Greenough,2020,40843.0
511041292,Northampton - Mullewa - Greenough,2021,44466.0
511041292,Northampton - Mullewa - Greenough,2022,45661.0
511041292,Northampton - Mullewa - Greenough,2023,50196.0
601011001,Bridgewater - Gagebrook,2019,41210.0
601011001,Bridgewater - Gagebrook,2020,41445.0
601011001,Bridgewater - Gagebrook,2021,41716.0
601011001,Bridgewater - Gagebrook,2022,43212.0
601011001,Bridgewater - Gagebrook,2023,47052.0
601011002,Brighton - Pontville,2019,51719.0
601011002,Brighton - Pontville,2020,54034.0
601011002,Brighton - Pontville,2021,55005.0
601011002,Brighton - Pontville,2022,56994.0
601011002,Brighton - Pontville,2023,61510.0
601011003,Old Beach - Otago,2019,56246.0
601011003,Old Beach - Otago,2020,57601.0
601011003,Old Beach - Otago,2021,60179.0
601011003,Old Beach - Otago,2022,61443.0
601011003,Old Beach - Otago,2023,65417.0
601021004,Bellerive - Rosny,2019,51821.0
601021004,Bellerive - Rosny,2020,53833.0
601021004,Bellerive - Rosny,2021,56605.0
601021004,Bellerive - Rosny,2022,59235.0
601021004,Bellerive - Rosny,2023,61595.0
601021005,Cambridge,2019,57421.0
601021005,Cambridge,2020,59495.0
601021005,Cambridge,2021,61802.0
601021005,Cambridge,2022,63979.0
601021005,Cambridge,2023,67115.0
601021006,Geilston Bay - Risdon,2019,57353.0
601021006,Geilston Bay - Risdon,2020,57815.0
601021006,Geilston Bay - Risdon,2021,61036.0
601021006,Geilston Bay - Risdon,2022,61309.0
601021006,Geilston Bay - Risdon,2023,66713.0
601021007,Howrah - Tranmere,2019,56814.0
601021007,Howrah - Tranmere,2020,58996.0
601021007,Howrah - Tranmere,2021,61030.0
601021007,Howrah - Tranmere,2022,62855.0
601021007,Howrah - Tranmere,2023,66698.0
601021008,Lindisfarne - Rose Bay,2019,54755.0
601021008,Lindisfarne - Rose Bay,2020,54928.0
601021008,Lindisfarne - Rose Bay,2021,56633.0
601021008,Lindisfarne - Rose Bay,2022,62062.0
601021008,Lindisfarne - Rose Bay,2023,64701.0
601021009,Mornington - Warrane,2019,45795.0
601021009,Mornington - Warrane,2020,47181.0
601021009,Mornington - Warrane,2021,48840.0
601021009,Mornington - Warrane,2022,52046.0
601021009,Mornington - Warrane,2023,56199.0
601021010,Risdon Vale,2019,45347.0
601021010,Risdon Vale,2020,45461.0
601021010,Risdon Vale,2021,47690.0
601021010,Risdon Vale,2022,49558.0
601021010,Risdon Vale,2023,53992.0
601021011,Rokeby,2019,46996.0
601021011,Rokeby,2020,48625.0
601021011,Rokeby,2021,50540.0
601021011,Rokeby,2022,53351.0
601021011,Rokeby,2023,58212.0
601021012,South Arm,2019,55701.0
601021012,South Arm,2020,57671.0
601021012,South Arm,2021,59292.0
601021012,South Arm,2022,60291.0
601021012,South Arm,2023,63731.0
601031013,Austins Ferry - Granton,2019,53610.0
601031013,Austins Ferry - Granton,2020,54852.0
601031013,Austins Ferry - Granton,2021,55952.0
601031013,Austins Ferry - Granton,2022,59039.0
601031013,Austins Ferry - Granton,2023,64500.0
601031014,Berriedale - Chigwell,2019,49864.0
601031014,Berriedale - Chigwell,2020,50716.0
601031014,Berriedale - Chigwell,2021,51825.0
601031014,Berriedale - Chigwell,2022,54498.0
601031014,Berriedale - Chigwell,2023,58111.0
601031015,Claremont (Tas.),2019,48644.0
601031015,Claremont (Tas.),2020,50145.0
601031015,Claremont (Tas.),2021,51277.0
601031015,Claremont (Tas.),2022,53127.0
601031015,Claremont (Tas.),2023,57166.0
601031016,Derwent Park - Lutana,2019,46370.0
601031016,Derwent Park - Lutana,2020,46483.0
601031016,Derwent Park - Lutana,2021,48401.0
601031016,Derwent Park - Lutana,2022,51737.0
601031016,Derwent Park - Lutana,2023,54604.0
601031017,Glenorchy,2019,43411.0
601031017,Glenorchy,2020,42782.0
601031017,Glenorchy,2021,46512.0
601031017,Glenorchy,2022,50262.0
601031017,Glenorchy,2023,54970.0
601031018,Montrose - Rosetta,2019,50169.0
601031018,Montrose - Rosetta,2020,50864.0
601031018,Montrose - Rosetta,2021,52372.0
601031018,Montrose - Rosetta,2022,54459.0
601031018,Montrose - Rosetta,2023,58977.0
601031019,Moonah,2019,46181.0
601031019,Moonah,2020,45813.0
601031019,Moonah,2021,47850.0
601031019,Moonah,2022,52454.0
601031019,Moonah,2023,57411.0
601031020,New Norfolk,2019,47949.0
601031020,New Norfolk,2020,49716.0
601031020,New Norfolk,2021,50440.0
601031020,New Norfolk,2022,51931.0
601031020,New Norfolk,2023,54757.0
601031021,West Moonah,2019,46273.0
601031021,West Moonah,2020,45725.0
601031021,West Moonah,2021,48953.0
601031021,West Moonah,2022,53254.0
601031021,West Moonah,2023,57780.0
601041022,Kingston - Huntingfield,2019,50633.0
601041022,Kingston - Huntingfield,2020,51284.0
601041022,Kingston - Huntingfield,2021,52940.0
601041022,Kingston - Huntingfield,2022,55507.0
601041022,Kingston - Huntingfield,2023,59908.0
601041023,Kingston Beach - Blackmans Bay,2019,54236.0
601041023,Kingston Beach - Blackmans Bay,2020,56100.0
601041023,Kingston Beach - Blackmans Bay,2021,58003.0
601041023,Kingston Beach - Blackmans Bay,2022,60096.0
601041023,Kingston Beach - Blackmans Bay,2023,63223.0
601041024,Margate - Snug,2019,52505.0
601041024,Margate - Snug,2020,54323.0
601041024,Margate - Snug,2021,55849.0
601041024,Margate - Snug,2022,57501.0
601041024,Margate - Snug,2023,60548.0
601041025,Mount Wellington,2019,
601041025,Mount Wellington,2020,
601041025,Mount Wellington,2021,
601041025,Mount Wellington,2022,
601041025,Mount Wellington,2023,
601041026,Taroona - Bonnet Hill,2019,55661.0
601041026,Taroona - Bonnet Hill,2020,56734.0
601041026,Taroona - Bonnet Hill,2021,58650.0
601041026,Taroona - Bonnet Hill,2022,61836.0
601041026,Taroona - Bonnet Hill,2023,63175.0
601051027,Hobart,2019,43223.0
601051027,Hobart,2020,42192.0
601051027,Hobart,2021,47141.0
601051027,Hobart,2022,50974.0
601051027,Hobart,2023,54956.0
601051028,Lenah Valley - Mount Stuart,2019,56645.0
601051028,Lenah Valley - Mount Stuart,2020,56449.0
601051028,Lenah Valley - Mount Stuart,2021,59757.0
601051028,Lenah Valley - Mount Stuart,2022,62248.0
601051028,Lenah Valley - Mount Stuart,2023,67222.0
601051029,Mount Nelson - Dynnyrne,2019,44592.0
601051029,Mount Nelson - Dynnyrne,2020,46380.0
601051029,Mount Nelson - Dynnyrne,2021,49501.0
601051029,Mount Nelson - Dynnyrne,2022,52651.0
601051029,Mount Nelson - Dynnyrne,2023,57404.0
601051030,New Town,2019,49500.0
601051030,New Town,2020,50209.0
601051030,New Town,2021,54500.0
601051030,New Town,2022,56813.0
601051030,New Town,2023,62837.0
601051031,Sandy Bay,2019,40517.0
601051031,Sandy Bay,2020,41999.0
601051031,Sandy Bay,2021,45763.0
601051031,Sandy Bay,2022,51029.0
601051031,Sandy Bay,2023,56127.0
601051032,South Hobart - Fern Tree,2019,51318.0
601051032,South Hobart - Fern Tree,2020,51537.0
601051032,South Hobart - Fern Tree,2021,56723.0
601051032,South Hobart - Fern Tree,2022,57387.0
601051032,South Hobart - Fern Tree,2023,62652.0
601051033,West Hobart,2019,54069.0
601051033,West Hobart,2020,52893.0
601051033,West Hobart,2021,58213.0
601051033,West Hobart,2022,60989.0
601051033,West Hobart,2023,64711.0
601061034,Dodges Ferry - Lewisham,2019,48623.0
601061034,Dodges Ferry - Lewisham,2020,50344.0
601061034,Dodges Ferry - Lewisham,2021,51291.0
601061034,Dodges Ferry - Lewisham,2022,53627.0
601061034,Dodges Ferry - Lewisham,2023,57240.0
601061035,Sorell - Richmond,2019,50293.0
601061035,Sorell - Richmond,2020,51624.0
601061035,Sorell - Richmond,2021,53448.0
601061035,Sorell - Richmond,2022,56304.0
601061035,Sorell - Richmond,2023,59232.0
602011036,Invermay,2019,39235.0
602011036,Invermay,2020,40112.0
602011036,Invermay,2021,43634.0
602011036,Invermay,2022,47003.0
602011036,Invermay,2023,49926.0
602011037,Kings Meadows - Punchbowl,2019,48740.0
602011037,Kings Meadows - Punchbowl,2020,49251.0
602011037,Kings Meadows - Punchbowl,2021,51568.0
602011037,Kings Meadows - Punchbowl,2022,54864.0
602011037,Kings Meadows - Punchbowl,2023,58358.0
602011038,Launceston,2019,47459.0
602011038,Launceston,2020,47820.0
602011038,Launceston,2021,50359.0
602011038,Launceston,2022,52543.0
602011038,Launceston,2023,56304.0
602011039,Legana,2019,48191.0
602011039,Legana,2020,49350.0
602011039,Legana,2021,55238.0
602011039,Legana,2022,57196.0
602011039,Legana,2023,58874.0
602011040,Mowbray,2019,34197.0
602011040,Mowbray,2020,34987.0
602011040,Mowbray,2021,38666.0
602011040,Mowbray,2022,44010.0
602011040,Mowbray,2023,49598.0
602011041,Newnham - Mayfield,2019,39752.0
602011041,Newnham - Mayfield,2020,41136.0
602011041,Newnham - Mayfield,2021,42921.0
602011041,Newnham - Mayfield,2022,46233.0
602011041,Newnham - Mayfield,2023,49809.0
602011042,Newstead,2019,50915.0
602011042,Newstead,2020,52007.0
602011042,Newstead,2021,52679.0
602011042,Newstead,2022,55385.0
602011042,Newstead,2023,61567.0
602011043,Norwood (Tas.),2019,50320.0
602011043,Norwood (Tas.),2020,52688.0
602011043,Norwood (Tas.),2021,54194.0
602011043,Norwood (Tas.),2022,57051.0
602011043,Norwood (Tas.),2023,60952.0
602011044,Prospect Vale - Blackstone,2019,51316.0
602011044,Prospect Vale - Blackstone,2020,52460.0
602011044,Prospect Vale - Blackstone,2021,55519.0
602011044,Prospect Vale - Blackstone,2022,57816.0
602011044,Prospect Vale - Blackstone,2023,61851.0
602011045,Ravenswood,2019,37274.0
602011045,Ravenswood,2020,40584.0
602011045,Ravenswood,2021,40034.0
602011045,Ravenswood,2022,41437.0
602011045,Ravenswood,2023,45305.0
602011046,Riverside,2019,49241.0
602011046,Riverside,2020,52015.0
602011046,Riverside,2021,53000.0
602011046,Riverside,2022,55344.0
602011046,Riverside,2023,58817.0
602011047,South Launceston,2019,48653.0
602011047,South Launceston,2020,49980.0
602011047,South Launceston,2021,52586.0
602011047,South Launceston,2022,54346.0
602011047,South Launceston,2023,58588.0
602011048,Summerhill - Prospect,2019,50026.0
602011048,Summerhill - Prospect,2020,50931.0
602011048,Summerhill - Prospect,2021,54120.0
602011048,Summerhill - Prospect,2022,55640.0
602011048,Summerhill - Prospect,2023,59083.0
602011049,Trevallyn,2019,53780.0
602011049,Trevallyn,2020,54729.0
602011049,Trevallyn,2021,55628.0
602011049,Trevallyn,2022,58877.0
602011049,Trevallyn,2023,62302.0
602011050,Waverley - St Leonards,2019,47514.0
602011050,Waverley - St Leonards,2020,49091.0
602011050,Waverley - St Leonards,2021,50116.0
602011050,Waverley - St Leonards,2022,52612.0
602011050,Waverley - St Leonards,2023,55613.0
602011051,West Launceston,2019,50108.0
602011051,West Launceston,2020,51535.0
602011051,West Launceston,2021,55092.0
602011051,West Launceston,2022,56730.0
602011051,West Launceston,2023,61274.0
602011052,Youngtown - Relbia,2019,50190.0
602011052,Youngtown - Relbia,2020,52364.0
602011052,Youngtown - Relbia,2021,54050.0
602011052,Youngtown - Relbia,2022,56500.0
602011052,Youngtown - Relbia,2023,60513.0
602021053,Beauty Point - Beaconsfield,2019,33334.0
602021053,Beauty Point - Beaconsfield,2020,43665.0
602021053,Beauty Point - Beaconsfield,2021,45479.0
602021053,Beauty Point - Beaconsfield,2022,45182.0
602021053,Beauty Point - Beaconsfield,2023,48751.0
602021054,Deloraine,2019,40766.0
602021054,Deloraine,2020,42406.0
602021054,Deloraine,2021,42694.0
602021054,Deloraine,2022,45504.0
602021054,Deloraine,2023,41553.0
602021055,Grindelwald - Lanena,2019,46395.0
602021055,Grindelwald - Lanena,2020,49460.0
602021055,Grindelwald - Lanena,2021,50619.0
602021055,Grindelwald - Lanena,2022,52616.0
602021055,Grindelwald - Lanena,2023,55015.0
602021056,Hadspen - Carrick,2019,50645.0
602021056,Hadspen - Carrick,2020,52138.0
602021056,Hadspen - Carrick,2021,54913.0
602021056,Hadspen - Carrick,2022,56913.0
602021056,Hadspen - Carrick,2023,58578.0
602021057,Westbury,2019,45122.0
602021057,Westbury,2020,47316.0
602021057,Westbury,2021,48024.0
602021057,Westbury,2022,50968.0
602021057,Westbury,2023,51674.0
602031058,Dilston - Lilydale,2019,50821.0
602031058,Dilston - Lilydale,2020,53331.0
602031058,Dilston - Lilydale,2021,55689.0
602031058,Dilston - Lilydale,2022,57352.0
602031058,Dilston - Lilydale,2023,60619.0
602031059,George Town,2019,43158.0
602031059,George Town,2020,46456.0
602031059,George Town,2021,45785.0
602031059,George Town,2022,47242.0
602031059,George Town,2023,44667.0
602031060,Longford,2019,46003.0
602031060,Longford,2020,48922.0
602031060,Longford,2021,49857.0
602031060,Longford,2022,50380.0
602031060,Longford,2023,52361.0
602031061,Northern Midlands,2019,36804.0
602031061,Northern Midlands,2020,39537.0
602031061,Northern Midlands,2021,44533.0
602031061,Northern Midlands,2022,47631.0
602031061,Northern Midlands,2023,44329.0
602031062,Perth - Evandale,2019,49886.0
602031062,Perth - Evandale,2020,52428.0
602031062,Perth - Evandale,2021,53977.0
602031062,Perth - Evandale,2022,55637.0
602031062,Perth - Evandale,2023,59052.0
602031064,St Helens - Scamander,2019,35256.0
602031064,St Helens - Scamander,2020,35295.0
602031064,St Helens - Scamander,2021,36367.0
602031064,St Helens - Scamander,2022,36797.0
602031064,St Helens - Scamander,2023,40660.0
602031099,Flinders and Cape Barren Islands,2019,38106.0
602031099,Flinders and Cape Barren Islands,2020,40455.0
602031099,Flinders and Cape Barren Islands,2021,46261.0
602031099,Flinders and Cape Barren Islands,2022,44495.0
602031099,Flinders and Cape Barren Islands,2023,47850.0
602031100,Scottsdale - Bridport,2019,38993.0
602031100,Scottsdale - Bridport,2020,41006.0
602031100,Scottsdale - Bridport,2021,41882.0
602031100,Scottsdale - Bridport,2022,43839.0
602031100,Scottsdale - Bridport,2023,47086.0
603011065,Central Highlands,2019,42044.0
603011065,Central Highlands,2020,43682.0
603011065,Central Highlands,2021,45629.0
603011065,Central Highlands,2022,46767.0
603011065,Central Highlands,2023,48563.0
603011066,Derwent Valley,2019,48559.0
603011066,Derwent Valley,2020,49449.0
603011066,Derwent Valley,2021,51871.0
603011066,Derwent Valley,2022,52251.0
603011066,Derwent Valley,2023,54429.0
603011067,Southern Midlands,2019,46844.0
603011067,Southern Midlands,2020,48687.0
603011067,Southern Midlands,2021,50341.0
603011067,Southern Midlands,2022,52022.0
603011067,Southern Midlands,2023,55732.0
603011068,Wilderness - East,2019,30611.0
603011068,Wilderness - East,2020,34479.0
603011068,Wilderness - East,2021,37529.0
603011068,Wilderness - East,2022,46060.0
603011068,Wilderness - East,2023,51318.0
603021069,Bruny Island - Kettering,2019,44585.0
603021069,Bruny Island - Kettering,2020,45484.0
603021069,Bruny Island - Kettering,2021,46402.0
603021069,Bruny Island - Kettering,2022,48547.0
603021069,Bruny Island - Kettering,2023,50917.0
603021070,Cygnet,2019,36563.0
603021070,Cygnet,2020,36544.0
603021070,Cygnet,2021,42661.0
603021070,Cygnet,2022,44999.0
603021070,Cygnet,2023,44934.0
603021071,Geeveston - Dover,2019,42835.0
603021071,Geeveston - Dover,2020,44800.0
603021071,Geeveston - Dover,2021,47785.0
603021071,Geeveston - Dover,2022,48174.0
603021071,Geeveston - Dover,2023,50155.0
603021072,Huonville - Franklin,2019,46442.0
603021072,Huonville - Franklin,2020,49004.0
603021072,Huonville - Franklin,2021,50399.0
603021072,Huonville - Franklin,2022,52502.0
603021072,Huonville - Franklin,2023,53383.0
603031073,Forestier - Tasman,2019,38479.0
603031073,Forestier - Tasman,2020,37914.0
603031073,Forestier - Tasman,2021,40096.0
603031073,Forestier - Tasman,2022,41603.0
603031073,Forestier - Tasman,2023,45422.0
603031074,Triabunna - Bicheno,2019,37000.0
603031074,Triabunna - Bicheno,2020,37796.0
603031074,Triabunna - Bicheno,2021,42385.0
603031074,Triabunna - Bicheno,2022,43078.0
603031074,Triabunna - Bicheno,2023,45417.0
604011075,Acton - Upper Burnie,2019,47184.0
604011075,Acton - Upper Burnie,2020,47043.0
604011075,Acton - Upper Burnie,2021,47590.0
604011075,Acton - Upper Burnie,2022,48987.0
604011075,Acton - Upper Burnie,2023,53837.0
604011076,Burnie - Ulverstone Surrounds,2019,48768.0
604011076,Burnie - Ulverstone Surrounds,2020,49818.0
604011076,Burnie - Ulverstone Surrounds,2021,52026.0
604011076,Burnie - Ulverstone Surrounds,2022,54000.0
604011076,Burnie - Ulverstone Surrounds,2023,56228.0
604011077,Burnie - Wivenhoe,2019,45993.0
604011077,Burnie - Wivenhoe,2020,47669.0
604011077,Burnie - Wivenhoe,2021,48774.0
604011077,Burnie - Wivenhoe,2022,49968.0
604011077,Burnie - Wivenhoe,2023,53362.0
604011078,Parklands - Camdale,2019,50254.0
604011078,Parklands - Camdale,2020,52216.0
604011078,Parklands - Camdale,2021,53784.0
604011078,Parklands - Camdale,2022,55003.0
604011078,Parklands - Camdale,2023,58214.0
604011079,Penguin - Sulphur Creek,2019,49935.0
604011079,Penguin - Sulphur Creek,2020,51634.0
604011079,Penguin - Sulphur Creek,2021,52105.0
604011079,Penguin - Sulphur Creek,2022,54416.0
604011079,Penguin - Sulphur Creek,2023,58971.0
604011080,Romaine - Havenview,2019,51655.0
604011080,Romaine - Havenview,2020,53534.0
604011080,Romaine - Havenview,2021,54388.0
604011080,Romaine - Havenview,2022,55971.0
604011080,Romaine - Havenview,2023,58059.0
604011081,Somerset,2019,50214.0
604011081,Somerset,2020,52324.0
604011081,Somerset,2021,52543.0
604011081,Somerset,2022,54880.0
604011081,Somerset,2023,58021.0
604011082,Ulverstone,2019,46202.0
604011082,Ulverstone,2020,48144.0
604011082,Ulverstone,2021,49224.0
604011082,Ulverstone,2022,50644.0
604011082,Ulverstone,2023,52462.0
604011083,West Ulverstone,2019,45977.0
604011083,West Ulverstone,2020,48378.0
604011083,West Ulverstone,2021,48291.0
604011083,West Ulverstone,2022,49143.0
604011083,West Ulverstone,2023,52185.0
604011084,Wynyard,2019,49178.0
604011084,Wynyard,2020,50631.0
604011084,Wynyard,2021,52679.0
604011084,Wynyard,2022,55016.0
604011084,Wynyard,2023,56506.0
604021085,Devonport,2019,41951.0
604021085,Devonport,2020,44620.0
604021085,Devonport,2021,47246.0
604021085,Devonport,2022,50104.0
604021085,Devonport,2023,52500.0
604021086,East Devonport,2019,37176.0
604021086,East Devonport,2020,36911.0
604021086,East Devonport,2021,40086.0
604021086,East Devonport,2022,42209.0
604021086,East Devonport,2023,41681.0
604021087,Latrobe,2019,46165.0
604021087,Latrobe,2020,47989.0
604021087,Latrobe,2021,49898.0
604021087,Latrobe,2022,52362.0
604021087,Latrobe,2023,55680.0
604021088,Miandetta - Don,2019,48345.0
604021088,Miandetta - Don,2020,50696.0
604021088,Miandetta - Don,2021,52526.0
604021088,Miandetta - Don,2022,53962.0
604021088,Miandetta - Don,2023,58385.0
604021089,Port Sorell,2019,49992.0
604021089,Port Sorell,2020,50648.0
604021089,Port Sorell,2021,52803.0
604021089,Port Sorell,2022,52435.0
604021089,Port Sorell,2023,56767.0
604021090,Quoiba - Spreyton,2019,50462.0
604021090,Quoiba - Spreyton,2020,52320.0
604021090,Quoiba - Spreyton,2021,55786.0
604021090,Quoiba - Spreyton,2022,56877.0
604021090,Quoiba - Spreyton,2023,58847.0
604021091,Sheffield - Railton,2019,44876.0
604021091,Sheffield - Railton,2020,46337.0
604021091,Sheffield - Railton,2021,47458.0
604021091,Sheffield - Railton,2022,49597.0
604021091,Sheffield - Railton,2023,53314.0
604021092,Turners Beach - Forth,2019,48235.0
604021092,Turners Beach - Forth,2020,49706.0
604021092,Turners Beach - Forth,2021,53440.0
604021092,Turners Beach - Forth,2022,54941.0
604021092,Turners Beach - Forth,2023,57251.0
604031093,King Island,2019,43017.0
604031093,King Island,2020,44265.0
604031093,King Island,2021,49060.0
604031093,King Island,2022,49002.0
604031093,King Island,2023,51098.0
604031094,North West,2019,41121.0
604031094,North West,2020,42881.0
604031094,North West,2021,47136.0
604031094,North West,2022,45695.0
604031094,North West,2023,48430.0
604031095,Smithton,2019,44392.0
604031095,Smithton,2020,46553.0
604031095,Smithton,2021,45739.0
604031095,Smithton,2022,48863.0
604031095,Smithton,2023,51608.0
604031096,Waratah,2019,46939.0
604031096,Waratah,2020,50187.0
604031096,Waratah,2021,51062.0
604031096,Waratah,2022,51904.0
604031096,Waratah,2023,54719.0
604031097,West Coast (Tas.),2019,49691.0
604031097,West Coast (Tas.),2020,49543.0
604031097,West Coast (Tas.),2021,51309.0
604031097,West Coast (Tas.),2022,53284.0
604031097,West Coast (Tas.),2023,55654.0
604031098,Wilderness - West,2019,
604031098,Wilderness - West,2020,
604031098,Wilderness - West,2021,
604031098,Wilderness - West,2022,
604031098,Wilderness - West,2023,
701011001,Darwin Airport,2019,59048.0
701011001,Darwin Airport,2020,57159.0
701011001,Darwin Airport,2021,61425.0
701011001,Darwin Airport,2022,104784.0
701011001,Darwin Airport,2023,43678.0
701011002,Darwin City,2019,50602.0
701011002,Darwin City,2020,51690.0
701011002,Darwin City,2021,61985.0
701011002,Darwin City,2022,65209.0
701011002,Darwin City,2023,64511.0
701011003,East Point,2019,81324.0
701011003,East Point,2020,48207.0
701011003,East Point,2021,83389.0
701011003,East Point,2022,85951.0
701011003,East Point,2023,86325.0
701011004,Fannie Bay - The Gardens,2019,69590.0
701011004,Fannie Bay - The Gardens,2020,69351.0
701011004,Fannie Bay - The Gardens,2021,73811.0
701011004,Fannie Bay - The Gardens,2022,76507.0
701011004,Fannie Bay - The Gardens,2023,79354.0
701011005,Larrakeyah,2019,63239.0
701011005,Larrakeyah,2020,62653.0
701011005,Larrakeyah,2021,70065.0
701011005,Larrakeyah,2022,73778.0
701011005,Larrakeyah,2023,78272.0
701011006,Ludmilla - The Narrows,2019,61414.0
701011006,Ludmilla - The Narrows,2020,63260.0
701011006,Ludmilla - The Narrows,2021,65451.0
701011006,Ludmilla - The Narrows,2022,70448.0
701011006,Ludmilla - The Narrows,2023,73757.0
701011007,Parap,2019,68731.0
701011007,Parap,2020,69839.0
701011007,Parap,2021,73733.0
701011007,Parap,2022,75940.0
701011007,Parap,2023,72477.0
701011008,Stuart Park,2019,64550.0
701011008,Stuart Park,2020,64801.0
701011008,Stuart Park,2021,68691.0
701011008,Stuart Park,2022,71948.0
701011008,Stuart Park,2023,73437.0
701011009,Woolner - Bayview - Winnellie,2019,54873.0
701011009,Woolner - Bayview - Winnellie,2020,55849.0
701011009,Woolner - Bayview - Winnellie,2021,59932.0
701011009,Woolner - Bayview - Winnellie,2022,65287.0
701011009,Woolner - Bayview - Winnellie,2023,66747.0
701021010,Alawa,2019,56647.0
701021010,Alawa,2020,57166.0
701021010,Alawa,2021,60045.0
701021010,Alawa,2022,63752.0
701021010,Alawa,2023,65629.0
701021011,Anula,2019,65898.0
701021011,Anula,2020,66628.0
701021011,Anula,2021,68294.0
701021011,Anula,2022,70994.0
701021011,Anula,2023,73330.0
701021012,Berrimah,2019,59798.0
701021012,Berrimah,2020,60000.0
701021012,Berrimah,2021,65200.0
701021012,Berrimah,2022,69799.0
701021012,Berrimah,2023,67629.0
701021013,Brinkin - Nakara,2019,54794.0
701021013,Brinkin - Nakara,2020,52728.0
701021013,Brinkin - Nakara,2021,55287.0
701021013,Brinkin - Nakara,2022,60350.0
701021013,Brinkin - Nakara,2023,61688.0
701021014,Buffalo Creek,2019,
701021014,Buffalo Creek,2020,
701021014,Buffalo Creek,2021,
701021014,Buffalo Creek,2022,
701021014,Buffalo Creek,2023,
701021015,Charles Darwin,2019,
701021015,Charles Darwin,2020,6198.0
701021015,Charles Darwin,2021,34741.0
701021015,Charles Darwin,2022,
701021015,Charles Darwin,2023,39371.0
701021016,Coconut Grove,2019,56527.0
701021016,Coconut Grove,2020,56359.0
701021016,Coconut Grove,2021,62079.0
701021016,Coconut Grove,2022,65472.0
701021016,Coconut Grove,2023,69963.0
701021017,East Arm,2019,59956.0
701021017,East Arm,2020,61022.0
701021017,East Arm,2021,67735.0
701021017,East Arm,2022,25227.0
701021017,East Arm,2023,47946.0
701021018,Jingili,2019,63170.0
701021018,Jingili,2020,62339.0
701021018,Jingili,2021,65864.0
701021018,Jingili,2022,70552.0
701021018,Jingili,2023,71805.0
701021019,Karama,2019,56640.0
701021019,Karama,2020,57548.0
701021019,Karama,2021,59223.0
701021019,Karama,2022,60971.0
701021019,Karama,2023,62592.0
701021020,Leanyer,2019,65616.0
701021020,Leanyer,2020,67758.0
701021020,Leanyer,2021,70551.0
701021020,Leanyer,2022,72589.0
701021020,Leanyer,2023,74925.0
701021021,Lyons (NT),2019,76812.0
701021021,Lyons (NT),2020,78091.0
701021021,Lyons (NT),2021,80544.0
701021021,Lyons (NT),2022,82679.0
701021021,Lyons (NT),2023,86753.0
701021022,Malak - Marrara,2019,61410.0
701021022,Malak - Marrara,2020,62041.0
701021022,Malak - Marrara,2021,62176.0
701021022,Malak - Marrara,2022,66062.0
701021022,Malak - Marrara,2023,67037.0
701021023,Millner,2019,57066.0
701021023,Millner,2020,57335.0
701021023,Millner,2021,58825.0
701021023,Millner,2022,64493.0
701021023,Millner,2023,67857.0
701021024,Moil,2019,59336.0
701021024,Moil,2020,60735.0
701021024,Moil,2021,61356.0
701021024,Moil,2022,64055.0
701021024,Moil,2023,67130.0
701021025,Nightcliff,2019,64922.0
701021025,Nightcliff,2020,65952.0
701021025,Nightcliff,2021,70435.0
701021025,Nightcliff,2022,73390.0
701021025,Nightcliff,2023,75267.0
701021026,Rapid Creek,2019,63141.0
701021026,Rapid Creek,2020,65032.0
701021026,Rapid Creek,2021,68929.0
701021026,Rapid Creek,2022,75721.0
701021026,Rapid Creek,2023,78787.0
701021027,Tiwi,2019,66425.0
701021027,Tiwi,2020,67564.0
701021027,Tiwi,2021,70756.0
701021027,Tiwi,2022,72181.0
701021027,Tiwi,2023,76556.0
701021028,Wagaman,2019,52275.0
701021028,Wagaman,2020,53426.0
701021028,Wagaman,2021,56004.0
701021028,Wagaman,2022,61317.0
701021028,Wagaman,2023,62907.0
701021029,Wanguri,2019,62894.0
701021029,Wanguri,2020,66399.0
701021029,Wanguri,2021,66178.0
701021029,Wanguri,2022,67449.0
701021029,Wanguri,2023,68899.0
701021030,Wulagi,2019,67056.0
701021030,Wulagi,2020,68041.0
701021030,Wulagi,2021,70535.0
701021030,Wulagi,2022,72286.0
701021030,Wulagi,2023,73664.0
701031031,Howard Springs,2019,68865.0
701031031,Howard Springs,2020,69111.0
701031031,Howard Springs,2021,71334.0
701031031,Howard Springs,2022,74708.0
701031031,Howard Springs,2023,77286.0
701031032,Humpty Doo,2019,66887.0
701031032,Humpty Doo,2020,67048.0
701031032,Humpty Doo,2021,69335.0
701031032,Humpty Doo,2022,72912.0
701031032,Humpty Doo,2023,76722.0
701031033,Koolpinyah,2019,68346.0
701031033,Koolpinyah,2020,75082.0
701031033,Koolpinyah,2021,71751.0
701031033,Koolpinyah,2022,73595.0
701031033,Koolpinyah,2023,90485.0
701031034,Virginia,2019,61530.0
701031034,Virginia,2020,62785.0
701031034,Virginia,2021,66973.0
701031034,Virginia,2022,68033.0
701031034,Virginia,2023,72556.0
701031035,Weddell,2019,57456.0
701031035,Weddell,2020,58899.0
701031035,Weddell,2021,64618.0
701031035,Weddell,2022,66810.0
701031035,Weddell,2023,68788.0
701041036,Bakewell,2019,65007.0
701041036,Bakewell,2020,66267.0
701041036,Bakewell,2021,66889.0
701041036,Bakewell,2022,70462.0
701041036,Bakewell,2023,74313.0
701041037,Driver,2019,61492.0
701041037,Driver,2020,60450.0
701041037,Driver,2021,61940.0
701041037,Driver,2022,65168.0
701041037,Driver,2023,68368.0
701041038,Durack - Marlow Lagoon,2019,72539.0
701041038,Durack - Marlow Lagoon,2020,73113.0
701041038,Durack - Marlow Lagoon,2021,76480.0
701041038,Durack - Marlow Lagoon,2022,79501.0
701041038,Durack - Marlow Lagoon,2023,78796.0
701041039,Gray,2019,57437.0
701041039,Gray,2020,58485.0
701041039,Gray,2021,59521.0
701041039,Gray,2022,61545.0
701041039,Gray,2023,64396.0
701041040,Moulden,2019,57687.0
701041040,Moulden,2020,57471.0
701041040,Moulden,2021,58977.0
701041040,Moulden,2022,58055.0
701041040,Moulden,2023,61024.0
701041041,Palmerston - North,2019,70950.0
701041041,Palmerston - North,2020,69083.0
701041041,Palmerston - North,2021,71864.0
701041041,Palmerston - North,2022,73856.0
701041041,Palmerston - North,2023,75824.0
701041042,Palmerston - South,2019,72165.0
701041042,Palmerston - South,2020,72074.0
701041042,Palmerston - South,2021,75243.0
701041042,Palmerston - South,2022,79261.0
701041042,Palmerston - South,2023,82623.0
701041043,Rosebery - Bellamack,2019,70926.0
701041043,Rosebery - Bellamack,2020,69097.0
701041043,Rosebery - Bellamack,2021,71209.0
701041043,Rosebery - Bellamack,2022,73846.0
701041043,Rosebery - Bellamack,2023,77008.0
701041044,Woodroffe,2019,63056.0
701041044,Woodroffe,2020,62712.0
701041044,Woodroffe,2021,65191.0
701041044,Woodroffe,2022,67931.0
701041044,Woodroffe,2023,71288.0
702011045,Charles,2019,34797.0
702011045,Charles,2020,37275.0
702011045,Charles,2021,42998.0
702011045,Charles,2022,43781.0
702011045,Charles,2023,47205.0
702011046,East Side,2019,59170.0
702011046,East Side,2020,61089.0
702011046,East Side,2021,67767.0
702011046,East Side,2022,69849.0
702011046,East Side,2023,72089.0
702011047,Flynn (NT),2019,58591.0
702011047,Flynn (NT),2020,59496.0
702011047,Flynn (NT),2021,63696.0
702011047,Flynn (NT),2022,68060.0
702011047,Flynn (NT),2023,69234.0
702011048,Larapinta,2019,65198.0
702011048,Larapinta,2020,66888.0
702011048,Larapinta,2021,71885.0
702011048,Larapinta,2022,74880.0
702011048,Larapinta,2023,74900.0
702011049,Mount Johns,2019,60646.0
702011049,Mount Johns,2020,65178.0
702011049,Mount Johns,2021,71001.0
702011049,Mount Johns,2022,73634.0
702011049,Mount Johns,2023,75787.0
702011050,Petermann - Simpson,2019,48476.0
702011050,Petermann - Simpson,2020,44706.0
702011050,Petermann - Simpson,2021,45330.0
702011050,Petermann - Simpson,2022,44117.0
702011050,Petermann - Simpson,2023,52104.0
702011051,Ross,2019,59957.0
702011051,Ross,2020,62204.0
702011051,Ross,2021,67265.0
702011051,Ross,2022,66847.0
702011051,Ross,2023,70955.0
702011052,Sandover - Plenty,2019,16417.0
702011052,Sandover - Plenty,2020,22006.0
702011052,Sandover - Plenty,2021,21127.0
702011052,Sandover - Plenty,2022,24477.0
702011052,Sandover - Plenty,2023,19430.0
702011053,Tanami,2019,19953.0
702011053,Tanami,2020,20129.0
702011053,Tanami,2021,19309.0
702011053,Tanami,2022,19777.0
702011053,Tanami,2023,18020.0
702011054,Yuendumu - Anmatjere,2019,30420.0
702011054,Yuendumu - Anmatjere,2020,29919.0
702011054,Yuendumu - Anmatjere,2021,22572.0
702011054,Yuendumu - Anmatjere,2022,25141.0
702011054,Yuendumu - Anmatjere,2023,25417.0
702021055,Barkly,2019,28323.0
702021055,Barkly,2020,25082.0
702021055,Barkly,2021,30952.0
702021055,Barkly,2022,31189.0
702021055,Barkly,2023,29780.0
702021056,Tennant Creek,2019,54657.0
702021056,Tennant Creek,2020,56540.0
702021056,Tennant Creek,2021,60709.0
702021056,Tennant Creek,2022,63662.0
702021056,Tennant Creek,2023,64816.0
702031057,Alligator,2019,51376.0
702031057,Alligator,2020,50522.0
702031057,Alligator,2021,51835.0
702031057,Alligator,2022,47889.0
702031057,Alligator,2023,48198.0
702031058,Daly,2019,33448.0
702031058,Daly,2020,34868.0
702031058,Daly,2021,37272.0
702031058,Daly,2022,36862.0
702031058,Daly,2023,37342.0
702031059,Thamarrurr,2019,30064.0
702031059,Thamarrurr,2020,30936.0
702031059,Thamarrurr,2021,33081.0
702031059,Thamarrurr,2022,32096.0
702031059,Thamarrurr,2023,30055.0
702031060,Tiwi Islands,2019,28167.0
702031060,Tiwi Islands,2020,28454.0
702031060,Tiwi Islands,2021,26408.0
702031060,Tiwi Islands,2022,22832.0
702031060,Tiwi Islands,2023,25176.0
702031061,West Arnhem,2019,20744.0
702031061,West Arnhem,2020,16360.0
702031061,West Arnhem,2021,13903.0
702031061,West Arnhem,2022,14071.0
702031061,West Arnhem,2023,18455.0
702041062,Anindilyakwa,2019,55183.0
702041062,Anindilyakwa,2020,63409.0
702041062,Anindilyakwa,2021,68820.0
702041062,Anindilyakwa,2022,67685.0
702041062,Anindilyakwa,2023,64370.0
702041063,East Arnhem,2019,19940.0
702041063,East Arnhem,2020,17678.0
702041063,East Arnhem,2021,17763.0
702041063,East Arnhem,2022,16141.0
702041063,East Arnhem,2023,17421.0
702041064,Nhulunbuy,2019,68148.0
702041064,Nhulunbuy,2020,70270.0
702041064,Nhulunbuy,2021,72127.0
702041064,Nhulunbuy,2022,73505.0
702041064,Nhulunbuy,2023,73658.0
702051065,Elsey,2019,27651.0
702051065,Elsey,2020,28574.0
702051065,Elsey,2021,33399.0
702051065,Elsey,2022,31657.0
702051065,Elsey,2023,36961.0
702051066,Gulf,2019,22687.0
702051066,Gulf,2020,22341.0
702051066,Gulf,2021,20712.0
702051066,Gulf,2022,25734.0
702051066,Gulf,2023,28295.0
702051067,Katherine,2019,55016.0
702051067,Katherine,2020,56932.0
702051067,Katherine,2021,57487.0
702051067,Katherine,2022,59720.0
702051067,Katherine,2023,61601.0
702051068,Victoria River,2019,26434.0
702051068,Victoria River,2020,28562.0
702051068,Victoria River,2021,18399.0
702051068,Victoria River,2022,26856.0
702051068,Victoria River,2023,31007.0
801011001,Aranda,2019,77109.0
801011001,Aranda,2020,77614.0
801011001,Aranda,2021,84666.0
801011001,Aranda,2022,84681.0
801011001,Aranda,2023,88671.0
801011002,Belconnen,2019,57602.0
801011002,Belconnen,2020,56008.0
801011002,Belconnen,2021,58754.0
801011002,Belconnen,2022,60351.0
801011002,Belconnen,2023,67231.0
801011003,Bruce,2019,56975.0
801011003,Bruce,2020,59224.0
801011003,Bruce,2021,62529.0
801011003,Bruce,2022,67591.0
801011003,Bruce,2023,70687.0
801011004,Charnwood,2019,59286.0
801011004,Charnwood,2020,62346.0
801011004,Charnwood,2021,65010.0
801011004,Charnwood,2022,66543.0
801011004,Charnwood,2023,73977.0
801011005,Cook,2019,76033.0
801011005,Cook,2020,76096.0
801011005,Cook,2021,79192.0
801011005,Cook,2022,83800.0
801011005,Cook,2023,85863.0
801011006,Dunlop,2019,68527.0
801011006,Dunlop,2020,71210.0
801011006,Dunlop,2021,73945.0
801011006,Dunlop,2022,75170.0
801011006,Dunlop,2023,78688.0
801011007,Evatt,2019,64497.0
801011007,Evatt,2020,68456.0
801011007,Evatt,2021,70669.0
801011007,Evatt,2022,71937.0
801011007,Evatt,2023,77550.0
801011008,Florey,2019,61843.0
801011008,Florey,2020,64334.0
801011008,Florey,2021,67680.0
801011008,Florey,2022,70415.0
801011008,Florey,2023,74101.0
801011009,Flynn (ACT),2019,68292.0
801011009,Flynn (ACT),2020,69697.0
801011009,Flynn (ACT),2021,73295.0
801011009,Flynn (ACT),2022,74408.0
801011009,Flynn (ACT),2023,80124.0
801011010,Fraser,2019,67482.0
801011010,Fraser,2020,70662.0
801011010,Fraser,2021,75414.0
801011010,Fraser,2022,75024.0
801011010,Fraser,2023,76962.0
801011011,Giralang,2019,67165.0
801011011,Giralang,2020,70902.0
801011011,Giralang,2021,73125.0
801011011,Giralang,2022,74355.0
801011011,Giralang,2023,78886.0
801011012,Gooromon,2019,
801011012,Gooromon,2020,
801011012,Gooromon,2021,
801011012,Gooromon,2022,
801011012,Gooromon,2023,
801011013,Hawker,2019,65065.0
801011013,Hawker,2020,67893.0
801011013,Hawker,2021,71172.0
801011013,Hawker,2022,72424.0
801011013,Hawker,2023,78838.0
801011014,Higgins,2019,64181.0
801011014,Higgins,2020,66678.0
801011014,Higgins,2021,71092.0
801011014,Higgins,2022,73551.0
801011014,Higgins,2023,77376.0
801011015,Holt,2019,63999.0
801011015,Holt,2020,67419.0
801011015,Holt,2021,70165.0
801011015,Holt,2022,72056.0
801011015,Holt,2023,76337.0
801011016,Kaleen,2019,59970.0
801011016,Kaleen,2020,62333.0
801011016,Kaleen,2021,67284.0
801011016,Kaleen,2022,70061.0
801011016,Kaleen,2023,74805.0
801011017,Latham,2019,65304.0
801011017,Latham,2020,67211.0
801011017,Latham,2021,70404.0
801011017,Latham,2022,72707.0
801011017,Latham,2023,77560.0
801011018,Lawson,2019,63853.0
801011018,Lawson,2020,62742.0
801011018,Lawson,2021,66972.0
801011018,Lawson,2022,66665.0
801011018,Lawson,2023,71363.0
801011019,Macgregor (ACT),2019,68983.0
801011019,Macgregor (ACT),2020,69880.0
801011019,Macgregor (ACT),2021,72874.0
801011019,Macgregor (ACT),2022,74484.0
801011019,Macgregor (ACT),2023,78885.0
801011020,Macquarie,2019,59138.0
801011020,Macquarie,2020,63045.0
801011020,Macquarie,2021,67830.0
801011020,Macquarie,2022,70956.0
801011020,Macquarie,2023,74384.0
801011021,McKellar,2019,64288.0
801011021,McKellar,2020,67780.0
801011021,McKellar,2021,71392.0
801011021,McKellar,2022,77320.0
801011021,McKellar,2023,79946.0
801011022,Melba,2019,66645.0
801011022,Melba,2020,68513.0
801011022,Melba,2021,72000.0
801011022,Melba,2022,73207.0
801011022,Melba,2023,78061.0
801011023,Page,2019,60276.0
801011023,Page,2020,62335.0
801011023,Page,2021,65365.0
801011023,Page,2022,68079.0
801011023,Page,2023,70568.0
801011024,Scullin,2019,61378.0
801011024,Scullin,2020,66075.0
801011024,Scullin,2021,66636.0
801011024,Scullin,2022,68159.0
801011024,Scullin,2023,72437.0
801011025,Spence,2019,65809.0
801011025,Spence,2020,68462.0
801011025,Spence,2021,72442.0
801011025,Spence,2022,73090.0
801011025,Spence,2023,77586.0
801011026,Weetangera,2019,71646.0
801011026,Weetangera,2020,70903.0
801011026,Weetangera,2021,75422.0
801011026,Weetangera,2022,78012.0
801011026,Weetangera,2023,85286.0
801011111,Molonglo Corridor,2019,59070.0
801011111,Molonglo Corridor,2020,62938.0
801011111,Molonglo Corridor,2021,55880.0
801011111,Molonglo Corridor,2022,71300.0
801011111,Molonglo Corridor,2023,69599.0
801011142,Macnamara,2019,
801011142,Macnamara,2020,
801011142,Macnamara,2021,
801011142,Macnamara,2022,
801011142,Macnamara,2023,
801011143,Strathnairn,2019,
801011143,Strathnairn,2020,65877.0
801011143,Strathnairn,2021,71809.0
801011143,Strathnairn,2022,74855.0
801011143,Strathnairn,2023,82495.0
801011144,West Belconnen,2019,64425.0
801011144,West Belconnen,2020,20589.0
801011144,West Belconnen,2021,69574.0
801011144,West Belconnen,2022,64861.0
801011144,West Belconnen,2023,74045.0
801031031,Hume,2019,29893.0
801031031,Hume,2020,30797.0
801031031,Hume,2021,43539.0
801031031,Hume,2022,62048.0
801031031,Hume,2023,60404.0
801031032,Kowen,2019,50057.0
801031032,Kowen,2020,45026.0
801031032,Kowen,2021,42910.0
801031032,Kowen,2022,44980.0
801031032,Kowen,2023,95652.0
801031113,Canberra East,2019,51442.0
801031113,Canberra East,2020,48308.0
801031113,Canberra East,2021,50695.0
801031113,Canberra East,2022,53486.0
801031113,Canberra East,2023,59070.0
801031114,Canberra Airport,2019,88087.0
801031114,Canberra Airport,2020,71209.0
801031114,Canberra Airport,2021,75471.0
801031114,Canberra Airport,2022,73295.0
801031114,Canberra Airport,2023,84444.0
801031115,Majura,2019,53045.0
801031115,Majura,2020,51279.0
801031115,Majura,2021,54893.0
801031115,Majura,2022,59827.0
801031115,Majura,2023,61343.0
801041034,Amaroo,2019,70311.0
801041034,Amaroo,2020,72859.0
801041034,Amaroo,2021,74082.0
801041034,Amaroo,2022,75580.0
801041034,Amaroo,2023,79224.0
801041035,Bonner,2019,68495.0
801041035,Bonner,2020,70248.0
801041035,Bonner,2021,70494.0
801041035,Bonner,2022,72304.0
801041035,Bonner,2023,75550.0
801041036,Casey,2019,73451.0
801041036,Casey,2020,74386.0
801041036,Casey,2021,75864.0
801041036,Casey,2022,77522.0
801041036,Casey,2023,80707.0
801041037,Crace,2019,77429.0
801041037,Crace,2020,80027.0
801041037,Crace,2021,81363.0
801041037,Crace,2022,82808.0
801041037,Crace,2023,87035.0
801041038,Forde,2019,82186.0
801041038,Forde,2020,84180.0
801041038,Forde,2021,87343.0
801041038,Forde,2022,87785.0
801041038,Forde,2023,92802.0
801041039,Franklin,2019,63995.0
801041039,Franklin,2020,61802.0
801041039,Franklin,2021,66038.0
801041039,Franklin,2022,66927.0
801041039,Franklin,2023,72761.0
801041040,Gungahlin,2019,55121.0
801041040,Gungahlin,2020,56329.0
801041040,Gungahlin,2021,59850.0
801041040,Gungahlin,2022,62027.0
801041040,Gungahlin,2023,67693.0
801041043,Hall,2019,60629.0
801041043,Hall,2020,60144.0
801041043,Hall,2021,71618.0
801041043,Hall,2022,63495.0
801041043,Hall,2023,60000.0
801041044,Harrison,2019,67398.0
801041044,Harrison,2020,67950.0
801041044,Harrison,2021,70931.0
801041044,Harrison,2022,73070.0
801041044,Harrison,2023,78557.0
801041045,Mitchell,2019,50370.0
801041045,Mitchell,2020,37752.0
801041045,Mitchell,2021,55664.0
801041045,Mitchell,2022,50000.0
801041045,Mitchell,2023,69854.0
801041046,Ngunnawal,2019,66030.0
801041046,Ngunnawal,2020,67742.0
801041046,Ngunnawal,2021,70241.0
801041046,Ngunnawal,2022,72324.0
801041046,Ngunnawal,2023,76595.0
801041047,Nicholls,2019,68465.0
801041047,Nicholls,2020,71580.0
801041047,Nicholls,2021,75110.0
801041047,Nicholls,2022,76902.0
801041047,Nicholls,2023,82450.0
801041048,Palmerston,2019,65135.0
801041048,Palmerston,2020,68766.0
801041048,Palmerston,2021,71306.0
801041048,Palmerston,2022,72729.0
801041048,Palmerston,2023,76978.0
801041116,Gungahlin - East,2019,
801041116,Gungahlin - East,2020,
801041116,Gungahlin - East,2021,
801041116,Gungahlin - East,2022,
801041116,Gungahlin - East,2023,
801041117,Gungahlin - West,2019,
801041117,Gungahlin - West,2020,
801041117,Gungahlin - West,2021,
801041117,Gungahlin - West,2022,
801041117,Gungahlin - West,2023,
801041118,Jacka,2019,65643.0
801041118,Jacka,2020,62690.0
801041118,Jacka,2021,66617.0
801041118,Jacka,2022,73500.0
801041118,Jacka,2023,75959.0
801041119,Kenny,2019,
801041119,Kenny,2020,
801041119,Kenny,2021,
801041119,Kenny,2022,46925.0
801041119,Kenny,2023,62920.0
801041120,Moncrieff,2019,66977.0
801041120,Moncrieff,2020,69357.0
801041120,Moncrieff,2021,72404.0
801041120,Moncrieff,2022,75922.0
801041120,Moncrieff,2023,78745.0
801041121,Taylor,2019,69492.0
801041121,Taylor,2020,63309.0
801041121,Taylor,2021,64973.0
801041121,Taylor,2022,68034.0
801041121,Taylor,2023,72720.0
801041122,Throsby,2019,64124.0
801041122,Throsby,2020,72226.0
801041122,Throsby,2021,75716.0
801041122,Throsby,2022,76959.0
801041122,Throsby,2023,82653.0
801051049,Acton,2019,6284.0
801051049,Acton,2020,7048.0
801051049,Acton,2021,9165.0
801051049,Acton,2022,10337.0
801051049,Acton,2023,10702.0
801051050,Ainslie,2019,73678.0
801051050,Ainslie,2020,76684.0
801051050,Ainslie,2021,78588.0
801051050,Ainslie,2022,81019.0
801051050,Ainslie,2023,83763.0
801051051,Braddon,2019,75177.0
801051051,Braddon,2020,77381.0
801051051,Braddon,2021,80087.0
801051051,Braddon,2022,83523.0
801051051,Braddon,2023,85533.0
801051053,Civic,2019,53289.0
801051053,Civic,2020,60909.0
801051053,Civic,2021,70653.0
801051053,Civic,2022,71799.0
801051053,Civic,2023,71301.0
801051054,Dickson,2019,64403.0
801051054,Dickson,2020,68858.0
801051054,Dickson,2021,71899.0
801051054,Dickson,2022,76984.0
801051054,Dickson,2023,81679.0
801051055,Downer,2019,62533.0
801051055,Downer,2020,64955.0
801051055,Downer,2021,68199.0
801051055,Downer,2022,71264.0
801051055,Downer,2023,75482.0
801051056,Hackett,2019,74225.0
801051056,Hackett,2020,78905.0
801051056,Hackett,2021,81736.0
801051056,Hackett,2022,83604.0
801051056,Hackett,2023,86655.0
801051057,Lyneham,2019,65999.0
801051057,Lyneham,2020,67371.0
801051057,Lyneham,2021,70365.0
801051057,Lyneham,2022,75145.0
801051057,Lyneham,2023,80366.0
801051058,O'Connor (ACT),2019,68821.0
801051058,O'Connor (ACT),2020,71059.0
801051058,O'Connor (ACT),2021,75285.0
801051058,O'Connor (ACT),2022,77781.0
801051058,O'Connor (ACT),2023,80150.0
801051060,Turner,2019,72781.0
801051060,Turner,2020,74610.0
801051060,Turner,2021,80673.0
801051060,Turner,2022,81658.0
801051060,Turner,2023,84069.0
801051061,Watson,2019,70000.0
801051061,Watson,2020,74545.0
801051061,Watson,2021,77396.0
801051061,Watson,2022,81266.0
801051061,Watson,2023,87060.0
801051123,Black Mountain,2019,
801051123,Black Mountain,2020,
801051123,Black Mountain,2021,
801051123,Black Mountain,2022,
801051123,Black Mountain,2023,
801051124,Campbell,2019,78688.0
801051124,Campbell,2020,79729.0
801051124,Campbell,2021,84570.0
801051124,Campbell,2022,87556.0
801051124,Campbell,2023,91190.0
801051125,Duntroon,2019,53991.0
801051125,Duntroon,2020,57425.0
801051125,Duntroon,2021,55472.0
801051125,Duntroon,2022,61249.0
801051125,Duntroon,2023,64512.0
801051126,Parkes (ACT) - North,2019,
801051126,Parkes (ACT) - North,2020,
801051126,Parkes (ACT) - North,2021,
801051126,Parkes (ACT) - North,2022,89374.0
801051126,Parkes (ACT) - North,2023,109066.0
801051127,Reid,2019,64353.0
801051127,Reid,2020,67176.0
801051127,Reid,2021,70064.0
801051127,Reid,2022,70004.0
801051127,Reid,2023,73546.0
801051128,Russell,2019,124324.0
801051128,Russell,2020,
801051128,Russell,2021,
801051128,Russell,2022,
801051128,Russell,2023,84853.0
801061062,Deakin,2019,79416.0
801061062,Deakin,2020,80309.0
801061062,Deakin,2021,84575.0
801061062,Deakin,2022,89176.0
801061062,Deakin,2023,91665.0
801061063,Forrest,2019,79220.0
801061063,Forrest,2020,80971.0
801061063,Forrest,2021,85296.0
801061063,Forrest,2022,88709.0
801061063,Forrest,2023,89523.0
801061064,Griffith (ACT),2019,82273.0
801061064,Griffith (ACT),2020,85129.0
801061064,Griffith (ACT),2021,86964.0
801061064,Griffith (ACT),2022,88033.0
801061064,Griffith (ACT),2023,91398.0
801061066,Lake Burley Griffin,2019,
801061066,Lake Burley Griffin,2020,
801061066,Lake Burley Griffin,2021,
801061066,Lake Burley Griffin,2022,
801061066,Lake Burley Griffin,2023,
801061067,Narrabundah,2019,73809.0
801061067,Narrabundah,2020,76407.0
801061067,Narrabundah,2021,79972.0
801061067,Narrabundah,2022,83615.0
801061067,Narrabundah,2023,87172.0
801061068,Parkes (ACT) - South,2019,124494.0
801061068,Parkes (ACT) - South,2020,95142.0
801061068,Parkes (ACT) - South,2021,69590.0
801061068,Parkes (ACT) - South,2022,94885.0
801061068,Parkes (ACT) - South,2023,112371.0
801061069,Red Hill (ACT),2019,73236.0
801061069,Red Hill (ACT),2020,76265.0
801061069,Red Hill (ACT),2021,80283.0
801061069,Red Hill (ACT),2022,82092.0
801061069,Red Hill (ACT),2023,84277.0
801061070,Yarralumla,2019,71265.0
801061070,Yarralumla,2020,81103.0
801061070,Yarralumla,2021,83679.0
801061070,Yarralumla,2022,85368.0
801061070,Yarralumla,2023,89834.0
801061129,Barton,2019,91296.0
801061129,Barton,2020,95922.0
801061129,Barton,2021,99637.0
801061129,Barton,2022,101902.0
801061129,Barton,2023,108941.0
801061130,Fyshwick,2019,54821.0
801061130,Fyshwick,2020,52798.0
801061130,Fyshwick,2021,50484.0
801061130,Fyshwick,2022,50000.0
801061130,Fyshwick,2023,58309.0
801061131,Kingston (ACT),2019,88384.0
801061131,Kingston (ACT),2020,89897.0
801061131,Kingston (ACT),2021,93521.0
801061131,Kingston (ACT),2022,98169.0
801061131,Kingston (ACT),2023,103210.0
801071071,Banks,2019,66917.0
801071071,Banks,2020,70011.0
801071071,Banks,2021,71896.0
801071071,Banks,2022,72241.0
801071071,Banks,2023,77748.0
801071072,Bonython,2019,66729.0
801071072,Bonython,2020,69722.0
801071072,Bonython,2021,72444.0
801071072,Bonython,2022,73600.0
801071072,Bonython,2023,78477.0
801071073,Calwell,2019,67409.0
801071073,Calwell,2020,69985.0
801071073,Calwell,2021,72845.0
801071073,Calwell,2022,75000.0
801071073,Calwell,2023,80891.0
801071074,Chisholm,2019,65787.0
801071074,Chisholm,2020,68329.0
801071074,Chisholm,2021,69987.0
801071074,Chisholm,2022,71868.0
801071074,Chisholm,2023,76309.0
801071075,Conder,2019,67872.0
801071075,Conder,2020,70863.0
801071075,Conder,2021,73080.0
801071075,Conder,2022,75516.0
801071075,Conder,2023,79051.0
801071076,Fadden,2019,77817.0
801071076,Fadden,2020,79430.0
801071076,Fadden,2021,84045.0
801071076,Fadden,2022,83153.0
801071076,Fadden,2023,90606.0
801071077,Gilmore,2019,67512.0
801071077,Gilmore,2020,68696.0
801071077,Gilmore,2021,71435.0
801071077,Gilmore,2022,73672.0
801071077,Gilmore,2023,78685.0
801071078,Gordon (ACT),2019,67701.0
801071078,Gordon (ACT),2020,69958.0
801071078,Gordon (ACT),2021,72329.0
801071078,Gordon (ACT),2022,73820.0
801071078,Gordon (ACT),2023,78789.0
801071079,Gowrie (ACT),2019,69422.0
801071079,Gowrie (ACT),2020,70876.0
801071079,Gowrie (ACT),2021,74979.0
801071079,Gowrie (ACT),2022,76573.0
801071079,Gowrie (ACT),2023,82303.0
801071080,Greenway,2019,67996.0
801071080,Greenway,2020,70317.0
801071080,Greenway,2021,71920.0
801071080,Greenway,2022,74430.0
801071080,Greenway,2023,77716.0
801071081,Isabella Plains,2019,65180.0
801071081,Isabella Plains,2020,67690.0
801071081,Isabella Plains,2021,69497.0
801071081,Isabella Plains,2022,71708.0
801071081,Isabella Plains,2023,75650.0
801071082,Kambah,2019,66144.0
801071082,Kambah,2020,67899.0
801071082,Kambah,2021,71138.0
801071082,Kambah,2022,72685.0
801071082,Kambah,2023,78013.0
801071083,Macarthur,2019,71719.0
801071083,Macarthur,2020,75972.0
801071083,Macarthur,2021,78950.0
801071083,Macarthur,2022,81253.0
801071083,Macarthur,2023,84975.0
801071084,Monash,2019,67292.0
801071084,Monash,2020,70824.0
801071084,Monash,2021,73530.0
801071084,Monash,2022,76317.0
801071084,Monash,2023,80576.0
801071085,Mount Taylor,2019,
801071085,Mount Taylor,2020,
801071085,Mount Taylor,2021,
801071085,Mount Taylor,2022,
801071085,Mount Taylor,2023,
801071086,Oxley (ACT),2019,65498.0
801071086,Oxley (ACT),2020,68082.0
801071086,Oxley (ACT),2021,72081.0
801071086,Oxley (ACT),2022,72291.0
801071086,Oxley (ACT),2023,76550.0
801071087,Richardson,2019,61391.0
801071087,Richardson,2020,62906.0
801071087,Richardson,2021,66720.0
801071087,Richardson,2022,68475.0
801071087,Richardson,2023,73558.0
801071088,Theodore,2019,65245.0
801071088,Theodore,2020,69270.0
801071088,Theodore,2021,70820.0
801071088,Theodore,2022,74033.0
801071088,Theodore,2023,79494.0
801071089,Tuggeranong,2019,62115.0
801071089,Tuggeranong,2020,68237.0
801071089,Tuggeranong,2021,73093.0
801071089,Tuggeranong,2022,78164.0
801071089,Tuggeranong,2023,71416.0
801071090,Wanniassa,2019,67174.0
801071090,Wanniassa,2020,70834.0
801071090,Wanniassa,2021,73480.0
801071090,Wanniassa,2022,75240.0
801071090,Wanniassa,2023,79167.0
801071132,Tuggeranong - West,2019,24572.0
801071132,Tuggeranong - West,2020,49645.0
801071132,Tuggeranong - West,2021,32896.0
801071132,Tuggeranong - West,2022,31760.0
801071132,Tuggeranong - West,2023,59319.0
801081091,Chapman,2019,74460.0
801081091,Chapman,2020,79679.0
801081091,Chapman,2021,85756.0
801081091,Chapman,2022,87577.0
801081091,Chapman,2023,89695.0
801081092,Duffy,2019,73879.0
801081092,Duffy,2020,75580.0
801081092,Duffy,2021,79313.0
801081092,Duffy,2022,79858.0
801081092,Duffy,2023,86998.0
801081093,Fisher,2019,72443.0
801081093,Fisher,2020,73770.0
801081093,Fisher,2021,79631.0
801081093,Fisher,2022,82319.0
801081093,Fisher,2023,85585.0
801081094,Holder,2019,74305.0
801081094,Holder,2020,77673.0
801081094,Holder,2021,81094.0
801081094,Holder,2022,85134.0
801081094,Holder,2023,88400.0
801081095,Rivett,2019,70938.0
801081095,Rivett,2020,71511.0
801081095,Rivett,2021,76526.0
801081095,Rivett,2022,78043.0
801081095,Rivett,2023,81916.0
801081096,Stirling,2019,68791.0
801081096,Stirling,2020,72267.0
801081096,Stirling,2021,73192.0
801081096,Stirling,2022,73589.0
801081096,Stirling,2023,81514.0
801081097,Waramanga,2019,74068.0
801081097,Waramanga,2020,78262.0
801081097,Waramanga,2021,79861.0
801081097,Waramanga,2022,80418.0
801081097,Waramanga,2023,83406.0
801081098,Weston,2019,74805.0
801081098,Weston,2020,76870.0
801081098,Weston,2021,81096.0
801081098,Weston,2022,82324.0
801081098,Weston,2023,87113.0
801081133,Scrivener,2019,
801081133,Scrivener,2020,
801081133,Scrivener,2021,
801081133,Scrivener,2022,
801081133,Scrivener,2023,
801091099,Chifley,2019,66145.0
801091099,Chifley,2020,71388.0
801091099,Chifley,2021,72961.0
801091099,Chifley,2022,77839.0
801091099,Chifley,2023,80828.0
801091100,Curtin,2019,72957.0
801091100,Curtin,2020,77356.0
801091100,Curtin,2021,81805.0
801091100,Curtin,2022,84279.0
801091100,Curtin,2023,87664.0
801091101,Farrer,2019,72714.0
801091101,Farrer,2020,72444.0
801091101,Farrer,2021,79249.0
801091101,Farrer,2022,82568.0
801091101,Farrer,2023,84929.0
801091102,Garran,2019,80000.0
801091102,Garran,2020,82818.0
801091102,Garran,2021,84224.0
801091102,Garran,2022,89888.0
801091102,Garran,2023,93668.0
801091103,Hughes,2019,76355.0
801091103,Hughes,2020,80187.0
801091103,Hughes,2021,82061.0
801091103,Hughes,2022,86946.0
801091103,Hughes,2023,89865.0
801091104,Isaacs,2019,73882.0
801091104,Isaacs,2020,79023.0
801091104,Isaacs,2021,84695.0
801091104,Isaacs,2022,86850.0
801091104,Isaacs,2023,82802.0
801091105,Lyons (ACT),2019,62979.0
801091105,Lyons (ACT),2020,64351.0
801091105,Lyons (ACT),2021,69657.0
801091105,Lyons (ACT),2022,69873.0
801091105,Lyons (ACT),2023,76500.0
801091106,Mawson,2019,66039.0
801091106,Mawson,2020,69998.0
801091106,Mawson,2021,72444.0
801091106,Mawson,2022,75208.0
801091106,Mawson,2023,77613.0
801091107,O'Malley,2019,58061.0
801091107,O'Malley,2020,62070.0
801091107,O'Malley,2021,64673.0
801091107,O'Malley,2022,68440.0
801091107,O'Malley,2023,73800.0
801091108,Pearce,2019,73973.0
801091108,Pearce,2020,77403.0
801091108,Pearce,2021,79215.0
801091108,Pearce,2022,79487.0
801091108,Pearce,2023,84124.0
801091109,Phillip,2019,74567.0
801091109,Phillip,2020,73972.0
801091109,Phillip,2021,76085.0
801091109,Phillip,2022,78543.0
801091109,Phillip,2023,81525.0
801091110,Torrens,2019,70924.0
801091110,Torrens,2020,72791.0
801091110,Torrens,2021,76713.0
801091110,Torrens,2022,81790.0
801091110,Torrens,2023,83634.0
801101134,Arboretum,2019,65664.0
801101134,Arboretum,2020,65779.0
801101134,Arboretum,2021,24900.0
801101134,Arboretum,2022,
801101134,Arboretum,2023,45382.0
801101135,Coombs,2019,73313.0
801101135,Coombs,2020,74890.0
801101135,Coombs,2021,78007.0
801101135,Coombs,2022,79912.0
801101135,Coombs,2023,84009.0
801101136,Denman Prospect,2019,93656.0
801101136,Denman Prospect,2020,94484.0
801101136,Denman Prospect,2021,91564.0
801101136,Denman Prospect,2022,92931.0
801101136,Denman Prospect,2023,93472.0
801101137,Molonglo,2019,
801101137,Molonglo,2020,
801101137,Molonglo,2021,
801101137,Molonglo,2022,
801101137,Molonglo,2023,
801101139,Wright,2019,79421.0
801101139,Wright,2020,81719.0
801101139,Wright,2021,82507.0
801101139,Wright,2022,84646.0
801101139,Wright,2023,88785.0
801101145,Molonglo - East,2019,
801101145,Molonglo - East,2020,
801101145,Molonglo - East,2021,
801101145,Molonglo - East,2022,
801101145,Molonglo - East,2023,
801101146,Whitlam,2019,
801101146,Whitlam,2020,
801101146,Whitlam,2021,73201.0
801101146,Whitlam,2022,75538.0
801101146,Whitlam,2023,88084.0
801111140,ACT - South West,2019,68089.0
801111140,ACT - South West,2020,69606.0
801111140,ACT - South West,2021,71997.0
801111140,ACT - South West,2022,73371.0
801111140,ACT - South West,2023,71727.0
801111141,Namadgi,2019,48093.0
801111141,Namadgi,2020,55964.0
801111141,Namadgi,2021,71601.0
801111141,Namadgi,2022,69100.0
801111141,Namadgi,2023,81718.0
901011001,Christmas Island,2019,
901011001,Christmas Island,2020,
901011001,Christmas Island,2021,
901011001,Christmas Island,2022,
901011001,Christmas Island,2023,
901021002,Cocos (Keeling) Islands,2019,
901021002,Cocos (Keeling) Islands,2020,
901021002,Cocos (Keeling) Islands,2021,
901021002,Cocos (Keeling) Islands,2022,
901021002,Cocos (Keeling) Islands,2023,
901031003,Jervis Bay,2019,
901031003,Jervis Bay,2020,
901031003,Jervis Bay,2021,
901031003,Jervis Bay,2022,
901031003,Jervis Bay,2023,
901041004,Norfolk Island,2019,
901041004,Norfolk Island,2020,
901041004,Norfolk Island,2021,
901041004,Norfolk Island,2022,
901041004,Norfolk Island,2023,
