sa2_code,rented_dwellings,estimated_median_weekly_rent,state,sa2,population,median_employee_income,annualised_estimated_rent,estimated_rent_to_income_pct
101021007,231,344.98,New South Wales,Braidwood,4332.0,56469.0,17938.96,31.76780180275903
101021008,854,351.08,New South Wales,Karabar,8548.0,66768.0,18256.16,27.342679127725855
101021009,2075,335.81,New South Wales,Queanbeyan,11375.0,65342.0,17462.12,26.724189648311956
101021010,967,313.74,New South Wales,Queanbeyan - East,5097.0,67042.0,16314.48,24.334715551445363
101021012,946,440.97,New South Wales,Queanbeyan West - Jerrabomberra,12748.0,77939.0,22930.440000000002,29.421008737602488
101021610,391,544.05,New South Wales,Googong,6254.0,86337.0,28290.6,32.76764307307411
101021611,499,468.19,New South Wales,Queanbeyan Surrounds,16538.0,75641.0,24345.88,32.18608955460663
101031013,165,207.76,New South Wales,Bombala,2449.0,50465.0,10803.52,21.4079461012583
101031014,731,288.92,New South Wales,Cooma,6761.0,52358.0,15023.84,28.694449749799457
101031015,93,285.36,New South Wales,Cooma Surrounds,3460.0,53400.0,14838.720000000001,27.787865168539327
101031016,694,360.56,New South Wales,Jindabyne - Berridale,8050.0,47747.0,18749.12,39.26763985171843
101041017,998,337.5,New South Wales,Batemans Bay,8589.0,42019.0,17550.0,41.7668197720079
101041018,908,363.43,New South Wales,Batemans Bay - South,8906.0,44247.0,18898.36,42.71105385675865
101041019,897,317.65,New South Wales,Bega - Tathra,8847.0,49050.0,16517.8,33.67543323139653
101041020,360,268.06,New South Wales,Bega-Eden Hinterland,9530.0,43207.0,13939.12,32.26125396347814
101041021,271,368.05,New South Wales,Broulee - Tomakin,3773.0,47748.0,19138.600000000002,40.08251654519561
101041023,385,267.62,New South Wales,Eden,3409.0,42201.0,13916.24,32.97609061396649
101041024,157,279.44,New South Wales,Eurobodalla Hinterland,3522.0,43633.0,14530.88,33.302500401072585
101041025,1020,346.36,New South Wales,Merimbula - Tura Beach,11429.0,46222.0,18010.72,38.96568733503526
101041026,617,321.55,New South Wales,Moruya - Tuross Head,8559.0,45230.0,16720.600000000002,36.96794163166041
101041027,803,294.6,New South Wales,Narooma - Bermagui,9832.0,39007.0,15319.2,39.27295100879329
101051539,3057,319.84,New South Wales,Goulburn,24690.0,55562.0,16631.68,29.933551708001872
101051540,574,295.18,New South Wales,Goulburn Surrounds,13794.0,52450.0,15349.36,29.264747378455674
101061541,565,341.55,New South Wales,Yass,6759.0,61144.0,17760.600000000002,29.047167342666498
101061542,367,388.02,New South Wales,Yass Surrounds,12677.0,69209.0,20177.04,29.153780577670535
101061543,1146,253.52,New South Wales,Young,10991.0,47076.0,13183.04,28.00373863539808
101061544,442,226.02,New South Wales,Young Surrounds,7658.0,46678.0,11753.04,25.178970821371955
102011028,451,512.79,New South Wales,Avoca Beach - Copacabana,7532.0,54718.0,26665.079999999998,48.73182499360356
102011029,473,456.44,New South Wales,Box Head - MacMasters Beach,11057.0,54903.0,23734.88,43.23057027849116
102011030,297,364.47,New South Wales,Calga - Kulnura,4750.0,51266.0,18952.440000000002,36.96882924355324
102011031,917,418.8,New South Wales,Erina - Green Point,14804.0,54224.0,21777.600000000002,40.16228976099145
102011032,4272,391.29,New South Wales,Gosford - Springfield,21359.0,55179.0,20347.08,36.87468058500517
102011033,444,456.19,New South Wales,Kariong,6518.0,58047.0,23721.88,40.86667700311816
102011034,509,408.21,New South Wales,Kincumber - Picketts Valley,7629.0,53537.0,21226.92,39.649065132525166
102011035,498,418.45,New South Wales,Narara,7191.0,57185.0,21759.399999999998,38.05088747049051
102011036,475,418.06,New South Wales,Niagara Park - Lisarow,8237.0,55435.0,21739.12,39.2155136646523
102011037,589,409.97,New South Wales,Point Clare - Koolewong,6577.0,59400.0,21318.440000000002,35.88962962962963
102011038,381,461.38,New South Wales,Saratoga - Davistown,7180.0,56481.0,23991.76,42.47757653016058
102011039,1158,524.99,New South Wales,Terrigal - North Avoca,14894.0,57601.0,27299.48,47.394107741185046
102011040,3323,405.85,New South Wales,Umina - Booker Bay - Patonga,24863.0,53110.0,21104.2,39.736772735831295
102011041,540,498.4,New South Wales,Wamberal - Forresters Beach,10693.0,55685.0,25916.8,46.54179761156505
102011042,2071,385.78,New South Wales,Woy Woy - Blackwall,14406.0,53573.0,20060.559999999998,37.44528027177869
102011043,1006,395.64,New South Wales,Wyoming,11460.0,54740.0,20573.28,37.58363171355498
102021044,1973,400.41,New South Wales,Bateau Bay - Killarney Vale,22993.0,52892.0,20821.32,39.36572638584285
102021045,1209,406.7,New South Wales,Blue Haven - San Remo,11392.0,50718.0,21148.399999999998,41.69801648329981
102021046,911,369.25,New South Wales,Budgewoi - Buff Point - Halekulani,9793.0,52546.0,19201.0,36.54131618010886
102021047,968,421.39,New South Wales,Chittaway Bay - Tumbi Umbi,16080.0,54556.0,21912.28,40.164748148691245
102021048,2686,371.2,New South Wales,Gorokan - Kanwal - Charmhaven,22588.0,49743.0,19302.399999999998,38.8042538648654
102021049,88,472.0,New South Wales,Jilliby - Yarramalong,3427.0,55212.0,24544.0,44.45410418025067
102021050,775,381.94,New South Wales,Lake Munmorah - Mannering Park,11013.0,51418.0,19860.88,38.62631763195768
102021051,341,403.54,New South Wales,Ourimbah - Fountaindale,4941.0,56248.0,20984.08,37.30635755937989
102021052,471,399.74,New South Wales,Summerland Point - Gwandalan,6520.0,53878.0,20786.48,38.58064516129032
102021053,2918,375.16,New South Wales,The Entrance,15938.0,54338.0,19508.32,35.90179984541205
102021054,1367,351.28,New South Wales,Toukley - Norah Head,9975.0,50289.0,18266.559999999998,36.32317206546163
102021055,520,432.91,New South Wales,Tuggerah - Kangy Angy,5259.0,53651.0,22511.32,41.958807850739035
102021056,1918,488.91,New South Wales,Warnervale - Wadalba,20228.0,56306.0,25423.32,45.15206194721699
102021057,1298,366.2,New South Wales,Wyong,9196.0,50372.0,19042.399999999998,37.80354165012308
103011059,998,365.55,New South Wales,Bathurst - East,12360.0,57886.0,19008.600000000002,32.83799191514356
103011060,184,279.83,New South Wales,Bathurst Surrounds,6903.0,56974.0,14551.16,25.54000070207463
103011061,369,273.55,New South Wales,Oberon,4829.0,55988.0,14224.6,25.40651568193184
103011612,2160,296.41,New South Wales,Bathurst - South,10806.0,52762.0,15413.320000000002,29.21291838823396
103011613,1309,359.3,New South Wales,Bathurst - West,14343.0,59015.0,18683.600000000002,31.65906972803525
103021062,514,181.82,New South Wales,Condobolin,6435.0,46392.0,9454.64,20.379893085014654
103021063,1053,232.46,New South Wales,Cowra,9323.0,46705.0,12087.92,25.88142597152339
103021064,313,218.25,New South Wales,Cowra Surrounds,5698.0,45718.0,11349.0,24.823920556454787
103021065,914,229.45,New South Wales,Forbes,10090.0,50348.0,11931.4,23.697862874394215
103021066,265,196.28,New South Wales,Grenfell,3578.0,43765.0,10206.56,23.321284131155032
103021067,1194,260.96,New South Wales,Parkes (NSW),10985.0,54935.0,13569.919999999998,24.701774824792935
103021068,221,188.62,New South Wales,Parkes Surrounds,3281.0,45783.0,9808.24,21.42332306751414
103021069,371,214.34,New South Wales,West Wyalong,5517.0,47277.0,11145.68,23.575269158364534
103031070,1473,270.92,New South Wales,Lithgow,12410.0,53208.0,14087.84,26.47692076379492
103031071,440,268.49,New South Wales,Lithgow Surrounds,8437.0,55325.0,13961.48,25.235390872119297
103031072,1530,373.72,New South Wales,Mudgee,12581.0,54999.0,19433.440000000002,35.33416971217659
103031073,294,228.5,New South Wales,Mudgee Surrounds - East,3395.0,44733.0,11882.0,26.562045916884625
103031074,539,278.08,New South Wales,Mudgee Surrounds - West,11068.0,52272.0,14460.16,27.66329966329966
103041076,582,264.11,New South Wales,Blayney,7531.0,56507.0,13733.720000000001,24.304457854779056
103041077,2658,298.76,New South Wales,Orange,19110.0,53990.0,15535.52,28.774810150027786
103041078,2322,381.03,New South Wales,Orange - North,23055.0,61044.0,19813.559999999998,32.45783369372911
103041079,526,262.95,New South Wales,Orange Surrounds,11810.0,56165.0,13673.4,24.345054749399093
104011080,2414,298.2,New South Wales,Grafton,19335.0,48114.0,15506.4,32.228457413642595
104011081,650,302.46,New South Wales,Grafton Surrounds,16938.0,46272.0,15727.919999999998,33.99014522821576
104011082,1655,365.96,New South Wales,Maclean - Yamba - Iluka,17487.0,43683.0,19029.92,43.56367465604468
104021083,455,374.34,New South Wales,Bellingen,6148.0,41471.0,19465.68,46.93805309734513
104021084,2486,367.3,New South Wales,Coffs Harbour - North,18137.0,45686.0,19099.600000000002,41.806242612616565
104021085,1708,370.18,New South Wales,Coffs Harbour - South,11289.0,46339.0,19249.36,41.54030082651762
104021086,203,373.01,New South Wales,Coramba - Nana Glen - Bucca,3949.0,47141.0,19396.52,41.14575422668166
104021087,226,279.51,New South Wales,Dorrigo,3232.0,39221.0,14534.52,37.05800464037123
104021088,699,470.29,New South Wales,Korora - Emerald Beach,10218.0,52213.0,24455.08,46.83714783674564
104021089,1985,376.46,New South Wales,Sawtell - Boambee,20119.0,48549.0,19575.92,40.321983974953135
104021090,448,350.67,New South Wales,Urunga,4888.0,47424.0,18234.84,38.45065789473684
104021091,1298,390.47,New South Wales,Woolgoolga - Arrawarra,14456.0,42607.0,20304.440000000002,47.655174032435994
105011092,413,168.32,New South Wales,Bourke - Brewarrina,3616.0,52501.0,8752.64,16.671377688044036
105011093,439,193.75,New South Wales,Cobar,4169.0,61072.0,10075.0,16.496921666230023
105011094,362,192.06,New South Wales,Coonamble,4038.0,44296.0,9987.12,22.5463247245801
105011095,420,206.72,New South Wales,Nyngan - Warren,4632.0,50185.0,10749.44,21.419627378698816
105011096,471,180.42,New South Wales,Walgett - Lightning Ridge,5887.0,43121.0,9381.84,21.757009345794394
105021097,1661,217.5,New South Wales,Broken Hill,17662.0,55570.0,11310.0,20.35270829584308
105021098,204,159.46,New South Wales,Far West,2330.0,42368.0,8291.92,19.57118580060423
105031099,538,201.66,New South Wales,Coonabarabran,7948.0,43527.0,10486.32,24.09152939554759
105031100,1297,296.02,New South Wales,Dubbo - East,10738.0,54732.0,15393.039999999999,28.124387926624276
105031101,2632,321.32,New South Wales,Dubbo - South,19832.0,57437.0,16708.64,29.090377282936085
105031102,1039,323.36,New South Wales,Dubbo - West,10456.0,56097.0,16814.72,29.97436583061483
105031103,159,283.09,New South Wales,Dubbo Surrounds,5975.0,56352.0,14720.679999999998,26.122728563316294
105031104,355,206.76,New South Wales,Gilgandra,4423.0,45714.0,10751.52,23.519096994356214
105031105,490,232.57,New South Wales,Narromine,6550.0,49124.0,12093.64,24.6185978340526
105031106,710,229.33,New South Wales,Wellington,8924.0,48996.0,11925.16,24.339048085558005
106011107,899,400.41,New South Wales,Branxton - Greta - Pokolbin,12793.0,61493.0,20821.32,33.85965882295546
106011108,2710,323.58,New South Wales,Cessnock,23740.0,50400.0,16826.16,33.385238095238094
106011109,281,371.63,New South Wales,Cessnock Surrounds,9156.0,55037.0,19324.76,35.11230626669331
106011110,514,312.63,New South Wales,Dungog,9532.0,53983.0,16256.76,30.114591630698555
106011111,2093,348.42,New South Wales,Kurri Kurri - Abermain,20838.0,54402.0,18117.84,33.30362854306827
106011112,1680,336.56,New South Wales,Singleton,17139.0,61147.0,17501.12,28.621387803162868
106011113,272,373.86,New South Wales,Singleton Surrounds,5355.0,59228.0,19440.72,32.82352941176471
106021114,1055,386.27,New South Wales,Maitland,8661.0,59469.0,20086.04,33.77564781650944
106021116,374,416.63,New South Wales,Maitland - North,8718.0,63027.0,21664.76,34.373776318085895
106021614,2230,358.09,New South Wales,East Maitland - Metford,18052.0,57212.0,18620.68,32.54680836188212
106021615,1759,397.07,New South Wales,Rutherford (North) - Aberglasslyn,17835.0,58784.0,20647.64,35.12459172563963
106021616,974,331.78,New South Wales,Rutherford (South) - Telarah,8046.0,53446.0,17252.559999999998,32.28035774426524
106021617,1108,365.8,New South Wales,Tenambit - East Maitland,10092.0,57583.0,19021.600000000002,33.033360540437286
106021618,1506,425.27,New South Wales,Thornton - Millers Forest,15985.0,62305.0,22114.04,35.49320279271327
106031119,384,399.11,New South Wales,Anna Bay,6408.0,47569.0,20753.72,43.628665727679795
106031120,693,372.95,New South Wales,Lemon Tree Passage - Tanilba Bay,6893.0,49139.0,19393.399999999998,39.46641160788783
106031121,2237,391.02,New South Wales,Nelson Bay Peninsula,21921.0,47162.0,20333.04,43.113184343327255
106031122,2073,326.09,New South Wales,Raymond Terrace,14689.0,50811.0,16956.68,33.37206510401291
106031123,103,375.74,New South Wales,Seaham - Woodville,5689.0,57961.0,19538.48,33.70970135090837
106031124,377,350.33,New South Wales,Tea Gardens - Hawks Nest,5738.0,42736.0,18217.16,42.62719955073007
106031125,1007,404.54,New South Wales,Williamtown - Medowie - Karuah,15065.0,56163.0,21036.08,37.455406584406106
106041126,1673,314.78,New South Wales,Muswellbrook,12384.0,59916.0,16368.559999999998,27.31918018559316
106041127,289,281.77,New South Wales,Muswellbrook Surrounds,4085.0,59582.0,14652.039999999999,24.59138666040079
106041128,677,290.45,New South Wales,Scone,6056.0,55593.0,15103.4,27.167808896803553
106041129,547,253.38,New South Wales,Scone Surrounds,8200.0,53274.0,13175.76,24.732064421669104
107011131,2086,388.19,New South Wales,Dapto - Avondale,24285.0,55350.0,20185.88,36.469521228545624
107011132,620,513.2,New South Wales,Horsley - Kembla Grange,12184.0,61502.0,26686.4,43.391109232220096
107011134,1207,359.6,New South Wales,Unanderra - Mount Kembla,15243.0,59906.0,18699.2,31.214235635829468
107011545,1648,353.02,New South Wales,Berkeley - Lake Heights - Cringila,14191.0,51001.0,18357.04,35.99349032371914
107011546,1452,307.03,New South Wales,Port Kembla - Warrawong,9740.0,50521.0,15965.559999999998,31.601828942419978
107011547,425,346.8,New South Wales,Windang - Primbee,4221.0,55170.0,18033.600000000002,32.68733007069059
107031136,1123,487.24,New South Wales,Albion Park - Macquarie Pass,19116.0,60086.0,25336.48,42.167027260926005
107031137,650,389.7,New South Wales,Albion Park Rail,6930.0,53328.0,20264.399999999998,37.999549954995494
107031138,737,488.02,New South Wales,Kiama,8728.0,56581.0,25377.04,44.85081564482777
107031139,275,502.45,New South Wales,Kiama Downs - Minnamurra,6044.0,60000.0,26127.399999999998,43.54566666666666
107031140,450,499.09,New South Wales,Kiama Hinterland - Gerringong,8110.0,54346.0,25952.68,47.75453575240128
107031141,1511,518.28,New South Wales,Shellharbour - Flinders,19376.0,59649.0,26950.559999999998,45.181914198058635
107031142,1015,423.68,New South Wales,Shellharbour - Oak Flats,10570.0,55049.0,22031.36,40.02136278588167
107031143,2792,348.24,New South Wales,Warilla,20500.0,51269.0,18108.48,35.32052507363124
107041144,2470,388.77,New South Wales,Balgownie - Fairy Meadow,21542.0,56554.0,20216.04,35.74643703363157
107041145,2410,335.7,New South Wales,Corrimal - Tarrawanna - Bellambi,16022.0,57774.0,17456.399999999998,30.2149755945581
107041146,1818,416.0,New South Wales,Figtree - Keiraville,22823.0,57589.0,21632.0,37.562728993384155
107041147,430,534.2,New South Wales,Helensburgh,9126.0,63717.0,27778.4,43.596528399014396
107041148,710,537.2,New South Wales,Thirroul - Austinmer - Coalcliff,11912.0,68384.0,27934.4,40.849321478708475
107041150,1686,390.92,New South Wales,Woonona - Bulli - Russell Vale,20782.0,64814.0,20327.84,31.363347424939057
107041548,4103,422.83,New South Wales,Wollongong - East,16039.0,56190.0,21987.16,39.13002313578929
107041549,2946,391.74,New South Wales,Wollongong - West,16595.0,52821.0,20370.48,38.565116146986995
108011151,278,302.87,New South Wales,Bulahdelah - Stroud,5228.0,46266.0,15749.24,34.04063459127653
108011152,1600,345.69,New South Wales,Forster,14684.0,43095.0,17975.88,41.71221719457014
108011153,360,359.19,New South Wales,Forster-Tuncurry Surrounds,6963.0,41300.0,18677.88,45.22489104116223
108011154,776,319.46,New South Wales,Tuncurry,6328.0,41201.0,16611.92,40.319215553020555
108021155,1508,285.44,New South Wales,Kempsey,15816.0,45108.0,14842.88,32.90520528509355
108021156,568,301.17,New South Wales,Kempsey Surrounds,9486.0,44109.0,15660.84,35.50486295313882
108021157,438,328.28,New South Wales,Macksville - Scotts Head,5178.0,44796.0,17070.559999999998,38.10733101169747
108021158,991,288.91,New South Wales,Nambucca Heads,7116.0,40589.0,15023.320000000002,37.01327945995221
108021159,398,295.76,New South Wales,Nambucca Heads Surrounds,8088.0,42978.0,15379.52,35.78463399879008
108021160,532,334.37,New South Wales,South West Rocks,5592.0,44612.0,17387.24,38.97435667533399
108041162,1285,367.78,New South Wales,Laurieton - Bonny Hills,18418.0,45957.0,19124.559999999998,41.61403050677807
108041164,2824,390.48,New South Wales,Port Macquarie - West,21189.0,48595.0,20304.96,41.78405185718695
108041165,242,301.31,New South Wales,Port Macquarie Surrounds,5286.0,45591.0,15668.12,34.36669518106644
108041166,1022,368.7,New South Wales,Wauchope,12810.0,47140.0,19172.399999999998,40.67119219346627
108041619,1925,366.39,New South Wales,Port Macquarie - East,11726.0,49629.0,19052.28,38.38940941788067
108041620,1414,419.17,New South Wales,Port Macquarie - South,17225.0,51459.0,21796.84,42.35768281544531
108051167,445,272.99,New South Wales,Gloucester,5279.0,45319.0,14195.48,31.32346256536993
108051168,915,369.89,New South Wales,Old Bar - Manning Point - Red Head,12433.0,50402.0,19234.28,38.1617396135074
108051169,2647,294.17,New South Wales,Taree,21285.0,45608.0,15296.84,33.539817575863886
108051170,641,316.68,New South Wales,Taree Surrounds,13016.0,44622.0,16467.36,36.904128008605625
108051171,460,306.42,New South Wales,Wingham,5396.0,46392.0,15933.84,34.34609415416451
109011172,1769,327.5,New South Wales,Albury - East,17861.0,57945.0,17030.0,29.389938735007338
109011173,1410,264.5,New South Wales,Albury - North,10529.0,50929.0,13754.0,27.006224351548237
109011174,1658,253.47,New South Wales,Albury - South,10493.0,53816.0,13180.44,24.491675338189385
109011175,564,225.84,New South Wales,Albury Surrounds,12453.0,49865.0,11743.68,23.5509475584077
109011176,2367,252.44,New South Wales,Lavington,15640.0,47770.0,13126.88,27.479338496964623
109021177,285,181.72,New South Wales,Hay,2898.0,46416.0,9449.44,20.358152361254742
109021178,437,207.87,New South Wales,Wentworth - Buronga,6543.0,43843.0,10809.24,24.65442602011724
109021179,228,201.02,New South Wales,Wentworth-Balranald Region,3652.0,46078.0,10453.04,22.685533226268504
109031180,556,224.0,New South Wales,Corowa,5568.0,50159.0,11648.0,23.222153551705578
109031181,446,261.14,New South Wales,Corowa Surrounds,7221.0,47916.0,13579.279999999999,28.339761248852156
109031182,726,228.1,New South Wales,Deniliquin,7015.0,50006.0,11861.199999999999,23.71955365356157
109031183,351,179.86,New South Wales,Deniliquin Surrounds,6814.0,43412.0,9352.720000000001,21.5440891919285
109031184,481,326.61,New South Wales,Moama,6896.0,49841.0,16983.72,34.075801047330515
109031185,691,212.0,New South Wales,Tocumwal - Finley - Jerilderie,9799.0,45715.0,11024.0,24.114623209012358
110011186,3234,294.86,New South Wales,Armidale,24170.0,50601.0,15332.720000000001,30.301219343491237
110011187,301,245.15,New South Wales,Armidale Surrounds - North,4535.0,43542.0,12747.800000000001,29.277019888842958
110011188,366,253.52,New South Wales,Armidale Surrounds - South,5915.0,51043.0,13183.04,25.82732206179104
110011189,189,206.0,New South Wales,Walcha,3146.0,45012.0,10712.0,23.798098284901805
110021190,842,221.56,New South Wales,Glen Innes,8925.0,41680.0,11521.12,27.641842610364687
110021191,1444,272.5,New South Wales,Inverell,12104.0,48774.0,14170.0,29.05236396440727
110021192,264,203.27,New South Wales,Inverell Surrounds - East,5229.0,44843.0,10570.04,23.571215128336643
110021193,332,215.14,New South Wales,Inverell Surrounds - West,5721.0,45152.0,11187.279999999999,24.776931254429478
110021194,468,238.04,New South Wales,Tenterfield,6800.0,40489.0,12378.08,30.571463854380205
110031195,986,229.29,New South Wales,Moree,7996.0,52891.0,11923.08,22.542738840256376
110031196,292,178.72,New South Wales,Moree Surrounds,5420.0,48049.0,9293.44,19.341588794772004
110031197,802,265.91,New South Wales,Narrabri,6966.0,54725.0,13827.320000000002,25.266916400182737
110031198,330,206.86,New South Wales,Narrabri Surrounds,4655.0,49987.0,10756.720000000001,21.519034949086766
110041199,1103,303.97,New South Wales,Gunnedah,9883.0,57696.0,15806.440000000002,27.39607598447033
110041200,278,279.81,New South Wales,Gunnedah Surrounds,4392.0,53005.0,14550.12,27.45046693708141
110041201,632,229.39,New South Wales,Quirindi,7608.0,48860.0,11928.279999999999,24.41318051575931
110041202,2755,301.4,New South Wales,Tamworth - East,21611.0,53013.0,15672.8,29.564069190575893
110041203,2371,318.93,New South Wales,Tamworth - North,16612.0,57124.0,16584.36,29.032210629507738
110041204,862,300.81,New South Wales,Tamworth - West,6145.0,46721.0,15642.12,33.47984846214764
110041205,1022,276.6,New South Wales,Tamworth Surrounds,19139.0,52951.0,14383.2,27.16322637910521
111011206,1487,368.78,New South Wales,Belmont - Bennetts Green,17850.0,57377.0,19176.559999999998,33.42203321888561
111011207,695,328.05,New South Wales,Belmont South - Blacksmiths,5678.0,53794.0,17058.600000000002,31.71097148380861
111011208,2401,394.62,New South Wales,Charlestown - Dudley,25365.0,60054.0,20520.24,34.16964731741433
111011209,2055,392.12,New South Wales,Glendale - Cardiff - Hillsborough,24734.0,60080.0,20390.24,33.93848202396805
111011210,1473,261.87,New South Wales,Mount Hutton - Windale,9545.0,52066.0,13617.24,26.15380478623286
111011211,173,409.12,New South Wales,Redhead,3776.0,59797.0,21274.24,35.577436995166984
111011212,1023,369.27,New South Wales,Swansea - Caves Beach,12517.0,57720.0,19202.04,33.26756756756757
111011213,468,496.55,New South Wales,Valentine - Eleebana,12498.0,63403.0,25820.600000000002,40.724571392520865
111011214,1316,417.4,New South Wales,Warners Bay - Boolaroo,14643.0,59739.0,21704.8,36.33271397244681
111021215,944,333.92,New South Wales,Bolton Point - Teralba,10163.0,55270.0,17363.84,31.41639225619685
111021216,875,407.32,New South Wales,Bonnells Bay - Silverwater,9698.0,54080.0,21180.64,39.16538461538461
111021217,1305,452.8,New South Wales,Edgeworth - Cameron Park,16469.0,60150.0,23545.600000000002,39.1448046550291
111021218,1421,385.43,New South Wales,Morisset - Cooranbong,18089.0,49904.0,20042.36,40.16183071497275
111021219,1321,339.16,New South Wales,Toronto - Awaba,13961.0,53418.0,17636.32,33.015687595941436
111021220,574,378.71,New South Wales,Wangi Wangi - Rathmines,9458.0,56585.0,19692.92,34.80236811875939
111021221,363,402.64,New South Wales,West Wallsend - Barnsley - Killingworth,7275.0,57559.0,20937.28,36.37533661112945
111031222,1634,422.25,New South Wales,Adamstown - Kotara,16633.0,62904.0,21957.0,34.905570392979776
111031223,929,338.49,New South Wales,Beresfield - Hexham,8612.0,52952.0,17601.48,33.240444175857384
111031224,2065,384.92,New South Wales,Hamilton - Broadmeadow,12775.0,60052.0,20015.84,33.330846599613665
111031225,2015,390.76,New South Wales,Lambton - New Lambton,17352.0,61286.0,20319.52,33.15523936951343
111031226,1270,470.4,New South Wales,Maryland - Fletcher - Minmi,16520.0,59926.0,24460.8,40.81834262256783
111031227,2434,383.61,New South Wales,Mayfield - Warabrook,15598.0,58457.0,19947.72,34.123749080520724
111031228,1710,425.75,New South Wales,Merewether - The Junction,14510.0,63624.0,22139.0,34.79661762856784
111031229,3154,446.22,New South Wales,Newcastle - Cooks Hill,12847.0,63506.0,23203.440000000002,36.537398041129975
111031231,2068,371.12,New South Wales,Shortland - Jesmond,12702.0,43181.0,19298.24,44.6915078390959
111031232,830,437.09,New South Wales,Stockton - Fullerton Cove,8822.0,62057.0,22728.68,36.62548946935882
111031233,2494,383.04,New South Wales,Wallsend - Elermore Vale,21038.0,56333.0,19918.08,35.35774767898035
111031234,1920,380.82,New South Wales,Waratah - North Lambton,12941.0,57371.0,19802.64,34.51681162956894
111031235,1661,456.95,New South Wales,Wickham - Carrington - Tighes Hill,9209.0,60782.0,23761.399999999998,39.092823533282875
112011236,2549,395.27,New South Wales,Ballina,18590.0,46375.0,20554.04,44.32138005390836
112011237,1409,421.41,New South Wales,Ballina Surrounds,18300.0,47891.0,21913.32,45.75665573907415
112011238,446,525.0,New South Wales,Bangalow,6961.0,42655.0,27300.0,64.00187551283554
112011239,993,497.76,New South Wales,Brunswick Heads - Ocean Shores,9148.0,41067.0,25883.52,63.027540360873694
112011240,1187,584.9,New South Wales,Byron Bay,10951.0,38886.0,30414.8,78.21529599341666
112011241,626,324.0,New South Wales,Evans Head,5638.0,46667.0,16848.0,36.10259926714809
112011242,710,583.38,New South Wales,Lennox Head - Skennars Head,9207.0,49421.0,30335.76,61.382327350721354
112011243,779,443.74,New South Wales,Mullumbimby,8869.0,33638.0,23074.48,68.59646827992152
112021244,1326,285.37,New South Wales,Casino,12335.0,46928.0,14839.24,31.621292192294582
112021245,346,256.99,New South Wales,Casino Surrounds,7371.0,45344.0,13363.48,29.471330275229356
112021246,1457,327.1,New South Wales,Goonellabah,13604.0,50596.0,17009.2,33.61767728674204
112021247,561,271.08,New South Wales,Kyogle,7603.0,44479.0,14096.16,31.691719687942626
112021248,2258,299.76,New South Wales,Lismore,15255.0,47035.0,15587.52,33.14025725523546
112021249,774,344.03,New South Wales,Lismore Surrounds,15772.0,47052.0,17889.559999999998,38.0208280200629
112031250,1310,474.44,New South Wales,Kingscliff - Fingal Head,14811.0,48744.0,24670.88,50.61316264565896
112031251,1043,357.46,New South Wales,Murwillumbah,9479.0,45488.0,18587.92,40.86334857544847
112031252,517,352.67,New South Wales,Murwillumbah Surrounds,10316.0,42640.0,18338.84,43.00853658536585
112031253,1150,476.52,New South Wales,Pottsville,14041.0,46821.0,24779.04,52.92291920292177
112031254,2381,399.38,New South Wales,Tweed Heads,20570.0,46146.0,20767.76,45.00446409222901
112031550,1161,441.76,New South Wales,Banora Point,16262.0,48714.0,22971.52,47.15588947735764
112031551,96,525.9,New South Wales,Terranora - North Tumbulgum,3321.0,51730.0,27346.8,52.86448869128165
112031552,1028,390.11,New South Wales,Tweed Heads South,8416.0,44186.0,20285.72,45.909835694563895
113011256,2500,297.36,New South Wales,Griffith (NSW),20682.0,51538.0,15462.720000000001,30.00256121696612
113011257,836,223.26,New South Wales,Griffith Surrounds,12906.0,49686.0,11609.52,23.365777080062795
113011258,1012,243.81,New South Wales,Leeton,10358.0,51742.0,12678.12,24.502570445672763
113011259,503,211.27,New South Wales,Narrandera,5937.0,48314.0,10986.04,22.738833464420253
113021260,245,211.71,New South Wales,Tumbarumba,3514.0,50000.0,11008.92,22.01784
113021261,800,244.71,New South Wales,Tumut,6683.0,52360.0,12724.92,24.302750190985485
113021262,236,209.6,New South Wales,Tumut Surrounds,4736.0,50000.0,10899.199999999999,21.798399999999997
113031263,668,219.1,New South Wales,Cootamundra,7691.0,48981.0,11393.199999999999,23.26044792878871
113031264,243,225.42,New South Wales,Gundagai,3713.0,46753.0,11721.84,25.071845656963188
113031265,505,247.21,New South Wales,Junee,6386.0,53303.0,12854.92,24.116691368215672
113031266,540,222.03,New South Wales,Temora,6587.0,45265.0,11545.56,25.506594499061087
113031267,1564,301.79,New South Wales,Wagga Wagga - East,16927.0,55483.0,15693.080000000002,28.284483535497362
113031268,512,390.44,New South Wales,Wagga Wagga - North,5612.0,59128.0,20302.88,34.33716682451631
113031269,2670,298.57,New South Wales,Wagga Wagga - South,22696.0,55988.0,15525.64,27.730299349860683
113031270,2354,270.34,New South Wales,Wagga Wagga - West,12025.0,52484.0,14057.679999999998,26.784696288392652
113031271,1051,279.15,New South Wales,Wagga Wagga Surrounds,17834.0,54126.0,14515.8,26.81853453053985
114011272,494,408.34,New South Wales,Berry - Kangaroo Valley,9418.0,48926.0,21233.68,43.3995830437804
114011273,274,393.56,New South Wales,Callala Bay - Currarong,3627.0,52195.0,20465.12,39.20896637608966
114011274,455,337.17,New South Wales,Culburra Beach,5088.0,49317.0,17532.84,35.55131090698948
114011276,532,409.94,New South Wales,Huskisson - Vincentia,4824.0,55534.0,21316.88,38.38527748766521
114011277,1660,347.77,New South Wales,North Nowra - Bomaderry,16097.0,50258.0,18084.04,35.98241076047594
114011278,2913,332.39,New South Wales,Nowra,22858.0,49625.0,17284.28,34.82978337531486
114011279,1387,370.33,New South Wales,St Georges Basin - Erowal Bay,15266.0,46882.0,19257.16,41.075807346102984
114011280,342,317.19,New South Wales,Sussex Inlet - Berrara,4656.0,44938.0,16493.88,36.70363612087766
114011281,107,352.36,New South Wales,Tomerong - Wandandian - Woollamia,3702.0,51434.0,18322.72,35.623750826301674
114011282,1508,365.17,New South Wales,Ulladulla,16960.0,42750.0,18988.84,44.41833918128655
114011283,245,331.56,New South Wales,Ulladulla Surrounds,5791.0,42556.0,17241.12,40.5139580787668
114021284,874,487.59,New South Wales,Bowral,13549.0,52681.0,25354.68,48.12869915149675
114021285,271,425.67,New South Wales,Hill Top - Colo Vale,6400.0,56800.0,22134.84,38.96978873239437
114021286,1002,443.64,New South Wales,Mittagong,10888.0,53906.0,23069.28,42.795384558305194
114021287,991,404.16,New South Wales,Moss Vale - Berrima,10609.0,52540.0,21016.32,40.00060905976399
114021288,181,428.55,New South Wales,Robertson - Fitzroy Falls,3812.0,53186.0,22284.600000000002,41.89937201519197
114021289,299,391.36,New South Wales,Southern Highlands,7201.0,49941.0,20350.72,40.74952443883783
115011290,2035,520.83,New South Wales,Baulkham Hills - East,24862.0,70481.0,27083.160000000003,38.42618578056498
115011291,1113,610.39,New South Wales,Baulkham Hills (West) - Bella Vista,21801.0,68502.0,31740.28,46.334822340953544
115011294,106,631.0,New South Wales,Glenhaven,6368.0,66080.0,32812.0,49.65496368038741
115011296,329,638.11,New South Wales,West Pennant Hills,12701.0,69327.0,33181.72,47.86262206643877
115011553,784,562.53,New South Wales,Castle Hill - Central,7688.0,66529.0,29251.559999999998,43.968134197117045
115011554,244,449.0,New South Wales,Castle Hill - East,5675.0,68023.0,23348.0,34.32368463607897
115011555,650,600.69,New South Wales,Castle Hill - North,12215.0,65628.0,31235.880000000005,47.595355640884996
115011556,980,548.19,New South Wales,Castle Hill - South,10439.0,67063.0,28505.880000000005,42.50612111000105
115011557,186,685.81,New South Wales,Castle Hill - West,5198.0,71719.0,35662.119999999995,49.724787015992966
115011558,805,695.39,New South Wales,Cherrybrook,19136.0,70797.0,36160.28,51.0760060454539
115011621,809,645.11,New South Wales,Kellyville - East,17767.0,68225.0,33545.72,49.16924880908758
115011622,872,603.59,New South Wales,Kellyville - West,11427.0,73742.0,31386.68,42.56282715413197
115021297,759,533.35,New South Wales,Dural - Kenthurst - Wisemans Ferry,22596.0,58023.0,27734.2,47.79863157713321
115021298,200,468.0,New South Wales,Galston - Laughtondale,5438.0,56553.0,24336.0,43.03219988329531
115031299,63,326.8,New South Wales,Bilpin - Colo - St Albans,2852.0,53912.0,16993.600000000002,31.520997180590598
115031300,786,441.42,New South Wales,Kurrajong Heights - Ebenezer,22302.0,59842.0,22953.84,38.35740784064704
115041301,520,497.73,New South Wales,Pitt Town - McGraths Hill,11457.0,60412.0,25881.96,42.84241541415613
115041623,587,599.1,New South Wales,Box Hill - Nelson,10349.0,75921.0,31153.2,41.033706089224324
115041624,1357,597.42,New South Wales,North Kellyville,17508.0,75200.0,31065.839999999997,41.3109574468085
115041625,1039,610.02,New South Wales,Rouse Hill - Beaumont Hills,17652.0,70099.0,31721.04,45.251772493188206
116011303,2834,392.85,New South Wales,Blacktown (East) - Kings Park,17188.0,54025.0,20428.2,37.81249421564091
116011304,2597,400.7,New South Wales,Blacktown (North) - Marayong,20746.0,56209.0,20836.399999999998,37.06950844170862
116011306,2391,377.93,New South Wales,Doonside - Woodcroft,23605.0,58500.0,19652.36,33.59377777777778
116011307,2525,384.92,New South Wales,Lalor Park - Kings Langley,25568.0,61359.0,20015.84,32.62087061392786
116011560,1428,399.43,New South Wales,Blacktown - South,12685.0,55876.0,20770.36,37.17223852816952
116011561,1917,417.44,New South Wales,Blacktown - West,17245.0,55350.0,21706.88,39.217488708220415
116011626,1439,424.78,New South Wales,Seven Hills - Prospect,14929.0,60116.0,22088.559999999998,36.74322975580544
116011627,1339,410.82,New South Wales,Toongabbie - West,11632.0,60558.0,21362.64,35.276330129792925
116021309,845,595.74,New South Wales,Glenwood,15876.0,67959.0,30978.48,45.58407274974617
116021562,220,539.1,New South Wales,Acacia Gardens,3681.0,67537.0,28033.2,41.5079141803752
116021563,2214,468.5,New South Wales,Quakers Hill,24879.0,64896.0,24362.0,37.5400641025641
116021628,1291,602.68,New South Wales,Kellyville Ridge - The Ponds,21209.0,75468.0,31339.359999999997,41.526686807653576
116021629,816,580.5,New South Wales,Marsden Park - Shanes Park,15653.0,70544.0,30186.0,42.790315264232255
116021630,1445,485.31,New South Wales,Riverstone,13949.0,64239.0,25236.12,39.28473357306309
116021631,641,585.49,New South Wales,Schofields (West) - Colebee,10071.0,73972.0,30445.48,41.158113880927914
116021632,2878,555.79,New South Wales,Schofields - East,25363.0,71248.0,28901.079999999998,40.564057938468444
116021633,702,583.58,New South Wales,Stanhope Gardens - Parklea,13104.0,71670.0,30346.160000000003,42.34150969722339
116031313,2714,293.92,New South Wales,Bidwill - Hebersham - Emerton,18740.0,49237.0,15283.84,31.041371326441496
116031314,692,411.98,New South Wales,Glendenning - Dean Park,8415.0,59332.0,21422.96,36.10692375109553
116031315,1575,422.38,New South Wales,Hassall Grove - Plumpton,21576.0,59385.0,21963.76,36.985366675086304
116031316,3006,314.32,New South Wales,Lethbridge Park - Tregear,21873.0,53889.0,16344.64,30.330197257325242
116031317,3378,347.39,New South Wales,Mount Druitt - Whalan,23182.0,50525.0,18064.28,35.75315190499752
116031319,1831,424.28,New South Wales,Rooty Hill - Minchinbury,22990.0,58572.0,22062.559999999998,37.66741787884996
117011320,113,604.21,New South Wales,Banksmeadow,509.0,80663.0,31418.920000000002,38.95084487311407
117011321,1657,544.36,New South Wales,Botany,13043.0,71047.0,28306.72,39.84224527425507
117011323,2752,497.37,New South Wales,Pagewood - Hillsdale - Daceyville,14843.0,59809.0,25863.24,43.24305706499022
117011634,1457,388.07,New South Wales,Eastlakes,8975.0,53491.0,20179.64,37.725299583107436
117011635,4349,603.18,New South Wales,Mascot,21843.0,56320.0,31365.359999999997,55.69133522727272
117021327,3607,464.44,New South Wales,Petersham - Stanmore,20073.0,73082.0,24150.88,33.04627678498125
117021328,1009,620.29,New South Wales,Sydenham - Tempe - St Peters,8340.0,73553.0,32255.079999999998,43.852840808668574
117021636,1950,535.1,New South Wales,Marrickville - North,12375.0,71687.0,27825.2,38.81484788036882
117021637,2670,447.88,New South Wales,Marrickville - South,14345.0,64602.0,23289.76,36.051143927432584
117031329,2878,515.54,New South Wales,Darlinghurst,10776.0,76677.0,26808.079999999998,34.96234855302111
117031330,4370,587.14,New South Wales,Erskineville - Alexandria,19374.0,89292.0,30531.28,34.19262643909868
117031331,5323,497.27,New South Wales,Glebe - Forest Lodge,20494.0,72347.0,25858.04,35.74168935823185
117031333,5830,471.79,New South Wales,Potts Point - Woolloomooloo,18445.0,78112.0,24533.08,31.407568619418274
117031336,4487,528.25,New South Wales,Surry Hills,16060.0,73769.0,27469.0,37.23650856050645
117031638,1457,578.97,New South Wales,Camperdown - Darlington,8442.0,67095.0,30106.440000000002,44.871361502347426
117031639,2662,522.96,New South Wales,Chippendale,7983.0,45662.0,27193.920000000002,59.55481582059481
117031640,3377,523.05,New South Wales,Newtown (NSW),14864.0,72929.0,27198.6,37.29462902274815
117031641,2946,562.21,New South Wales,Pyrmont,12785.0,67948.0,29234.920000000002,43.02543121210338
117031642,3501,478.03,New South Wales,Redfern,13849.0,69608.0,24857.559999999998,35.710780370072406
117031643,2624,590.51,New South Wales,Rosebery - Beaconsfield,12391.0,71673.0,30706.52,42.84252089350243
117031644,1942,584.21,New South Wales,Sydney (North) - Millers Point,8188.0,50961.0,30378.920000000002,59.612095524028184
117031645,4941,612.87,New South Wales,Sydney (South) - Haymarket,20306.0,35056.0,31869.24,90.9095162026472
117031646,1860,501.33,New South Wales,Ultimo,7540.0,40521.0,26069.16,64.334937439846
117031647,5551,534.61,New South Wales,Waterloo,16615.0,69697.0,27799.72,39.8865374406359
117031648,4015,602.59,New South Wales,Zetland,12861.0,67262.0,31334.68,46.58600695786625
118011339,3065,639.47,New South Wales,Bondi - Tamarama - Bronte,19294.0,75223.0,33252.44,44.2051500206054
118011340,3851,639.33,New South Wales,Bondi Beach - North Bondi,21052.0,71804.0,33245.16,46.29987187343324
118011341,2718,619.22,New South Wales,Bondi Junction - Waverly,17861.0,72731.0,32199.440000000002,44.271961061995576
118011344,1098,609.62,New South Wales,Dover Heights,11190.0,66687.0,31700.24,47.53586156222352
118011345,2243,497.98,New South Wales,Paddington - Moore Park,14931.0,82314.0,25894.96,31.45875549724227
118011346,712,621.81,New South Wales,Rose Bay - Vaucluse - Watsons Bay,12034.0,65681.0,32334.119999999995,49.22903122668655
118011347,771,607.84,New South Wales,Woollahra,7487.0,81929.0,31607.68,38.57935529543873
118011649,1537,615.88,New South Wales,Bellevue Hill,14519.0,72644.0,32025.76,44.08589835361489
118011650,1413,644.42,New South Wales,Double Bay - Darling Point,10051.0,82321.0,33509.84,40.70630823240728
118021564,2202,505.99,New South Wales,Kensington (NSW),11944.0,61648.0,26311.48,42.68018427199585
118021565,2385,476.01,New South Wales,Kingsford,13720.0,54949.0,24752.52,45.046352071921234
118021566,973,579.78,New South Wales,Maroubra - North,9843.0,69969.0,30148.559999999998,43.08845345795995
118021567,2110,463.45,New South Wales,Maroubra - South,11130.0,65520.0,24099.399999999998,36.781746031746025
118021568,1436,548.27,New South Wales,Maroubra - West,9908.0,63110.0,28510.04,45.17515449215656
118021569,3059,572.28,New South Wales,Randwick - North,16289.0,78802.0,29758.559999999998,37.763711580924344
118021570,2319,565.13,New South Wales,Randwick - South,12841.0,73899.0,29386.76,39.76611320856845
118021651,3456,636.06,New South Wales,Coogee - Clovelly,19734.0,81817.0,33075.119999999995,40.42573059388635
118021652,1040,425.71,New South Wales,Malabar - La Perouse,10691.0,69259.0,22136.92,31.96251750675002
118021653,1302,418.84,New South Wales,Matraville - Chifley,13474.0,64051.0,21779.68,34.003653338745686
118021654,788,180.92,New South Wales,South Coogee,5636.0,65993.0,9407.84,14.255815010682952
119011354,2088,389.19,New South Wales,Bass Hill - Georges Hall,23971.0,48308.0,20237.88,41.89343379978472
119011355,164,522.15,New South Wales,Chullora,1482.0,57405.0,27151.8,47.29866736347008
119011356,926,503.16,New South Wales,Condell Park,12799.0,47490.0,26164.32,55.09437776373973
119011358,1612,477.44,New South Wales,Padstow,17220.0,59368.0,24826.88,41.81862282711225
119011360,1853,467.32,New South Wales,Revesby,17721.0,57304.0,24300.64,42.4065335753176
119011361,2255,412.77,New South Wales,Yagoona - Birrong,22584.0,47600.0,21464.04,45.09252100840337
119011571,2742,404.76,New South Wales,Bankstown - North,17054.0,46115.0,21047.52,45.64137482381005
119011572,2615,417.63,New South Wales,Bankstown - South,18508.0,44137.0,21716.76,49.20307225230532
119011655,1319,389.75,New South Wales,Greenacre - North,14700.0,45455.0,20267.0,44.58695413045869
119011656,997,466.72,New South Wales,Greenacre - South,13448.0,44974.0,24269.440000000002,53.96326766576245
119011657,869,485.61,New South Wales,Panania (North) - Milperra,11375.0,61680.0,25251.72,40.93988326848249
119011658,1209,476.52,New South Wales,Panania (South) - Picnic Point,16017.0,62686.0,24779.04,39.52882621318955
119021362,2582,408.4,New South Wales,Belmore - Belfield,20406.0,52635.0,21236.8,40.34729742566733
119021366,2253,394.97,New South Wales,Punchbowl,21693.0,43581.0,20538.440000000002,47.1270507790092
119021367,1303,437.69,New South Wales,Roselands,14590.0,54507.0,22759.88,41.75588456528519
119021573,2775,363.2,New South Wales,Lakemba,17232.0,42084.0,18886.399999999998,44.87786332097709
119021574,1632,353.06,New South Wales,Wiley Park,10212.0,42152.0,18359.12,43.55456443347884
119021659,1864,410.75,New South Wales,Campsie - North,11943.0,43504.0,21359.0,49.09663479220301
119021660,1812,393.81,New South Wales,Campsie - South,9114.0,43246.0,20478.12,47.35263376959718
119021661,1827,461.49,New South Wales,Canterbury - South,12276.0,56932.0,23997.48,42.151127661069346
119021662,1166,565.17,New South Wales,Earlwood,17996.0,64420.0,29388.839999999997,45.62067680844458
119021663,469,464.56,New South Wales,Kingsgrove - North,6268.0,58229.0,24157.12,41.48640711672877
119031370,1669,403.08,New South Wales,Narwee - Beverly Hills,13822.0,55066.0,20960.16,38.063705371735736
119031371,816,497.81,New South Wales,Oatley - Hurstville Grove,12588.0,65082.0,25886.12,39.77462278356534
119031372,1322,453.9,New South Wales,Peakhurst - Lugarno,20274.0,62124.0,23602.8,37.99304616573305
119031373,2316,304.4,New South Wales,Riverwood,11645.0,48508.0,15828.8,32.63131854539457
119031374,2290,490.63,New South Wales,South Hurstville - Blakehurst,25415.0,52652.0,25512.76,48.455443288004254
119031664,2416,470.94,New South Wales,Hurstville - Central,12160.0,45545.0,24488.88,53.76853661214184
119031665,1058,485.29,New South Wales,Hurstville - North,12135.0,49755.0,25235.08,50.718681539543766
119031666,1530,429.56,New South Wales,Mortdale - Oatley,14719.0,63017.0,22337.12,35.44618118920291
119031667,1478,405.93,New South Wales,Penshurst,9560.0,54257.0,21108.36,38.90439943233132
119041377,1121,499.89,New South Wales,Kingsgrove (South) - Bardwell Park,12996.0,60368.0,25994.28,43.05970050357805
119041378,2190,474.82,New South Wales,Kogarah,13133.0,59213.0,24690.64,41.69800550554777
119041379,2063,457.8,New South Wales,Kogarah Bay - Carlton - Allawah,16246.0,55791.0,23805.600000000002,42.6692477281282
119041380,2023,466.9,New South Wales,Monterey - Brighton-le-Sands - Kyeemagh,13915.0,60366.0,24278.8,40.2193287612232
119041381,2899,470.53,New South Wales,Rockdale - Banksia,20010.0,51852.0,24467.559999999998,47.187302321993364
119041382,1795,499.19,New South Wales,Sans Souci - Ramsgate,16675.0,62529.0,25957.88,41.5133458075453
119041668,1994,510.12,New South Wales,Arncliffe - Bardwell Valley,16676.0,55920.0,26526.24,47.43605150214593
119041669,692,529.2,New South Wales,Bexley - North,10162.0,58395.0,27518.4,47.124582584125356
119041670,1873,423.29,New South Wales,Bexley - South,15879.0,54101.0,22011.08,40.68516293599009
119041671,2806,542.96,New South Wales,Wolli Creek,10897.0,57089.0,28233.920000000002,49.455972253849254
120011383,2213,586.39,New South Wales,Concord - Mortlake - Cabarita,23214.0,70200.0,30492.28,43.4362962962963
120011385,1986,576.22,New South Wales,Drummoyne - Rodd Point,18409.0,78461.0,29963.440000000002,38.188960120314555
120011386,2807,567.79,New South Wales,Five Dock - Abbotsford,21003.0,75029.0,29525.079999999998,39.35155739780618
120011672,1481,504.52,New South Wales,Concord West - North Strathfield,12905.0,66562.0,26235.04,39.41444067185481
120011673,2812,570.61,New South Wales,Rhodes,11650.0,62672.0,29671.72,47.34446004595354
120021387,2058,584.11,New South Wales,Balmain,15634.0,92505.0,30373.72,32.83467920652938
120021389,1861,573.65,New South Wales,Lilyfield - Rozelle,13870.0,91324.0,29829.8,32.663702860146294
120021674,1352,523.57,New South Wales,Annandale (NSW),9519.0,81575.0,27225.640000000003,33.37498007968128
120021675,2447,571.33,New South Wales,Leichhardt,17630.0,81553.0,29709.160000000003,36.42926685713586
120031392,1591,483.97,New South Wales,Canterbury (North) - Ashbury,12055.0,63549.0,25166.440000000002,39.601630238084
120031393,1885,438.8,New South Wales,Croydon Park - Enfield,17468.0,60000.0,22817.600000000002,38.02933333333334
120031394,3387,487.42,New South Wales,Dulwich Hill - Lewisham,18054.0,73968.0,25345.84,34.26595284447328
120031395,1747,474.43,New South Wales,Haberfield - Summer Hill,13560.0,72096.0,24670.36,34.21876387039503
120031396,4238,458.31,New South Wales,Homebush,21056.0,53659.0,23832.12,44.414021878901956
120031576,412,461.98,New South Wales,Strathfield South,3648.0,62257.0,24022.96,38.58676132804344
120031676,2491,426.37,New South Wales,Ashfield - North,11522.0,57291.0,22171.24,38.69934195597913
120031677,2087,471.0,New South Wales,Ashfield - South,12283.0,57627.0,24492.0,42.50091103128742
120031678,3512,510.11,New South Wales,Burwood (NSW),16071.0,42288.0,26525.72,62.72635262958759
120031679,1120,470.87,New South Wales,Croydon,11011.0,59690.0,24485.24,41.020673479644834
120031680,3058,490.96,New South Wales,Strathfield - East,16600.0,44817.0,25529.92,56.964812459557756
120031681,500,516.65,New South Wales,Strathfield - West,9283.0,61986.0,26865.8,43.34172232439583
121011399,2827,507.98,New South Wales,Chatswood (West) - Lane Cove North,21417.0,75185.0,26414.96,35.13328456474031
121011401,2659,587.63,New South Wales,St Leonards - Naremburn,11993.0,88835.0,30556.76,34.397208307536445
121011682,1701,525.08,New South Wales,Artarmon,9461.0,74802.0,27304.160000000003,36.50191171359055
121011683,380,626.37,New South Wales,Castle Cove - Northbridge,13470.0,73200.0,32571.24,44.49622950819672
121011684,3285,573.03,New South Wales,Chatswood - East,19782.0,60592.0,29797.559999999998,49.177383152891466
121011685,931,547.6,New South Wales,Greenwich - Riverview,12984.0,79592.0,28475.2,35.77645994572319
121011686,2149,535.54,New South Wales,Lane Cove,15937.0,81760.0,27848.079999999998,34.06076320939334
121011687,1022,544.22,New South Wales,Willoughby,13028.0,78126.0,28299.440000000002,36.22281954790979
121021403,1498,515.42,New South Wales,Asquith - Mount Colah,22145.0,68981.0,26801.839999999997,38.85394528928255
121021404,463,567.06,New South Wales,Berowra - Brooklyn - Cowan,11795.0,66224.0,29487.119999999995,44.52633486349359
121021406,1027,552.72,New South Wales,Normanhurst - Thornleigh - Westleigh,19205.0,71324.0,28741.440000000002,40.297010823846115
121021577,2532,442.28,New South Wales,Hornsby - East,11999.0,60950.0,22998.559999999998,37.73348646431501
121021578,997,450.8,New South Wales,Hornsby - West,10654.0,64930.0,23441.600000000002,36.10288002464193
121021579,1746,489.42,New South Wales,Wahroonga (West) - Waitara,11893.0,72569.0,25449.84,35.069850762722375
121031407,1792,571.73,New South Wales,Gordon - Killara,22602.0,67291.0,29729.96,44.181183219152636
121031408,1536,574.82,New South Wales,Lindfield - Roseville,24761.0,72701.0,29890.640000000003,41.114482606841726
121031409,709,604.35,New South Wales,Pymble,17269.0,73556.0,31426.2,42.72418293545054
121031410,783,630.85,New South Wales,St Ives,21780.0,72020.0,32804.200000000004,45.54873646209387
121031411,792,568.91,New South Wales,Turramurra,20327.0,73059.0,29583.32,40.49236918107283
121031412,677,578.97,New South Wales,Wahroonga (East) - Warrawee,18251.0,72004.0,30106.440000000002,41.812177101272155
121041413,3145,580.22,New South Wales,Cremorne - Cammeray,18991.0,87256.0,30171.440000000002,34.57806912991657
121041414,3796,564.83,New South Wales,Crows Nest - Waverton,18037.0,88376.0,29371.160000000003,33.23431700914276
121041416,4008,523.08,New South Wales,Neutral Bay - Kirribilli,17340.0,83160.0,27200.160000000003,32.708225108225115
121041417,2989,591.23,New South Wales,North Sydney - Lavender Bay,12585.0,88008.0,30743.96,34.93314244159622
121041688,1403,554.5,New South Wales,Mosman - North,13822.0,75460.0,28834.0,38.21097270076862
121041689,1628,541.96,New South Wales,Mosman - South,14644.0,79642.0,28181.920000000002,35.385751236784614
122011418,1014,605.96,New South Wales,Balgowlah - Clontarf - Seaforth,20858.0,72580.0,31509.920000000002,43.414053458252965
122011419,3178,654.23,New South Wales,Manly - Fairlight,22732.0,76866.0,34019.96,44.258788020711364
122021420,454,625.95,New South Wales,Avalon - Palm Beach,13087.0,55325.0,32549.4,58.83307727067329
122021421,272,577.5,New South Wales,Bayview - Elanora Heights,11261.0,58453.0,30030.0,51.37460865994902
122021422,716,567.34,New South Wales,Newport - Bilgola,13704.0,61338.0,29501.68,48.09690567022075
122021690,820,623.07,New South Wales,Mona Vale - Warriewood (North),14631.0,61112.0,32399.640000000003,53.016821573504394
122021691,539,677.65,New South Wales,North Narrabeen - Warriewood (South),10898.0,63041.0,35237.799999999996,55.89663869545216
122031424,946,483.0,New South Wales,Beacon Hill - Narraweena,14555.0,58654.0,25116.0,42.82060899512395
122031425,297,593.31,New South Wales,Cromer,8052.0,61665.0,30852.119999999995,50.03181707613719
122031427,524,618.16,New South Wales,Forestville - Killarney Heights,13161.0,67395.0,32144.32,47.69540767119223
122031429,2553,588.15,New South Wales,Freshwater - Brookvale,22014.0,71792.0,30583.8,42.600568308446626
122031430,1371,536.89,New South Wales,Manly Vale - Allambie Heights,17623.0,67426.0,27918.28,41.40580784860439
122031432,131,566.5,New South Wales,Terrey Hills - Duffys Forest,3796.0,59517.0,29458.0,49.49510223969622
122031692,184,692.43,New South Wales,Belrose,8668.0,63390.0,36006.36,56.80132513014671
122031693,1076,581.55,New South Wales,Collaroy - Collaroy Plateau,13989.0,63250.0,30240.6,47.811225296442686
122031694,906,557.92,New South Wales,Dee Why (South) - North Curl Curl,9155.0,63772.0,29011.839999999997,45.49306905852097
122031695,3535,561.69,New South Wales,Dee Why - North,17921.0,61444.0,29207.880000000005,47.53577241065036
122031696,461,719.46,New South Wales,Frenchs Forest - Oxford Falls,17204.0,68396.0,37411.92,54.6989882449266
122031697,1325,576.87,New South Wales,Narrabeen - Wheeler Heights,11258.0,64895.0,29997.24,46.22426997457432
123011433,721,415.78,New South Wales,Camden - Ellis Lane,13341.0,63413.0,21620.559999999998,34.09483859776386
123011698,616,470.01,New South Wales,Currans Hill,6497.0,61510.0,24440.52,39.73422207771094
123011699,1223,454.56,New South Wales,Elderslie - Narellan,14090.0,62790.0,23637.12,37.64472049689441
123011700,433,560.82,New South Wales,Harrington Park,11288.0,64839.0,29162.640000000003,44.977004580576505
123011701,1136,483.06,New South Wales,Mount Annan,19159.0,62702.0,25119.12,40.061114478007084
123011702,789,500.7,New South Wales,Spring Farm,9598.0,69073.0,26036.399999999998,37.69403384824751
123021436,2362,368.12,New South Wales,Bradbury - Wedderburn,20207.0,55042.0,19142.24,34.77751535191309
123021437,3338,392.97,New South Wales,Campbelltown - Woodbine,22283.0,55751.0,20434.440000000002,36.65304658212409
123021438,1630,381.72,New South Wales,Claymore - Eagle Vale - Raby,20390.0,57420.0,19849.440000000002,34.568861024033446
123021441,1709,369.3,New South Wales,Leumeah - Minto Heights,16809.0,56292.0,19203.600000000002,34.1142613515242
123021443,1988,379.06,New South Wales,Minto - St Andrews,21524.0,54670.0,19711.12,36.054728370221326
123021444,2010,373.17,New South Wales,Rosemeadow - Glen Alpine,21302.0,55693.0,19404.84,34.842511626236686
123021703,979,554.71,New South Wales,Denham Court - Bardia,14972.0,63467.0,28844.920000000002,45.44868987032631
123021704,1051,430.29,New South Wales,Glenfield,10596.0,61139.0,22375.08,36.59706570274293
123021705,1739,395.76,New South Wales,Ingleburn,16803.0,57030.0,20579.52,36.08542872172541
123021706,1868,338.13,New South Wales,Macquarie Fields,14263.0,51595.0,17582.76,34.078418451400324
123031445,287,429.55,New South Wales,Bargo,5967.0,58235.0,22336.600000000002,38.35597149480554
123031446,389,495.56,New South Wales,Douglas Park - Appin,11147.0,66175.0,25769.12,38.940868908197956
123031447,1448,408.0,New South Wales,Picton - Tahmoor - Buxton,19076.0,59736.0,21216.0,35.516271595018075
123031448,289,407.57,New South Wales,The Oaks - Oakdale,9836.0,59358.0,21193.64,35.704774419623305
124011449,496,387.01,New South Wales,Blackheath - Megalong Valley,5761.0,51503.0,20124.52,39.07446168184377
124011450,940,444.13,New South Wales,Blaxland - Warrimoo - Lapstone,19045.0,68813.0,23094.76,33.561623530437565
124011452,1664,377.46,New South Wales,Katoomba - Leura,13377.0,49993.0,19627.92,39.261336587122194
124011453,620,401.4,New South Wales,Lawson - Hazelbrook - Linden,11481.0,60350.0,20872.8,34.586246893123445
124011454,1080,428.71,New South Wales,Springwood - Winmalee,22089.0,65360.0,22292.92,34.107894736842105
124011455,429,441.24,New South Wales,Wentworth Falls,6437.0,53780.0,22944.48,42.66359241353663
124031457,1411,400.42,New South Wales,Cambridge Park,16118.0,59909.0,20821.84,34.75577959905857
124031459,889,438.1,New South Wales,Emu Plains - Leonay,13952.0,65871.0,22781.2,34.58456680481547
124031460,1451,474.57,New South Wales,Glenmore Park - Regentville,21159.0,65933.0,24677.64,37.42835909180532
124031461,2015,405.03,New South Wales,Jamisontown - South Penrith,17411.0,61076.0,21061.559999999998,34.48418364005501
124031462,3452,372.47,New South Wales,Kingswood - Werrington,24895.0,59075.0,19368.440000000002,32.786187050359715
124031463,624,523.76,New South Wales,Mulgoa - Luddenham - Orchard Hills,12099.0,64175.0,27235.52,42.4394546162836
124031464,4588,379.48,New South Wales,Penrith,18161.0,57296.0,19732.96,34.44037978218375
124031465,222,433.07,New South Wales,Warragamba - Silverdale,6058.0,63287.0,22519.64,35.58335835163619
124031707,1346,405.63,New South Wales,Cranebrook - Castlereagh,17154.0,61418.0,21092.76,34.34296134683643
124031708,1260,522.78,New South Wales,Jordan Springs - Llandilo,13489.0,66274.0,27184.559999999998,41.018438603373866
124041466,1898,396.5,New South Wales,Richmond - Clarendon,15312.0,58587.0,20618.0,35.1921074641132
124041467,2021,387.64,New South Wales,Windsor - Bligh Park,15394.0,58520.0,20157.28,34.44511278195488
124041468,337,482.34,New South Wales,Yarramundi - Londonderry,7564.0,56087.0,25081.68,44.71923975252732
124051469,376,453.05,New South Wales,Erskine Park,6520.0,62100.0,23558.600000000002,37.9365539452496
124051470,1284,445.15,New South Wales,St Clair,20061.0,60065.0,23147.8,38.53791725630566
124051580,1474,390.3,New South Wales,Colyton - Oxley Park,13095.0,56614.0,20295.600000000002,35.84908326562335
124051581,3092,365.3,New South Wales,St Marys - North St Marys,17474.0,55350.0,18995.600000000002,34.319060523938575
125011582,2447,461.55,New South Wales,Auburn - Central,19669.0,40000.0,24000.600000000002,60.00150000000001
125011583,1937,385.58,New South Wales,Auburn - North,10711.0,39889.0,20050.16,50.26488505603049
125011584,768,437.17,New South Wales,Auburn - South,8906.0,46115.0,22732.84,49.29597744768513
125011585,1039,385.95,New South Wales,Berala,8650.0,48183.0,20069.399999999998,41.65245003424444
125011586,2707,487.67,New South Wales,Lidcombe,21349.0,46679.0,25358.84,54.32601383919964
125011587,693,379.93,New South Wales,Regents Park,5163.0,45338.0,19756.36,43.57572014645552
125011709,959,526.43,New South Wales,Silverwater - Newington,9341.0,64819.0,27374.359999999997,42.231999876579394
125011710,5397,514.22,New South Wales,Wentworth Point - Sydney Olympic Park,20682.0,64086.0,26739.440000000002,41.72430796117717
125021477,3310,433.9,New South Wales,Ermington - Rydalmere,24826.0,61051.0,22562.8,36.95729799675681
125021478,2229,418.04,New South Wales,Oatlands - Dundas Valley,18563.0,57734.0,21738.08,37.65212872830568
125021711,890,527.07,New South Wales,Carlingford - East,11661.0,60000.0,27407.640000000003,45.6794
125021712,2070,499.95,New South Wales,Carlingford - West,19308.0,59998.0,25997.399999999998,43.33044434814494
125031479,2074,410.62,New South Wales,Chester Hill - Sefton,20934.0,47941.0,21352.24,44.538578669614736
125031480,1892,317.94,New South Wales,Fairfield - East,15794.0,46042.0,16532.88,35.90825767777247
125031481,3153,422.58,New South Wales,Granville - Clyde,23442.0,45067.0,21974.16,48.758870126700245
125031483,2669,366.31,New South Wales,Guildford - South Granville,22560.0,43515.0,19048.12,43.773687234287024
125031484,2716,411.66,New South Wales,Guildford West - Merrylands West,23127.0,51162.0,21406.32,41.8402720769321
125031487,3,499.5,New South Wales,Yennora Industrial,13.0,50989.0,25974.0,50.94039890956873
125031713,959,486.04,New South Wales,Greystanes - South,16652.0,59445.0,25274.08,42.51674657246195
125031714,3623,402.17,New South Wales,Merrylands - Holroyd,24017.0,50695.0,20912.84,41.252273399743565
125031715,702,515.34,New South Wales,Pemulwuy - Greystanes (North),10909.0,67910.0,26797.68,39.46058017964953
125031716,774,466.77,New South Wales,South Wentworthville,7337.0,55565.0,24272.04,43.68224601817691
125041489,5202,420.51,New South Wales,North Parramatta,23080.0,63953.0,21866.52,34.19154691726737
125041490,472,557.67,New South Wales,North Rocks,8469.0,67485.0,28998.839999999997,42.97079350966881
125041491,3882,422.79,New South Wales,Northmead,20427.0,65916.0,21985.08,33.3531767704351
125041493,2257,441.56,New South Wales,Toongabbie - Constitution Hill,23013.0,61930.0,22961.12,37.075924430808975
125041494,460,530.01,New South Wales,Winston Hills,11203.0,70201.0,27560.52,39.259440748707284
125041588,1765,422.62,New South Wales,Pendle Hill - Girraween,13994.0,61137.0,21976.24,35.94589201301994
125041589,3974,419.67,New South Wales,Wentworthville - Westmead,21769.0,62475.0,21822.84,34.930516206482594
125041717,3580,461.82,New South Wales,Parramatta - North,12247.0,64397.0,24014.64,37.29155084864202
125041718,2326,411.22,New South Wales,Parramatta - South,9983.0,53948.0,21383.440000000002,39.637132053088166
125041719,2278,383.07,New South Wales,Rosehill - Harris Park,9136.0,51833.0,19919.64,38.43042077441012
126011496,1286,529.69,New South Wales,Pennant Hills - Cheltenham,21819.0,71260.0,27543.880000000005,38.65265225933203
126011720,1785,503.14,New South Wales,Epping (East) - North Epping,14463.0,67397.0,26163.28,38.81965072629345
126011721,2440,510.7,New South Wales,Epping (NSW) - West,18775.0,63312.0,26556.399999999998,41.94528683345969
126021498,2043,458.61,New South Wales,Gladesville - Huntleys Point,15493.0,74130.0,23847.72,32.17013354917037
126021499,489,484.23,New South Wales,Hunters Hill - Woolwich,9870.0,72573.0,25179.96,34.696043983299575
126021500,4774,481.82,New South Wales,Macquarie Park - Marsfield,24028.0,62021.0,25054.64,40.397026813498655
126021501,1697,523.66,New South Wales,North Ryde - East Ryde,15675.0,70480.0,27230.32,38.635527809307604
126021503,3601,425.43,New South Wales,West Ryde - Meadowbank,20213.0,64680.0,22122.36,34.202782931354356
126021590,155,620.12,New South Wales,Putney,4165.0,65820.0,32246.24,48.99155271953814
126021722,364,612.41,New South Wales,Denistone,6986.0,66291.0,31845.32,48.03867795024966
126021723,2396,452.01,New South Wales,Eastwood,19071.0,55922.0,23504.52,42.03090018239691
126021724,2880,435.43,New South Wales,Ryde - North,20389.0,62174.0,22642.36,36.41773088429247
126021725,2397,498.12,New South Wales,Ryde - South,12054.0,68677.0,25902.24,37.71603302415656
127011504,2699,269.32,New South Wales,Ashcroft - Busby - Miller,18086.0,44875.0,14004.64,31.20811142061281
127011505,883,508.95,New South Wales,Austral - Greendale,12581.0,55137.0,26465.399999999998,47.999347080907555
127011592,7,174.5,New South Wales,Badgerys Creek,23.0,74484.0,9074.0,12.182482143816122
127011593,246,551.16,New South Wales,Cecil Hills,6928.0,57636.0,28660.32,49.7264209868832
127011594,928,456.8,New South Wales,Green Valley,12955.0,51903.0,23753.600000000002,45.765370017147376
127011595,704,491.22,New South Wales,Hinchinbrook,13064.0,55402.0,25543.440000000002,46.105627955669476
127011596,738,511.03,New South Wales,Hoxton Park - Carnes Hill - Horningsea Park,13306.0,58530.0,26573.559999999998,45.40160601400991
127011597,917,527.13,New South Wales,West Hoxton - Middleton Grange,17250.0,59253.0,27410.76,46.260543769935694
127011726,289,521.02,New South Wales,Cobbitty - Bringelly,4781.0,62234.0,27093.04,43.53414532249253
127011727,1123,521.38,New South Wales,Gledswood Hills - Gregory Hills,14430.0,69319.0,27111.76,39.11158556817034
127011728,866,552.63,New South Wales,Leppington - Catherine Field,12617.0,62756.0,28736.76,45.79125501944037
127011729,1763,523.75,New South Wales,Oran Park,17786.0,65272.0,27235.0,41.72539526902806
127021509,1565,397.62,New South Wales,Bonnyrigg Heights - Bonnyrigg,17200.0,50874.0,20676.24,40.64205684632622
127021510,1407,477.31,New South Wales,Bossley Park - Abbotsbury,19746.0,54153.0,24820.12,45.83332410023452
127021511,3131,335.57,New South Wales,Cabramatta - Lansvale,24212.0,43300.0,17449.64,40.299399538106236
127021512,1744,381.62,New South Wales,Cabramatta West - Mount Pritchard,18299.0,48303.0,19844.24,41.08283129412252
127021513,2433,369.45,New South Wales,Canley Vale - Canley Heights,22367.0,45865.0,19211.399999999998,41.88684181838002
127021514,733,463.85,New South Wales,Edensor Park,10292.0,52614.0,24120.2,45.84369179305888
127021515,3310,378.56,New South Wales,Fairfield,18288.0,44926.0,19685.12,43.81676534746027
127021516,2298,450.12,New South Wales,Fairfield - West,21309.0,46994.0,23406.24,49.80686896199516
127021517,756,462.67,New South Wales,Greenfield Park - Prairiewood,8871.0,50004.0,24058.84,48.11383089352852
127021518,148,442.4,New South Wales,Horsley Park - Kemps Creek,4347.0,54888.0,23004.8,41.91225768838361
127021519,2135,419.86,New South Wales,Smithfield - Wetherill Park,19551.0,52053.0,21832.72,41.94325014888671
127021520,689,455.42,New South Wales,St Johns Park - Wakeley,11204.0,51344.0,23681.84,46.12387036459956
127031522,1515,455.87,New South Wales,Casula,16626.0,54883.0,23705.24,43.192318204179806
127031523,1345,500.47,New South Wales,Chipping Norton - Moorebank,20902.0,61513.0,26024.440000000002,42.307219612114515
127031524,1676,475.69,New South Wales,Holsworthy - Wattle Grove,21301.0,67943.0,24735.88,36.40681159206983
127031599,1663,355.3,New South Wales,Lurnea - Cartwright,12745.0,46618.0,18475.600000000002,39.631901840490805
127031601,1599,330.81,New South Wales,Warwick Farm,5965.0,51717.0,17202.12,33.26202215905795
127031730,1025,558.15,New South Wales,Edmondson Park,12136.0,65989.0,29023.8,43.982785009622816
127031731,4527,379.52,New South Wales,Liverpool - East,17670.0,53979.0,19735.04,36.56058837696141
127031732,2039,370.21,New South Wales,Liverpool - West,13774.0,48528.0,19250.92,39.6697164523574
127031733,711,527.42,New South Wales,Prestons,15752.0,57812.0,27425.839999999997,47.43970110011762
128011529,1153,535.92,New South Wales,Gymea - Grays Point,18189.0,68493.0,27867.839999999997,40.687135911699
128011530,2318,498.69,New South Wales,Miranda - Yowie Bay,20782.0,64316.0,25931.88,40.31948504260215
128011531,922,524.87,New South Wales,Sylvania - Taren Point,16469.0,60004.0,27293.24,45.485700953269784
128011602,1933,478.59,New South Wales,Caringbah,12890.0,67325.0,24886.68,36.96499071667286
128011603,372,647.2,New South Wales,Caringbah South,13032.0,66894.0,33654.4,50.31004275420815
128011604,3377,500.3,New South Wales,Cronulla - Kurnell - Bundeena,24546.0,66453.0,26015.600000000002,39.148872135193294
128011605,57,776.65,New South Wales,Lilli Pilli - Port Hacking - Dolans Bay,3371.0,63399.0,40385.799999999996,63.70100474770894
128011606,581,533.11,New South Wales,Woolooware - Burraneer,8973.0,66027.0,27721.72,41.985430202795825
128021533,255,533.58,New South Wales,Heathcote - Waterfall,6680.0,65733.0,27746.160000000003,42.21039660444526
128021534,207,677.08,New South Wales,Illawong - Alfords Point,10571.0,66476.0,35208.16,52.96371622841327
128021535,687,584.96,New South Wales,Menai - Lucas Heights - Woronora,21011.0,66842.0,30417.920000000002,45.50719607432453
128021536,1022,499.18,New South Wales,Oyster Bay - Como - Jannali,22157.0,71762.0,25957.36,36.17145564504891
128021537,6,399.5,New South Wales,Royal National Park,45.0,35923.0,20774.0,57.829245887036166
128021538,3328,475.57,New South Wales,Sutherland - Kirrawee,23385.0,68118.0,24729.64,36.304119322352385
128021607,799,507.14,New South Wales,Engadine,17383.0,66550.0,26371.28,39.626265965439515
128021608,196,559.71,New South Wales,Loftus - Yarrawarrah,7357.0,67866.0,29104.920000000002,42.885863318893115
128021609,57,734.15,New South Wales,Woronora Heights,3551.0,67564.0,38175.799999999996,56.50316736723698
201011001,1592,374.41,Victoria,Alfredton,16841.0,57537.0,19469.32,33.837912995116184
201011002,1630,313.22,Victoria,Ballarat,12071.0,55093.0,16287.440000000002,29.56353801753399
201011005,343,331.32,Victoria,Buninyong,7229.0,58397.0,17228.64,29.50261143551895
201011006,949,364.95,Victoria,Delacombe,10648.0,53413.0,18977.399999999998,35.52955273060865
201011007,43,315.7,Victoria,Smythes Creek,4211.0,57048.0,16416.399999999998,28.776468938437805
201011008,2130,264.41,Victoria,Wendouree - Miners Rest,15312.0,50293.0,13749.320000000002,27.338436760582987
201011481,1445,289.94,Victoria,Ballarat East - Warrenheip,9654.0,50902.0,15076.88,29.619425562846253
201011482,1453,298.43,Victoria,Ballarat North - Invermay,14701.0,57211.0,15518.36,27.124783695443185
201011483,1707,298.78,Victoria,Canadian - Mount Clear,12206.0,51512.0,15536.559999999998,30.16104985246156
201011484,2345,261.1,Victoria,Sebastopol - Redan,13062.0,47505.0,13577.2,28.580570466266707
201021009,288,332.68,Victoria,Bacchus Marsh Surrounds,6533.0,57663.0,17299.36,30.000797738584534
201021010,412,243.63,Victoria,Creswick - Clunes,8041.0,50065.0,12668.76,25.30462398881454
201021011,562,327.17,Victoria,Daylesford,9874.0,48507.0,17012.84,35.0729585420661
201021012,151,269.92,Victoria,Gordon (Vic.),6340.0,55841.0,14035.84,25.135366486989845
201031013,148,205.33,Victoria,Avoca,3501.0,44299.0,10677.16,24.102485383417232
201031014,193,211.57,Victoria,Beaufort,4621.0,49004.0,11001.64,22.450493837237776
201031015,99,256.31,Victoria,Golden Plains - North,4869.0,52253.0,13328.12,25.50689912540907
201031016,954,237.13,Victoria,Maryborough (Vic.),8118.0,46533.0,12330.76,26.49895772892356
201031017,192,210.5,Victoria,Maryborough Surrounds,5479.0,43754.0,10946.0,25.017141289939204
202011018,2627,279.39,Victoria,Bendigo,14955.0,50406.0,14528.279999999999,28.82252112843709
202011019,1475,280.2,Victoria,California Gully - Eaglehawk,12932.0,50723.0,14570.4,28.725430278177548
202011020,1799,297.88,Victoria,East Bendigo - Kennington,13930.0,53533.0,15489.76,28.93497468850989
202011021,1383,295.37,Victoria,Flora Hill - Spring Gully,9419.0,52532.0,15359.24,29.2378740577172
202011022,2551,292.85,Victoria,Kangaroo Flat - Golden Square,21071.0,51807.0,15228.2,29.394097322755613
202011023,119,388.29,Victoria,Maiden Gully,5502.0,59131.0,20191.08,34.14635301280209
202011024,340,407.59,Victoria,Strathfieldsaye,10679.0,61550.0,21194.68,34.4348984565394
202011025,1228,334.95,Victoria,White Hills - Ascot,14452.0,56625.0,17417.399999999998,30.759205298013242
202021026,146,315.94,Victoria,Bendigo Surrounds - South,8311.0,56583.0,16428.88,29.035010515525865
202021027,910,312.27,Victoria,Castlemaine,11291.0,50124.0,16238.039999999999,32.39573856835049
202021028,291,280.59,Victoria,Castlemaine Surrounds,9147.0,50671.0,14590.679999999998,28.794932012393677
202021029,214,258.76,Victoria,Heathcote,5026.0,49040.0,13455.52,27.437846655791194
202021030,661,367.48,Victoria,Kyneton,10499.0,55187.0,19108.96,34.62583579466178
202021031,396,389.45,Victoria,Woodend,7911.0,63800.0,20251.399999999998,31.742006269592473
202031032,169,229.51,Victoria,Bendigo Surrounds - North,4908.0,51393.0,11934.52,23.222073044967214
202031033,324,174.15,Victoria,Loddon,7233.0,43666.0,9055.800000000001,20.738789905189396
203011034,229,381.89,Victoria,Bannockburn,7738.0,59602.0,19858.28,33.318143686453475
203011035,171,321.25,Victoria,Golden Plains - South,8074.0,54491.0,16705.0,30.656438677946817
203011036,290,302.26,Victoria,Winchelsea,6585.0,53459.0,15717.52,29.401073720047137
203021037,2125,353.96,Victoria,Belmont,15000.0,54145.0,18405.92,33.9937575030012
203021039,2258,341.05,Victoria,Geelong,13487.0,54701.0,17734.600000000002,32.42097950677319
203021040,3007,336.53,Victoria,Geelong West - Hamlyn Heights,21255.0,59658.0,17499.559999999998,29.33313218679808
203021042,1599,375.3,Victoria,Highton,24091.0,57291.0,19515.600000000002,34.063989108236896
203021043,1384,379.68,Victoria,Lara,20859.0,59434.0,19743.36,33.21896557525995
203021044,874,378.86,Victoria,Leopold,13220.0,54745.0,19700.72,35.98633665174902
203021045,2009,302.74,Victoria,Newcomb - Moolap,15410.0,48491.0,15742.48,32.464746035346764
203021046,1132,366.39,Victoria,Newtown (Vic.),10408.0,60865.0,19052.28,31.302521974862398
203021047,1785,338.56,Victoria,North Geelong - Bell Park,15741.0,53234.0,17605.12,33.07119510087538
203021485,999,411.69,Victoria,Charlemont,10329.0,58053.0,21407.88,36.87644049403132
203021486,2241,285.27,Victoria,Corio - Lovely Banks,18356.0,47188.0,14834.039999999999,31.43604306179537
203021487,2192,387.3,Victoria,Grovedale - Mount Duneed,24827.0,53709.0,20139.600000000002,37.497626096185
203021488,1915,252.0,Victoria,Norlane,9040.0,42087.0,13104.0,31.135505025304727
203031048,1297,376.39,Victoria,Clifton Springs,16729.0,53300.0,19572.28,36.720975609756096
203031049,391,391.17,Victoria,Lorne - Anglesea,6192.0,44487.0,20340.84,45.72311012205813
203031051,831,343.42,Victoria,Portarlington,9460.0,50000.0,17857.84,35.71568
203031052,305,393.38,Victoria,Point Lonsdale - Queenscliff,5459.0,53073.0,20455.76,38.54268648842161
203031053,1597,504.58,Victoria,Torquay,24636.0,59587.0,26238.16,44.03336298185846
203031489,991,415.86,Victoria,Barwon Heads - Armstrong Creek,11326.0,57466.0,21624.72,37.63045975011311
203031490,1206,423.38,Victoria,Ocean Grove,19393.0,55833.0,22015.76,39.43144735192449
204011054,492,251.42,Victoria,Alexandra,6771.0,45651.0,13073.84,28.63867166108081
204011055,437,247.88,Victoria,Euroa,6866.0,46690.0,12889.76,27.60711073034911
204011056,970,329.16,Victoria,Kilmore - Broadford,15523.0,56102.0,17116.32,30.509286656447188
204011057,589,314.64,Victoria,Mansfield (Vic.),10463.0,44822.0,16361.279999999999,36.50278880906697
204011058,315,288.32,Victoria,Nagambie,4509.0,51645.0,14992.64,29.030186852551072
204011059,819,243.51,Victoria,Seymour,6546.0,47032.0,12662.52,26.92320122469808
204011060,309,266.14,Victoria,Seymour Surrounds,4633.0,61602.0,13839.279999999999,22.465634232654782
204011062,200,302.32,Victoria,Yea,4142.0,46948.0,15720.64,33.485217687654426
204021063,1122,256.8,Victoria,Benalla,10753.0,50478.0,13353.6,26.45429692143112
204021064,117,220.5,Victoria,Benalla Surrounds,3754.0,48944.0,11466.0,23.426773455377575
204021065,273,241.22,Victoria,Rutherglen,4021.0,52424.0,12543.44,23.926903708225243
204021066,2160,261.54,Victoria,Wangaratta,19884.0,51353.0,13600.080000000002,26.483516055537166
204021067,323,242.06,Victoria,Wangaratta Surrounds,9867.0,50608.0,12587.12,24.871798925071136
204031068,343,304.53,Victoria,Beechworth,4953.0,50952.0,15835.559999999998,31.079368817710783
204031069,606,294.81,Victoria,Bright - Mount Beauty,8857.0,44353.0,15330.12,34.56388519378621
204031070,127,264.41,Victoria,Chiltern - Indigo Valley,3157.0,55752.0,13749.320000000002,24.661572679007033
204031071,370,254.25,Victoria,Myrtleford,4717.0,45949.0,13221.0,28.77320507519206
204031072,337,217.25,Victoria,Towong,6156.0,47618.0,11297.0,23.72422193288252
204031073,1768,285.2,Victoria,West Wodonga,15364.0,54431.0,14830.4,27.246238356818726
204031075,202,288.96,Victoria,Yackandandah,5189.0,55183.0,15025.919999999998,27.229255386622686
204031491,852,385.5,Victoria,Baranduda - Leneva,12790.0,60158.0,20046.0,33.322251404634464
204031492,2505,265.36,Victoria,Wodonga,15053.0,51297.0,13798.720000000001,26.899662748308874
205011076,1421,330.97,Victoria,Drouin,19800.0,52297.0,17210.440000000002,32.90903875939347
205011077,206,246.65,Victoria,Mount Baw Baw Region,6544.0,49500.0,12825.800000000001,25.910707070707073
205011078,489,305.52,Victoria,Trafalgar (Vic.),8319.0,53367.0,15887.039999999999,29.76940806116139
205011079,1706,326.74,Victoria,Warragul,23098.0,53072.0,16990.48,32.01401869158879
205021081,1603,277.85,Victoria,Bairnsdale,15653.0,47309.0,14448.2,30.540066372149067
205021082,255,242.86,Victoria,Bruthen - Omeo,8245.0,46713.0,12628.720000000001,27.034701260890976
205021084,903,268.15,Victoria,Lakes Entrance,11095.0,41363.0,13943.8,33.71080434204482
205021085,445,196.18,Victoria,Orbost,6693.0,40000.0,10201.36,25.503400000000003
205021086,445,309.13,Victoria,Paynesville,6902.0,45902.0,16074.76,35.01973770206091
205031087,502,243.85,Victoria,Foster,9378.0,44000.0,12680.199999999999,28.81863636363636
205031089,459,279.4,Victoria,Korumburra,9787.0,48682.0,14528.8,29.84429563288279
205031090,723,265.98,Victoria,Leongatha,11439.0,48507.0,13830.960000000001,28.51332797328221
205031091,1151,336.73,Victoria,Phillip Island,13736.0,41622.0,17509.96,42.069001970111955
205031093,2106,300.63,Victoria,Wonthaggi - Inverloch,26745.0,46364.0,15632.76,33.71745319644552
205041094,710,229.04,Victoria,Churchill,11858.0,54677.0,11910.08,21.782614261938292
205041095,2043,215.45,Victoria,Moe - Newborough,17272.0,49539.0,11203.4,22.615313187589575
205041096,1877,216.05,Victoria,Morwell,14400.0,44668.0,11234.6,25.151338766006987
205041098,128,240.85,Victoria,Yallourn North - Glengarry,4693.0,57525.0,12524.199999999999,21.771751412429378
205041493,1253,252.74,Victoria,Traralgon - East,11970.0,54885.0,13142.48,23.94548601621572
205041494,1449,300.07,Victoria,Traralgon - West,16774.0,60215.0,15603.64,25.913210993938385
205051100,132,213.33,Victoria,Longford - Loch Sport,4906.0,51324.0,11093.16,21.613981762917934
205051101,868,243.56,Victoria,Maffra,14698.0,50471.0,12665.12,25.093855877632702
205051102,175,231.12,Victoria,Rosedale,4912.0,52868.0,12018.24,22.732541423923735
205051103,1928,279.92,Victoria,Sale,15264.0,51541.0,14555.84,28.24128363826856
205051104,339,231.6,Victoria,Yarram,5555.0,46910.0,12043.199999999999,25.67299083351098
206011106,3107,432.95,Victoria,Brunswick East,12964.0,68762.0,22513.399999999998,32.741048835112416
206011107,2979,376.89,Victoria,Brunswick West,14497.0,61617.0,19598.28,31.806611811675346
206011109,856,426.9,Victoria,Pascoe Vale South,10463.0,64743.0,22198.8,34.28756776794402
206011495,2487,439.33,Victoria,Brunswick - North,13077.0,61654.0,22845.16,37.05381645959711
206011496,2853,446.39,Victoria,Brunswick - South,13208.0,67432.0,23212.28,34.423241191125875
206011497,1833,422.49,Victoria,Coburg - East,12675.0,58674.0,21969.48,37.4432968606197
206011498,1387,447.79,Victoria,Coburg - West,14184.0,63912.0,23285.08,36.43303292026537
206021110,1314,395.69,Victoria,Alphington - Fairfield,9069.0,68971.0,20575.88,29.832654303982835
206021112,3165,400.19,Victoria,Thornbury,19153.0,65479.0,20809.88,31.780998488064878
206021499,2075,455.07,Victoria,Northcote - East,15229.0,70975.0,23663.64,33.34081014441705
206021500,1588,478.29,Victoria,Northcote - West,10424.0,70319.0,24871.08,35.368933005304406
206031113,2175,374.36,Victoria,Ascot Vale,15351.0,68744.0,19466.72,28.317700453857793
206031115,2372,327.08,Victoria,Flemington,9181.0,58302.0,17008.16,29.17251552262358
206031116,2518,406.21,Victoria,Moonee Ponds,16400.0,68259.0,21122.92,30.945252640677417
206031501,1708,396.76,Victoria,Essendon (West) - Aberfeldie,16175.0,63146.0,20631.52,32.67272669686124
206031502,2055,380.55,Victoria,Essendon - East,12314.0,64655.0,19788.600000000002,30.606449617198983
206041117,4821,370.99,Victoria,Carlton,17064.0,37422.0,19291.48,51.55117310672866
206041118,4809,423.36,Victoria,Docklands,15905.0,64801.0,22014.72,33.97280906158856
206041119,1122,467.3,Victoria,East Melbourne,4959.0,75876.0,24299.600000000002,32.025409879276715
206041120,6,399.5,Victoria,Flemington Racecourse,78.0,55127.0,20774.0,37.68389355488237
206041121,2230,417.9,Victoria,Kensington (Vic.),10872.0,74397.0,21730.8,29.209242308157584
206041124,1273,396.7,Victoria,Parkville,7428.0,47285.0,20628.399999999998,43.62567410383843
206041125,1474,453.14,Victoria,South Yarra - West,6536.0,72369.0,23563.28,32.55990824800674
206041503,3124,379.37,Victoria,Melbourne CBD - East,10119.0,37923.0,19727.24,52.01919679350263
206041504,6551,378.06,Victoria,Melbourne CBD - North,17360.0,26725.0,19659.12,73.56078578110383
206041505,5888,382.74,Victoria,Melbourne CBD - West,16098.0,36207.0,19902.48,54.96859723257933
206041506,4195,388.74,Victoria,North Melbourne,15945.0,56394.0,20214.48,35.84508990318119
206041508,1921,434.72,Victoria,Southbank (West) - South Wharf,6607.0,60875.0,22605.440000000002,37.1341930184805
206041509,5626,417.5,Victoria,Southbank - East,16506.0,54974.0,21710.0,39.491395932622694
206041510,2206,398.63,Victoria,West Melbourne - Residential,7614.0,54039.0,20728.76,38.358888950572734
206051128,2739,477.56,Victoria,Albert Park,16011.0,72145.0,24833.12,34.42112412502599
206051129,3441,415.23,Victoria,Elwood,15032.0,72692.0,21591.96,29.703351125295768
206051130,2726,510.65,Victoria,Port Melbourne,16366.0,82015.0,26553.8,32.3767603487167
206051134,3646,391.82,Victoria,St Kilda East,16073.0,64218.0,20374.64,31.72730387118876
206051511,429,574.75,Victoria,Port Melbourne Industrial,1944.0,60438.0,29887.0,49.45067672656276
206051512,2796,421.04,Victoria,South Melbourne,11856.0,71600.0,21894.08,30.578324022346372
206051513,3813,387.11,Victoria,St Kilda - Central,12086.0,63732.0,20129.72,31.58494947593046
206051514,3760,399.1,Victoria,St Kilda - West,14090.0,63688.0,20753.2,32.58573043587489
206061135,1776,421.12,Victoria,Armadale,9433.0,71484.0,21898.24,30.633764198981595
206061136,5003,425.17,Victoria,Prahran - Windsor,19444.0,71870.0,22108.84,30.762265201057463
206061138,1476,468.96,Victoria,Toorak,13096.0,65000.0,24385.92,37.516799999999996
206061515,3891,433.74,Victoria,South Yarra - North,11449.0,70196.0,22554.48,32.13071969912816
206061516,2761,393.51,Victoria,South Yarra - South,10097.0,71530.0,20462.52,28.60690619320565
206071139,2352,434.46,Victoria,Abbotsford,9258.0,70789.0,22591.92,31.914449985167188
206071140,1520,521.87,Victoria,Carlton North - Princes Hill,8290.0,63877.0,27137.24,42.4835856411541
206071141,2738,430.23,Victoria,Collingwood,9351.0,70326.0,22371.96,31.811790802832522
206071142,2472,442.15,Victoria,Fitzroy,10608.0,69767.0,22991.8,32.95512204910631
206071143,2467,473.44,Victoria,Fitzroy North,12945.0,69884.0,24618.88,35.228206742602026
206071145,1457,483.94,Victoria,Clifton Hill - Alphington,9978.0,77031.0,25164.88,32.66851008035726
206071517,3638,503.77,Victoria,Richmond (South) - Cremorne,17977.0,80515.0,26196.04,32.53560206172763
206071518,3799,403.54,Victoria,Richmond - North,14074.0,69844.0,20984.08,30.044212817135335
207011146,616,454.54,Victoria,Ashburton (Vic.),8021.0,69561.0,23636.08,33.97892497232645
207011147,1387,452.24,Victoria,Balwyn,16323.0,56517.0,23516.48,41.609568802307265
207011148,1227,550.96,Victoria,Balwyn North,21406.0,57073.0,28649.920000000002,50.198727944912655
207011149,1730,482.24,Victoria,Camberwell,21500.0,65865.0,25076.48,38.072542321415014
207011150,1092,513.17,Victoria,Glen Iris - East,17006.0,71001.0,26684.839999999997,37.583752341516316
207011152,2523,416.89,Victoria,Hawthorn East,15881.0,66913.0,21678.28,32.39771045985085
207011154,492,472.97,Victoria,Kew East,6555.0,62066.0,24594.440000000002,39.62626881062096
207011155,1023,475.16,Victoria,Surrey Hills (West) - Canterbury,16083.0,65707.0,24708.32,37.60378650676488
207011519,1604,407.44,Victoria,Hawthorn - North,10017.0,67068.0,21186.88,31.59014731317469
207011520,2430,405.3,Victoria,Hawthorn - South,12137.0,65222.0,21075.600000000002,32.313636503020454
207011521,929,498.45,Victoria,Kew - South,11717.0,64395.0,25919.399999999998,40.2506405776846
207011522,1335,443.09,Victoria,Kew - West,13143.0,65780.0,23040.68,35.026877470355736
207021156,812,464.58,Victoria,Bulleen,11370.0,57575.0,24158.16,41.95946157186279
207021157,2841,457.15,Victoria,Doncaster,25173.0,50066.0,23771.8,47.480925178764025
207021159,716,517.82,Victoria,Templestowe,17101.0,54597.0,26926.640000000003,49.31890030587762
207021160,830,486.85,Victoria,Templestowe Lower,14280.0,57971.0,25316.2,43.67045591761398
207021424,857,499.71,Victoria,Doncaster East - North,15786.0,54391.0,25984.92,47.77430089536872
207021425,1614,467.73,Victoria,Doncaster East - South,15593.0,52309.0,24321.96,46.49670228832514
207031161,1935,423.36,Victoria,Blackburn,22356.0,60317.0,22014.72,36.49836696122154
207031162,905,405.8,Victoria,Blackburn South,11019.0,57000.0,21101.600000000002,37.02035087719299
207031163,4117,398.77,Victoria,Box Hill,23212.0,45000.0,20736.04,46.080088888888895
207031164,1825,441.64,Victoria,Box Hill North,18292.0,57205.0,22965.28,40.14558167992308
207031165,1653,410.11,Victoria,Burwood (Vic.),12522.0,43614.0,21325.72,48.896501123492456
207031166,942,440.62,Victoria,Burwood East,10774.0,50168.0,22912.24,45.671025354807846
207031167,892,468.62,Victoria,Surrey Hills (East) - Mont Albert,10251.0,67385.0,24368.24,36.1627068338651
208011168,526,561.57,Victoria,Beaumaris,14123.0,65173.0,29201.640000000003,44.80634618630415
208011169,1585,539.27,Victoria,Brighton (Vic.),23044.0,65790.0,28042.04,42.62355981152151
208011170,919,564.18,Victoria,Brighton East,16692.0,65152.0,29337.359999999997,45.02910117878192
208011171,1179,445.03,Victoria,Highett (West) - Cheltenham,12543.0,68641.0,23141.559999999998,33.71390276948179
208011172,1554,458.25,Victoria,Hampton,18405.0,68497.0,23829.0,34.788384892769024
208011173,1319,468.67,Victoria,Sandringham - Black Rock,17521.0,67580.0,24370.84,36.06220775377331
208021174,2455,492.92,Victoria,Bentleigh - McKinnon,25202.0,65044.0,25631.84,39.40692454338602
208021176,3352,396.07,Victoria,Carnegie,18791.0,62079.0,20595.64,33.17650091013064
208021177,3195,426.3,Victoria,Caulfield - North,22723.0,56130.0,22167.600000000002,39.49331908070551
208021178,1678,476.7,Victoria,Caulfield - South,18228.0,60282.0,24788.399999999998,41.12073255698218
208021179,1852,431.63,Victoria,Elsternwick,12030.0,67962.0,22444.76,33.02545540154792
208021180,974,421.5,Victoria,Hughesdale,7642.0,62129.0,21918.0,35.27821146324583
208021181,1273,388.48,Victoria,Murrumbeena,9467.0,64991.0,20200.96,31.08270375898201
208021182,2111,395.69,Victoria,Ormond - Glen Huntly,13280.0,61143.0,20575.88,33.652061560603826
208021426,1381,515.08,Victoria,Bentleigh East - North,16758.0,63521.0,26784.160000000003,42.16583492073488
208021427,1130,492.07,Victoria,Bentleigh East - South,14159.0,64143.0,25587.64,39.8915548072276
208031183,279,514.15,Victoria,Aspendale Gardens - Waterways,8922.0,58971.0,26735.8,45.33719964050126
208031185,946,423.39,Victoria,Carrum - Patterson Lakes,12115.0,60848.0,22016.28,36.18242177228503
208031186,1897,387.16,Victoria,Chelsea - Bonbeach,15317.0,64937.0,20132.32,31.002848915102327
208031187,245,414.1,Victoria,Chelsea Heights,5426.0,59690.0,21533.2,36.07505444798124
208031188,2551,428.04,Victoria,Highett (East) - Cheltenham,24354.0,63446.0,22258.08,35.081927938719545
208031189,1020,441.18,Victoria,Edithvale - Aspendale,13669.0,66004.0,22941.36,34.75752984667596
208031190,1728,394.77,Victoria,Mentone,13303.0,64893.0,20528.04,31.6336738939485
208031191,905,437.37,Victoria,Moorabbin - Heatherton,9197.0,63012.0,22743.24,36.09350599885736
208031193,1988,408.55,Victoria,Mordialloc - Parkdale,21429.0,65583.0,21244.600000000002,32.39345562112133
208041194,2388,412.79,Victoria,Malvern - Glen Iris,20469.0,68022.0,21465.08,31.556084796095384
208041195,2367,422.29,Victoria,Malvern East,22202.0,62527.0,21959.08,35.11935643801878
209011196,758,392.13,Victoria,Bundoora - East,9920.0,54088.0,20390.76,37.69923088300547
209011197,1316,403.45,Victoria,Greensborough,20995.0,64810.0,20979.399999999998,32.37062181762073
209011198,1893,409.19,Victoria,Heidelberg - Rosanna,16202.0,69397.0,21277.88,30.661094860008358
209011199,2636,362.99,Victoria,Heidelberg West,15039.0,57376.0,18875.48,32.8978667038483
209011200,1461,440.12,Victoria,Ivanhoe,12559.0,69447.0,22886.24,32.954972856998864
209011201,507,453.33,Victoria,Ivanhoe East - Eaglemont,7799.0,67276.0,23573.16,35.03947916047328
209011202,1032,418.65,Victoria,Montmorency - Briar Hill,16660.0,65387.0,21769.8,33.29377399177206
209011203,1331,400.94,Victoria,Viewbank - Yallambie,18891.0,66187.0,20848.88,31.499962228232132
209011204,747,391.47,Victoria,Watsonia,9305.0,64935.0,20356.440000000002,31.34894894894895
209021205,1230,379.47,Victoria,Kingsbury,10549.0,48030.0,19732.440000000002,41.08357276702061
209021428,3578,395.25,Victoria,Preston - East,20997.0,57940.0,20553.0,35.47290300310666
209021429,1569,406.74,Victoria,Preston - West,12824.0,62000.0,21150.48,34.113677419354836
209021523,2249,365.78,Victoria,Reservoir - North East,14987.0,55392.0,19020.559999999998,34.33809936452917
209021524,665,378.31,Victoria,Reservoir - North West,9881.0,52000.0,19672.12,37.830999999999996
209021525,2013,347.51,Victoria,Reservoir - South East,12939.0,51994.0,18070.52,34.75501019348386
209021526,2222,373.58,Victoria,Reservoir - South West,14244.0,58614.0,19426.16,33.14252567645955
209031209,830,447.07,Victoria,Eltham,23707.0,64846.0,23247.64,35.85053819819264
209031210,117,404.8,Victoria,Hurstbridge,3576.0,59303.0,21049.600000000002,35.495000252938304
209031211,74,303.46,Victoria,Kinglake,4237.0,54161.0,15779.919999999998,29.135207990989826
209031212,99,285.09,Victoria,Panton Hill - St Andrews,5121.0,56151.0,14824.679999999998,26.401453224341502
209031213,174,485.84,Victoria,Plenty - Yarrambat,9521.0,60660.0,25263.68,41.648005275304975
209031214,127,427.55,Victoria,Research - North Warrandyte,6987.0,61748.0,22232.600000000002,36.00537669236251
209031215,411,432.0,Victoria,Wattle Glen - Diamond Creek,14538.0,62132.0,22464.0,36.155282302195324
209041216,653,403.45,Victoria,Bundoora - North,7424.0,53314.0,20979.399999999998,39.35063960685748
209041217,640,387.56,Victoria,Bundoora - West,6237.0,51029.0,20153.12,39.4934645005781
209041220,1297,382.11,Victoria,Mill Park - North,17640.0,54874.0,19869.72,36.209716805773226
209041221,880,379.11,Victoria,Mill Park - South,11339.0,53973.0,19713.72,36.5251514646212
209041223,1970,354.1,Victoria,Thomastown,20201.0,47422.0,18413.2,38.82839188562271
209041224,1292,377.68,Victoria,Wallan,22953.0,57560.0,19639.36,34.11980542043086
209041225,526,368.61,Victoria,Whittlesea,10763.0,55709.0,19167.72,34.40686424096645
209041431,980,371.44,Victoria,Epping - East,13269.0,52208.0,19314.88,36.996015936254985
209041432,914,352.82,Victoria,Epping - South,8279.0,50000.0,18346.64,36.69328
209041433,1098,389.42,Victoria,Epping (Vic.) - West,12279.0,55277.0,20249.84,36.63339182661866
209041435,709,404.2,Victoria,South Morang - North,12714.0,57998.0,21018.399999999998,36.23987034035656
209041436,872,387.59,Victoria,South Morang - South,12513.0,56445.0,20154.68,35.70675879174418
209041437,1622,394.99,Victoria,Wollert,24807.0,55480.0,20539.48,37.02141312184571
209041527,1007,404.12,Victoria,Doreen - North,16484.0,60027.0,21014.24,35.00797974244924
209041528,780,393.49,Victoria,Doreen - South,10595.0,60889.0,20461.48,33.60455911576803
209041529,1118,352.64,Victoria,Lalor - East,10025.0,46748.0,18337.28,39.2258064516129
209041530,949,375.29,Victoria,Lalor - West,13623.0,50704.0,19515.08,38.48824550331335
209041531,1014,386.88,Victoria,Mernda - North,11553.0,58848.0,20117.76,34.18597063621533
209041532,957,397.72,Victoria,Mernda - South,12086.0,57678.0,20681.440000000002,35.85672180033982
210011226,925,415.58,Victoria,Airport West,8240.0,64294.0,21610.16,33.611472299125886
210011228,326,400.9,Victoria,Keilor,8596.0,58685.0,20846.8,35.52321717645054
210011230,628,435.9,Victoria,Niddrie - Essendon West,7520.0,66442.0,22666.8,34.11516811655278
210011231,543,447.55,Victoria,Strathmore,10107.0,65436.0,23272.600000000002,35.56543798520692
210011533,842,402.31,Victoria,Avondale Heights,12473.0,59272.0,20920.12,35.29511405047914
210011534,980,416.53,Victoria,Keilor East,15174.0,61058.0,21659.559999999998,35.473746274034525
210021232,632,430.71,Victoria,Gisborne,14340.0,65181.0,22396.92,34.36111750356699
210021233,101,361.42,Victoria,Macedon,3540.0,68591.0,18793.84,27.399862955781373
210021234,171,404.6,Victoria,Riddells Creek,4498.0,61499.0,21039.2,34.21063757134262
210021235,359,373.05,Victoria,Romsey,10835.0,58762.0,19398.600000000002,33.01215070964229
210031236,926,404.29,Victoria,Coburg North,8513.0,60759.0,21023.08,34.60076696456492
210031237,1347,384.41,Victoria,Fawkner,14184.0,49299.0,19989.32,40.54711048905657
210031439,149,430.11,Victoria,Gowanbrae,3141.0,65024.0,22365.72,34.39609990157481
210031440,585,381.01,Victoria,Hadfield,6298.0,56424.0,19812.52,35.11363958599178
210031535,1864,375.74,Victoria,Glenroy - East,14980.0,52000.0,19538.48,37.574000000000005
210031536,1183,378.09,Victoria,Glenroy - West,8976.0,52962.0,19660.68,37.122238586156115
210031537,951,406.04,Victoria,Oak Park,7978.0,63018.0,21114.08,33.504839887016416
210031538,2266,401.75,Victoria,Pascoe Vale,17402.0,64984.0,20891.0,32.147913332512616
210041240,601,386.22,Victoria,Sunbury,13788.0,59198.0,20083.440000000002,33.92587587418494
210041539,385,397.11,Victoria,Diggers Rest,5302.0,61450.0,20649.72,33.604100895036616
210041540,1421,365.06,Victoria,Sunbury - South,15103.0,58873.0,18983.12,32.24418663903657
210041541,777,382.96,Victoria,Sunbury - West,11271.0,59190.0,19913.92,33.644061496874464
210051242,1962,321.94,Victoria,Broadmeadows,14063.0,40501.0,16740.88,41.33448556825758
210051243,1354,323.9,Victoria,Campbellfield - Coolaroo,16245.0,40020.0,16842.8,42.08595702148925
210051245,1240,377.03,Victoria,Gladstone Park - Westmeadows,18176.0,55931.0,19605.559999999998,35.053119021651675
210051246,754,422.3,Victoria,Greenvale - Bulla,22406.0,57778.0,21959.600000000002,38.00685381979301
210051247,1212,337.76,Victoria,Meadow Heights,15070.0,44262.0,17563.52,39.680809723916674
210051250,883,360.29,Victoria,Tullamarine,6628.0,56068.0,18735.08,33.414924734251265
210051441,659,362.52,Victoria,Craigieburn - Central,8190.0,49774.0,18851.04,37.87326716759754
210051442,912,381.19,Victoria,Craigieburn - North,12446.0,53968.0,19821.88,36.72895048917877
210051443,1497,386.63,Victoria,Craigieburn - South,22007.0,51259.0,20104.76,39.221912249556176
210051445,1448,401.6,Victoria,Mickleham - Yuroke,23795.0,56074.0,20883.2,37.2422156436138
210051542,812,397.47,Victoria,Craigieburn - North West,9975.0,52795.0,20668.440000000002,39.14847996969411
210051543,1214,393.64,Victoria,Craigieburn - West,13194.0,52117.0,20469.28,39.27562983287602
210051544,582,388.03,Victoria,Roxburgh Park (South) - Somerton,9582.0,46984.0,20177.559999999998,42.94559850161757
210051545,760,398.72,Victoria,Roxburgh Park - North,14848.0,43564.0,20733.440000000002,47.59305848866037
211011251,1573,383.36,Victoria,Bayswater,12708.0,55295.0,19934.72,36.051577900352655
211011254,1282,428.71,Victoria,Knoxfield - Scoresby,16734.0,56871.0,22292.92,39.19909971690316
211011255,150,428.06,Victoria,Lysterfield,6654.0,59141.0,22259.12,37.63737508665731
211011256,979,429.87,Victoria,Rowville - Central,15540.0,59088.0,22353.24,37.830422420796104
211011257,313,454.22,Victoria,Rowville - North,7962.0,60589.0,23619.440000000002,38.98304972849858
211011258,369,479.28,Victoria,Rowville - South,10462.0,58138.0,24922.559999999998,42.86793491348171
211011259,934,427.72,Victoria,Wantirna,14446.0,56015.0,22241.440000000002,39.7062215477997
211011260,1252,432.87,Victoria,Wantirna South,18099.0,54659.0,22509.24,41.1812144386103
211011446,2520,382.09,Victoria,Boronia,23837.0,56806.0,19868.68,34.97637573495758
211011447,1237,375.5,Victoria,Ferntree Gully - North,14247.0,57480.0,19526.0,33.970076548364645
211011448,934,404.2,Victoria,Ferntree Gully (South) - Upper Ferntree Gully,15451.0,56527.0,21018.399999999998,37.18293912643515
211011449,139,369.34,Victoria,The Basin,4380.0,58193.0,19205.68,33.003419655285
211021261,629,450.93,Victoria,Donvale - Park Orchards,16410.0,56055.0,23448.36,41.83098742306663
211021262,167,472.14,Victoria,Warrandyte - Wonga Park,10181.0,57527.0,24551.28,42.67783823248214
211031263,843,371.09,Victoria,Bayswater North,11967.0,57392.0,19296.68,33.62259548369111
211031265,790,433.47,Victoria,Croydon Hills - Warranwood,18232.0,60180.0,22540.440000000002,37.45503489531406
211031266,2782,390.36,Victoria,Ringwood,18919.0,56907.0,20298.72,35.669987874953875
211031267,1868,394.68,Victoria,Ringwood East,21351.0,60628.0,20523.36,33.85128983308043
211031268,382,439.72,Victoria,Ringwood North,9723.0,60250.0,22865.440000000002,37.9509377593361
211031450,1885,381.16,Victoria,Croydon - East,16236.0,56919.0,19820.32,34.82197508740491
211031451,1107,401.41,Victoria,Croydon - West,14246.0,57446.0,20873.32,36.33554990773944
211031452,323,407.26,Victoria,Croydon South,4936.0,60393.0,21177.52,35.066183166923324
211041269,982,400.4,Victoria,Forest Hill,10866.0,56061.0,20820.8,37.13954442482296
211041270,1719,410.19,Victoria,Mitcham (Vic.),16930.0,61577.0,21329.88,34.6393620994852
211041271,1267,394.81,Victoria,Nunawading,12518.0,59326.0,20530.12,34.60560293968917
211041272,687,434.19,Victoria,Vermont,11079.0,59560.0,22577.88,37.90779046339826
211041273,533,504.18,Victoria,Vermont South,12042.0,54462.0,26217.36,48.13881238294591
211051274,234,401.0,Victoria,Belgrave - Selby,10091.0,58908.0,20852.0,35.39756909078563
211051275,564,443.38,Victoria,Chirnside Park,11876.0,57311.0,23055.76,40.229205562631954
211051276,691,353.14,Victoria,Healesville - Yarra Glen,14181.0,50834.0,18363.28,36.12401148837392
211051277,727,394.48,Victoria,Kilsyth,9980.0,57802.0,20512.96,35.488322203383966
211051278,1259,376.16,Victoria,Lilydale - Coldstream,19786.0,55490.0,19560.32,35.25017120201838
211051279,222,373.67,Victoria,Monbulk - Silvan,5859.0,51212.0,19430.84,37.941966726548465
211051280,181,374.1,Victoria,Montrose,6993.0,58027.0,19453.2,33.52439381667155
211051281,1593,397.89,Victoria,Mooroolbark,23442.0,56841.0,20690.28,36.400274449780966
211051282,270,390.33,Victoria,Mount Dandenong - Olinda,9770.0,61406.0,20297.16,33.054033807771226
211051283,286,372.35,Victoria,Mount Evelyn,9866.0,54751.0,19362.2,35.36410293875911
211051284,371,374.54,Victoria,Upwey - Tecoma,9848.0,60706.0,19476.08,32.08262774684545
211051285,252,366.67,Victoria,Wandin - Seville,7963.0,53445.0,19066.84,35.67562915146412
211051286,678,320.28,Victoria,Yarra Valley,16947.0,50251.0,16654.559999999998,33.142743427991476
212011289,441,386.73,Victoria,Emerald - Cockatoo,18802.0,56890.0,20109.96,35.3488486552997
212011546,1925,398.96,Victoria,Beaconsfield - Officer,23966.0,58947.0,20745.92,35.194191392267626
212011547,342,328.89,Victoria,Bunyip - Garfield,9940.0,52946.0,17102.28,32.30136365353379
212011548,480,326.85,Victoria,Koo Wee Rup,10160.0,54291.0,16996.2,31.3057412830856
212011549,1554,347.59,Victoria,Pakenham - North East,15622.0,53151.0,18074.68,34.00628398336814
212011550,688,385.32,Victoria,Pakenham - North West,7567.0,56633.0,20036.64,35.37979623187894
212011551,972,330.26,Victoria,Pakenham - South East,6493.0,48173.0,17173.52,35.649679280925
212011552,2330,379.35,Victoria,Pakenham - South West,27171.0,53525.0,19726.2,36.854180289584306
212021293,1473,392.04,Victoria,Berwick - North,23181.0,58214.0,20386.08,35.01920500223314
212021295,1587,314.01,Victoria,Doveton,12058.0,45779.0,16328.52,35.668144782542214
212021297,879,370.3,Victoria,Hallam,11598.0,49891.0,19255.600000000002,38.59533783648354
212021299,78,466.5,Victoria,Narre Warren North,8308.0,53375.0,24258.0,45.44824355971897
212021453,660,375.59,Victoria,Endeavour Hills - North,12190.0,53845.0,19530.68,36.27204011514532
212021454,727,390.4,Victoria,Endeavour Hills - South,13461.0,54117.0,20300.8,37.512796348651996
212021455,854,379.57,Victoria,Narre Warren - North East,13617.0,54128.0,19737.64,36.46475022169672
212021456,1616,369.46,Victoria,Narre Warren - South West,14900.0,52020.0,19211.92,36.93179546328335
212021553,1091,431.98,Victoria,Berwick - South East,17986.0,59753.0,22462.96,37.59302461801081
212021554,1064,406.57,Victoria,Berwick - South West,11362.0,56538.0,21141.64,37.393682125296266
212031300,2314,342.3,Victoria,Cranbourne,21581.0,50626.0,17799.600000000002,35.15900920475645
212031303,793,414.34,Victoria,Cranbourne South,17641.0,58798.0,21545.68,36.643559304738254
212031304,1365,388.6,Victoria,Cranbourne West,21853.0,55414.0,20207.2,36.46587504962645
212031306,936,414.2,Victoria,Lynbrook - Lyndhurst,18271.0,58478.0,21538.399999999998,36.8316289886795
212031308,265,375.23,Victoria,Pearcedale - Tooradin,8083.0,54600.0,19511.96,35.73619047619048
212031457,391,428.86,Victoria,Narre Warren South - East,13270.0,54278.0,22300.72,41.086112237002105
212031458,908,398.13,Victoria,Narre Warren South - West,16930.0,52289.0,20702.76,39.59295454110807
212031555,625,416.43,Victoria,Clyde North - North,10652.0,61339.0,21654.36,35.30276007108039
212031556,778,411.18,Victoria,Clyde North - South,15038.0,57487.0,21381.36,37.19338285177518
212031557,1687,402.27,Victoria,Cranbourne East - North,23785.0,54388.0,20918.04,38.46076340369199
212031558,928,400.85,Victoria,Cranbourne East - South,12450.0,55322.0,20844.2,37.67795813600376
212031559,938,403.47,Victoria,Cranbourne North - East,12925.0,56022.0,20980.440000000002,37.45035878761915
212031560,854,366.21,Victoria,Cranbourne North - West,12042.0,51540.0,19042.92,36.94784633294528
212031561,984,368.78,Victoria,Hampton Park - East,12858.0,50913.0,19176.559999999998,37.66535069628581
212031562,1198,353.38,Victoria,Hampton Park - West,13518.0,50083.0,18375.76,36.690613581454784
212041309,781,403.35,Victoria,Clarinda - Oakleigh South,11653.0,55463.0,20974.2,37.81656239294665
212041310,1797,394.22,Victoria,Clayton South,13562.0,48191.0,20499.440000000002,42.5379012678716
212041312,1977,340.03,Victoria,Dandenong North,22834.0,49959.0,17681.559999999998,35.39214155607598
212041313,362,448.16,Victoria,Dingley Village,10553.0,58403.0,23304.32,39.902607742752934
212041316,646,363.26,Victoria,Noble Park North,7518.0,50773.0,18889.52,37.203868197664114
212041317,2651,361.66,Victoria,Springvale,22515.0,41788.0,18806.32,45.00411601416675
212041318,958,361.65,Victoria,Springvale South,12728.0,44599.0,18805.8,42.166416287360704
212041459,2030,326.44,Victoria,Noble Park - East,12889.0,47690.0,16974.88,35.594212623191446
212041460,2206,343.48,Victoria,Noble Park - West,19810.0,45284.0,17860.96,39.44209875452698
212041563,3813,311.97,Victoria,Dandenong - North,21820.0,44457.0,16222.440000000002,36.490181523719556
212041564,1210,341.08,Victoria,Dandenong - South,9491.0,46426.0,17736.16,38.20307586266316
212041565,948,388.94,Victoria,Keysborough - North,15205.0,49611.0,20224.88,40.766926689645445
212041566,658,521.97,Victoria,Keysborough - South,15290.0,57646.0,27142.440000000002,47.08468931061999
212051319,2565,421.05,Victoria,Ashwood - Chadstone,19782.0,58236.0,21894.600000000002,37.596332165670724
212051321,1496,499.23,Victoria,Glen Waverley - East,21882.0,53350.0,25959.96,48.65971883786317
212051322,2160,475.46,Victoria,Glen Waverley - West,21324.0,52580.0,24723.92,47.02152909851654
212051323,1305,494.87,Victoria,Mount Waverley - North,16238.0,56451.0,25733.24,45.585091495279094
212051324,1591,478.62,Victoria,Mount Waverley - South,19471.0,57988.0,24888.24,42.919638545906054
212051325,1450,438.18,Victoria,Mulgrave,20072.0,56758.0,22785.36,40.14475492441594
212051326,2702,421.76,Victoria,Oakleigh - Huntingdale,23253.0,57020.0,21931.52,38.46285513854788
212051327,884,489.54,Victoria,Wheelers Hill,20854.0,55648.0,25456.08,45.74482461184589
212051567,1804,388.54,Victoria,Clayton (North) - Notting Hill,10099.0,31781.0,20204.08,63.57282653157548
212051568,2241,411.41,Victoria,Clayton - Central,12276.0,41183.0,21393.32,51.9469684092951
213011328,1104,314.56,Victoria,Ardeer - Albion,7590.0,49079.0,16357.12,33.32814442022046
213011329,385,405.69,Victoria,Cairnlea,10142.0,53217.0,21095.88,39.64124246011613
213011331,574,352.57,Victoria,Delahey,8148.0,49822.0,18333.64,36.79828188350528
213011332,775,371.53,Victoria,Keilor Downs,13193.0,53483.0,19319.559999999998,36.12280537740964
213011333,952,318.09,Victoria,Kings Park (Vic.),14076.0,46772.0,16540.68,35.364491576156674
213011334,2422,324.63,Victoria,St Albans - North,20838.0,42041.0,16880.76,40.153088651554434
213011335,1764,320.41,Victoria,St Albans - South,17656.0,42308.0,16661.32,39.38101541079701
213011336,1299,337.04,Victoria,Sunshine,9568.0,48255.0,17526.08,36.31971816392084
213011337,1055,341.28,Victoria,Sunshine North,12161.0,46199.0,17746.559999999998,38.41329898915561
213011338,1622,344.99,Victoria,Sunshine West,18770.0,49163.0,17939.48,36.4897992392653
213011339,1132,377.45,Victoria,Sydenham,11859.0,53675.0,19627.399999999998,36.567116907312524
213011340,536,412.69,Victoria,Taylors Lakes,17070.0,57991.0,21459.88,37.00553534169095
213011569,1627,352.14,Victoria,Deer Park,18219.0,50273.0,18311.28,36.42368667077755
213011570,477,401.19,Victoria,Derrimut,8748.0,58166.0,20861.88,35.86610734793522
213021341,1593,401.07,Victoria,Altona,13655.0,69871.0,20855.64,29.848778463167836
213021342,1798,342.48,Victoria,Altona Meadows,18660.0,58564.0,17808.96,30.40939826514582
213021343,1680,401.77,Victoria,Altona North,15084.0,63837.0,20892.04,32.7271644970785
213021344,2014,465.08,Victoria,Newport,18983.0,76276.0,24184.16,31.706119880434215
213021345,299,375.61,Victoria,Seabrook,4999.0,60258.0,19531.72,32.413488665405424
213021346,1451,436.93,Victoria,Williamstown,16075.0,70499.0,22720.36,32.22791812649825
213031347,2955,351.42,Victoria,Braybrook,19359.0,51122.0,18273.84,35.745549861116544
213031348,3984,363.18,Victoria,Footscray,17419.0,56181.0,18885.36,33.61520798846585
213031349,1857,399.89,Victoria,Maribyrnong,12712.0,59476.0,20794.28,34.962472257717394
213031350,1386,415.42,Victoria,Seddon - Kingsville,9363.0,73758.0,21601.84,29.287453564359122
213031351,1776,359.09,Victoria,West Footscray - Tottenham,11881.0,61195.0,18672.68,30.513407958166518
213031352,1919,470.52,Victoria,Yarraville,15651.0,77464.0,24467.04,31.585045956831557
213041353,1746,336.69,Victoria,Bacchus Marsh,25057.0,58803.0,17507.88,29.77378705168104
213041358,1646,339.75,Victoria,Melton West,21505.0,52800.0,17667.0,33.46022727272727
213041359,1039,397.63,Victoria,Rockbank - Mount Cottrell,17900.0,59147.0,20676.76,34.958256547246684
213041360,660,416.25,Victoria,Taylors Hill,19794.0,58489.0,21645.0,37.00695857340697
213041461,153,407.94,Victoria,Burnside,5857.0,55661.0,21212.88,38.11084960744507
213041462,290,412.19,Victoria,Burnside Heights,6440.0,57212.0,21433.88,37.463958610081804
213041463,1299,408.64,Victoria,Caroline Springs,20634.0,58577.0,21249.28,36.27580791095481
213041571,776,356.46,Victoria,Brookfield,9948.0,53294.0,18535.92,34.78050061920666
213041572,614,385.39,Victoria,Cobblebank - Strathtulloh,7715.0,56834.0,20040.28,35.26107611640919
213041573,82,403.69,Victoria,Eynesbury - Exford,3026.0,71459.0,20991.88,29.37611777382835
213041574,496,425.54,Victoria,Fraser Rise - Plumpton,10239.0,62096.0,22128.08,35.635274413810876
213041575,631,393.12,Victoria,Hillside,16346.0,55911.0,20442.24,36.56210763534904
213041576,830,320.15,Victoria,Kurunjang - Toolern Vale,11748.0,52911.0,16647.8,31.46377879835951
213041577,976,303.79,Victoria,Melton,7966.0,48542.0,15797.080000000002,32.54311730048206
213041578,1963,322.0,Victoria,Melton South - Weir Views,16926.0,50828.0,16744.0,32.942472652868496
213051361,1309,340.42,Victoria,Hoppers Crossing - North,18657.0,53680.0,17701.84,32.97660208643815
213051362,1847,335.23,Victoria,Hoppers Crossing - South,18991.0,50781.0,17431.96,34.32772099801106
213051363,1652,380.38,Victoria,Laverton,11643.0,53105.0,19779.76,37.246511627906976
213051368,1982,359.24,Victoria,Werribee - South,16994.0,56990.0,18680.48,32.778522547815406
213051464,1900,417.82,Victoria,Point Cook - East,19593.0,60031.0,21726.64,36.19236727690693
213051466,1702,414.68,Victoria,Point Cook - South,19384.0,66731.0,21563.36,32.3138571278716
213051467,2366,312.06,Victoria,Werribee - East,19235.0,50424.0,16227.12,32.181342217991435
213051468,2180,367.48,Victoria,Werribee - West,22692.0,57724.0,19108.96,33.104012195967016
213051579,811,376.24,Victoria,Manor Lakes - Quandong,10791.0,62429.0,19564.48,31.338768841403837
213051580,1087,401.09,Victoria,Point Cook - North East,14324.0,60075.0,20856.68,34.71773616312942
213051581,894,405.77,Victoria,Point Cook - North West,9689.0,62211.0,21100.04,33.91689572583626
213051582,776,398.11,Victoria,Tarneit (West) - Mount Cottrell,10316.0,55800.0,20701.72,37.09985663082438
213051583,2220,390.12,Victoria,Tarneit - Central,28594.0,53402.0,20286.24,37.98779071944871
213051584,564,399.61,Victoria,Tarneit - North,7340.0,53618.0,20779.72,38.75511954940505
213051585,831,381.2,Victoria,Tarneit - South,11312.0,53480.0,19822.399999999998,37.06507105459985
213051586,682,404.05,Victoria,Truganina - North,9548.0,55684.0,21010.600000000002,37.73184397672581
213051587,805,403.69,Victoria,Truganina - South East,9761.0,57514.0,20991.88,36.498730743818896
213051588,1579,389.82,Victoria,Truganina - South West,19389.0,52097.0,20270.64,38.909418968462674
213051589,1083,356.61,Victoria,Wyndham Vale - North,9176.0,54307.0,18543.72,34.14609534682454
213051590,1044,333.81,Victoria,Wyndham Vale - South,13704.0,55189.0,17358.12,31.452137201253873
214011370,2170,378.7,Victoria,Carrum Downs,22264.0,55824.0,19692.399999999998,35.275867010604756
214011371,3963,334.82,Victoria,Frankston,23909.0,53375.0,17410.64,32.61946604215456
214011372,2668,339.84,Victoria,Frankston North,19666.0,51261.0,17671.68,34.47392754725815
214011373,1013,421.99,Victoria,Frankston South,18948.0,60128.0,21943.48,36.49461149547631
214011374,1464,377.34,Victoria,Langwarrin,25252.0,57698.0,19621.68,34.00755658775001
214011375,2274,360.92,Victoria,Seaford (Vic.),17362.0,57988.0,18767.84,32.365041042974404
214011376,687,458.8,Victoria,Skye - Sandhurst,13423.0,60330.0,23857.600000000002,39.545168241339304
214021377,1227,413.84,Victoria,Dromana,13469.0,49549.0,21519.68,43.431108599568105
214021378,202,422.95,Victoria,Flinders,6024.0,49063.0,21993.399999999998,44.826855267717015
214021379,1901,328.73,Victoria,Hastings - Somers,24245.0,52379.0,17093.96,32.63514003703774
214021381,441,506.07,Victoria,Mount Eliza,18924.0,59493.0,26315.64,44.23317028894155
214021382,782,498.76,Victoria,Mount Martha,20026.0,55070.0,25935.52,47.09555111676049
214021383,1414,385.78,Victoria,Point Nepean,20000.0,44549.0,20060.559999999998,45.03032615771397
214021384,2293,356.32,Victoria,Rosebud - McCrae,23149.0,45882.0,18528.64,40.38324397367159
214021385,971,381.56,Victoria,Somerville,18693.0,53836.0,19841.12,36.854744037447055
214021591,979,399.18,Victoria,Mornington - East,15272.0,53523.0,20757.36,38.782131046466006
214021592,1143,413.54,Victoria,Mornington - West,10638.0,54017.0,21504.08,39.80983764370477
215011386,799,249.61,Victoria,Ararat,8470.0,50186.0,12979.720000000001,25.863228788905275
215011387,109,164.29,Victoria,Ararat Surrounds,3184.0,44807.0,8543.08,19.066395875644428
215011388,1816,245.03,Victoria,Horsham,16951.0,52333.0,12741.56,24.34708501328034
215011389,101,186.17,Victoria,Horsham Surrounds,3451.0,45779.0,9680.84,21.146901417680596
215011390,423,178.9,Victoria,Nhill Region,6907.0,47992.0,9302.800000000001,19.384064010668446
215011391,196,188.2,Victoria,St Arnaud,3428.0,43472.0,9786.4,22.51196172248804
215011392,725,213.53,Victoria,Stawell,8467.0,49443.0,11103.56,22.4572942580345
215011393,149,143.87,Victoria,West Wimmera,2749.0,41921.0,7481.24,17.84604374895637
215011394,403,169.56,Victoria,Yarriambiack,6453.0,45519.0,8817.12,19.370197060568117
215021395,385,260.35,Victoria,Irymple,7679.0,50100.0,13538.2,27.022355289421156
215021396,265,220.33,Victoria,Merbein,4954.0,48984.0,11457.16,23.3895966029724
215021398,236,155.55,Victoria,Mildura Surrounds,3711.0,45104.0,8088.6,17.933221000354738
215021399,478,236.23,Victoria,Red Cliffs,6123.0,44616.0,12283.96,27.53263403263403
215021469,2850,264.85,Victoria,Mildura - North,18085.0,43717.0,13772.2,31.503076606354508
215021470,1835,298.58,Victoria,Mildura - South,16414.0,48949.0,15526.16,31.719054526139452
215031400,355,166.06,Victoria,Buloke,6136.0,43474.0,8635.12,19.86272254680959
215031401,380,186.22,Victoria,Gannawarra,6666.0,44429.0,9683.44,21.79531387157037
215031402,354,207.81,Victoria,Kerang,3944.0,48296.0,10806.12,22.37477223786649
215031403,385,220.0,Victoria,Robinvale,3749.0,29978.0,11440.0,38.161318300086734
215031404,1301,236.65,Victoria,Swan Hill,11173.0,48819.0,12305.800000000001,25.20698908211967
215031405,338,190.09,Victoria,Swan Hill Surrounds,6460.0,44774.0,9884.68,22.076830303301023
216011406,1611,286.29,Victoria,Echuca,15591.0,50177.0,14887.080000000002,29.669131275285494
216011407,875,216.18,Victoria,Kyabram,11057.0,49450.0,11241.36,22.732780586450964
216011408,148,204.8,Victoria,Lockington - Gunbower,3910.0,47845.0,10649.6,22.258543212456892
216011409,262,215.67,Victoria,Rochester,3988.0,48644.0,11214.84,23.054929693281803
216011410,213,201.33,Victoria,Rushworth,4168.0,45543.0,10469.16,22.987418483630854
216021411,667,241.72,Victoria,Cobram,6440.0,44500.0,12569.44,28.24593258426966
216021412,102,219.5,Victoria,Moira,2832.0,48895.0,11414.0,23.343900194293894
216021413,772,214.7,Victoria,Numurkah,12502.0,49595.0,11164.4,22.51114023591088
216021414,766,288.9,Victoria,Yarrawonga,8593.0,47750.0,15022.8,31.4613612565445
216031415,973,244.95,Victoria,Mooroopna,8309.0,48472.0,12737.4,26.277851130549596
216031416,2399,270.95,Victoria,Shepparton - North,20037.0,53090.0,14089.4,26.53870785458655
216031418,147,237.62,Victoria,Shepparton Surrounds - East,4010.0,51850.0,12356.24,23.830742526518804
216031419,661,235.44,Victoria,Shepparton Surrounds - West,10329.0,51852.0,12242.88,23.61120111085397
216031593,329,389.4,Victoria,Kialla,9067.0,55521.0,20248.8,36.47052466634246
216031594,2077,268.8,Victoria,Shepparton - South East,16573.0,44246.0,13977.6,31.590652262351398
217011420,408,187.26,Victoria,Glenelg (Vic.),8872.0,47894.0,9737.52,20.33139850503195
217011421,1000,233.02,Victoria,Hamilton (Vic.),10286.0,49466.0,12117.04,24.495694012048684
217011422,1086,241.73,Victoria,Portland,11183.0,50419.0,12569.96,24.930998234792437
217011423,289,179.31,Victoria,Southern Grampians,6266.0,43495.0,9324.12,21.437222669272334
217031471,289,237.39,Victoria,Camperdown,3471.0,49861.0,12344.279999999999,24.757385531778343
217031472,1244,264.34,Victoria,Colac,12698.0,51325.0,13745.679999999998,26.781646371164147
217031473,221,253.07,Victoria,Colac Surrounds,5645.0,48446.0,13159.64,27.163522272220614
217031474,344,213.06,Victoria,Corangamite - North,5360.0,47165.0,11079.12,23.490130393300117
217031475,402,229.5,Victoria,Corangamite - South,7146.0,46372.0,11934.0,25.73535754334512
217031476,281,289.23,Victoria,Otway,3979.0,39939.0,15039.960000000001,37.6573274243221
217041477,356,212.69,Victoria,Moyne - East,6990.0,46395.0,11059.88,23.838517081582065
217041478,551,280.58,Victoria,Moyne - West,9967.0,49992.0,14590.16,29.184989598335733
217041479,2232,301.64,Victoria,Warrnambool - North,22470.0,51235.0,15685.279999999999,30.61438469796038
217041480,1543,288.56,Victoria,Warrnambool - South,13298.0,50923.0,15005.12,29.466292245154452
301011001,1219,395.87,Queensland,Alexandra Hills,16867.0,56916.0,20585.24,36.167755991285404
301011002,300,460.15,Queensland,Belmont - Gumdale,7643.0,59991.0,23927.8,39.88564951409378
301011003,959,437.58,Queensland,Birkdale,15457.0,60507.0,22754.16,37.60583073032872
301011004,1710,383.1,Queensland,Capalaba,18577.0,56832.0,19921.2,35.05278716216216
301011005,459,385.72,Queensland,Thorneside,3927.0,58655.0,20057.440000000002,34.195618446850226
301011006,835,454.36,Queensland,Wellington Point,12045.0,59426.0,23626.72,39.75822030760946
301021007,1864,399.74,Queensland,Cleveland,16074.0,55012.0,20786.48,37.785355922344216
301021008,473,458.43,Queensland,Ormiston,6443.0,58655.0,23838.36,40.641650328190266
301021009,1323,475.86,Queensland,Redland Bay,18100.0,57380.0,24744.72,43.1242941791565
301021011,276,481.57,Queensland,Sheldon - Mount Cotton,8459.0,64863.0,25041.64,38.606971617100655
301021012,1610,467.99,Queensland,Thornlands,19664.0,59616.0,24335.48,40.82038378958669
301021013,1125,448.86,Queensland,Victoria Point,15329.0,54633.0,23340.72,42.722749986272035
301021550,190,323.89,Queensland,North Stradbroke Island,2193.0,41612.0,16842.28,40.47457464193021
301021551,920,259.62,Queensland,Southern Moreton Bay Islands,8574.0,37032.0,13500.24,36.455605962410885
301031015,744,407.4,Queensland,Manly - Lota,7991.0,64704.0,21184.8,32.74109792284866
301031016,939,437.75,Queensland,Manly West,12023.0,63756.0,22763.0,35.703306355480265
301031017,599,460.25,Queensland,Murarrie,4840.0,65367.0,23933.0,36.61327581195405
301031018,822,420.42,Queensland,Tingalpa,8987.0,62000.0,21861.84,35.26103225806452
301031019,618,520.06,Queensland,Wakerley,9563.0,73431.0,27043.119999999995,36.827933706472734
301031020,1877,395.66,Queensland,Wynnum,14738.0,61993.0,20574.32,33.18813414417757
301031021,1806,409.78,Queensland,Wynnum West - Hemmant,15941.0,60116.0,21308.559999999998,35.445738239403816
302011022,646,402.63,Queensland,Bald Hills,7931.0,58056.0,20936.76,36.06304257957834
302011023,495,518.99,Queensland,Bridgeman Downs,10619.0,67966.0,26987.48,39.70732425036048
302011024,1035,440.69,Queensland,Carseldine,9953.0,62563.0,22915.88,36.628486485622496
302011025,1591,422.9,Queensland,Everton Park,10193.0,65671.0,21990.8,33.48631816174567
302011026,627,467.1,Queensland,McDowall,8017.0,66466.0,24289.2,36.543796828453644
302021027,1182,420.56,Queensland,Aspley,13063.0,61262.0,21869.12,35.69769188077438
302021028,3281,373.86,Queensland,Chermside,11603.0,55310.0,19440.72,35.14865304646538
302021029,598,462.65,Queensland,Chermside West,6696.0,62945.0,24057.8,38.22035110016681
302021030,396,419.06,Queensland,Geebung,4597.0,62207.0,21791.12,35.03001269953542
302021031,2378,380.6,Queensland,Kedron - Gordon Park,14686.0,68234.0,19791.2,29.004894920420902
302021032,1352,362.77,Queensland,Stafford,7016.0,62670.0,18864.04,30.100590394127973
302021033,739,413.6,Queensland,Stafford Heights,7230.0,62561.0,21507.2,34.377967104106396
302021034,938,428.83,Queensland,Wavell Heights,10472.0,70777.0,22299.16,31.506223773259673
302031035,936,407.36,Queensland,Boondall,9738.0,58467.0,21182.72,36.230215335146326
302031037,610,462.84,Queensland,Eagle Farm - Pinkenba,2105.0,70692.0,24067.68,34.045832626039726
302031038,944,380.44,Queensland,Northgate - Virginia,7167.0,63949.0,19782.88,30.935401648188403
302031039,1087,462.27,Queensland,Nudgee - Banyo,10948.0,65000.0,24038.04,36.9816
302031040,3421,375.46,Queensland,Nundah,13539.0,63160.0,19523.92,30.91184293856871
302041041,1378,420.32,Queensland,Bracken Ridge,17807.0,58148.0,21856.64,37.58794799477196
302041042,721,403.68,Queensland,Brighton (Qld),9788.0,64823.0,20991.36,32.38258025700754
302041043,422,362.21,Queensland,Deagon,3817.0,60221.0,18834.92,31.276332176483283
302041044,737,294.04,Queensland,Sandgate - Shorncliffe,6905.0,65229.0,15290.080000000002,23.440616903524507
302041045,1889,391.16,Queensland,Taigum - Fitzgibbon,14296.0,57059.0,20340.32,35.647873254000245
302041046,1974,357.55,Queensland,Zillmere,9465.0,53293.0,18592.600000000002,34.887508678438074
303011047,1139,462.03,Queensland,Camp Hill,12321.0,74603.0,24025.559999999998,32.204549414902885
303011048,1014,451.73,Queensland,Cannon Hill,7027.0,67933.0,23489.96,34.57812845009053
303011049,1514,439.06,Queensland,Carina,11999.0,66744.0,22831.12,34.20699988013904
303011050,1126,405.62,Queensland,Carina Heights,6978.0,64353.0,21092.24,32.77584572591798
303011051,787,538.72,Queensland,Carindale,16773.0,62009.0,28013.440000000002,45.17640987598575
303021052,2667,365.58,Queensland,Annerley,12148.0,58938.0,19010.16,32.254504733788046
303021053,3256,399.46,Queensland,Coorparoo,18157.0,65884.0,20771.92,31.52801894238358
303021054,1007,402.58,Queensland,Fairfield - Dutton Park,5094.0,56597.0,20934.16,36.98810891036627
303021055,2497,385.16,Queensland,Greenslopes,10713.0,62410.0,20028.32,32.091523794263736
303021056,1049,381.78,Queensland,Holland Park,9013.0,67619.0,19852.559999999998,29.359440393972104
303021057,815,391.34,Queensland,Holland Park West,6497.0,67464.0,20349.68,30.163761413494605
303021058,2272,445.17,Queensland,Woolloongabba,8774.0,50175.0,23148.84,46.136203288490286
303021059,1509,388.48,Queensland,Yeronga,10339.0,64973.0,20200.96,31.09131485386237
303031060,1692,415.61,Queensland,Eight Mile Plains,15463.0,50823.0,21611.72,42.523503138342875
303031061,619,434.26,Queensland,Macgregor (Qld),6067.0,40261.0,22581.52,56.08782692928641
303031062,782,430.96,Queensland,Mansfield (Qld),9003.0,56814.0,22409.92,39.44436230506565
303031063,2257,388.85,Queensland,Mount Gravatt,16159.0,63047.0,20220.2,32.071629102098434
303031064,575,595.92,Queensland,Rochedale - Burbank,11209.0,58947.0,30987.839999999997,52.56898569901776
303031065,1770,411.52,Queensland,Upper Mount Gravatt,11170.0,50704.0,21399.04,42.20384979488798
303031066,940,443.19,Queensland,Wishart,11577.0,56902.0,23045.88,40.501001722259325
303041067,964,374.39,Queensland,Coopers Plains,5793.0,47625.0,19468.28,40.8782782152231
303041068,1764,366.3,Queensland,Moorooka,10990.0,63436.0,19047.600000000002,30.026483384828808
303041069,535,413.28,Queensland,Robertson,4941.0,40680.0,21490.559999999998,52.828318584070786
303041070,756,379.14,Queensland,Salisbury - Nathan,7672.0,60390.0,19715.28,32.646597118728266
303041071,711,454.48,Queensland,Tarragindi,11084.0,73548.0,23632.96,32.13270245281993
303051072,880,400.59,Queensland,Algester,9139.0,54119.0,20830.68,38.49051165025222
303051073,2049,421.85,Queensland,Calamvale - Stretton,23311.0,50847.0,21936.2,43.1415816075678
303051074,786,469.66,Queensland,Pallara - Willawong,10402.0,61172.0,24422.32,39.924017524357545
303051075,961,460.52,Queensland,Parkinson - Drewvale,16404.0,57597.0,23947.04,41.576887685122486
303051076,1573,336.73,Queensland,Rocklea - Acacia Ridge,9856.0,50000.0,17509.96,35.01992
303061077,609,426.25,Queensland,Kuraby,9146.0,53327.0,22165.0,41.56431076190298
303061078,1711,405.87,Queensland,Runcorn,14313.0,47441.0,21105.24,44.48734217238254
303061079,1087,400.08,Queensland,Sunnybank,9187.0,39267.0,20804.16,52.9812819925128
303061080,1655,413.44,Queensland,Sunnybank Hills,18440.0,47465.0,21498.88,45.29417465500896
304011081,389,479.79,Queensland,Jindalee - Mount Ommaney,7727.0,65700.0,24949.08,37.97424657534247
304011082,473,433.17,Queensland,Middle Park - Jamboree Heights,7168.0,62221.0,22524.84,36.201346812169525
304011083,368,416.0,Queensland,Riverhills,4179.0,64418.0,21632.0,33.58067620851315
304011084,549,474.43,Queensland,Seventeen Mile Rocks - Sinnamon Park,9833.0,70959.0,24670.36,34.767062669992534
304011085,143,536.62,Queensland,Westlake,4490.0,67925.0,27904.24,41.080956937799044
304021086,484,461.36,Queensland,Bellbowrie - Moggill,10654.0,65836.0,23990.72,36.44012394434656
304021087,204,502.25,Queensland,Brookfield - Kenmore Hills,7103.0,67560.0,26117.0,38.65748963883955
304021088,452,557.07,Queensland,Chapel Hill,10866.0,71238.0,28967.640000000003,40.663185378590086
304021089,144,588.5,Queensland,Fig Tree Pocket,4410.0,73394.0,30602.0,41.6955064446685
304021090,519,523.21,Queensland,Kenmore,9538.0,69221.0,27206.920000000002,39.304430736337245
304021091,88,517.32,Queensland,Pinjarra Hills - Pullenvale,5740.0,73363.0,26900.640000000003,36.667857094175545
304031092,425,492.59,Queensland,Chelmer - Graceville,7946.0,70862.0,25614.68,36.14727216279529
304031093,545,387.73,Queensland,Corinda,5387.0,67315.0,20161.96,29.95166010547426
304031094,2183,440.31,Queensland,Indooroopilly,13688.0,58417.0,22896.12,39.19427563894072
304031095,902,386.82,Queensland,Sherwood,6524.0,66919.0,20114.64,30.058189751789477
304031096,1987,422.39,Queensland,St Lucia,12485.0,38379.0,21964.28,57.22994345866229
304031097,1832,399.7,Queensland,Taringa,9165.0,58312.0,20784.399999999998,35.64343531348607
304041098,1713,362.85,Queensland,Enoggera,9202.0,69428.0,18868.2,27.176643429164027
304041100,912,391.56,Queensland,Keperra,7496.0,62585.0,20361.12,32.533546376927376
304041101,1201,387.5,Queensland,Mitchelton,9029.0,70446.0,20150.0,28.603469324021237
304041103,854,498.77,Queensland,The Gap,17406.0,69395.0,25936.04,37.37450824987391
304041104,918,419.44,Queensland,Upper Kedron - Ferny Grove,11855.0,70186.0,21810.88,31.075827088023257
305011105,3617,468.97,Queensland,Brisbane City,13686.0,43613.0,24386.440000000002,55.915529773232755
305011106,3942,412.07,Queensland,Fortitude Valley,9737.0,54057.0,21427.64,39.63897367593466
305011107,1203,382.21,Queensland,Highgate Hill,6467.0,54736.0,19874.92,36.310508623209586
305011108,2798,453.51,Queensland,Kangaroo Point,9954.0,63759.0,23582.52,36.9869665458994
305011109,2912,409.4,Queensland,New Farm,12673.0,67705.0,21288.8,31.443467986116236
305011110,3960,477.68,Queensland,South Brisbane,14575.0,51434.0,24839.36,48.29365789166699
305011111,1919,416.89,Queensland,Spring Hill,7022.0,46196.0,21678.28,46.926746904493896
305011112,3652,455.82,Queensland,West End,15279.0,62189.0,23702.64,38.11387866021322
305021113,545,454.63,Queensland,Balmoral,4616.0,72084.0,23640.76,32.79612674102436
305021114,930,489.33,Queensland,Bulimba,7503.0,79143.0,25445.16,32.1508661536712
305021115,1380,407.94,Queensland,East Brisbane,6222.0,58543.0,21212.88,36.23469928087047
305021116,616,426.95,Queensland,Hawthorne,5207.0,72366.0,22201.399999999998,30.679324544675673
305021117,2411,431.71,Queensland,Morningside - Seven Hills,14573.0,70380.0,22448.92,31.896732026143788
305021118,817,451.73,Queensland,Norman Park,6958.0,72540.0,23489.96,32.38207885304659
305031119,1114,427.46,Queensland,Albion,4371.0,64238.0,22227.92,34.60244714966219
305031120,1020,399.5,Queensland,Alderley,6691.0,69904.0,20774.0,29.717898832684824
305031121,958,388.27,Queensland,Ascot,5845.0,65422.0,20190.04,30.861239338448843
305031122,1964,359.62,Queensland,Clayfield,10914.0,62924.0,18700.24,29.71877185175768
305031123,369,450.55,Queensland,Grange,4694.0,76572.0,23428.600000000002,30.596823904299224
305031124,1405,420.15,Queensland,Hamilton (Qld),6869.0,63551.0,21847.8,34.378373275007476
305031125,369,542.64,Queensland,Hendra,5022.0,71530.0,28217.28,39.44817559066126
305031126,2416,413.13,Queensland,Kelvin Grove - Herston,10381.0,49187.0,21482.76,43.67568666517575
305031127,841,389.46,Queensland,Newmarket,5159.0,60469.0,20251.92,33.4914088210488
305031128,6293,453.98,Queensland,Newstead - Bowen Hills,18451.0,70781.0,23606.96,33.35211426795326
305031129,452,405.64,Queensland,Wilston,4086.0,72143.0,21093.28,29.238152003659394
305031130,1786,404.15,Queensland,Windsor,8117.0,64996.0,21015.8,32.3339897839867
305031131,2372,379.96,Queensland,Wooloowin - Lutwyche,11223.0,63460.0,19757.92,31.134446895682316
305041132,1207,440.45,Queensland,Ashgrove,13935.0,69268.0,22903.399999999998,33.06490731650978
305041133,1072,399.63,Queensland,Auchenflower,5761.0,59551.0,20780.76,34.89573642759987
305041134,689,481.55,Queensland,Bardon,10477.0,75067.0,25040.600000000002,33.35766715067873
305041135,2393,450.46,Queensland,Paddington - Milton,12427.0,65061.0,23423.92,36.003012557446084
305041136,1017,429.15,Queensland,Red Hill (Qld),6069.0,63019.0,22315.8,35.41122518605499
305041137,2798,426.02,Queensland,Toowong,12692.0,59207.0,22153.04,37.41625145675342
306011138,364,455.02,Queensland,Brinsmead,5586.0,57635.0,23661.04,41.05324889390128
306011139,1238,407.88,Queensland,Clifton Beach - Kewarra Beach,11913.0,53715.0,21209.76,39.4857302429489
306011140,404,354.75,Queensland,Freshwater - Stratford,3781.0,60528.0,18447.0,30.476804123711343
306011141,903,429.45,Queensland,Redlynch,14012.0,60206.0,22331.399999999998,37.09165199481779
306011142,1881,428.19,Queensland,Trinity Beach - Smithfield,17095.0,55737.0,22265.88,39.94811346143495
306011143,1015,322.62,Queensland,Yorkeys Knob - Machans Beach,6184.0,50404.0,16776.24,33.283548924688525
306021144,861,383.44,Queensland,Bentley Park,8496.0,54000.0,19938.88,36.92385185185185
306021145,2477,334.7,Queensland,Cairns City,12819.0,43658.0,17404.399999999998,39.8653167804297
306021146,793,344.23,Queensland,Earlville - Bayview Heights,8451.0,54452.0,17899.96,32.87291559538676
306021147,1135,353.63,Queensland,Edmonton,11610.0,52705.0,18388.76,34.8899724883787
306021148,651,333.06,Queensland,Gordonvale - Trinity,9964.0,55871.0,17319.12,30.998407044799624
306021149,970,348.66,Queensland,Kanimbla - Mooroobool,10081.0,52681.0,18130.32,34.415292040773714
306021151,1399,272.3,Queensland,Manoora,6287.0,44206.0,14159.6,32.03094602542642
306021152,1145,256.51,Queensland,Manunda,5249.0,44819.0,13338.52,29.760860349405387
306021153,782,395.53,Queensland,Mount Sheridan,8777.0,54685.0,20567.559999999998,37.610971930145375
306021154,1476,284.04,Queensland,Westcourt - Bungalow,6611.0,46017.0,14770.080000000002,32.09700762761589
306021155,571,345.4,Queensland,White Rock,4979.0,49888.0,17960.8,36.00224502886466
306021156,1063,333.99,Queensland,Whitfield - Edge Hill,8456.0,57009.0,17367.48,30.46445298110825
306021157,936,282.63,Queensland,Woree,5187.0,45972.0,14696.76,31.968937614199948
306031158,319,238.34,Queensland,Babinda,4606.0,50008.0,12393.68,24.783394656854902
306031159,1413,247.01,Queensland,Innisfail,9404.0,41115.0,12844.52,31.240471847257695
306031160,536,258.01,Queensland,Johnstone,8080.0,45444.0,13416.52,29.52319338086436
306031161,1176,266.81,Queensland,Tully,11124.0,42879.0,13874.12,32.35644487977798
306031163,373,152.72,Queensland,Yarrabah,2597.0,28950.0,7941.44,27.431571675302248
306041164,642,266.08,Queensland,Daintree,6732.0,43082.0,13836.16,32.11587205793603
306041165,695,358.6,Queensland,Port Douglas,5624.0,38803.0,18647.2,48.05607813828828
306051166,1293,282.44,Queensland,Atherton,11746.0,45049.0,14686.88,32.602011143421606
306051167,371,226.73,Queensland,Herberton,5570.0,38743.0,11789.96,30.431200474924502
306051168,340,272.98,Queensland,Kuranda,4869.0,46184.0,14194.960000000001,30.735666031526073
306051169,649,263.5,Queensland,Malanda - Yungaburra,9172.0,44503.0,13702.0,30.788935577376808
306051170,1234,285.75,Queensland,Mareeba,11994.0,44879.0,14859.0,33.10902649346019
307011171,488,208.49,Queensland,Balonne,4378.0,46390.0,10841.48,23.37029532226773
307011172,1051,249.57,Queensland,Chinchilla,8894.0,51814.0,12977.64,25.046589724784805
307011173,733,288.21,Queensland,Goondiwindi,6286.0,52079.0,14986.919999999998,28.777280669751722
307011174,321,203.68,Queensland,Inglewood - Waggamba,4096.0,44709.0,10591.36,23.689547965733972
307011175,457,203.0,Queensland,Miles - Wandoan,4214.0,47158.0,10556.0,22.384325034988763
307011176,1082,240.76,Queensland,Roma,6926.0,57474.0,12519.52,21.782927932630407
307011177,315,174.03,Queensland,Roma Surrounds,6031.0,46967.0,9049.56,19.267911512338447
307011178,243,184.38,Queensland,Tara,3891.0,40453.0,9587.76,23.700986329814846
307021179,585,242.72,Queensland,Crows Nest - Rosalie,9261.0,50019.0,12621.44,25.233291349287274
307021180,735,262.92,Queensland,Jondaryan,7744.0,50625.0,13671.84,27.006103703703705
307021181,264,224.0,Queensland,Millmerran,3254.0,49441.0,11648.0,23.559394025201755
307021182,441,266.36,Queensland,Pittsworth,5826.0,50851.0,13850.720000000001,27.23785176299385
307021183,1797,248.61,Queensland,Wambo,17333.0,51060.0,12927.720000000001,25.318683901292598
307031184,296,251.83,Queensland,Clifton - Greenmount,5145.0,51376.0,13095.16,25.488866396761132
307031185,207,234.35,Queensland,Southern Downs - East,4384.0,46369.0,12186.199999999999,26.280920442537038
307031186,250,240.47,Queensland,Southern Downs - West,5020.0,46703.0,12504.44,26.774382801961334
307031187,662,247.27,Queensland,Stanthorpe,5311.0,39370.0,12858.04,32.65948691897384
307031188,341,238.05,Queensland,Stanthorpe Surrounds,6286.0,37639.0,12378.6,32.88769627248333
307031189,1908,265.55,Queensland,Warwick,15756.0,48152.0,13808.6,28.677105831533478
308011190,1235,165.23,Queensland,Central Highlands - East,7306.0,72446.0,8591.96,11.85981282610496
308011191,547,134.89,Queensland,Central Highlands - West,7680.0,56141.0,7014.279999999999,12.494041787641828
308011192,2028,307.22,Queensland,Emerald,14352.0,60628.0,15975.440000000002,26.349937322689193
308031205,1106,258.09,Queensland,Berserker,7111.0,50842.0,13420.679999999998,26.396837260532628
308031206,74,251.13,Queensland,Bouldercombe,1965.0,56684.0,13058.76,23.037823724507795
308031207,579,358.35,Queensland,Emu Park,5836.0,54323.0,18634.2,34.30259742650443
308031208,840,298.39,Queensland,Frenchville - Mount Archer,9151.0,62641.0,15516.279999999999,24.77016650436615
308031209,54,394.0,Queensland,Glenlee - Rockyview,5284.0,70766.0,20488.0,28.951756493231212
308031210,1554,341.37,Queensland,Gracemere,12579.0,57784.0,17751.24,30.719991693202275
308031211,602,264.48,Queensland,Lakes Creek,4941.0,52314.0,13752.960000000001,26.28925335474252
308031212,238,201.71,Queensland,Mount Morgan,2959.0,48796.0,10488.92,21.49545044675793
308031213,1024,310.92,Queensland,Norman Gardens,10828.0,62533.0,16167.84,25.854892616698383
308031214,650,261.21,Queensland,Park Avenue,5342.0,54719.0,13582.919999999998,24.823041356749936
308031215,818,286.1,Queensland,Parkhurst - Kawana,7558.0,58277.0,14877.2,25.528424592892566
308031216,737,266.84,Queensland,Rockhampton - West,5952.0,58920.0,13875.679999999998,23.550033944331293
308031217,553,246.83,Queensland,Rockhampton City,3399.0,47965.0,12835.16,26.759428750130304
308031218,83,295.35,Queensland,Rockhampton Surrounds - East,3532.0,61447.0,15358.2,24.99422266343353
308031219,120,274.0,Queensland,Rockhampton Surrounds - North,4629.0,51754.0,14248.0,27.53023920856359
308031220,78,289.8,Queensland,Rockhampton Surrounds - West,3026.0,60523.0,15069.6,24.898964030203395
308031222,938,286.34,Queensland,The Range - Allenstown,8071.0,61586.0,14889.679999999998,24.17705322638262
308031223,1982,355.95,Queensland,Yeppoon,20574.0,61281.0,18509.399999999998,30.20414157732413
308041528,661,211.88,Queensland,Banana,8900.0,54377.0,11017.76,20.261801864758997
308041529,729,266.19,Queensland,Biloela,5757.0,59829.0,13841.88,23.13573685002256
308051530,387,272.41,Queensland,Agnes Water - Miriam Vale,6853.0,45362.0,14165.320000000002,31.227282747674266
308051531,1122,303.12,Queensland,Boyne Island - Tannum Sands,10172.0,69065.0,15762.24,22.82232679360023
308051533,1915,297.42,Queensland,Clinton - New Auckland,14404.0,64796.0,15465.84,23.86851040187666
308051534,1361,230.68,Queensland,Gladstone,6237.0,55866.0,11995.36,21.471664339669925
308051535,667,290.69,Queensland,Gladstone Hinterland,11668.0,69633.0,15115.88,21.707925839759884
308051536,341,273.7,Queensland,Kin Kora - Sun Valley,3561.0,65380.0,14232.4,21.768736616702355
308051538,759,304.29,Queensland,Telina - Toolooa,6466.0,66306.0,15823.080000000002,23.86372274002353
308051539,853,228.68,Queensland,West Gladstone,4881.0,60109.0,11891.36,19.782994227154006
309011224,558,570.31,Queensland,Broadbeach Waters,8230.0,49074.0,29656.119999999995,60.431430085177475
309011225,1262,486.53,Queensland,Burleigh Heads,9262.0,50999.0,25299.559999999998,49.60795309711955
309011226,985,507.96,Queensland,Burleigh Waters,14597.0,52095.0,26413.92,50.70336884537863
309011227,2788,442.13,Queensland,Mermaid Beach - Broadbeach,14229.0,50596.0,22990.76,45.439876670092495
309011228,1364,448.35,Queensland,Mermaid Waters,13388.0,49094.0,23314.2,47.48889884710963
309011229,1156,478.15,Queensland,Miami,7536.0,52932.0,24863.8,46.97309755913247
309021230,1147,418.82,Queensland,Coolangatta,6540.0,46076.0,21778.64,47.26677662991579
309021231,1517,464.67,Queensland,Currumbin - Tugun,12486.0,50724.0,24162.84,47.635911994322214
309021232,733,467.58,Queensland,Currumbin Waters,9868.0,49526.0,24314.16,49.09372854662198
309021233,694,525.96,Queensland,Elanora,12685.0,49764.0,27349.920000000002,54.95924764890282
309021234,2319,443.86,Queensland,Palm Beach,16607.0,52422.0,23080.72,44.028690244553815
309031235,1049,475.69,Queensland,Arundel,11273.0,49530.0,24735.88,49.94120734908137
309031236,1939,435.65,Queensland,Biggera Waters,10078.0,48744.0,22653.8,46.475053339898245
309031237,1253,418.46,Queensland,Coombabah,10377.0,48971.0,21759.92,44.43429784974781
309031238,3633,384.36,Queensland,Labrador,18911.0,47018.0,19986.72,42.50865625930495
309031239,900,460.49,Queensland,Paradise Point - Hollywell,10088.0,52411.0,23945.48,45.6878899467669
309031240,911,437.2,Queensland,Runaway Bay,9364.0,50317.0,22734.399999999998,45.182343939424044
309041241,176,385.81,Queensland,Guanaba - Springbrook,4454.0,49403.0,20062.12,40.60911280691456
309041242,680,424.88,Queensland,Tamborine - Canungra,15893.0,52033.0,22093.76,42.46105356216247
309051243,221,497.85,Queensland,Currumbin Valley - Tallebudgera,7730.0,49111.0,25888.2,52.713648673413296
309051244,1181,510.91,Queensland,Mudgeeraba - Bonogin,19870.0,51330.0,26567.32,51.75788038184298
309051245,494,482.65,Queensland,Reedy Creek - Andrews,8904.0,54035.0,25097.8,46.447302674192656
309061246,1368,451.96,Queensland,Carrara,13318.0,50371.0,23501.92,46.6576403089079
309061247,491,431.74,Queensland,Highland Park,8503.0,51009.0,22450.48,44.01278205806818
309061248,2081,392.56,Queensland,Nerang - Mount Nathan,21589.0,49887.0,20413.12,40.91871629883536
309061249,1673,475.9,Queensland,Pacific Pines - Gaven,18657.0,52427.0,24746.8,47.20239571213306
309061250,215,520.5,Queensland,Worongary - Tallai,8620.0,48065.0,27066.0,56.31124518880682
309071251,3255,461.36,Queensland,Coomera,20615.0,49557.0,23990.72,48.41035575196239
309071252,1096,491.25,Queensland,Helensvale,19272.0,53694.0,25545.0,47.57514806123589
309071253,1366,538.39,Queensland,Hope Island,14873.0,53213.0,27996.28,52.61173021630052
309071254,253,398.14,Queensland,Jacobs Well - Alberton,4637.0,54144.0,20703.28,38.237440898345156
309071256,1208,445.85,Queensland,Oxenford - Maudsland,18265.0,53313.0,23184.2,43.48695440136552
309071552,1251,438.2,Queensland,Ormeau (East) - Stapylton,10847.0,55932.0,22786.399999999998,40.739469355646136
309071553,650,456.76,Queensland,Ormeau (West) - Yatala,12044.0,56664.0,23751.52,41.91641959621629
309071554,1291,432.06,Queensland,Pimpama - North,10069.0,53646.0,22467.12,41.88032658539313
309071555,2080,427.74,Queensland,Pimpama - South,10699.0,49722.0,22242.48,44.73367925666707
309071556,657,515.95,Queensland,Upper Coomera (South) - Wongawallan,11579.0,57232.0,26829.4,46.87831982107912
309071557,2380,455.52,Queensland,Upper Coomera - North,20666.0,51786.0,23687.04,45.740238674545246
309071558,1134,440.91,Queensland,Willow Vale - Pimpama (West),7126.0,52212.0,22927.32,43.91197425879108
309081259,246,509.69,Queensland,Clear Island Waters,4424.0,48997.0,26503.88,54.09286282833643
309081260,845,474.63,Queensland,Merrimac,7279.0,50980.0,24680.76,48.412632404864645
309081262,2611,499.5,Queensland,Varsity Lakes,16929.0,49225.0,25974.0,52.76587100050787
309081559,1534,541.2,Queensland,Robina - East,17126.0,49360.0,28142.4,57.01458670988655
309081560,1421,539.56,Queensland,Robina - West,8870.0,51512.0,28057.119999999995,54.46715328467152
309091263,1063,461.9,Queensland,Ashmore,12548.0,49323.0,24018.8,48.69695679500436
309091264,692,457.07,Queensland,Molendinar,6514.0,45965.0,23767.64,51.70812574785163
309091265,785,534.28,Queensland,Parkwood,8952.0,48746.0,27782.559999999998,56.99454314200138
309091540,5180,400.67,Queensland,Southport - North,18179.0,42347.0,20834.84,49.200273927314804
309091541,3464,437.78,Queensland,Southport - South,19198.0,43851.0,22764.559999999998,51.91343412921028
309101267,648,567.68,Queensland,Benowa,9980.0,48429.0,29519.359999999997,60.95389126349914
309101268,416,501.02,Queensland,Bundall,4925.0,49365.0,26053.04,52.77633951179986
309101269,535,508.07,Queensland,Main Beach,4021.0,50037.0,26419.64,52.800207846193814
309101561,2702,420.27,Queensland,Surfers Paradise - North,12375.0,41333.0,21854.04,52.87310381535335
309101562,2867,412.28,Queensland,Surfers Paradise - South,14422.0,39055.0,21438.559999999998,54.89325310459607
310011271,639,368.01,Queensland,Darra - Sumner,4770.0,52179.0,19136.52,36.67475421146438
310011272,938,361.52,Queensland,Durack,8354.0,49518.0,18799.04,37.96405347550386
310011274,3527,304.38,Queensland,Inala - Richlands,20328.0,41075.0,15827.76,38.533804017041994
310011275,862,414.22,Queensland,Oxley (Qld),8693.0,65383.0,21539.440000000002,32.94348683908662
310011276,453,283.93,Queensland,Wacol,6399.0,44558.0,14764.36,33.13514969253557
310011563,1094,395.7,Queensland,Doolandella,8723.0,52777.0,20576.399999999998,38.98743770960834
310011564,2338,399.94,Queensland,Forest Lake - Ellen Grove,22916.0,56516.0,20796.88,36.7982164342841
310021277,680,299.08,Queensland,Boonah,12786.0,50465.0,15552.16,30.817715248191817
310021278,341,262.51,Queensland,Esk,5099.0,47113.0,13650.52,28.97399868401503
310021280,1428,314.98,Queensland,Lockyer Valley - East,21616.0,52008.0,16378.960000000001,31.493154899246274
310021281,1055,311.28,Queensland,Lowood,14420.0,53006.0,16186.559999999998,30.537222201260228
310021282,1093,313.27,Queensland,Rosewood,14490.0,55915.0,16290.039999999999,29.133577751944916
310031283,2048,309.88,Queensland,Brassall,12304.0,52819.0,16113.76,30.507506768397736
310031284,1367,304.78,Queensland,Bundamba,9464.0,51956.0,15848.559999999998,30.50381091692971
310031285,759,303.96,Queensland,Churchill - Yamanto,6921.0,57714.0,15805.919999999998,27.38663062688429
310031286,977,284.28,Queensland,Ipswich - Central,6827.0,54912.0,14782.559999999998,26.920454545454543
310031287,2730,294.87,Queensland,Ipswich - East,18324.0,53653.0,15333.24,28.578532421299833
310031288,234,346.23,Queensland,Ipswich - North,4613.0,60874.0,18003.96,29.575779478923675
310031289,267,390.03,Queensland,Karalee - Barellan Point,6775.0,66666.0,20281.559999999998,30.422644226442262
310031290,199,402.59,Queensland,Karana Downs,6115.0,66792.0,20934.68,31.343094981434906
310031291,1599,295.98,Queensland,Leichhardt - One Mile,8391.0,48353.0,15390.960000000001,31.830413831613345
310031292,671,291.11,Queensland,North Ipswich - Tivoli,6499.0,54241.0,15137.720000000001,27.908261278368762
310031293,1913,309.15,Queensland,Raceview,15422.0,56335.0,16075.8,28.536078814236266
310031294,1692,384.19,Queensland,Ripley,13042.0,63963.0,19977.88,31.233494363929147
310031295,456,264.99,Queensland,Riverview,3115.0,45220.0,13779.48,30.47209199469261
310041297,710,313.22,Queensland,Camira - Gailes,9380.0,55847.0,16287.440000000002,29.164395580783214
310041299,1467,338.55,Queensland,Collingwood Park - Redbank,11889.0,52356.0,17604.600000000002,33.624799449919784
310041300,1636,315.67,Queensland,Goodna,11061.0,48293.0,16414.84,33.990102085188326
310041302,4227,353.08,Queensland,Redbank Plains,24921.0,49359.0,18360.16,37.19718794951275
310041303,756,399.15,Queensland,Springfield,7439.0,58824.0,20755.8,35.28457772337821
310041304,3087,415.37,Queensland,Springfield Lakes,24040.0,62527.0,21599.24,34.54386105202553
310041565,849,409.75,Queensland,Augustine Heights - Brookwater,9143.0,68744.0,21307.0,30.9947049924357
310041566,1293,341.68,Queensland,Bellbird Park,9340.0,55047.0,17767.36,32.276708994132285
311011305,1743,307.32,Queensland,Beaudesert,14913.0,49264.0,15980.64,32.4387788242936
311021306,1661,304.48,Queensland,Beenleigh,8554.0,47957.0,15832.960000000001,33.014909189482246
311021307,2261,314.96,Queensland,Eagleby,13806.0,46485.0,16377.919999999998,35.23269872001721
311021308,1266,376.69,Queensland,Edens Landing - Holmview,9692.0,53132.0,19587.88,36.866445833019654
311021309,459,340.08,Queensland,Mount Warren Park,5804.0,54435.0,17684.16,32.48674565996142
311021310,868,403.8,Queensland,Wolffdene - Bahrs Scrub,9139.0,56593.0,20997.600000000002,37.102821903769026
311031311,2664,373.6,Queensland,Boronia Heights - Park Ridge,19564.0,50605.0,19427.2,38.3898824226855
311031312,1153,365.0,Queensland,Browns Plains,8282.0,51027.0,18980.0,37.19599427753934
311031313,1065,374.44,Queensland,Chambers Flat - Logan Reserve,9010.0,51676.0,19470.88,37.67876770647883
311031314,1540,358.42,Queensland,Crestmead,12379.0,49018.0,18637.84,38.02244073605615
311031316,848,361.05,Queensland,Hillcrest,8963.0,54769.0,18774.600000000002,34.279610728696895
311031317,2283,361.39,Queensland,Marsden,16341.0,46791.0,18792.28,40.16216793827873
311031318,120,475.93,Queensland,Munruben - Park Ridge South,4479.0,55414.0,24748.36,44.660843830079045
311031319,1137,395.42,Queensland,Regents Park - Heritage Park,16357.0,55440.0,20561.84,37.08845598845599
311041322,257,470.51,Queensland,Logan Village,8696.0,56355.0,24466.52,43.41499423298731
311041567,260,417.14,Queensland,Flagstone (East) - Riverbend,6719.0,57650.0,21691.28,37.62581092801388
311041568,314,406.01,Queensland,Flagstone (West) - New Beith,10191.0,64273.0,21112.52,32.84819442067431
311041569,354,434.15,Queensland,Greenbank - North Maclean,7725.0,56127.0,22575.8,40.222709213034726
311041570,552,424.41,Queensland,Jimboomba - Glenlogan,18373.0,58014.0,22069.32,38.04136932464577
311041571,1859,390.4,Queensland,Yarrabilba,10922.0,50979.0,20300.8,39.82188744384943
311051323,1557,367.45,Queensland,Bethania - Waterford,12305.0,51822.0,19107.399999999998,36.87121299834047
311051324,387,428.87,Queensland,Cornubia - Carbrook,9186.0,60241.0,22301.24,37.02003618797829
311051325,1023,394.55,Queensland,Loganholme - Tanah Merah,11753.0,56534.0,20516.600000000002,36.29072770368275
311051326,2024,352.57,Queensland,Loganlea,11987.0,47405.0,18333.64,38.67448581373273
311051327,764,413.11,Queensland,Shailer Park,12254.0,60975.0,21481.72,35.23037310373104
311051328,1011,327.28,Queensland,Waterford West,7923.0,48195.0,17018.559999999998,35.31187882560431
311061329,517,406.69,Queensland,Daisy Hill,6981.0,59778.0,21147.88,35.37736290943157
311061330,1550,309.62,Queensland,Kingston (Qld),10540.0,43079.0,16100.24,37.373755193946
311061331,1170,280.64,Queensland,Logan Central,6457.0,39722.0,14593.279999999999,36.738532802980714
311061332,1164,392.79,Queensland,Rochedale South - Priestdale,15652.0,58790.0,20425.08,34.742439190338494
311061333,1451,312.13,Queensland,Slacks Creek,10561.0,47556.0,16230.76,34.12978383379595
311061334,1025,388.05,Queensland,Springwood,9965.0,56617.0,20178.600000000002,35.640531995690345
311061335,572,396.17,Queensland,Underwood,6908.0,52323.0,20600.84,39.372436595760945
311061336,2460,280.57,Queensland,Woodridge,13205.0,41297.0,14589.64,35.328571082645226
312011337,1372,271.9,Queensland,Bowen,10010.0,45301.0,14138.8,31.21079004878479
312011338,1157,86.56,Queensland,Broadsound - Nebo,8878.0,76152.0,4501.12,5.910704905977519
312011339,402,224.0,Queensland,Clermont,3930.0,62013.0,11648.0,18.78315837001919
312011340,283,213.58,Queensland,Collinsville,3934.0,48661.0,11106.16,22.823534247138365
312011341,1698,131.72,Queensland,Moranbah,9611.0,90738.0,6849.44,7.54859044722167
312021342,1656,355.25,Queensland,Andergrove - Beaconsfield,16117.0,61242.0,18473.0,30.16393977988962
312021343,510,321.68,Queensland,East Mackay,3790.0,64676.0,16727.36,25.863318696270643
312021344,1511,403.59,Queensland,Eimeo - Rural View,13730.0,66487.0,20986.68,31.565087911922635
312021346,998,268.22,Queensland,Mackay,4079.0,55616.0,13947.440000000002,25.07810701956272
312021347,81,510.81,Queensland,Mackay Harbour,619.0,76580.0,26562.12,34.6854531209193
312021348,746,411.92,Queensland,Mount Pleasant - Glenella,11670.0,63176.0,21419.84,33.905027225528684
312021349,901,297.41,Queensland,North Mackay,6341.0,57712.0,15465.320000000002,26.797407818131415
312021350,490,419.64,Queensland,Ooralea - Bakers Creek,6007.0,65960.0,21821.28,33.08259551243177
312021351,457,350.34,Queensland,Pioneer Valley,8992.0,64290.0,18217.68,28.336724218385438
312021352,841,306.17,Queensland,Sarina,11972.0,64473.0,15920.84,24.69380981185923
312021353,329,237.25,Queensland,Seaforth - Calen,8243.0,60764.0,12337.0,20.3031400171154
312021354,583,383.94,Queensland,Shoal Point - Bucasia,6154.0,65234.0,19964.88,30.605021921084095
312021355,387,295.74,Queensland,Slade Point,3495.0,56905.0,15378.48,27.02483085844829
312021356,995,290.45,Queensland,South Mackay,6977.0,58298.0,15103.4,25.90723523963086
312021357,459,344.0,Queensland,Walkerston - Eton,8524.0,63658.0,17888.0,28.100160231235666
312021358,775,322.52,Queensland,West Mackay,6429.0,65000.0,16771.04,25.8016
312031359,1779,378.55,Queensland,Airlie - Whitsundays,14767.0,48146.0,19684.600000000002,40.88522410999876
312031361,655,280.08,Queensland,Proserpine,8931.0,51748.0,14564.16,28.144392053799177
313011362,1334,372.12,Queensland,Beachmere - Sandstone Point,16685.0,49629.0,19350.24,38.98978419875476
313011363,2104,339.24,Queensland,Bribie Island,20825.0,47461.0,17640.48,37.168369819430694
313021364,340,427.67,Queensland,Burpengary - East,6747.0,60000.0,22238.84,37.064733333333336
313021366,3735,342.61,Queensland,Caboolture - South,24119.0,45840.0,17815.72,38.865008726003495
313021367,100,408.78,Queensland,Elimbah,4348.0,53959.0,21256.559999999998,39.393910191070994
313021368,1574,364.3,Queensland,Morayfield - East,11262.0,49249.0,18943.600000000002,38.46494345062844
313021369,150,392.43,Queensland,Wamuran,4280.0,53287.0,20406.36,38.29519394974384
313021572,2857,318.9,Queensland,Caboolture - East,18110.0,46524.0,16582.8,35.64353881867423
313021573,1345,299.79,Queensland,Caboolture - West,12348.0,48885.0,15589.080000000002,31.88929119361768
313031370,390,329.77,Queensland,Kilcoy,5863.0,55323.0,17148.04,30.99622218607089
313031371,346,360.47,Queensland,Woodford - D'Aguilar,9245.0,51997.0,18744.440000000002,36.04907975460123
313041372,1695,360.38,Queensland,Burpengary,16793.0,53034.0,18739.76,35.335369762793675
313041373,2925,325.2,Queensland,Deception Bay,23114.0,49348.0,16910.399999999998,34.267650158061116
313041374,457,344.4,Queensland,Morayfield,5943.0,53184.0,17908.8,33.67328519855596
313041375,1492,409.82,Queensland,Narangba,21324.0,57405.0,21310.64,37.12331678425224
313041376,72,421.5,Queensland,Upper Caboolture,3292.0,56693.0,21918.0,38.660857601467555
313051377,1128,346.14,Queensland,Clontarf,8494.0,55534.0,17999.28,32.41127957647567
313051378,2127,327.2,Queensland,Margate - Woody Point,12134.0,55008.0,17014.399999999998,30.93077370564281
313051379,1983,334.12,Queensland,Redcliffe,10567.0,52667.0,17374.24,32.98885450092088
313051380,2288,364.63,Queensland,Rothwell - Kippa-Ring,17699.0,50854.0,18960.76,37.284697368938524
313051574,16,210.29,Queensland,Moreton Island,317.0,54606.0,10935.08,20.02541845218474
313051575,1611,420.73,Queensland,Scarborough - Newport,15468.0,59475.0,21877.96,36.78513661202186
314011382,843,444.34,Queensland,Albany Creek,16683.0,63605.0,23105.68,36.32682965175694
314011383,1427,406.21,Queensland,Cashmere,20050.0,63015.0,21122.92,33.52046338173451
314011384,224,406.78,Queensland,Dayboro,9319.0,61760.0,21152.559999999998,34.24961139896372
314011385,237,465.66,Queensland,Eatons Hill,7920.0,65605.0,24214.32,36.9092599649417
314011386,1609,461.48,Queensland,The Hills District,24772.0,66515.0,23996.96,36.07751634969556
314011387,243,480.57,Queensland,Samford Valley,12569.0,66808.0,24989.64,37.405161058555855
314021389,3187,396.23,Queensland,Murrumba Downs - Griffin,23556.0,58127.0,20603.96,35.446453455364974
314021576,1149,379.13,Queensland,Dakabin,5360.0,53264.0,19714.76,37.01329227996395
314021577,3388,356.5,Queensland,Kallangur,22198.0,52051.0,18538.0,35.615069835353786
314021578,2136,411.18,Queensland,Mango Hill,15214.0,57957.0,21381.36,36.89176458408821
314021579,2788,417.32,Queensland,North Lakes,23488.0,58778.0,21700.64,36.919663819796526
314031391,950,386.07,Queensland,Bray Park,10419.0,55262.0,20075.64,36.32810973182295
314031392,1013,340.06,Queensland,Lawnton,7187.0,54467.0,17683.12,32.46574990361136
314031393,910,371.9,Queensland,Petrie,8841.0,56128.0,19338.8,34.45481755986317
314031394,1857,370.08,Queensland,Strathpine - Brendale,13980.0,52283.0,19244.16,36.80768127307155
315011395,186,124.72,Queensland,Aurukun,1130.0,18326.0,6485.44,35.38928298592164
315011396,1097,134.34,Queensland,Cape York,7999.0,41211.0,6985.68,16.95100822595909
315011397,54,146.28,Queensland,Croydon - Etheridge,993.0,43453.0,7606.56,17.505258555220585
315011398,298,116.33,Queensland,Kowanyama - Pormpuraaw,1739.0,21601.0,6049.16,28.004073885468266
315011399,594,128.8,Queensland,Northern Peninsula,2885.0,38600.0,6697.6,17.351295336787565
315011400,300,229.0,Queensland,Tablelands,6308.0,41916.0,11908.0,28.40919935108312
315011401,572,203.43,Queensland,Torres,3532.0,59334.0,10578.36,17.828496309030236
315011402,873,136.64,Queensland,Torres Strait Islands,4294.0,38962.0,7105.279999999999,18.236435501257635
315011403,680,515.34,Queensland,Weipa,4177.0,89717.0,26797.68,29.869121794085846
315021404,779,132.78,Queensland,Carpentaria,5087.0,40858.0,6904.56,16.898918204513194
315021405,2732,275.4,Queensland,Mount Isa,18798.0,75599.0,14320.8,18.943107713064986
315021406,411,215.6,Queensland,Mount Isa Surrounds,4118.0,62129.0,11211.199999999999,18.045035329717198
315021407,230,159.8,Queensland,Northern Highlands,3128.0,50198.0,8309.6,16.55364755567951
315031408,403,167.41,Queensland,Barcaldine - Blackall,4781.0,50397.0,8705.32,17.27348850129968
315031409,418,177.22,Queensland,Charleville,4009.0,48163.0,9215.44,19.133857940742896
315031410,218,139.36,Queensland,Far Central West,2185.0,54063.0,7246.720000000001,13.404213602648765
315031411,344,137.96,Queensland,Far South West,2751.0,51219.0,7173.92,14.006364825553016
315031412,443,205.14,Queensland,Longreach,3691.0,55807.0,10667.279999999999,19.114591359506868
316011413,1107,462.1,Queensland,Buderim - North,18168.0,51290.0,24029.2,46.84967829986352
316011414,1465,452.97,Queensland,Buderim - South,17790.0,51025.0,23554.440000000002,46.16254777070064
316011415,1450,501.06,Queensland,Mountain Creek,12126.0,52513.0,26055.12,49.61651400605564
316011416,1235,471.87,Queensland,Sippy Downs,11698.0,46153.0,24537.24,53.16499469156935
316021417,754,457.12,Queensland,Aroona - Currimundi,10122.0,51669.0,23770.24,46.00483849116492
316021418,685,442.75,Queensland,Buddina - Minyama,7007.0,50379.0,23023.0,45.699597054328194
316021419,1419,381.44,Queensland,Caloundra - Kings Beach,7011.0,45897.0,19834.88,43.21607076715254
316021421,1107,445.94,Queensland,Golden Beach - Pelican Waters,13150.0,50233.0,23188.88,46.16264208787052
316021422,919,408.47,Queensland,Moffat Beach - Battery Hill,8188.0,49771.0,21240.440000000002,42.67633762632859
316021423,1064,475.9,Queensland,Parrearra - Warana,10480.0,52707.0,24746.8,46.95163830231279
316021424,1610,489.83,Queensland,Wurtulla - Birtinya,10783.0,53607.0,25471.16,47.51461562855597
316021580,1736,489.11,Queensland,Caloundra West - Baringa,15970.0,54090.0,25433.72,47.021112959881684
316021581,1351,466.56,Queensland,Meridan Plains - Little Mountain (North),14586.0,51199.0,24261.12,47.385925506357545
316031425,1634,456.0,Queensland,Coolum Beach,16184.0,50420.0,23712.0,47.028956763189214
316031426,1219,439.21,Queensland,Marcoola - Mudjimba,12077.0,48951.0,22838.92,46.65669751384037
316031427,3780,419.67,Queensland,Maroochydore - Kuluin,23645.0,48611.0,21822.84,44.89280204069038
316031428,2043,410.99,Queensland,Mooloolaba - Alexandra Headland,12631.0,49326.0,21371.48,43.32700806876698
316051434,415,518.75,Queensland,Noosa Heads,5158.0,43831.0,26975.0,61.54320001825192
316051435,846,475.21,Queensland,Noosaville,9402.0,43790.0,24710.92,56.43050924868691
316051437,668,504.0,Queensland,Sunshine Beach,6927.0,43026.0,26208.0,60.912006693627106
316051438,981,459.7,Queensland,Tewantin,10625.0,44221.0,23904.399999999998,54.056669907962274
316051543,391,458.44,Queensland,Peregian Beach - Marcus Beach,4158.0,47781.0,23838.88,49.89196542558758
316051544,1265,536.37,Queensland,Peregian Springs,10804.0,50376.0,27891.24,55.36612672701287
316061439,745,392.17,Queensland,Beerwah,9335.0,49462.0,20392.84,41.22930734705431
316061440,540,386.39,Queensland,Caloundra Hinterland,9171.0,42895.0,20092.28,46.84061079379881
316061441,332,399.5,Queensland,Glass House Mountains,6607.0,52067.0,20774.0,39.898592198513455
316061442,948,465.44,Queensland,Landsborough,15919.0,51824.0,24202.88,46.702068539672744
316061443,344,355.77,Queensland,Maroochy Hinterland,6865.0,47407.0,18500.04,39.02385723627312
316061444,652,417.55,Queensland,Palmwoods,11779.0,49371.0,21712.600000000002,43.97844888699844
316071545,745,466.98,Queensland,Bli Bli,10860.0,52597.0,24282.96,46.167956347320185
316071546,152,391.8,Queensland,Diddillibah - Rosemount,4436.0,50076.0,20373.600000000002,40.68535825545172
316071547,662,408.32,Queensland,Eumundi - Yandina,12501.0,48661.0,21232.64,43.63379297589445
316071548,2462,366.0,Queensland,Nambour,22821.0,49097.0,19032.0,38.764079271645926
316081549,1026,420.16,Queensland,Noosa Hinterland,24524.0,45254.0,21848.32,48.27931232598223
317011445,571,318.23,Queensland,Cambooya - Wyreema,7973.0,58302.0,16547.96,28.38317724949401
317011446,2264,314.4,Queensland,Darling Heights,14812.0,51729.0,16348.8,31.60470915733921
317011447,1685,294.05,Queensland,Drayton - Harristown,10940.0,52333.0,15290.6,29.217893107599412
317011448,1107,294.6,Queensland,Gatton,8064.0,42607.0,15319.2,35.95465533832469
317011449,237,357.35,Queensland,Gowrie (Qld),7137.0,59404.0,18582.2,31.28105851457814
317011450,693,399.68,Queensland,Highfields,14781.0,61095.0,20783.36,34.018102954415255
317011451,526,320.79,Queensland,Lockyer Valley - West,12076.0,52473.0,16681.08,31.789834772168547
317011452,513,414.37,Queensland,Middle Ridge,7664.0,62697.0,21547.24,34.36725840151842
317011453,1910,289.67,Queensland,Newtown (Qld),10156.0,50954.0,15062.84,29.56164383561644
317011454,1078,285.98,Queensland,North Toowoomba - Harlaxton,6493.0,51703.0,14870.960000000001,28.762276850472894
317011455,922,342.39,Queensland,Rangeville,8729.0,60526.0,17804.28,29.4159204308892
317011456,2576,294.81,Queensland,Toowoomba - Central,14184.0,53953.0,15330.12,28.413841677015185
317011457,1335,316.74,Queensland,Toowoomba - East,10638.0,60255.0,16470.48,27.33462783171521
317011458,1614,344.63,Queensland,Toowoomba - West,16124.0,57000.0,17920.76,31.439929824561403
317011459,2162,291.78,Queensland,Wilsonton,14311.0,50599.0,15172.559999999998,29.98588904919069
318011460,1006,231.04,Queensland,Ayr,9063.0,47405.0,12014.08,25.343486973947893
318011461,521,215.03,Queensland,Burdekin,7724.0,49920.0,11181.56,22.398958333333333
318011462,926,221.23,Queensland,Charters Towers,8135.0,53604.0,11503.96,21.46101037236027
318011463,103,215.0,Queensland,Dalrymple,3785.0,52074.0,11180.0,21.469447324960633
318011464,552,213.64,Queensland,Ingham,4485.0,48986.0,11109.279999999999,22.678479565590166
318011465,439,203.49,Queensland,Ingham Surrounds,6505.0,51006.0,10581.48,20.745559345959297
318011466,438,130.66,Queensland,Palm Island,2180.0,37136.0,6794.32,18.295777682033606
318021467,794,270.77,Queensland,Aitkenvale,4847.0,51842.0,14080.039999999999,27.159523166544496
318021468,665,380.37,Queensland,Annandale (Qld),10253.0,63906.0,19779.24,30.95052107783307
318021469,372,289.27,Queensland,Belgian Gardens - Pallarenda,3215.0,67748.0,15042.039999999999,22.20292849973431
318021470,789,355.0,Queensland,Bohle Plains,8622.0,69600.0,18460.0,26.522988505747126
318021471,1381,289.65,Queensland,Condon - Rasmussen,10951.0,52499.0,15061.8,28.689689327415756
318021472,690,292.28,Queensland,Cranbrook,5902.0,51254.0,15198.559999999998,29.653412416591873
318021474,1233,372.47,Queensland,Douglas,8003.0,61799.0,19368.440000000002,31.341024935678576
318021475,1428,249.43,Queensland,Garbutt - West End,6351.0,57410.0,12970.36,22.592510015676712
318021476,1014,274.0,Queensland,Gulliver - Currajong - Vincent,7674.0,53620.0,14248.0,26.572174561730698
318021477,474,282.31,Queensland,Heatley,3945.0,49435.0,14680.12,29.69580256903004
318021478,1192,265.46,Queensland,Hermit Park - Rosslea,5471.0,56516.0,13803.919999999998,24.42480005662113
318021479,1009,247.79,Queensland,Hyde Park - Pimlico,4769.0,55253.0,12885.08,23.32014551246086
318021480,1078,298.62,Queensland,Kelso,10862.0,54040.0,15528.24,28.734715025906738
318021481,955,276.66,Queensland,Kirwan - East,7787.0,50438.0,14386.320000000002,28.52278044331655
318021482,1699,352.67,Queensland,Kirwan - West,15235.0,58796.0,18338.84,31.1906252125995
318021483,279,285.91,Queensland,Magnetic Island,2485.0,39586.0,14867.320000000002,37.55701510635073
318021484,1185,356.87,Queensland,Mount Louisa,10255.0,61931.0,18557.24,29.964379712906304
318021485,435,270.47,Queensland,Mundingburra,3625.0,56490.0,14064.440000000002,24.89722074703488
318021486,322,306.28,Queensland,Northern Beaches,6616.0,57666.0,15926.559999999998,27.618631429265072
318021487,1174,368.62,Queensland,Oonoonba,7137.0,68955.0,19168.24,27.798187223551597
318021488,940,297.64,Queensland,South Townsville - Railway Estate,5365.0,56734.0,15477.279999999999,27.28043148729157
318021489,127,269.29,Queensland,Townsville - South,4796.0,64490.0,14003.080000000002,21.713567995037995
318021490,2100,328.59,Queensland,Townsville City - North Ward,9284.0,67913.0,17086.68,25.159660153431595
318021491,523,284.97,Queensland,Wulguru - Roseneath,6180.0,55858.0,14818.440000000002,26.52876937949802
318021582,2233,378.56,Queensland,Burdell - Mount Low,19726.0,66461.0,19685.12,29.619054784008664
318021583,608,306.92,Queensland,Deeragun - Jensen,6150.0,56672.0,15959.84,28.161773009599095
319011492,597,288.92,Queensland,Ashfield - Kepnock,5698.0,48752.0,15023.84,30.81686905152609
319011493,1650,326.06,Queensland,Bargara - Burnett Heads,19245.0,52939.0,16955.12,32.027654470239334
319011494,324,339.57,Queensland,Branyan - Kensington,5421.0,52327.0,17657.64,33.74479714105529
319011495,1501,250.79,Queensland,Bundaberg,6309.0,36591.0,13041.08,35.64013008663333
319011496,690,301.36,Queensland,Bundaberg East - Kalkie,5848.0,48740.0,15670.720000000001,32.15166187935987
319011497,771,283.94,Queensland,Bundaberg North - Gooburrum,7497.0,45655.0,14764.88,32.34011608805169
319011498,514,291.18,Queensland,Bundaberg Surrounds - North,9360.0,47455.0,15141.36,31.90677483932146
319011499,658,276.65,Queensland,Bundaberg Surrounds - South,10873.0,43676.0,14385.8,32.93754006777177
319011500,769,293.38,Queensland,Millbank - Avoca,7452.0,50368.0,15255.76,30.288595933926306
319011501,802,273.7,Queensland,Svensson Heights - Norville,5856.0,48141.0,14232.4,29.563989115307116
319011502,1416,278.84,Queensland,Walkervale - Avenell Heights,11087.0,47340.0,14499.679999999998,30.62881284326151
319021503,581,218.06,Queensland,Gayndah - Mundubbera,6448.0,37967.0,11339.12,29.865725498459188
319021504,285,248.23,Queensland,Gin Gin,5436.0,39921.0,12907.96,32.333759174369376
319021505,1387,264.29,Queensland,Kingaroy,10659.0,49035.0,13743.080000000002,28.02708269603345
319021506,968,182.34,Queensland,Kingaroy Surrounds - North,9615.0,44535.0,9481.68,21.290400808352985
319021507,213,259.56,Queensland,Kingaroy Surrounds - South,4179.0,48000.0,13497.12,28.119
319021508,278,167.77,Queensland,Monto - Eidsvold,3694.0,43686.0,8724.04,19.969875932793116
319021509,737,228.06,Queensland,Nanango,10090.0,44885.0,11859.12,26.42112064163975
319031511,607,285.14,Queensland,Cooloola,6606.0,38461.0,14827.279999999999,38.55146772054808
319031512,1908,295.54,Queensland,Gympie - North,15087.0,43741.0,15368.080000000002,35.13426762076771
319031513,766,300.03,Queensland,Gympie - South,7606.0,47927.0,15601.559999999998,32.55275731842176
319031514,788,299.67,Queensland,Gympie Surrounds,20636.0,45542.0,15582.84,34.21641561635413
319031515,226,214.0,Queensland,Kilkivan,3814.0,45911.0,11128.0,24.238199995643743
319041516,236,344.65,Queensland,Booral - River Heads,5817.0,49475.0,17921.8,36.22395149065184
319041517,171,403.57,Queensland,Craignish - Dundowran Beach,5607.0,54114.0,20985.64,38.78042650700373
319041518,1735,360.0,Queensland,Pialba - Eli Waters,16017.0,47340.0,18720.0,39.543726235741445
319041519,552,344.07,Queensland,Point Vernon,5743.0,46710.0,17891.64,38.30366088631985
319041520,2168,310.52,Queensland,Torquay - Scarness - Kawungan,15943.0,46192.0,16147.039999999999,34.95635607897471
319041521,1554,345.69,Queensland,Urangan - Wondunna,14918.0,46858.0,17975.88,38.36245678432712
319051522,721,304.76,Queensland,Burrum - Fraser,10678.0,45591.0,15847.52,34.76019389791845
319051523,299,243.38,Queensland,Granville,3072.0,48324.0,12655.76,26.18938829567089
319051524,2160,254.06,Queensland,Maryborough (Qld),18838.0,47180.0,13211.12,28.001526070368804
319051525,360,254.12,Queensland,Maryborough Surrounds - South,9620.0,44759.0,13214.24,29.52309032820215
319051526,337,292.67,Queensland,Tinana,5910.0,49556.0,15218.84,30.710388247639038
401011001,5136,403.16,South Australia,Adelaide,18615.0,41084.0,20964.32,51.027942751436086
401011002,1295,394.23,South Australia,North Adelaide,6907.0,59990.0,20499.96,34.17229538256376
401021003,203,296.8,South Australia,Adelaide Hills,7092.0,56538.0,15433.6,27.29774664827196
401021004,506,416.5,South Australia,Aldgate - Stirling,18404.0,62122.0,21658.0,34.86365538778532
401021005,216,351.68,South Australia,Hahndorf - Echunga,4747.0,53780.0,18287.36,34.00401636296021
401021006,493,322.32,South Australia,Lobethal - Woodside,9521.0,54801.0,16760.64,30.58455137679969
401021007,2158,359.58,South Australia,Mount Barker,22412.0,55533.0,18698.16,33.67035816541516
401021008,226,310.77,South Australia,Mount Barker Surrounds,6864.0,54910.0,16160.039999999999,29.43004917137133
401021009,406,352.75,South Australia,Nairne,5371.0,53946.0,18343.0,34.002521039558076
401021010,271,392.07,South Australia,Uraidla - Summertown,6082.0,60985.0,20387.64,33.430581290481264
401031011,1453,377.01,South Australia,Burnside - Wattle Park,19264.0,58692.0,19604.52,33.402371703128196
401031012,523,423.04,South Australia,Beaumont - Glen Osmond,10401.0,61154.0,21998.08,35.97161265003107
401031013,1689,340.54,South Australia,Toorak Gardens,16760.0,60000.0,17708.08,29.51346666666667
401041014,442,376.95,South Australia,Athelstone,9668.0,56794.0,19601.399999999998,34.513152797830756
401041015,2528,336.42,South Australia,Paradise - Newton,21882.0,53718.0,17493.84,32.56606724003127
401041016,2545,354.34,South Australia,Rostrevor - Magill,24282.0,56023.0,18425.68,32.88949181586134
401051017,2152,366.53,South Australia,Norwood (SA),10955.0,57628.0,19059.559999999998,33.07343652391198
401051018,1753,334.21,South Australia,Payneham - Felixstow,13233.0,55274.0,17378.92,31.44140102037124
401051019,1675,331.77,South Australia,St Peters - Marden,13635.0,60410.0,17252.04,28.558251945042212
401061020,902,321.76,South Australia,Nailsworth - Broadview,6537.0,60794.0,16731.52,27.521663322038357
401061021,2003,352.34,South Australia,Prospect,15950.0,59490.0,18321.68,30.797915616069925
401061022,831,384.41,South Australia,Walkerville,8086.0,60351.0,19989.32,33.121770973140464
401071023,2197,339.95,South Australia,Goodwood - Millswood,17818.0,61459.0,17677.399999999998,28.76291511414113
401071024,2396,378.41,South Australia,Unley - Parkside,21243.0,60710.0,19677.32,32.411991434689504
402011025,521,305.93,South Australia,Gawler - North,9611.0,56237.0,15908.36,28.28806657538631
402011026,2307,286.85,South Australia,Gawler - South,21955.0,54420.0,14916.2,27.40940830576994
402011027,183,311.12,South Australia,Lewiston - Two Wells,6566.0,55849.0,16178.24,28.967823953875627
402021028,1703,315.22,South Australia,Craigmore - Blakeview,20224.0,54916.0,16391.440000000002,29.848204530555762
402021029,2703,271.42,South Australia,Davoren Park,18636.0,46707.0,14113.84,30.217826021795446
402021030,2195,227.77,South Australia,Elizabeth,10963.0,39619.0,11844.04,29.894848431308212
402021031,1642,252.84,South Australia,Elizabeth East,14191.0,49321.0,13147.68,26.657367044463818
402021032,1731,311.92,South Australia,Munno Para West - Angle Vale,16461.0,54478.0,16219.84,29.7731928484893
402021033,34,302.75,South Australia,One Tree Hill,2482.0,54562.0,15743.0,28.85341446427917
402021034,2201,242.7,South Australia,Smithfield - Elizabeth North,12603.0,43367.0,12620.4,29.101390458182486
402021035,257,295.32,South Australia,Virginia - Waterloo Corner,5739.0,54031.0,15356.64,28.42190594288464
402031036,3900,304.13,South Australia,Enfield - Blair Athol,26018.0,49797.0,15814.76,31.75845934494046
402031038,3128,319.26,South Australia,Windsor Gardens,22890.0,54324.0,16601.52,30.560194389220236
402031175,2027,370.54,South Australia,Northgate - Northfield,18449.0,58495.0,19268.08,32.93970424822635
402031176,1069,321.22,South Australia,Valley View - Gilles Plains,10606.0,53012.0,16703.440000000002,31.50879046253679
402041040,1396,309.13,South Australia,Ingle Farm,15844.0,52500.0,16074.76,30.618590476190477
402041041,1187,312.15,South Australia,Para Hills,15204.0,52039.0,16231.8,31.19160629527854
402041043,1641,299.41,South Australia,Parafield Gardens,18707.0,49406.0,15569.320000000002,31.513014613609684
402041044,1404,305.23,South Australia,Paralowie,18061.0,51554.0,15871.960000000001,30.787058230205222
402041046,2490,270.24,South Australia,Salisbury,18830.0,47228.0,14052.48,29.75455238417888
402041047,1391,293.79,South Australia,Salisbury East,18632.0,52898.0,15277.080000000002,28.88026012325608
402041048,2063,279.8,South Australia,Salisbury North,18778.0,49928.0,14549.6,29.141163275116167
402041171,1863,371.0,South Australia,Mawson Lakes - Globe Derby Park,14033.0,58020.0,19292.0,33.25060324026198
402041172,859,306.27,South Australia,Pooraka - Cavan,8142.0,50878.0,15926.039999999999,31.302409685915322
402051049,709,319.45,South Australia,Golden Grove,10473.0,61238.0,16611.399999999998,27.125967536496944
402051050,663,308.38,South Australia,Greenwith,9092.0,60856.0,16035.76,26.35033521756277
402051051,550,386.38,South Australia,Highbury - Dernancourt,11118.0,59124.0,20091.76,33.98240985048373
402051052,1778,319.55,South Australia,Hope Valley - Modbury,17677.0,52595.0,16616.600000000002,31.59349748074913
402051053,1294,335.71,South Australia,Modbury Heights,19478.0,57383.0,17456.92,30.421762542913406
402051054,718,348.35,South Australia,Redwood Park,16409.0,58371.0,18114.2,31.03287591440955
402051055,864,330.93,South Australia,St Agnes - Ridgehaven,13244.0,57652.0,17208.36,29.84867827655589
403011056,1369,362.21,South Australia,Brighton (SA),15295.0,61000.0,18834.92,30.876918032786882
403011057,2985,334.19,South Australia,Glenelg (SA),20716.0,59048.0,17377.88,29.430090773607915
403021058,2323,310.36,South Australia,Edwardstown,14726.0,56135.0,16138.720000000001,28.749835218669283
403021059,655,391.77,South Australia,Hallett Cove,12686.0,58461.0,20372.04,34.84723148765844
403021060,540,382.08,South Australia,Marino - Seaview Downs,9779.0,60484.0,19868.16,32.8486211229416
403021061,2580,310.6,South Australia,Mitchell Park,16692.0,53546.0,16151.2,30.16322414372689
403021062,2186,320.54,South Australia,Morphettville,16700.0,58586.0,16668.08,28.45061960195269
403021063,431,377.62,South Australia,Sheidow Park - Trott Park,10299.0,59581.0,19636.24,32.95721790503684
403021064,2372,346.82,South Australia,Warradale,16349.0,57222.0,18034.64,31.516968997937855
403031065,126,377.0,South Australia,Belair,4927.0,63896.0,19604.0,30.681106798547642
403031066,476,341.25,South Australia,Bellevue Heights,7679.0,52356.0,17745.0,33.892963557185425
403031067,469,374.35,South Australia,Blackwood,13033.0,65142.0,19466.2,29.88271775505818
403031068,1289,332.14,South Australia,Colonel Light Gardens,15990.0,61801.0,17271.28,27.94660280577984
403031069,1095,347.85,South Australia,Mitcham (SA),16662.0,62214.0,18088.2,29.07416337158839
403031070,777,320.32,South Australia,Panorama,8531.0,55391.0,16656.64,30.07102236825477
403041071,584,345.02,South Australia,Aberfoyle Park,11992.0,58404.0,17941.04,30.71885487295391
403041072,1468,322.98,South Australia,Aldinga,16064.0,50057.0,16794.96,33.55167109495175
403041073,1489,248.84,South Australia,Christie Downs,9578.0,47981.0,12939.68,26.968341635230615
403041074,1627,319.29,South Australia,Christies Beach,11161.0,51058.0,16603.08,32.51807748051236
403041075,50,267.88,South Australia,Clarendon,2744.0,53874.0,13929.76,25.856182945391097
403041076,107,426.02,South Australia,Coromandel Valley,4510.0,63622.0,22153.04,34.81977932161831
403041077,435,386.34,South Australia,Flagstaff Hill,10858.0,59983.0,20089.68,33.492289482019906
403041078,432,297.62,South Australia,Hackham - Onkaparinga Hills,6934.0,52181.0,15476.24,29.658764684463694
403041079,1069,261.27,South Australia,Hackham West - Huntfield Heights,7910.0,48892.0,13586.039999999999,27.787858954430174
403041080,622,368.35,South Australia,Happy Valley,13950.0,57501.0,19154.2,33.31107285090694
403041083,395,354.56,South Australia,McLaren Vale,7389.0,54260.0,18437.12,33.97921120530778
403041084,1431,299.28,South Australia,Morphett Vale - East,13952.0,51993.0,15562.559999999998,29.932029311638104
403041085,1270,293.53,South Australia,Morphett Vale - West,10230.0,50084.0,15263.559999999998,30.475920453637883
403041086,750,322.63,South Australia,Reynella,10366.0,54739.0,16776.76,30.64864173623924
403041088,158,317.29,South Australia,Willunga,3625.0,50556.0,16499.08,32.635255953793816
403041089,619,358.19,South Australia,Woodcroft,11630.0,56071.0,18625.88,33.21838383478091
403041177,1505,351.07,South Australia,Seaford - Seaford Meadows,14303.0,53739.0,18255.64,33.97093358640838
403041178,864,320.21,South Australia,Seaford Rise - Moana,10713.0,53989.0,16650.92,30.841319528052008
404011090,1081,332.18,South Australia,Beverley,8985.0,57793.0,17273.36,29.88832557576177
404011091,1833,343.71,South Australia,Flinders Park,16505.0,55792.0,17872.92,32.03491540005735
404011092,1565,356.53,South Australia,Henley Beach,15753.0,59480.0,18539.559999999998,31.1694014794889
404011093,3229,344.74,South Australia,Hindmarsh - Brompton,19356.0,58079.0,17926.48,30.865682949086587
404011094,795,310.38,South Australia,Royal Park - Hendon - Albert Park,6560.0,54156.0,16139.76,29.802348770219368
404011095,2148,323.92,South Australia,Seaton - Grange,17667.0,56425.0,16843.84,29.85173238812583
404011096,1347,322.1,South Australia,West Lakes,15327.0,59633.0,16749.2,28.087132963292138
404011097,2543,311.34,South Australia,Woodville - Cheltenham,19527.0,53978.0,16189.679999999998,29.993108303382858
404021099,1812,323.96,South Australia,Largs Bay - Semaphore,14958.0,62424.0,16845.92,26.98628732538767
404021100,1582,300.53,South Australia,North Haven,14947.0,58660.0,15627.559999999998,26.640913740197746
404021101,1623,276.72,South Australia,Port Adelaide,11699.0,52543.0,14389.440000000002,27.38602668290734
404021102,2945,271.13,South Australia,The Parks,19919.0,47346.0,14098.76,29.778143876990665
404031105,235,321.25,South Australia,Fulham,2941.0,57464.0,16705.0,29.07037449533621
404031106,1636,312.08,South Australia,Lockleys,13552.0,56416.0,16228.16,28.765173000567213
404031107,4051,315.26,South Australia,Plympton,26849.0,54375.0,16393.52,30.149002298850576
404031108,2837,331.86,South Australia,Richmond (SA),17252.0,54334.0,17256.72,31.76044465712077
404031109,526,326.02,South Australia,West Beach,5205.0,59745.0,16953.04,28.375663235417193
405011110,370,259.84,South Australia,Barossa - Angaston,6614.0,52295.0,13511.679999999998,25.837422315708956
405011111,463,262.86,South Australia,Light,10035.0,53498.0,13668.720000000001,25.549964484653636
405011112,245,305.01,South Australia,Lyndoch,6680.0,55433.0,15860.52,28.612054191546555
405011113,160,267.24,South Australia,Mallala,3409.0,50760.0,13896.48,27.376832151300235
405011114,623,293.92,South Australia,Nuriootpa,7300.0,54061.0,15283.84,28.2714711159616
405011115,364,302.21,South Australia,Tanunda,4753.0,54999.0,15714.919999999998,28.57310132911507
405021116,415,255.99,South Australia,Clare,4176.0,49846.0,13311.48,26.705212053123624
405021117,300,226.36,South Australia,Gilbert Valley,5113.0,46819.0,11770.720000000001,25.140904333710672
405021118,276,201.44,South Australia,Goyder,4155.0,41197.0,10474.88,25.42631745029978
405021119,703,217.46,South Australia,Wakefield - Barunga West,9705.0,45490.0,11307.92,24.858034732908333
405031120,302,196.35,South Australia,Jamestown,4691.0,45623.0,10210.199999999999,22.379501567191983
405031121,305,173.36,South Australia,Peterborough - Mount Remarkable,5447.0,43659.0,9014.720000000001,20.6480221718317
405031122,1866,189.86,South Australia,Port Pirie,14290.0,51763.0,9872.720000000001,19.072928539690515
405031123,175,203.47,South Australia,Port Pirie Surrounds,3403.0,50117.0,10580.44,21.111479138815174
405041124,498,243.9,South Australia,Kadina,5538.0,46363.0,12682.800000000001,27.355434290274577
405041125,397,245.1,South Australia,Moonta,5302.0,44004.0,12745.199999999999,28.963730569948183
405041126,531,241.04,South Australia,Wallaroo,4504.0,45323.0,12534.08,27.655009597775965
405041127,493,207.34,South Australia,Yorke Peninsula - North,7623.0,40467.0,10781.68,26.64314132503027
405041128,267,209.56,South Australia,Yorke Peninsula - South,4209.0,41120.0,10897.12,26.50077821011673
406011129,367,218.7,South Australia,Ceduna,2818.0,48589.0,11372.4,23.40529749531787
406011130,448,216.92,South Australia,Eyre Peninsula,6970.0,45507.0,11279.84,24.78704375151076
406011131,265,175.06,South Australia,Kimba - Cleve - Franklin Harbour,4284.0,45131.0,9103.12,20.170437171788794
406011132,127,148.46,South Australia,Le Hunte - Elliston,2172.0,40032.0,7719.92,19.2843725019984
406011133,1929,241.53,South Australia,Port Lincoln,16842.0,47007.0,12559.56,26.718488735720207
406011134,304,127.0,South Australia,West Coast (SA),3769.0,40851.0,6604.0,16.16606692614624
406011135,17,37.5,South Australia,Western,144.0,9449.0,1950.0,20.637104455497937
406011136,3409,181.15,South Australia,Whyalla,21862.0,59511.0,9419.800000000001,15.828670329854988
406021138,319,86.53,South Australia,APY Lands,2554.0,27485.0,4499.56,16.370965981444428
406021139,192,168.9,South Australia,Coober Pedy,1622.0,47390.0,8782.800000000001,18.533023844692977
406021140,164,187.39,South Australia,Quorn - Lake Gilles,2197.0,46847.0,9744.279999999999,20.80022199927423
406021141,174,94.69,South Australia,Outback,2097.0,48570.0,4923.88,10.137698167593165
406021142,1815,205.2,South Australia,Port Augusta,14120.0,52833.0,10670.4,20.196468116518083
406021143,773,260.15,South Australia,Roxby Downs,4109.0,104213.0,13527.8,12.980914089413028
407011144,1150,280.91,South Australia,Goolwa - Port Elliot,12723.0,43510.0,14607.320000000002,33.5723282004137
407011145,406,212.95,South Australia,Kangaroo Island,4999.0,39445.0,11073.4,28.07301305615414
407011146,560,303.32,South Australia,Strathalbyn,8027.0,51027.0,15772.64,30.910380778803376
407011147,282,269.38,South Australia,Strathalbyn Surrounds,8131.0,48759.0,14007.76,28.728562931971535
407011148,1423,292.85,South Australia,Victor Harbor,16133.0,41202.0,15228.2,36.959856317654484
407011149,379,272.37,South Australia,Yankalilla,6603.0,43776.0,14163.24,32.353892543859644
407021150,217,206.16,South Australia,Grant,6297.0,49666.0,10720.32,21.58482664196835
407021151,302,221.6,South Australia,Kingston - Robe,3943.0,43259.0,11523.199999999999,26.637693890288723
407021152,518,184.14,South Australia,Millicent,5353.0,48140.0,9575.279999999999,19.89048608226007
407021154,605,229.87,South Australia,Naracoorte,6442.0,45888.0,11953.24,26.048727336122734
407021155,109,161.85,South Australia,Naracoorte Surrounds,2450.0,45297.0,8416.199999999999,18.580038413139942
407021156,243,185.05,South Australia,Penola,3171.0,47059.0,9622.6,20.447948320193802
407021157,519,198.46,South Australia,Tatiara,7070.0,47381.0,10319.92,21.78071378822735
407021158,127,189.1,South Australia,Wattle Range,3535.0,46368.0,9833.199999999999,21.20686680469289
407021173,1608,220.93,South Australia,Mount Gambier - East,15378.0,50919.0,11488.36,22.56202989061058
407021174,1790,219.2,South Australia,Mount Gambier - West,14892.0,50453.0,11398.4,22.592115434166452
407031159,516,207.34,South Australia,Barmera,6551.0,46974.0,10781.68,22.952441776301786
407031160,681,216.29,South Australia,Berri,4253.0,44167.0,11247.08,25.46489460456902
407031161,165,171.73,South Australia,Karoonda - Lameroo,2985.0,45016.0,8929.96,19.837302292518213
407031162,505,223.49,South Australia,Loxton,5698.0,48410.0,11621.48,24.00636232183433
407031163,83,181.65,South Australia,Loxton Surrounds,1781.0,46692.0,9445.800000000001,20.230017990233875
407031164,453,213.89,South Australia,Mannum,6722.0,43422.0,11122.279999999999,25.614389019391087
407031165,2386,238.8,South Australia,Murray Bridge,18855.0,46820.0,12417.6,26.52199914566425
407031166,145,218.75,South Australia,Murray Bridge Surrounds,3825.0,46077.0,11375.0,24.68693708357749
407031167,682,209.87,South Australia,Renmark,4814.0,40889.0,10913.24,26.68991660348749
407031168,272,212.39,South Australia,Renmark Surrounds,5193.0,42209.0,11044.279999999999,26.165699258451987
407031169,458,197.1,South Australia,The Coorong,5612.0,43004.0,10249.199999999999,23.833131801692865
407031170,516,201.02,South Australia,Waikerie,6786.0,44215.0,10453.04,23.641388669003735
501011001,452,312.7,Western Australia,Augusta,6768.0,45126.0,16260.4,36.03332890129858
501011003,702,423.38,Western Australia,Busselton Surrounds,12306.0,46309.0,22015.76,47.54099635060139
501011004,857,388.09,Western Australia,Margaret River,10532.0,43880.0,20180.68,45.99061075660894
501011293,930,366.36,Western Australia,Busselton - East,9631.0,49228.0,19050.72,38.69895181603965
501011294,1746,363.35,Western Australia,Busselton - West,19972.0,47697.0,18894.2,39.612973562278555
501021005,1197,359.97,Western Australia,Australind - Leschenault,19997.0,60495.0,18718.440000000002,30.94212744854947
501021007,308,324.33,Western Australia,Capel,5606.0,54975.0,16865.16,30.677871759890856
501021008,1064,280.27,Western Australia,College Grove - Carey Park,7239.0,49124.0,14574.039999999999,29.667860923377575
501021009,623,247.26,Western Australia,Collie,9086.0,57289.0,12857.52,22.443261359074167
501021010,142,269.92,Western Australia,Dardanup,3368.0,56972.0,14035.84,24.636382784525733
501021012,868,358.77,Western Australia,Eaton - Pelican Point,12789.0,59305.0,18656.04,31.457786021414723
501021014,751,276.82,Western Australia,Harvey,9628.0,57287.0,14394.64,25.127236545813187
501021015,811,305.19,Western Australia,East Bunbury - Glen Iris,7407.0,53532.0,15869.88,29.645595158036315
501021016,259,265.71,Western Australia,Waroona,4355.0,57776.0,13816.919999999998,23.914635834948765
501021251,883,365.1,Western Australia,Dalyellup,10142.0,60897.0,18985.2,31.17591999605892
501021252,51,369.04,Western Australia,Gelorup - Stratham,3128.0,60367.0,19190.08,31.789023804396443
501021253,1671,316.4,Western Australia,South Bunbury - Bunbury,13213.0,56905.0,16452.8,28.912749319040504
501021254,776,253.3,Western Australia,Withers - Usher,5307.0,48414.0,13171.6,27.20618003056967
501031017,428,259.9,Western Australia,Bridgetown - Boyup Brook,7250.0,50498.0,13514.8,26.763040120400806
501031018,315,286.18,Western Australia,Donnybrook - Balingup,6312.0,51170.0,14881.36,29.08219659957006
501031019,640,233.54,Western Australia,Manjimup,5611.0,45690.0,12144.08,26.57929525060188
501031020,301,228.06,Western Australia,Pemberton,5318.0,39928.0,11859.12,29.701262272089764
502011021,421,354.35,Western Australia,Dawesville - Bouvard,8754.0,59651.0,18426.2,30.890010226148767
502011022,809,324.38,Western Australia,Falcon - Wannanup,9958.0,57328.0,16867.76,29.423248674295284
502011023,895,290.02,Western Australia,Greenfields,10196.0,50008.0,15081.039999999999,30.157254839225722
502011024,1493,353.95,Western Australia,Halls Head - Erskine,20597.0,59844.0,18405.399999999998,30.75563130806764
502011025,2216,273.45,Western Australia,Mandurah,10617.0,48827.0,14219.4,29.122002170930017
502011026,482,324.47,Western Australia,Mandurah - East,6802.0,58767.0,16872.440000000002,28.710739020198417
502011027,1495,366.98,Western Australia,Mandurah - North,22076.0,63741.0,19082.96,29.93828148287601
502011028,1318,285.54,Western Australia,Mandurah - South,11701.0,52815.0,14848.080000000002,28.113376881567742
502011029,669,292.86,Western Australia,Pinjarra,10594.0,56039.0,15228.720000000001,27.17521725940863
503011030,171,664.72,Western Australia,City Beach,7017.0,62905.0,34565.44,54.94863683332009
503011031,1105,451.56,Western Australia,Claremont (WA),9544.0,61704.0,23481.12,38.05445352003112
503011032,593,511.53,Western Australia,Cottesloe,8019.0,70365.0,26599.559999999998,37.802259646130885
503011033,293,569.3,Western Australia,Floreat,8891.0,71777.0,29603.6,41.243852487565654
503011034,1163,307.57,Western Australia,Mosman Park - Peppermint Grove,11116.0,61451.0,15993.64,26.02665538396446
503011035,1669,434.02,Western Australia,Nedlands - Dalkeith - Crawley,19647.0,55929.0,22569.04,40.353019006240054
503011036,548,354.71,Western Australia,Swanbourne - Mount Claremont,9913.0,70438.0,18444.92,26.18603594650614
503021038,1427,433.02,Western Australia,Mount Hawthorn - Leederville,12266.0,77097.0,22517.04,29.20611696953189
503021039,2460,346.29,Western Australia,Mount Lawley - Inglewood,17514.0,67682.0,18007.08,26.605419461599837
503021040,1249,412.02,Western Australia,North Perth,10021.0,69086.0,21425.04,31.01212980922329
503021042,2861,413.53,Western Australia,Subiaco - Shenton Park,18174.0,74373.0,21503.559999999998,28.913127075686067
503021043,3099,307.41,Western Australia,Wembley - West Leederville - Glendalough,19764.0,65256.0,15985.320000000002,24.496322177271058
503021295,3283,416.72,Western Australia,East Perth,12309.0,65000.0,21669.440000000002,33.33760000000001
503021296,3061,389.87,Western Australia,Perth (North) - Highgate,11882.0,60847.0,20273.24,33.3183887455421
503021297,3582,416.7,Western Australia,Perth (West) - Northbridge,12628.0,60090.0,21668.399999999998,36.0599101347978
504011044,1662,334.41,Western Australia,Bassendean - Eden Hill - Ashfield,16500.0,64205.0,17389.32,27.084058873919474
504011045,2637,355.81,Western Australia,Bayswater - Embleton - Bedford,25412.0,67623.0,18502.12,27.360690889194505
504011046,3052,302.55,Western Australia,Maylands,13790.0,65855.0,15732.6,23.889757801229976
504011047,2338,372.09,Western Australia,Morley,23558.0,56351.0,19348.68,34.3360011357385
504011048,481,359.38,Western Australia,Noranda,8232.0,55872.0,18687.76,33.447451317296675
504021049,77,387.12,Western Australia,Chidlow,4870.0,60308.0,20130.24,33.37905418849904
504021050,136,400.4,Western Australia,Glen Forrest - Darlington,7433.0,64254.0,20820.8,32.40389703364771
504021051,321,318.83,Western Australia,Helena Valley - Koongamia,5971.0,62338.0,16579.16,26.595591773877892
504021053,409,389.81,Western Australia,Mundaring,13739.0,64045.0,20270.12,31.649808728237954
504021054,978,313.14,Western Australia,Swan View - Greenmount - Midvale,13299.0,58074.0,16283.279999999999,28.03884698832524
504031056,1080,359.73,Western Australia,Ballajura,19192.0,53581.0,18705.96,34.91155446893488
504031057,1436,353.03,Western Australia,Beechboro,22210.0,56222.0,18357.559999999998,32.65191562021984
504031058,264,358.35,Western Australia,Bullsbrook,5794.0,59750.0,18634.2,31.18694560669456
504031060,46,327.86,Western Australia,Gidgegannup,2897.0,64303.0,17048.72,26.51310203256458
504031061,312,393.6,Western Australia,Hazelmere - Guildford,5577.0,69127.0,20467.2,29.608112604336945
504031062,885,336.2,Western Australia,Lockridge - Kiara,12983.0,60014.0,17482.399999999998,29.13053620821808
504031063,5,799.5,Western Australia,Malaga,23.0,55500.0,41574.0,74.90810810810811
504031065,478,324.74,Western Australia,Middle Swan - Herne Hill,5871.0,56684.0,16886.48,29.790558182203092
504031066,2207,301.52,Western Australia,Midland - Guildford,11508.0,57851.0,15679.039999999999,27.10245285301896
504031067,451,332.87,Western Australia,Stratton - Jane Brook,7283.0,59951.0,17309.24,28.87231238845057
504031068,554,376.63,Western Australia,The Vines,12895.0,62482.0,19584.76,31.344643257258088
504031298,989,396.33,Western Australia,Aveley,16261.0,65139.0,20609.16,31.63874176760466
504031299,448,386.35,Western Australia,Brabham - Henley Brook,11597.0,62649.0,20090.2,32.06787019744928
504031300,1487,360.76,Western Australia,Ellenbrook,19778.0,59287.0,18759.52,31.641877646026956
505011070,908,384.99,Western Australia,Craigie - Beldon,10894.0,61812.0,20019.48,32.387691710347504
505011071,879,409.91,Western Australia,Currambine - Kinross,14274.0,60618.0,21315.32,35.163350819888485
505011072,626,474.88,Western Australia,Duncraig,16504.0,66926.0,24693.76,36.897110241161876
505011073,787,406.24,Western Australia,Greenwood - Warwick,14141.0,62784.0,21124.48,33.64627930682976
505011074,771,392.37,Western Australia,Heathridge - Connolly,10906.0,61368.0,20403.24,33.24736018771999
505011075,488,489.78,Western Australia,Hillarys,11536.0,63800.0,25468.559999999998,39.91937304075235
505011076,227,650.83,Western Australia,Iluka - Burns Beach,10048.0,65505.0,33843.16,51.6650026715518
505011077,1687,372.02,Western Australia,Joondalup - Edgewater,14328.0,59291.0,19345.04,32.627279013678304
505011078,554,418.29,Western Australia,Kingsley,13598.0,63342.0,21751.08,34.33911149000664
505011079,532,458.25,Western Australia,Mullaloo - Kallaroo,11844.0,63813.0,23829.0,37.341920925203326
505011080,322,532.33,Western Australia,Ocean Reef,8383.0,63315.0,27681.160000000003,43.71975045407881
505011081,504,397.93,Western Australia,Padbury,8898.0,66024.0,20692.36,31.340664000969344
505011082,345,480.75,Western Australia,Sorrento - Marmion,10494.0,63472.0,24999.0,39.38587093521553
505011083,320,481.68,Western Australia,Woodvale,9853.0,61906.0,25047.36,40.460310793784124
505021084,1686,352.41,Western Australia,Balcatta - Hamersley,16578.0,59699.0,18325.32,30.69619256603963
505021085,3068,308.26,Western Australia,Balga - Mirrabooka,21905.0,48846.0,16029.52,32.81644351635754
505021088,2637,401.89,Western Australia,Innaloo - Doubleview,19119.0,72572.0,20898.28,28.796615774678934
505021089,978,469.08,Western Australia,Karrinyup - Gwelup - Carine,23402.0,69473.0,24392.16,35.11027305571949
505021090,3590,341.19,Western Australia,Nollamara - Westminster,20585.0,55972.0,17741.88,31.697777460158655
505021091,95,423.37,Western Australia,Osborne Park Industrial,229.0,65397.0,22015.24,33.66399070293745
505021092,2876,415.84,Western Australia,Scarborough,18212.0,72103.0,21623.68,29.98998654702301
505021093,1665,321.06,Western Australia,Stirling - Osborne Park,15118.0,60453.0,16695.12,27.616693960597487
505021094,618,398.49,Western Australia,Trigg - North Beach - Watermans Bay,8223.0,65734.0,20721.48,31.523229987525482
505021095,2633,328.53,Western Australia,Tuart Hill - Joondanna,13245.0,62652.0,17083.559999999998,27.26738172763838
505021096,921,417.35,Western Australia,Wembley Downs - Churchlands - Woodlands,15531.0,67511.0,21702.2,32.14616877249634
505021097,2337,332.35,Western Australia,Yokine - Coolbinia - Menora,17649.0,62153.0,17282.2,27.805898347626023
505021301,735,323.74,Western Australia,Dianella - North,12295.0,55100.0,16834.48,30.552595281306715
505021302,1568,346.99,Western Australia,Dianella - South,13396.0,59312.0,18043.48,30.421297545184782
505031098,840,315.03,Western Australia,Alexander Heights - Koondoola,12077.0,50628.0,16381.559999999998,32.35671960180137
505031099,2425,340.57,Western Australia,Butler - Merriwa - Ridgewood,24594.0,54833.0,17709.64,32.297412142323054
505031100,1161,387.12,Western Australia,Carramar,19345.0,59860.0,20130.24,33.628867357166726
505031101,1496,367.54,Western Australia,Clarkson,14403.0,58343.0,19112.08,32.75813722297448
505031102,1087,296.49,Western Australia,Girrawheen,9222.0,48789.0,15417.48,31.600319744204636
505031104,645,350.95,Western Australia,Marangaroo,10822.0,51522.0,18249.399999999998,35.42059702651294
505031105,1263,417.14,Western Australia,Mindarie - Quinns Rocks - Jindalee,21507.0,60528.0,21691.28,35.83676975945017
505031107,784,417.43,Western Australia,Tapping - Ashby - Sinagra,14003.0,62017.0,21706.36,35.000661109050746
505031255,1230,370.04,Western Australia,Alkimos - Eglinton,14418.0,64076.0,19242.08,30.03008926899307
505031256,57,263.5,Western Australia,Carabooda - Pinjar,746.0,51458.0,13702.0,26.62754090714758
505031257,206,337.68,Western Australia,Two Rocks,3967.0,60430.0,17559.36,29.057355618070495
505031258,798,344.48,Western Australia,Yanchep,11383.0,59953.0,17912.96,29.878338031457975
505031303,777,401.27,Western Australia,Hocking - Pearsall,13552.0,62195.0,20866.04,33.54938499879412
505031304,485,457.14,Western Australia,Landsdale,15931.0,61858.0,23771.28,38.428788515632576
505031305,676,447.75,Western Australia,Madeley - Darch,14665.0,59205.0,23283.0,39.32607043324043
505031306,1105,368.81,Western Australia,Wanneroo - Sinagra,15161.0,58718.0,19178.12,32.6613985489969
506011110,2685,279.77,Western Australia,Armadale - Wungong - Brookdale,24139.0,55213.0,14548.039999999999,26.34893956133519
506011112,514,294.45,Western Australia,Camillo - Champion Lakes,5997.0,54344.0,15311.4,28.174959517150004
506011114,1058,295.93,Western Australia,Kelmscott,10963.0,54653.0,15388.36,28.15647814392623
506011115,230,341.47,Western Australia,Mount Nasura - Mount Richon - Bedfordale,8498.0,62419.0,17756.440000000002,28.447171534308467
506011116,158,356.91,Western Australia,Roleystone,7468.0,65185.0,18559.32,28.471764976605048
506011117,801,333.22,Western Australia,Seville Grove,11837.0,56339.0,17327.440000000002,30.75567546459824
506011307,722,423.35,Western Australia,Harrisdale,12079.0,67711.0,22014.2,32.511999527403226
506011308,773,422.51,Western Australia,Piara Waters - Forrestdale,16660.0,69401.0,21970.52,31.657353640437456
506021118,2252,354.73,Western Australia,Belmont - Ascot - Redcliffe,15697.0,60410.0,18445.96,30.5346134745903
506021119,2805,358.65,Western Australia,East Victoria Park - Carlisle,17906.0,63646.0,18649.8,29.302391352166673
506021123,3246,366.52,Western Australia,Victoria Park - Lathlain - Burswood,16399.0,63323.0,19059.04,30.098131800451654
506021309,1426,341.99,Western Australia,Cloverdale,9187.0,56193.0,17783.48,31.64714466214653
506021310,1032,351.18,Western Australia,Kewdale,7643.0,58510.0,18261.36,31.210664843616478
506021311,2514,351.66,Western Australia,Rivervale,11318.0,62588.0,18286.32,29.216974499904136
506031124,3500,331.85,Western Australia,Bentley - Wilson - St James,21462.0,47787.0,17256.2,36.11065771025593
506031125,418,469.08,Western Australia,Canning Vale - West,10400.0,59877.0,24392.16,40.7371110777093
506031127,3195,356.06,Western Australia,Cannington - Queens Park,21477.0,49369.0,18515.12,37.50353460673702
506031128,1179,341.17,Western Australia,Parkwood - Ferndale - Lynwood,14469.0,56449.0,17740.84,31.428085528530175
506031129,1083,409.27,Western Australia,Riverton - Shelley - Rossmoyne,14957.0,59380.0,21282.04,35.840417649040084
506031131,1178,416.55,Western Australia,Willetton,19943.0,60419.0,21660.600000000002,35.85064300964929
506041132,2259,323.64,Western Australia,Beckenham - Kenwick - Langford,21094.0,52853.0,16829.28,31.841674077157396
506041133,1372,421.14,Western Australia,Canning Vale - East,25396.0,59292.0,21899.28,36.93462861768872
506041134,2394,293.12,Western Australia,Gosnells,21995.0,52303.0,15242.24,29.142190696518366
506041135,1184,394.97,Western Australia,Huntingdale - Southern River,22727.0,59224.0,20538.440000000002,34.67925165473457
506041136,1271,300.03,Western Australia,Maddington - Orange Grove - Martin,15568.0,53259.0,15601.559999999998,29.293753168478563
506041137,1700,332.32,Western Australia,Thornlie,24586.0,55484.0,17280.64,31.14526710402999
506051138,1333,372.93,Western Australia,Forrestfield - Wattle Grove,20501.0,61940.0,19392.36,31.30829835324508
506051139,968,388.2,Western Australia,High Wycombe,12619.0,61579.0,20186.399999999998,32.78130531512366
506051140,690,384.83,Western Australia,Kalamunda - Maida Vale - Gooseberry Hill,15627.0,62856.0,20011.16,31.836515209367445
506051141,395,364.44,Western Australia,Lesmurdie - Bickley - Carmel,12057.0,60577.0,18950.88,31.28395265529822
506061142,929,391.73,Western Australia,Byford,21272.0,64569.0,20369.96,31.547584754293855
506061143,179,393.68,Western Australia,Mundijong,7395.0,60933.0,20471.36,33.59650763953851
506061144,125,324.76,Western Australia,Serpentine - Jarrahdale,4751.0,62503.0,16887.52,27.01873510071517
506071145,2532,368.06,Western Australia,Como,15077.0,67357.0,19139.12,28.4144483869531
506071146,938,341.33,Western Australia,Manning - Waterford,12049.0,59215.0,17749.16,29.97409440175631
506071147,2672,385.51,Western Australia,South Perth - Kensington,17876.0,66934.0,20046.52,29.94968177607793
507011148,1422,418.76,Western Australia,Banjup,22562.0,65817.0,21775.52,33.08494765789994
507011152,462,410.0,Western Australia,Coogee,10123.0,64384.0,21320.0,33.113817097415506
507011153,1045,308.99,Western Australia,Coolbellup,8788.0,59923.0,16067.48,26.813544048195183
507011154,1664,323.31,Western Australia,Hamilton Hill,11731.0,56947.0,16812.12,29.522398019210844
507011158,355,475.96,Western Australia,North Coogee,3857.0,81399.0,24749.92,30.40568065946756
507011159,1221,371.56,Western Australia,South Lake - Cockburn Central,12153.0,59325.0,19321.12,32.56825958702065
507011160,1275,350.5,Western Australia,Spearwood,11631.0,59511.0,18226.0,30.62627077347045
507011161,1587,406.0,Western Australia,Success - Hammond Park,18130.0,66551.0,21112.0,31.723039473486498
507011163,538,354.28,Western Australia,Yangebup,7887.0,60414.0,18422.559999999998,30.493859039295522
507011259,797,393.24,Western Australia,Beeliar - Wattleup,10467.0,64133.0,20448.48,31.884490044127045
507011260,99,444.36,Western Australia,Jandakot,2523.0,62905.0,23106.72,36.7327239488117
507021164,639,422.83,Western Australia,East Fremantle,8064.0,66898.0,21987.16,32.86669257675865
507021165,2479,387.56,Western Australia,Fremantle,17365.0,63493.0,20153.12,31.74069582473658
507021166,1483,361.38,Western Australia,Fremantle - South,15912.0,63103.0,18791.76,29.779503351663152
507021167,8,469.8,Western Australia,O'Connor (WA),7.0,59225.0,24429.600000000002,41.248796960742936
507031169,1576,360.53,Western Australia,Wellard (West) - Bertram,18673.0,62275.0,18747.559999999998,30.104472099558404
507031170,873,276.59,Western Australia,Calista,7697.0,54992.0,14382.679999999998,26.15413151003782
507031173,3,312.0,Western Australia,Kwinana Industrial,25.0,68508.0,16224.0,23.681905762830617
507031174,1262,271.52,Western Australia,Parmelia - Orelia,11715.0,54660.0,14119.039999999999,25.8306622758873
507031261,451,404.72,Western Australia,Casuarina - Wandi,9470.0,66764.0,21045.440000000002,31.52213767898868
507041175,1008,473.59,Western Australia,Applecross - Ardross,12063.0,64944.0,24626.68,37.91986942596699
507041176,258,416.8,Western Australia,Bateman,3949.0,63386.0,21673.600000000002,34.19303947243871
507041177,1442,369.8,Western Australia,Bicton - Palmyra,15257.0,66449.0,19229.600000000002,28.938885461030267
507041178,1326,418.23,Western Australia,Booragoon,15993.0,64282.0,21747.96,33.832114744407455
507041179,488,427.48,Western Australia,Bull Creek,8280.0,60751.0,22228.96,36.59027834932758
507041180,444,443.75,Western Australia,Leeming,11211.0,63907.0,23075.0,36.107155710642026
507041181,1027,428.66,Western Australia,Melville,18036.0,66841.0,22290.32,33.34827426280277
507041182,865,410.23,Western Australia,Murdoch - Kardinya,12894.0,56143.0,21331.96,37.995760825036065
507041183,700,282.48,Western Australia,Willagee,5624.0,60488.0,14688.960000000001,24.284089406163208
507041184,190,554.95,Western Australia,Winthrop,6193.0,60694.0,28857.4,47.54572115859887
507051186,797,295.92,Western Australia,Cooloongup,8815.0,54467.0,15387.84,28.251675326344394
507051187,969,366.26,Western Australia,Port Kennedy,13938.0,60138.0,19045.52,31.669693039342846
507051188,2505,296.7,Western Australia,Rockingham,17004.0,59864.0,15428.4,25.772417479620476
507051190,1165,294.87,Western Australia,Safety Bay - Shoalwater,12415.0,60488.0,15333.24,25.34922629281841
507051191,1456,379.1,Western Australia,Singleton - Golden Bay - Secret Harbour,23054.0,65023.0,19713.2,30.317272349783924
507051192,1003,324.76,Western Australia,Waikiki,12969.0,59442.0,16887.52,28.410080414521723
507051193,988,318.04,Western Australia,Warnbro,11118.0,57165.0,16538.08,28.9304294585848
507051312,892,363.64,Western Australia,Baldivis - North,12073.0,65654.0,18909.28,28.801413470618698
507051313,1779,384.71,Western Australia,Baldivis - South,27027.0,66158.0,20004.92,30.23809667765047
507051314,120,385.84,Western Australia,Karnup,2168.0,62958.0,20063.68,31.8683566822326
509011225,1949,307.44,Western Australia,Albany,15358.0,48500.0,15986.88,32.96263917525773
509011226,165,242.74,Western Australia,Albany Surrounds,3815.0,47811.0,12622.48,26.400786429901068
509011227,336,346.69,Western Australia,Bayonet Head - Lower King,5358.0,50198.0,18027.88,35.91354237220607
509011228,475,299.06,Western Australia,Denmark,6468.0,39846.0,15551.12,39.02805802339005
509011229,192,176.54,Western Australia,Gnowangerup,2958.0,39797.0,9180.08,23.067266376862577
509011230,429,204.34,Western Australia,Katanning,4696.0,48458.0,10625.68,21.92760741260473
509011231,304,188.35,Western Australia,Kojonup,4186.0,42231.0,9794.199999999999,23.19196798560299
509011232,182,267.32,Western Australia,Little Grove - Elleker,3790.0,49037.0,13900.64,28.347247996410875
509011233,1002,295.76,Western Australia,McKail - Willyung,11784.0,48984.0,15379.52,31.39702760084926
509011234,363,221.8,Western Australia,Plantagenet,5534.0,47048.0,11533.6,24.51453834381908
509021236,156,313.12,Western Australia,Chittering,6099.0,62758.0,16282.24,25.944485165237896
509021237,260,179.24,Western Australia,Cunderdin,3900.0,45183.0,9320.48,20.62828940088086
509021238,310,175.04,Western Australia,Dowerin,3909.0,47997.0,9102.08,18.96385190741088
509021239,529,291.53,Western Australia,Gingin - Dandaragan,9224.0,47974.0,15159.559999999998,31.599533080418556
509021240,429,202.69,Western Australia,Merredin,5057.0,47995.0,10539.88,21.96037087196583
509021241,335,216.67,Western Australia,Moora,4650.0,49976.0,11266.84,22.544501360653115
509021242,225,151.27,Western Australia,Mukinbudin,3090.0,52000.0,7866.040000000001,15.127000000000002
509021243,893,256.5,Western Australia,Northam,11804.0,56049.0,13338.0,23.797034737461864
509021244,179,295.02,Western Australia,Toodyay,4709.0,59491.0,15341.039999999999,25.78716108318905
509021245,291,247.58,Western Australia,York - Beverley,5288.0,50385.0,12874.16,25.551572888756574
509031246,244,202.88,Western Australia,Brookton,3612.0,43991.0,10549.76,23.98163260666955
509031247,253,168.62,Western Australia,Kulin,4370.0,42419.0,8768.24,20.670548574931043
509031248,191,290.68,Western Australia,Murray,2447.0,68247.0,15115.36,22.1480211584392
509031249,496,239.96,Western Australia,Narrogin,4520.0,49448.0,12477.92,25.234428086070217
509031250,291,189.27,Western Australia,Wagin,4991.0,44806.0,9842.04,21.965897424452084
510011262,2085,333.02,Western Australia,Broome,15658.0,60406.0,17317.04,28.66774823693011
510011263,1240,103.41,Western Australia,Derby - West Kimberley,8374.0,44707.0,5377.32,12.027915091596393
510011264,612,94.27,Western Australia,Halls Creek,4072.0,23000.0,4902.04,21.31321739130435
510011265,1173,228.98,Western Australia,Kununurra,8050.0,56222.0,11906.96,21.17847106115044
510011266,338,109.28,Western Australia,Roebuck,2552.0,45525.0,5682.56,12.482284459088413
510021267,226,63.49,Western Australia,East Pilbara,6318.0,63677.0,3301.48,5.18472918008072
510021268,893,134.25,Western Australia,Newman,4473.0,83116.0,6981.0,8.399104865489196
510021269,762,203.43,Western Australia,Port Hedland,4449.0,101200.0,10578.36,10.45292490118577
510021270,2056,228.73,Western Australia,South Hedland,11804.0,82665.0,11893.96,14.388144922276657
510031271,1087,52.26,Western Australia,Ashburton (WA),7781.0,105719.0,2717.52,2.570512396068824
510031272,2612,318.54,Western Australia,Karratha,17888.0,83571.0,16564.08,19.820368309581077
510031273,732,155.56,Western Australia,Roebourne,5524.0,80853.0,8089.12,10.0047246236998
511011274,1257,270.3,Western Australia,Esperance,12457.0,50921.0,14055.6,27.602757212152156
511011275,224,229.9,Western Australia,Esperance Surrounds,4100.0,50338.0,11954.800000000001,23.749056378878784
511021276,640,216.48,Western Australia,Carnarvon,5133.0,49158.0,11256.96,22.899548394971315
511021277,564,259.62,Western Australia,Exmouth,4838.0,49965.0,13500.24,27.019393575502853
511031278,745,301.76,Western Australia,Boulder,7503.0,65412.0,15691.52,23.9887482419128
511031279,1664,308.32,Western Australia,Kalgoorlie,13824.0,72002.0,16032.64,22.266937029526957
511031280,1124,340.5,Western Australia,Kalgoorlie - North,9094.0,82075.0,17706.0,21.572951568687177
511031282,443,198.06,Western Australia,Kambalda - Coolgardie - Norseman,4586.0,66112.0,10299.12,15.578291384317522
511031283,477,66.45,Western Australia,Leinster - Leonora,5193.0,62860.0,3455.4,5.496977410117722
511041285,1797,227.26,Western Australia,Geraldton,12421.0,50634.0,11817.52,23.3391002093455
511041286,502,224.0,Western Australia,Geraldton - East,8203.0,52224.0,11648.0,22.30392156862745
511041287,689,312.38,Western Australia,Geraldton - North,8899.0,59686.0,16243.76,27.215360386020173
511041288,1006,313.21,Western Australia,Geraldton - South,10741.0,61110.0,16286.919999999998,26.65180821469481
511041289,332,255.01,Western Australia,Irwin,3769.0,48509.0,13260.52,27.336205652559322
511041290,229,131.65,Western Australia,Meekatharra,3373.0,41252.0,6845.8,16.595074178221665
511041291,232,182.98,Western Australia,Morawa,3994.0,51181.0,9514.96,18.590805181610364
511041292,310,229.98,Western Australia,Northampton - Mullewa - Greenough,5863.0,44466.0,11958.96,26.89461611118607
601011001,1550,246.84,Tasmania,Bridgewater - Gagebrook,8302.0,41716.0,12835.68,30.769201265701412
601011002,433,360.78,Tasmania,Brighton - Pontville,6527.0,55005.0,18760.559999999998,34.10700845377693
601011003,194,417.74,Tasmania,Old Beach - Otago,5033.0,60179.0,21722.48,36.09644560394822
601021004,749,365.71,Tasmania,Bellerive - Rosny,6578.0,56605.0,19016.92,33.595830757000265
601021005,219,428.38,Tasmania,Cambridge,8683.0,61802.0,22275.76,36.04375262936475
601021006,239,387.34,Tasmania,Geilston Bay - Risdon,3480.0,61036.0,20141.68,32.99967232452979
601021007,754,416.0,Tasmania,Howrah - Tranmere,11828.0,61030.0,21632.0,35.44486318204162
601021008,663,410.09,Tasmania,Lindisfarne - Rose Bay,7902.0,56633.0,21324.68,37.65415923578126
601021009,788,313.16,Tasmania,Mornington - Warrane,5233.0,48840.0,16284.320000000002,33.342178542178544
601021010,345,318.25,Tasmania,Risdon Vale,3558.0,47690.0,16549.0,34.701195219123505
601021011,1166,323.88,Tasmania,Rokeby,8014.0,50540.0,16841.76,33.32362485160269
601021012,145,391.74,Tasmania,South Arm,4658.0,59292.0,20370.48,34.35620319773325
601031013,218,363.2,Tasmania,Austins Ferry - Granton,4350.0,55952.0,18886.399999999998,33.754646840148695
601031014,644,313.04,Tasmania,Berriedale - Chigwell,5820.0,51825.0,16278.080000000002,31.40970574047275
601031015,1158,327.34,Tasmania,Claremont (Tas.),8512.0,51277.0,17021.68,33.195545761257485
601031016,697,332.32,Tasmania,Derwent Park - Lutana,4774.0,48401.0,17280.64,35.70306398628127
601031017,2081,321.09,Tasmania,Glenorchy,12527.0,46512.0,16696.68,35.89757481940145
601031018,561,354.15,Tasmania,Montrose - Rosetta,5199.0,52372.0,18415.8,35.163446116245325
601031019,860,332.99,Tasmania,Moonah,5821.0,47850.0,17315.48,36.187001044932074
601031020,740,283.95,Tasmania,New Norfolk,7377.0,50440.0,14765.4,29.27319587628866
601031021,663,344.49,Tasmania,West Moonah,4465.0,48953.0,17913.48,36.59322207014892
601041022,1413,382.01,Tasmania,Kingston - Huntingfield,13758.0,52940.0,19864.52,37.52270494899887
601041023,836,410.65,Tasmania,Kingston Beach - Blackmans Bay,11229.0,58003.0,21353.8,36.814992327983035
601041024,409,384.22,Tasmania,Margate - Snug,8603.0,55849.0,19979.440000000002,35.77403355476374
601041026,179,426.61,Tasmania,Taroona - Bonnet Hill,3672.0,58650.0,22183.72,37.82390451832907
601051027,1848,416.58,Tasmania,Hobart,9210.0,47141.0,21662.16,45.951846587895886
601051028,904,380.49,Tasmania,Lenah Valley - Mount Stuart,9161.0,59757.0,19785.48,33.10989507505397
601051029,485,370.21,Tasmania,Mount Nelson - Dynnyrne,5122.0,49501.0,19250.92,38.889961818953154
601051030,1012,343.94,Tasmania,New Town,6698.0,54500.0,17884.88,32.816293577981654
601051031,1548,423.31,Tasmania,Sandy Bay,12560.0,45763.0,22012.12,48.10025566505692
601051032,706,390.01,Tasmania,South Hobart - Fern Tree,6817.0,56723.0,20280.52,35.753609646880456
601051033,872,405.91,Tasmania,West Hobart,6473.0,58213.0,21107.32,36.25877381340937
601061034,433,331.67,Tasmania,Dodges Ferry - Lewisham,8642.0,51291.0,17246.84,33.62547035542298
601061035,830,366.5,Tasmania,Sorell - Richmond,10131.0,53448.0,19058.0,35.65708726238587
602011036,656,285.34,Tasmania,Invermay,3595.0,43634.0,14837.679999999998,34.00485859650731
602011037,661,305.1,Tasmania,Kings Meadows - Punchbowl,5052.0,51568.0,15865.2,30.765591064225877
602011038,967,320.98,Tasmania,Launceston,5565.0,50359.0,16690.96,33.14394646438571
602011039,270,351.92,Tasmania,Legana,4867.0,55238.0,18299.84,33.12907780875484
602011040,717,288.36,Tasmania,Mowbray,4169.0,38666.0,14994.720000000001,38.780116898567215
602011041,1451,249.44,Tasmania,Newnham - Mayfield,9958.0,42921.0,12970.88,30.22035833275087
602011042,586,310.05,Tasmania,Newstead,5565.0,52679.0,16122.6,30.605364566525562
602011043,262,321.49,Tasmania,Norwood (Tas.),4110.0,54194.0,16717.48,30.847473890098538
602011044,632,299.39,Tasmania,Prospect Vale - Blackstone,6922.0,55519.0,15568.279999999999,28.041355211729318
602011045,736,226.33,Tasmania,Ravenswood,3900.0,40034.0,11769.16,29.397911774991258
602011046,683,306.75,Tasmania,Riverside,7473.0,53000.0,15951.0,30.09622641509434
602011047,862,302.25,Tasmania,South Launceston,4970.0,52586.0,15717.0,29.888183166622294
602011048,566,295.35,Tasmania,Summerhill - Prospect,5071.0,54120.0,15358.2,28.37804878048781
602011049,492,317.12,Tasmania,Trevallyn,4941.0,55628.0,16490.24,29.64377651542389
602011050,423,243.44,Tasmania,Waverley - St Leonards,4020.0,50116.0,12658.88,25.259158751696063
602011051,534,300.46,Tasmania,West Launceston,4302.0,55092.0,15623.919999999998,28.35968924707761
602011052,344,293.5,Tasmania,Youngtown - Relbia,5031.0,54050.0,15262.0,28.2368177613321
602021053,259,251.3,Tasmania,Beauty Point - Beaconsfield,4118.0,45479.0,13067.6,28.733261505310143
602021054,473,241.7,Tasmania,Deloraine,6244.0,42694.0,12568.4,29.43832857075936
602021055,236,296.63,Tasmania,Grindelwald - Lanena,6267.0,50619.0,15424.76,30.472273257077383
602021056,229,266.04,Tasmania,Hadspen - Carrick,3681.0,54913.0,13834.080000000002,25.192723034618396
602021057,299,252.56,Tasmania,Westbury,4435.0,48024.0,13133.12,27.346993170081628
602031058,113,260.22,Tasmania,Dilston - Lilydale,4443.0,55689.0,13531.440000000002,24.298227657167487
602031059,753,220.38,Tasmania,George Town,7292.0,45785.0,11459.76,25.02950748061592
602031060,423,268.26,Tasmania,Longford,4512.0,49857.0,13949.52,27.97906011192009
602031061,294,211.0,Tasmania,Northern Midlands,3782.0,44533.0,10972.0,24.63790896638448
602031062,324,285.67,Tasmania,Perth - Evandale,5595.0,53977.0,14854.84,27.5206847360913
602031064,557,238.59,Tasmania,St Helens - Scamander,6919.0,36367.0,12406.68,34.115214342673305
602031099,96,141.02,Tasmania,Flinders and Cape Barren Islands,938.0,46261.0,7333.040000000001,15.851451546659176
602031100,504,220.57,Tasmania,Scottsdale - Bridport,6989.0,41882.0,11469.64,27.385607182082992
603011065,139,204.67,Tasmania,Central Highlands,2487.0,45629.0,10642.84,23.32472769510618
603011066,107,241.96,Tasmania,Derwent Valley,3407.0,51871.0,12581.92,24.256173970041065
603011067,292,252.11,Tasmania,Southern Midlands,6846.0,50341.0,13109.720000000001,26.04183468743172
603021069,140,326.23,Tasmania,Bruny Island - Kettering,3518.0,46402.0,16963.96,36.55868281539589
603021070,272,291.44,Tasmania,Cygnet,4912.0,42661.0,15154.88,35.52396802700358
603021071,211,276.63,Tasmania,Geeveston - Dover,4140.0,47785.0,14384.76,30.103086742701684
603021072,556,298.37,Tasmania,Huonville - Franklin,9742.0,50399.0,15515.24,30.784817159070617
603031073,162,240.68,Tasmania,Forestier - Tasman,2643.0,40096.0,12515.36,31.213487629688746
603031074,399,245.25,Tasmania,Triabunna - Bicheno,5088.0,42385.0,12753.0,30.08847469623688
604011075,551,234.83,Tasmania,Acton - Upper Burnie,3350.0,47590.0,12211.16,25.659088043706664
604011076,214,223.31,Tasmania,Burnie - Ulverstone Surrounds,5300.0,52026.0,11612.12,22.31984007996002
604011077,625,238.26,Tasmania,Burnie - Wivenhoe,3869.0,48774.0,12389.52,25.40189445196211
604011078,874,240.28,Tasmania,Parklands - Camdale,6965.0,53784.0,12494.56,23.23099806633943
604011079,392,255.95,Tasmania,Penguin - Sulphur Creek,5527.0,52105.0,13309.4,25.543421936474424
604011080,363,259.96,Tasmania,Romaine - Havenview,3616.0,54388.0,13517.919999999998,24.85460027947341
604011081,445,239.11,Tasmania,Somerset,4157.0,52543.0,12433.720000000001,23.6638943341644
604011082,751,244.74,Tasmania,Ulverstone,7260.0,49224.0,12726.48,25.85421745490005
604011083,426,246.82,Tasmania,West Ulverstone,4603.0,48291.0,12834.64,26.577705990764322
604011084,723,221.42,Tasmania,Wynyard,6542.0,52679.0,11513.84,21.856603200516336
604021085,2111,250.56,Tasmania,Devonport,14965.0,47246.0,13029.12,27.577191719933964
604021086,750,236.49,Tasmania,East Devonport,5189.0,40086.0,12297.48,30.677742852866334
604021087,547,253.1,Tasmania,Latrobe,5498.0,49898.0,13161.199999999999,26.376207463224976
604021088,246,295.31,Tasmania,Miandetta - Don,3743.0,52526.0,15356.12,29.235273959562885
604021089,459,284.19,Tasmania,Port Sorell,6622.0,52803.0,14777.88,27.98681893074257
604021090,158,277.64,Tasmania,Quoiba - Spreyton,3186.0,55786.0,14437.279999999999,25.87975477718424
604021091,294,223.37,Tasmania,Sheffield - Railton,6789.0,47458.0,11615.24,24.474777698175227
604021092,181,256.85,Tasmania,Turners Beach - Forth,3552.0,53440.0,13356.2,24.992889221556887
604031093,152,186.22,Tasmania,King Island,1652.0,49060.0,9683.44,19.737953526294337
604031094,229,213.5,Tasmania,North West,4286.0,47136.0,11102.0,23.553122878479293
604031095,390,226.61,Tasmania,Smithton,4039.0,45739.0,11783.720000000001,25.762959400074337
604031096,182,258.41,Tasmania,Waratah,3930.0,51062.0,13437.320000000002,26.315694645724808
604031097,443,168.9,Tasmania,West Coast (Tas.),4366.0,51309.0,8782.800000000001,17.117464772262178
701011002,2159,454.06,Northern Territory,Darwin City,7578.0,61985.0,23611.12,38.091667338872305
701011004,697,390.6,Northern Territory,Fannie Bay - The Gardens,3794.0,73811.0,20311.2,27.517849643007143
701011005,908,410.56,Northern Territory,Larrakeyah,4149.0,70065.0,21349.12,30.47044886890744
701011006,406,263.66,Northern Territory,Ludmilla - The Narrows,2702.0,65451.0,13710.320000000002,20.94745687613635
701011007,660,415.8,Northern Territory,Parap,2951.0,73733.0,21621.600000000002,29.324183201551545
701011008,865,405.6,Northern Territory,Stuart Park,4315.0,68691.0,21091.2,30.70445909944534
701011009,517,494.42,Northern Territory,Woolner - Bayview - Winnellie,2998.0,59932.0,25709.84,42.89835146499366
701021010,232,343.42,Northern Territory,Alawa,2157.0,60045.0,17857.84,29.740761095844782
701021011,182,408.67,Northern Territory,Anula,2486.0,68294.0,21250.84,31.116701320760242
701021012,139,356.19,Northern Territory,Berrimah,1810.0,65200.0,18521.88,28.40779141104295
701021013,367,403.04,Northern Territory,Brinkin - Nakara,3586.0,55287.0,20958.08,37.907790258107696
701021016,678,316.69,Northern Territory,Coconut Grove,3047.0,62079.0,16467.88,26.527295864946282
701021018,145,401.91,Northern Territory,Jingili,1917.0,65864.0,20899.32,31.731021498846108
701021019,551,298.08,Northern Territory,Karama,5145.0,59223.0,15500.16,26.172534319436707
701021020,485,409.85,Northern Territory,Leanyer,4885.0,70551.0,21312.2,30.208218168417172
701021021,810,293.34,Northern Territory,Lyons (NT),6326.0,80544.0,15253.679999999998,18.93831942789034
701021022,525,346.99,Northern Territory,Malak - Marrara,4648.0,62176.0,18043.48,29.020007720020587
701021023,431,348.06,Northern Territory,Millner,2705.0,58825.0,18099.12,30.767734806629832
701021024,204,337.11,Northern Territory,Moil,2078.0,61356.0,17529.72,28.57050655192646
701021025,792,351.06,Northern Territory,Nightcliff,4089.0,70435.0,18255.12,25.917682970114285
701021026,699,370.67,Northern Territory,Rapid Creek,3430.0,68929.0,19274.84,27.963324580365306
701021027,279,369.66,Northern Territory,Tiwi,2641.0,70756.0,19222.32,27.167052970772797
701021028,252,340.42,Northern Territory,Wagaman,2110.0,56004.0,17701.84,31.608170844939647
701021029,167,399.5,Northern Territory,Wanguri,1915.0,66178.0,20774.0,31.391096739097584
701021030,201,434.49,Northern Territory,Wulagi,2629.0,70535.0,22593.48,32.03158715531296
701031031,184,345.92,Northern Territory,Howard Springs,5594.0,71334.0,17987.84,25.216362463902207
701031032,354,436.23,Northern Territory,Humpty Doo,8894.0,69335.0,22683.96,32.71646354654936
701031034,290,396.2,Northern Territory,Virginia,3362.0,66973.0,20602.399999999998,30.762247472862196
701031035,190,346.61,Northern Territory,Weddell,4565.0,64618.0,18023.72,27.89272338976756
701041036,488,390.42,Northern Territory,Bakewell,3256.0,66889.0,20301.84,30.351537622030527
701041037,424,365.59,Northern Territory,Driver,2889.0,61940.0,19010.68,30.692089118501777
701041038,561,498.12,Northern Territory,Durack - Marlow Lagoon,4767.0,76480.0,25902.24,33.867991631799164
701041039,507,303.92,Northern Territory,Gray,3347.0,59521.0,15803.84,26.55170444044959
701041040,395,287.53,Northern Territory,Moulden,3264.0,58977.0,14951.559999999998,25.351509910643127
701041041,598,465.86,Northern Territory,Palmerston - North,4737.0,71864.0,24224.72,33.70911722141823
701041042,768,450.68,Northern Territory,Palmerston - South,6809.0,75243.0,23435.36,31.146232872160866
701041043,1053,415.7,Northern Territory,Rosebery - Bellamack,6967.0,71209.0,21616.399999999998,30.35627518993385
701041044,416,367.38,Northern Territory,Woodroffe,3369.0,65191.0,19103.76,29.304290469543336
702011045,556,359.38,Northern Territory,Charles,4658.0,42998.0,18687.76,43.461928461788915
702011046,791,371.66,Northern Territory,East Side,5975.0,67767.0,19326.32,28.518777576106363
702011047,587,402.35,Northern Territory,Flynn (NT),5037.0,63696.0,20922.2,32.84696056267269
702011048,641,407.18,Northern Territory,Larapinta,5475.0,71885.0,21173.36,29.454489810113376
702011049,656,396.66,Northern Territory,Mount Johns,4364.0,71001.0,20626.32,29.050745764144164
702011050,466,121.78,Northern Territory,Petermann - Simpson,2190.0,45330.0,6332.56,13.969909552172954
702011051,292,284.79,Northern Territory,Ross,2974.0,67265.0,14809.080000000002,22.016026165167624
702011052,402,62.91,Northern Territory,Sandover - Plenty,4497.0,21127.0,3271.3199999999997,15.48407251384484
702011053,339,88.07,Northern Territory,Tanami,3269.0,19309.0,4579.639999999999,23.717644621679007
702011054,257,84.2,Northern Territory,Yuendumu - Anmatjere,2119.0,22572.0,4378.400000000001,19.397483608009928
702021055,224,66.94,Northern Territory,Barkly,2514.0,30952.0,3480.88,11.246058413026622
702021056,443,178.93,Northern Territory,Tennant Creek,3492.0,60709.0,9304.36,15.32616251297172
702031057,363,111.46,Northern Territory,Alligator,4669.0,51835.0,5795.92,11.181479695186649
702031058,190,77.91,Northern Territory,Daly,2152.0,37272.0,4051.3199999999997,10.869607211848036
702031059,271,53.9,Northern Territory,Thamarrurr,2446.0,33081.0,2802.7999999999997,8.472537105891599
702031060,448,83.12,Northern Territory,Tiwi Islands,2735.0,26408.0,4322.24,16.367161466222356
702031061,595,86.09,Northern Territory,West Arnhem,5998.0,13903.0,4476.68,32.199381428468676
702041062,417,83.12,Northern Territory,Anindilyakwa,2882.0,68820.0,4322.24,6.280499854693403
702041063,735,93.56,Northern Territory,East Arnhem,8061.0,17763.0,4865.12,27.38906716207848
702041064,387,125.22,Northern Territory,Nhulunbuy,3564.0,72127.0,6511.44,9.0277427315707
702051065,244,83.37,Northern Territory,Elsey,2604.0,33399.0,4335.24,12.980149106260667
702051066,482,73.4,Northern Territory,Gulf,4810.0,20712.0,3816.8,18.42796446504442
702051067,1385,292.38,Northern Territory,Katherine,10700.0,57487.0,15203.76,26.447301128950894
702051068,305,78.04,Northern Territory,Victoria River,2995.0,18399.0,4058.0800000000004,22.055981303331702
801011001,120,526.15,Australian Capital Territory,Aranda,2583.0,84666.0,27359.8,32.31497885810125
801011002,2506,432.34,Australian Capital Territory,Belconnen,8545.0,58754.0,22481.68,38.2640841474623
801011003,1295,439.65,Australian Capital Territory,Bruce,7543.0,62529.0,22861.8,36.56191527131411
801011004,340,366.33,Australian Capital Territory,Charnwood,3042.0,65010.0,19049.16,29.30189201661283
801011005,291,442.45,Australian Capital Territory,Cook,2938.0,79192.0,23007.399999999998,29.052682089099907
801011006,416,473.4,Australian Capital Territory,Dunlop,7246.0,73945.0,24616.8,33.29068902562716
801011007,414,470.22,Australian Capital Territory,Evatt,5494.0,70669.0,24451.440000000002,34.59995188838105
801011008,608,393.82,Australian Capital Territory,Florey,4766.0,67680.0,20478.64,30.258037825059102
801011009,182,479.12,Australian Capital Territory,Flynn (ACT),3640.0,73295.0,24914.24,33.9917320417491
801011010,70,454.95,Australian Capital Territory,Fraser,2114.0,75414.0,23657.399999999998,31.370037393587396
801011011,225,475.11,Australian Capital Territory,Giralang,3352.0,73125.0,24705.72,33.7856
801011013,255,385.19,Australian Capital Territory,Hawker,2994.0,71172.0,20029.88,28.14292137357388
801011014,269,403.71,Australian Capital Territory,Higgins,3298.0,71092.0,20992.92,29.529229730490066
801011015,601,386.49,Australian Capital Territory,Holt,5599.0,70165.0,20097.48,28.643169671488632
801011016,619,462.8,Australian Capital Territory,Kaleen,7638.0,67284.0,24065.600000000002,35.76719576719577
801011017,292,389.31,Australian Capital Territory,Latham,3742.0,70404.0,20244.12,28.75421851031191
801011018,424,545.37,Australian Capital Territory,Lawson,2741.0,66972.0,28359.24,42.34492026518545
801011019,498,469.13,Australian Capital Territory,Macgregor (ACT),7022.0,72874.0,24394.76,33.475258665642066
801011020,436,398.09,Australian Capital Territory,Macquarie,3086.0,67830.0,20700.68,30.51847265221878
801011021,179,422.19,Australian Capital Territory,McKellar,2713.0,71392.0,21953.88,30.751176602420436
801011022,235,381.32,Australian Capital Territory,Melba,3364.0,72000.0,19828.64,27.53977777777778
801011023,372,441.38,Australian Capital Territory,Page,3024.0,65365.0,22951.76,35.113225732425605
801011024,352,393.88,Australian Capital Territory,Scullin,3050.0,66636.0,20481.76,30.736778918302416
801011025,168,362.91,Australian Capital Territory,Spence,2561.0,72442.0,18871.32,26.050247094227107
801011026,130,469.8,Australian Capital Territory,Weetangera,2777.0,75422.0,24429.600000000002,32.39054917663282
801011143,8,429.2,Australian Capital Territory,Strathnairn,709.0,71809.0,22318.399999999998,31.08022671252907
801031113,129,266.79,Australian Capital Territory,Canberra East,1088.0,50695.0,13873.080000000002,27.365775717526386
801031114,34,401.33,Australian Capital Territory,Canberra Airport,128.0,75471.0,20869.16,27.651892780008215
801031115,7,267.88,Australian Capital Territory,Majura,295.0,54893.0,13929.76,25.37620461625344
801041034,536,463.93,Australian Capital Territory,Amaroo,6108.0,74082.0,24124.36,32.56440160902783
801041035,664,519.57,Australian Capital Territory,Bonner,7351.0,70494.0,27017.640000000003,38.32615541748234
801041036,623,509.55,Australian Capital Territory,Casey,6468.0,75864.0,26496.600000000002,34.926447326795326
801041037,542,458.49,Australian Capital Territory,Crace,4775.0,81363.0,23841.48,29.30260683603112
801041038,319,588.8,Australian Capital Territory,Forde,4420.0,87343.0,30617.6,35.054440539024306
801041039,1146,465.55,Australian Capital Territory,Franklin,7513.0,66038.0,24208.600000000002,36.65859050849512
801041040,1637,454.23,Australian Capital Territory,Gungahlin,8607.0,59850.0,23619.96,39.46526315789474
801041043,16,149.0,Australian Capital Territory,Hall,299.0,71618.0,7748.0,10.818509313301124
801041044,1213,447.96,Australian Capital Territory,Harrison,8273.0,70931.0,23293.92,32.840253203817795
801041046,1027,459.82,Australian Capital Territory,Ngunnawal,10985.0,70241.0,23910.64,34.04085932717359
801041047,312,510.33,Australian Capital Territory,Nicholls,6647.0,75110.0,26537.16,35.33106111037145
801041048,565,458.58,Australian Capital Territory,Palmerston,5549.0,71306.0,23846.16,33.44201049000084
801041118,76,456.0,Australian Capital Territory,Jacka,706.0,66617.0,23712.0,35.594517915847305
801041120,371,472.8,Australian Capital Territory,Moncrieff,5317.0,72404.0,24585.600000000002,33.95613502016464
801041121,148,298.12,Australian Capital Territory,Taylor,2213.0,64973.0,15502.24,23.859510873747556
801041122,157,402.59,Australian Capital Territory,Throsby,2396.0,75716.0,20934.68,27.648951344497863
801051050,597,337.37,Australian Capital Territory,Ainslie,5348.0,78588.0,17543.24,22.32305186542475
801051051,1965,502.17,Australian Capital Territory,Braddon,6425.0,80087.0,26112.84,32.605591419331475
801051053,1037,551.24,Australian Capital Territory,Civic,4900.0,70653.0,28664.48,40.57078963384428
801051054,643,490.12,Australian Capital Territory,Dickson,3285.0,71899.0,25486.24,35.44728021252034
801051055,577,423.69,Australian Capital Territory,Downer,4286.0,68199.0,22031.88,32.3052830686667
801051056,256,388.63,Australian Capital Territory,Hackett,3213.0,81736.0,20208.76,24.724429871782323
801051057,1165,423.24,Australian Capital Territory,Lyneham,5677.0,70365.0,22008.48,31.277595395438073
801051058,798,452.66,Australian Capital Territory,O'Connor (ACT),5903.0,75285.0,23538.32,31.265617320847443
801051060,1131,492.05,Australian Capital Territory,Turner,4467.0,80673.0,25586.600000000002,31.716435486470075
801051061,853,433.65,Australian Capital Territory,Watson,6707.0,77396.0,22549.8,29.135614243630158
801051124,558,529.93,Australian Capital Territory,Campbell,4570.0,84570.0,27556.359999999997,32.58408419061132
801051125,134,273.12,Australian Capital Territory,Duntroon,1985.0,55472.0,14202.24,25.602538217479086
801051127,317,415.03,Australian Capital Territory,Reid,1533.0,70064.0,21581.559999999998,30.802637588490523
801061062,225,517.1,Australian Capital Territory,Deakin,3102.0,84575.0,26889.2,31.793319538870822
801061063,206,559.43,Australian Capital Territory,Forrest,1824.0,85296.0,29090.359999999997,34.10518664415682
801061064,908,471.96,Australian Capital Territory,Griffith (ACT),5320.0,86964.0,24541.92,28.220781012832894
801061067,814,427.09,Australian Capital Territory,Narrabundah,6434.0,79972.0,22208.68,27.770569699394787
801061069,186,471.52,Australian Capital Territory,Red Hill (ACT),3128.0,80283.0,24519.04,30.54076205423315
801061070,235,497.85,Australian Capital Territory,Yarralumla,3094.0,83679.0,25888.2,30.93751120352777
801061129,435,538.22,Australian Capital Territory,Barton,1950.0,99637.0,27987.440000000002,28.089404538474668
801061130,6,349.0,Australian Capital Territory,Fyshwick,59.0,50484.0,18148.0,35.9480231360431
801061131,1593,524.33,Australian Capital Territory,Kingston (ACT),6583.0,93521.0,27265.160000000003,29.154050961816065
801071071,298,419.57,Australian Capital Territory,Banks,5086.0,71896.0,21817.64,30.346111049293423
801071072,390,441.18,Australian Capital Territory,Bonython,3821.0,72444.0,22941.36,31.66771575285738
801071073,292,449.0,Australian Capital Territory,Calwell,5698.0,72845.0,23348.0,32.05161644587823
801071074,342,397.85,Australian Capital Territory,Chisholm,5236.0,69987.0,20688.2,29.560061154214356
801071075,296,391.37,Australian Capital Territory,Conder,5079.0,73080.0,20351.24,27.847892720306515
801071076,67,611.38,Australian Capital Territory,Fadden,2975.0,84045.0,31791.76,37.82706883217324
801071077,212,420.4,Australian Capital Territory,Gilmore,2685.0,71435.0,21860.8,30.60236578707916
801071078,541,418.06,Australian Capital Territory,Gordon (ACT),7873.0,72329.0,21739.12,30.05588353219317
801071079,157,433.25,Australian Capital Territory,Gowrie (ACT),3117.0,74979.0,22529.0,30.047079849024392
801071080,782,452.92,Australian Capital Territory,Greenway,4102.0,71920.0,23551.84,32.74727474972191
801071081,302,451.77,Australian Capital Territory,Isabella Plains,4309.0,69497.0,23492.04,33.802955523259996
801071082,1171,390.18,Australian Capital Territory,Kambah,15674.0,71138.0,20289.36,28.521127948494478
801071083,41,503.62,Australian Capital Territory,Macarthur,1398.0,78950.0,26188.24,33.17066497783407
801071084,373,456.46,Australian Capital Territory,Monash,5586.0,73530.0,23735.92,32.28059295525635
801071086,145,389.35,Australian Capital Territory,Oxley (ACT),1690.0,72081.0,20246.2,28.088123083753004
801071087,267,382.03,Australian Capital Territory,Richardson,3040.0,66720.0,19865.559999999998,29.774520383693044
801071088,222,427.0,Australian Capital Territory,Theodore,3774.0,70820.0,22204.0,31.35272521886473
801071090,578,399.5,Australian Capital Territory,Wanniassa,7861.0,73480.0,20774.0,28.27163854109962
801081091,116,383.0,Australian Capital Territory,Chapman,2845.0,85756.0,19916.0,23.224030971593823
801081092,204,445.19,Australian Capital Territory,Duffy,3377.0,79313.0,23149.88,29.188001966890674
801081093,222,418.54,Australian Capital Territory,Fisher,3209.0,79631.0,21764.08,27.331164998555842
801081094,196,472.19,Australian Capital Territory,Holder,2799.0,81094.0,24553.88,30.2782943251042
801081095,301,338.12,Australian Capital Territory,Rivett,3329.0,76526.0,17582.24,22.975511590831875
801081096,175,464.33,Australian Capital Territory,Stirling,2174.0,73192.0,24145.16,32.988796589791235
801081097,294,383.0,Australian Capital Territory,Waramanga,2772.0,79861.0,19916.0,24.938330348981356
801081098,324,431.11,Australian Capital Territory,Weston,3982.0,81096.0,22417.72,27.643434941304136
801091099,334,447.59,Australian Capital Territory,Chifley,2663.0,72961.0,23274.68,31.900165842025192
801091100,452,443.95,Australian Capital Territory,Curtin,5538.0,81805.0,23085.399999999998,28.220035450155855
801091101,197,434.03,Australian Capital Territory,Farrer,3763.0,79249.0,22569.559999999998,28.479299423336567
801091102,350,554.34,Australian Capital Territory,Garran,3686.0,84224.0,28825.68,34.225018996960486
801091103,265,395.79,Australian Capital Territory,Hughes,3195.0,82061.0,20581.08,25.080220811347658
801091104,143,521.89,Australian Capital Territory,Isaacs,2353.0,84695.0,27138.28,32.04236377590177
801091105,537,390.15,Australian Capital Territory,Lyons (ACT),3253.0,69657.0,20287.8,29.125285326672124
801091106,470,401.1,Australian Capital Territory,Mawson,3426.0,72444.0,20857.2,28.790790127546796
801091107,5,899.5,Australian Capital Territory,O'Malley,927.0,64673.0,46774.0,72.32384457192337
801091108,259,429.01,Australian Capital Territory,Pearce,2672.0,79215.0,22308.52,28.161989522186452
801091109,1263,444.0,Australian Capital Territory,Phillip,5197.0,76085.0,23088.0,30.3450088716567
801091110,195,465.68,Australian Capital Territory,Torrens,2406.0,76713.0,24215.36,31.566175224538213
801101135,453,483.98,Australian Capital Territory,Coombs,4841.0,78007.0,25166.96,32.26243798633456
801101136,121,482.03,Australian Capital Territory,Denman Prospect,2740.0,91564.0,25065.559999999998,27.37490716875628
801101139,452,471.86,Australian Capital Territory,Wright,3802.0,82507.0,24536.72,29.738955482565117
801111140,32,299.67,Australian Capital Territory,ACT - South West,555.0,71997.0,15582.84,21.643735155631486
801111141,6,449.0,Australian Capital Territory,Namadgi,67.0,71601.0,23348.0,32.60848312174411
