sa2_code,estimated_median_weekly_rent,population,median_employee_income,Median_age_persons,Median_mortgage_repay_monthly,Median_tot_prsnl_inc_weekly,Median_tot_fam_inc_weekly,Average_num_psns_per_bedroom,Median_tot_hhd_inc_weekly,Average_household_size
101021007,344.98,4332.0,56469.0,51,1732,760,1886,0.8,1429,2.2
101021008,351.08,8548.0,66768.0,38,1950,975,2334,0.8,1989,2.6
101021009,335.81,11375.0,65342.0,37,1700,996,2233,0.9,1703,2.1
101021010,313.74,5097.0,67042.0,36,1700,1104,2412,0.9,1796,2.1
101021012,440.97,12748.0,77939.0,37,2300,1357,3332,0.8,3014,2.9
101021610,544.05,6254.0,86337.0,31,2600,1629,3444,0.8,3363,3.1
101021611,468.19,16538.0,75641.0,42,2417,1243,3117,0.8,2926,2.9
101031013,207.76,2449.0,50465.0,49,1083,704,1759,0.7,1253,2.2
101031014,288.92,6761.0,52358.0,44,1300,771,1911,0.7,1377,2.2
101031015,285.36,3460.0,53400.0,50,1627,794,2068,0.7,1596,2.4
101031016,360.56,8050.0,47747.0,38,1729,912,2275,0.8,1911,2.5
101041017,337.5,8589.0,42019.0,51,1519,596,1366,0.7,1120,2.2
101041018,363.43,8906.0,44247.0,54,1600,638,1453,0.7,1215,2.2
101041019,317.65,8847.0,49050.0,46,1517,704,1655,0.7,1276,2.3
101041020,268.06,9530.0,43207.0,51,1300,603,1457,0.8,1220,2.4
101041021,368.05,3773.0,47748.0,52,1733,738,1761,0.7,1378,2.3
101041023,267.62,3409.0,42201.0,53,1517,573,1345,0.7,1013,2.2
101041024,279.44,3522.0,43633.0,53,1387,639,1502,0.8,1290,2.3
101041025,346.36,11429.0,46222.0,54,1600,679,1614,0.7,1235,2.1
101041026,321.55,8559.0,45230.0,56,1517,612,1451,0.7,1150,2.2
101041027,294.6,9832.0,39007.0,59,1500,579,1342,0.7,1017,2.1
101051539,319.84,24690.0,55562.0,40,1636,749,1911,0.7,1418,2.3
101051540,295.18,13794.0,52450.0,48,1733,735,1922,0.7,1516,2.5
101061541,341.55,6759.0,61144.0,42,1773,867,2185,0.8,1739,2.5
101061542,388.02,12677.0,69209.0,43,2275,1129,2916,0.8,2575,2.8
101061543,253.52,10991.0,47076.0,42,1300,661,1526,0.7,1170,2.4
101061544,226.02,7658.0,46678.0,49,1083,646,1572,0.7,1169,2.3
102011028,512.79,7532.0,54718.0,43,2438,915,2562,0.8,2276,2.8
102011029,456.44,11057.0,54903.0,49,2167,780,2187,0.7,1775,2.5
102011030,364.47,4750.0,51266.0,48,2167,780,2102,0.8,1777,2.6
102011031,418.8,14804.0,54224.0,50,2167,692,2087,0.7,1434,2.4
102011032,391.29,21359.0,55179.0,39,1885,796,1995,0.8,1460,2.2
102011033,456.19,6518.0,58047.0,36,2080,850,2352,0.8,2200,3.0
102011034,408.21,7629.0,53537.0,47,2100,691,1952,0.8,1343,2.4
102011035,418.45,7191.0,57185.0,39,1993,814,2185,0.8,1950,2.8
102011036,418.06,8237.0,55435.0,40,2000,798,2287,0.8,1987,2.8
102011037,409.97,6577.0,59400.0,46,2000,765,2264,0.8,1717,2.5
102011038,461.38,7180.0,56481.0,45,2167,783,2144,0.8,1760,2.6
102011039,524.99,14894.0,57601.0,43,2500,933,2506,0.7,2130,2.6
102011040,405.85,24863.0,53110.0,47,2080,678,1792,0.8,1329,2.2
102011041,498.4,10693.0,55685.0,42,2434,897,2520,0.8,2188,2.8
102011042,385.78,14406.0,53573.0,47,2000,642,1727,0.8,1261,2.2
102011043,395.64,11460.0,54740.0,41,1950,697,1900,0.8,1430,2.5
102021044,400.41,22993.0,52892.0,41,2000,719,1947,0.8,1515,2.6
102021045,406.7,11392.0,50718.0,34,1733,691,1647,0.8,1497,2.8
102021046,369.25,9793.0,52546.0,45,1733,639,1569,0.8,1232,2.3
102021047,421.39,16080.0,54556.0,40,2000,787,2084,0.8,1803,2.7
102021048,371.2,22588.0,49743.0,42,1700,625,1536,0.8,1239,2.4
102021049,472.0,3427.0,55212.0,44,2600,861,2576,0.8,2575,3.1
102021050,381.94,11013.0,51418.0,52,1733,594,1449,0.7,1079,2.2
102021051,403.54,4941.0,56248.0,40,2000,835,2263,0.8,2011,2.8
102021052,399.74,6520.0,53878.0,45,1753,669,1701,0.7,1413,2.5
102021053,375.16,15938.0,54338.0,48,1950,662,1626,0.8,1176,2.1
102021054,351.28,9975.0,50289.0,47,1950,639,1609,0.8,1157,2.2
102021055,432.91,5259.0,53651.0,38,1866,784,2069,0.8,1795,2.7
102021056,488.91,20228.0,56306.0,35,2167,790,2168,0.8,2022,3.0
102021057,366.2,9196.0,50372.0,40,1690,624,1538,0.8,1214,2.4
103011059,365.55,12360.0,57886.0,36,1800,799,2073,0.7,1788,2.7
103011060,279.83,6903.0,56974.0,47,1863,824,2211,0.8,1835,2.6
103011061,273.55,4829.0,55988.0,48,1517,735,1751,0.7,1381,2.3
103011612,296.41,10806.0,52762.0,39,1430,704,1648,0.7,1198,2.0
103011613,359.3,14343.0,59015.0,37,1733,875,2141,0.7,1788,2.6
103021062,181.82,6435.0,46392.0,41,867,645,1574,0.7,1208,2.4
103021063,232.46,9323.0,46705.0,45,1213,607,1427,0.7,1078,2.3
103021064,218.25,5698.0,45718.0,50,1164,601,1490,0.7,1157,2.3
103021065,229.45,10090.0,50348.0,43,1257,714,1688,0.7,1257,2.3
103021066,196.28,3578.0,43765.0,52,953,575,1394,0.7,1043,2.2
103021067,260.96,10985.0,54935.0,39,1300,728,1854,0.7,1389,2.4
103021068,188.62,3281.0,45783.0,45,1083,623,1556,0.7,1205,2.4
103021069,214.34,5517.0,47277.0,43,1083,730,1810,0.7,1324,2.3
103031070,270.92,12410.0,53208.0,46,1462,610,1510,0.7,1088,2.2
103031071,268.49,8437.0,55325.0,47,1517,671,1862,0.8,1393,2.4
103031072,373.72,12581.0,54999.0,37,1733,786,2164,0.7,1742,2.5
103031073,228.5,3395.0,44733.0,53,1083,494,1324,0.7,890,2.1
103031074,278.08,11068.0,52272.0,45,1651,664,1841,0.8,1414,2.5
103041076,264.11,7531.0,56507.0,43,1517,765,1977,0.8,1548,2.5
103041077,298.76,19110.0,53990.0,40,1510,742,1838,0.7,1342,2.2
103041078,381.03,23055.0,61044.0,34,1777,930,2322,0.8,2002,2.7
103041079,262.95,11810.0,56165.0,43,1773,855,2185,0.8,1799,2.6
104011080,298.2,19335.0,48114.0,43,1300,607,1413,0.7,1125,2.3
104011081,302.46,16938.0,46272.0,49,1365,552,1430,0.8,1193,2.5
104011082,365.96,17487.0,43683.0,55,1517,571,1359,0.7,1079,2.2
104021083,374.34,6148.0,41471.0,46,1517,647,1614,0.8,1317,2.5
104021084,367.3,18137.0,45686.0,42,1733,655,1556,0.8,1257,2.3
104021085,370.18,11289.0,46339.0,45,1733,648,1568,0.8,1219,2.3
104021086,373.01,3949.0,47141.0,44,1733,723,1887,0.8,1676,2.7
104021087,279.51,3232.0,39221.0,54,1200,532,1275,0.8,939,2.1
104021088,470.29,10218.0,52213.0,43,2000,848,2066,0.8,1883,2.7
104021089,376.46,20119.0,48549.0,45,1700,683,1690,0.8,1352,2.4
104021090,350.67,4888.0,47424.0,53,1680,603,1447,0.8,1178,2.3
104021091,390.47,14456.0,42607.0,43,1733,674,1602,0.8,1346,2.5
105011092,168.32,3616.0,52501.0,36,867,770,1685,0.8,1358,2.4
105011093,193.75,4169.0,61072.0,37,1098,880,2232,0.7,1702,2.3
105011094,192.06,4038.0,44296.0,38,867,675,1580,0.8,1261,2.4
105011095,206.72,4632.0,50185.0,44,1083,750,1816,0.7,1347,2.4
105011096,180.42,5887.0,43121.0,44,852,547,1353,0.8,991,2.2
105021097,217.5,17662.0,55570.0,44,867,647,1623,0.7,1173,2.2
105021098,159.46,2330.0,42368.0,43,932,583,1288,0.8,1103,2.4
105031099,201.66,7948.0,43527.0,50,871,557,1382,0.7,1079,2.3
105031100,296.02,10738.0,54732.0,35,1517,850,1987,0.8,1679,2.6
105031101,321.32,19832.0,57437.0,35,1567,896,2077,0.8,1662,2.4
105031102,323.36,10456.0,56097.0,34,1517,850,1949,0.8,1626,2.6
105031103,283.09,5975.0,56352.0,42,1733,863,2154,0.8,1952,2.8
105031104,206.76,4423.0,45714.0,46,1083,633,1385,0.7,1151,2.3
105031105,232.57,6550.0,49124.0,41,1200,722,1732,0.7,1319,2.5
105031106,229.33,8924.0,48996.0,41,1100,617,1444,0.7,1153,2.4
106011107,400.41,12793.0,61493.0,36,1950,897,2360,0.8,2128,2.8
106011108,323.58,23740.0,50400.0,39,1517,611,1533,0.8,1258,2.5
106011109,371.63,9156.0,55037.0,42,1829,728,2039,0.8,1814,2.8
106011110,312.63,9532.0,53983.0,46,1820,710,1856,0.8,1485,2.5
106011111,348.42,20838.0,54402.0,35,1603,699,1762,0.8,1464,2.6
106011112,336.56,17139.0,61147.0,34,1760,823,2279,0.8,1935,2.6
106011113,373.86,5355.0,59228.0,42,2167,778,2248,0.8,2034,2.8
106021114,386.27,8661.0,59469.0,34,1872,829,2087,0.8,1756,2.6
106021116,416.63,8718.0,63027.0,38,2167,921,2552,0.8,2285,2.9
106021614,358.09,18052.0,57212.0,39,1733,763,1990,0.8,1590,2.5
106021615,397.07,17835.0,58784.0,35,1869,788,2079,0.8,1835,2.8
106021616,331.78,8046.0,53446.0,34,1647,724,1786,0.8,1470,2.5
106021617,365.8,10092.0,57583.0,41,1733,742,1904,0.7,1426,2.4
106021618,425.27,15985.0,62305.0,33,2015,941,2350,0.8,2209,2.9
106031119,399.11,6408.0,47569.0,52,1842,627,1569,0.7,1283,2.4
106031120,372.95,6893.0,49139.0,50,1517,562,1365,0.7,1111,2.3
106031121,391.02,21921.0,47162.0,55,1861,648,1600,0.7,1267,2.2
106031122,326.09,14689.0,50811.0,38,1517,650,1521,0.8,1272,2.5
106031123,375.74,5689.0,57961.0,42,2167,876,2468,0.8,2327,3.0
106031124,350.33,5738.0,42736.0,65,1600,552,1255,0.6,1036,2.0
106031125,404.54,15065.0,56163.0,40,1900,752,2019,0.8,1763,2.8
106041126,314.78,12384.0,59916.0,35,1517,759,1953,0.7,1603,2.5
106041127,281.77,4085.0,59582.0,42,1733,800,2210,0.7,1741,2.5
106041128,290.45,6056.0,55593.0,39,1625,805,2061,0.7,1526,2.4
106041129,253.38,8200.0,53274.0,44,1500,706,1794,0.7,1362,2.4
107011131,388.19,24285.0,55350.0,41,1950,670,1782,0.8,1445,2.5
107011132,513.2,12184.0,61502.0,34,2186,893,2404,0.8,2286,3.0
107011134,359.6,15243.0,59906.0,41,2080,763,2274,0.8,1920,2.7
107011545,353.02,14191.0,51001.0,39,1764,560,1522,0.8,1251,2.6
107011546,307.03,9740.0,50521.0,42,1820,551,1466,0.8,1108,2.4
107011547,346.8,4221.0,55170.0,51,1929,609,1693,0.8,1036,2.2
107031136,487.24,19116.0,60086.0,34,2167,869,2240,0.8,2088,2.9
107031137,389.7,6930.0,53328.0,41,1820,636,1645,0.8,1411,2.5
107031138,488.02,8728.0,56581.0,51,2167,794,2030,0.7,1589,2.3
107031139,502.45,6044.0,60000.0,44,2300,867,2346,0.8,2053,2.7
107031140,499.09,8110.0,54346.0,48,2167,836,2304,0.8,1985,2.6
107031141,518.28,19376.0,59649.0,39,2200,841,2380,0.8,2127,2.8
107031142,423.68,10570.0,55049.0,43,1950,692,1846,0.8,1478,2.5
107031143,348.24,20500.0,51269.0,43,1820,587,1484,0.8,1191,2.4
107041144,388.77,21542.0,56554.0,40,2219,728,2190,0.8,1635,2.5
107041145,335.7,16022.0,57774.0,41,2167,737,2002,0.8,1431,2.3
107041146,416.0,22823.0,57589.0,36,2250,746,2387,0.8,1938,2.7
107041147,534.2,9126.0,63717.0,39,2512,1005,2777,0.9,2542,2.9
107041148,537.2,11912.0,68384.0,43,2600,1014,2839,0.8,2423,2.7
107041150,390.92,20782.0,64814.0,41,2349,843,2496,0.8,1968,2.6
107041548,422.83,16039.0,56190.0,36,1987,892,2098,0.9,1578,1.9
107041549,391.74,16595.0,52821.0,34,2000,755,2082,0.9,1595,2.4
108011151,302.87,5228.0,46266.0,51,1538,577,1449,0.8,1189,2.4
108011152,345.69,14684.0,43095.0,57,1712,582,1353,0.7,1015,2.1
108011153,359.19,6963.0,41300.0,53,1500,572,1368,0.7,1142,2.3
108011154,319.46,6328.0,41201.0,62,1322,499,1137,0.7,854,1.9
108021155,285.44,15816.0,45108.0,42,1300,542,1340,0.8,1081,2.5
108021156,301.17,9486.0,44109.0,51,1307,570,1413,0.8,1160,2.4
108021157,328.28,5178.0,44796.0,50,1382,525,1310,0.7,998,2.3
108021158,288.91,7116.0,40589.0,56,1300,501,1244,0.7,850,2.0
108021159,295.76,8088.0,42978.0,50,1400,554,1358,0.8,1111,2.4
108021160,334.37,5592.0,44612.0,58,1517,537,1254,0.7,997,2.1
108041162,367.78,18418.0,45957.0,58,1733,573,1368,0.7,1089,2.2
108041164,390.48,21189.0,48595.0,47,1820,644,1532,0.7,1193,2.2
108041165,301.31,5286.0,45591.0,50,1668,632,1534,0.8,1334,2.5
108041166,368.7,12810.0,47140.0,43,1733,653,1590,0.8,1355,2.6
108041619,366.39,11726.0,49629.0,46,1753,761,1929,0.8,1396,2.2
108041620,419.17,17225.0,51459.0,49,1814,691,1774,0.7,1385,2.4
108051167,272.99,5279.0,45319.0,55,1300,564,1362,0.7,1069,2.2
108051168,369.89,12433.0,50402.0,53,1733,634,1473,0.7,1243,2.3
108051169,294.17,21285.0,45608.0,46,1300,559,1327,0.7,1021,2.3
108051170,316.68,13016.0,44622.0,56,1500,524,1291,0.7,1069,2.3
108051171,306.42,5396.0,46392.0,47,1371,577,1377,0.7,1105,2.3
109011172,327.5,17861.0,57945.0,36,1625,894,2171,0.7,1792,2.6
109011173,264.5,10529.0,50929.0,39,1300,724,1728,0.7,1330,2.3
109011174,253.47,10493.0,53816.0,45,1517,857,2115,0.7,1439,2.1
109011175,225.84,12453.0,49865.0,44,1387,755,1949,0.8,1518,2.6
109011176,252.44,15640.0,47770.0,40,1300,647,1522,0.8,1138,2.2
109021177,181.72,2898.0,46416.0,48,894,701,1625,0.7,1236,2.2
109021178,207.87,6543.0,43843.0,43,1300,708,1761,0.8,1386,2.5
109021179,201.02,3652.0,46078.0,43,1083,746,1799,0.8,1404,2.5
109031180,224.0,5568.0,50159.0,52,1213,634,1551,0.7,1130,2.1
109031181,261.14,7221.0,47916.0,50,1300,662,1640,0.7,1248,2.3
109031182,228.1,7015.0,50006.0,47,1083,688,1680,0.7,1199,2.2
109031183,179.86,6814.0,43412.0,49,1083,638,1491,0.7,1208,2.4
109031184,326.61,6896.0,49841.0,49,1638,687,1756,0.7,1348,2.4
109031185,212.0,9799.0,45715.0,52,1177,631,1486,0.7,1146,2.2
110011186,294.86,24170.0,50601.0,36,1500,730,1893,0.7,1432,2.3
110011187,245.15,4535.0,43542.0,44,1094,672,1568,0.7,1228,2.4
110011188,253.52,5915.0,51043.0,47,1426,716,1790,0.7,1402,2.4
110011189,206.0,3146.0,45012.0,50,1056,683,1567,0.7,1211,2.2
110021190,221.56,8925.0,41680.0,50,1083,528,1324,0.7,934,2.1
110021191,272.5,12104.0,48774.0,41,1250,666,1492,0.7,1187,2.3
110021192,203.27,5229.0,44843.0,47,1000,490,1311,0.8,1057,2.4
110021193,215.14,5721.0,45152.0,50,1083,533,1283,0.7,1034,2.3
110021194,238.04,6800.0,40489.0,55,1083,490,1206,0.7,885,2.1
110031195,229.29,7996.0,52891.0,38,1336,828,1892,0.8,1494,2.4
110031196,178.72,5420.0,48049.0,39,867,820,1988,0.8,1627,2.6
110031197,265.91,6966.0,54725.0,39,1443,820,2040,0.7,1558,2.4
110031198,206.86,4655.0,49987.0,42,1148,727,1819,0.8,1434,2.5
110041199,303.97,9883.0,57696.0,36,1500,788,2013,0.7,1535,2.4
110041200,279.81,4392.0,53005.0,41,1300,739,1923,0.8,1585,2.6
110041201,229.39,7608.0,48860.0,47,1133,620,1479,0.7,1165,2.3
110041202,301.4,21611.0,53013.0,38,1452,766,1776,0.7,1383,2.4
110041203,318.93,16612.0,57124.0,38,1543,826,1985,0.7,1513,2.3
110041204,300.81,6145.0,46721.0,30,1387,660,1408,0.8,1233,2.7
110041205,276.6,19139.0,52951.0,45,1590,713,1853,0.7,1431,2.5
111011206,368.78,17850.0,57377.0,44,2009,745,2051,0.8,1538,2.5
111011207,328.05,5678.0,53794.0,49,1800,653,1669,0.8,1240,2.3
111011208,394.62,25365.0,60054.0,38,2000,867,2251,0.8,1808,2.5
111011209,392.12,24734.0,60080.0,38,1885,831,2173,0.8,1818,2.6
111011210,261.87,9545.0,52066.0,41,1772,617,1622,0.8,1221,2.4
111011211,409.12,3776.0,59797.0,48,2300,771,2684,0.8,1598,2.4
111011212,369.27,12517.0,57720.0,49,2080,686,1836,0.8,1419,2.4
111011213,496.55,12498.0,63403.0,45,2167,894,2503,0.7,2201,2.7
111011214,417.4,14643.0,59739.0,45,2090,802,2155,0.8,1648,2.4
111021215,333.92,10163.0,55270.0,42,1733,714,1893,0.8,1470,2.5
111021216,407.32,9698.0,54080.0,43,1783,709,1762,0.7,1491,2.5
111021217,452.8,16469.0,60150.0,35,2000,867,2255,0.8,2033,2.8
111021218,385.43,18089.0,49904.0,46,2000,660,1778,0.8,1378,2.5
111021219,339.16,13961.0,53418.0,48,1733,676,1806,0.7,1400,2.4
111021220,378.71,9458.0,56585.0,48,1888,732,1863,0.7,1553,2.5
111021221,402.64,7275.0,57559.0,38,1798,774,2020,0.8,1769,2.7
111031222,422.25,16633.0,62904.0,37,2167,937,2525,0.8,2071,2.6
111031223,338.49,8612.0,52952.0,39,1450,633,1500,0.8,1237,2.4
111031224,384.92,12775.0,60052.0,40,2115,877,2378,0.8,1669,2.2
111031225,390.76,17352.0,61286.0,40,2119,907,2484,0.8,1863,2.4
111031226,470.4,16520.0,59926.0,34,2000,876,2332,0.8,2170,3.0
111031227,383.61,15598.0,58457.0,37,1883,811,2112,0.8,1604,2.2
111031228,425.75,14510.0,63624.0,40,2500,1091,3006,0.8,2277,2.5
111031229,446.22,12847.0,63506.0,38,2169,1149,2739,0.9,1929,1.9
111031231,371.12,12702.0,43181.0,28,1700,575,1600,0.9,1325,2.4
111031232,437.09,8822.0,62057.0,48,2167,719,1990,0.8,1419,2.3
111031233,383.04,21038.0,56333.0,40,1777,714,1917,0.8,1470,2.4
111031234,380.82,12941.0,57371.0,36,1937,787,2135,0.8,1639,2.3
111031235,456.95,9209.0,60782.0,35,1985,996,2422,0.9,1915,2.2
112011236,395.27,18590.0,46375.0,53,1733,663,1563,0.7,1150,2.1
112011237,421.41,18300.0,47891.0,46,1900,747,1891,0.8,1565,2.5
112011238,525.0,6961.0,42655.0,43,2330,886,2292,0.9,2106,2.7
112011239,497.76,9148.0,41067.0,44,1950,723,1771,0.8,1462,2.4
112011240,584.9,10951.0,38886.0,39,2340,837,2091,0.9,1748,2.4
112011241,324.0,5638.0,46667.0,49,1563,628,1457,0.8,1127,2.2
112011242,583.38,9207.0,49421.0,42,2200,916,2296,0.8,2035,2.6
112011243,443.74,8869.0,33638.0,46,1950,654,1638,0.9,1364,2.5
112021244,285.37,12335.0,46928.0,43,1300,602,1387,0.8,1093,2.4
112021245,256.99,7371.0,45344.0,48,1304,556,1418,0.8,1147,2.5
112021246,327.1,13604.0,50596.0,42,1560,707,1733,0.7,1325,2.4
112021247,271.08,7603.0,44479.0,51,1300,537,1345,0.8,1013,2.3
112021248,299.76,15255.0,47035.0,42,1343,647,1622,0.8,1176,2.2
112021249,344.03,15772.0,47052.0,47,1733,705,1824,0.8,1478,2.5
112031250,474.44,14811.0,48744.0,47,2240,765,2075,0.8,1537,2.4
112031251,357.46,9479.0,45488.0,46,1733,597,1461,0.8,1154,2.4
112031252,352.67,10316.0,42640.0,48,1745,634,1617,0.9,1387,2.6
112031253,476.52,14041.0,46821.0,43,1950,707,1787,0.8,1466,2.6
112031254,399.38,20570.0,46146.0,49,1733,656,1530,0.8,1182,2.2
112031550,441.76,16262.0,48714.0,48,1900,642,1636,0.7,1316,2.4
112031551,525.9,3321.0,51730.0,43,2167,805,2208,0.8,2100,3.0
112031552,390.11,8416.0,44186.0,54,1733,552,1350,0.8,949,2.1
113011256,297.36,20682.0,51538.0,37,1500,833,1974,0.8,1699,2.6
113011257,223.26,12906.0,49686.0,40,1200,831,1953,0.8,1630,2.6
113011258,243.81,10358.0,51742.0,37,1300,746,1828,0.8,1427,2.5
113011259,211.27,5937.0,48314.0,44,1000,646,1512,0.7,1184,2.3
113021260,211.71,3514.0,50000.0,47,1127,707,1647,0.7,1332,2.3
113021261,244.71,6683.0,52360.0,42,1300,656,1615,0.8,1244,2.3
113021262,209.6,4736.0,50000.0,47,1300,712,1821,0.7,1390,2.4
113031263,219.1,7691.0,48981.0,51,1111,592,1426,0.7,1054,2.2
113031264,225.42,3713.0,46753.0,44,1291,713,1805,0.7,1351,2.4
113031265,247.21,6386.0,53303.0,41,1247,737,1781,0.7,1387,2.4
113031266,222.03,6587.0,45265.0,48,1083,640,1560,0.7,1168,2.3
113031267,301.79,16927.0,55483.0,38,1517,851,2088,0.7,1699,2.6
113031268,390.44,5612.0,59128.0,30,1733,841,2332,0.8,2042,2.7
113031269,298.57,22696.0,55988.0,35,1517,818,2020,0.7,1609,2.5
113031270,270.34,12025.0,52484.0,36,1302,756,1753,0.7,1279,2.1
113031271,279.15,17834.0,54126.0,36,1490,856,2056,0.8,1748,2.7
114011272,408.34,9418.0,48926.0,56,2167,730,1915,0.7,1429,2.3
114011273,393.56,3627.0,52195.0,55,1733,637,1495,0.7,1237,2.3
114011274,337.17,5088.0,49317.0,55,1710,621,1476,0.7,1195,2.2
114011276,409.94,4824.0,55534.0,52,2000,792,1966,0.7,1501,2.2
114011277,347.77,16097.0,50258.0,44,1733,679,1705,0.7,1363,2.4
114011278,332.39,22858.0,49625.0,37,1733,654,1599,0.8,1304,2.5
114011279,370.33,15266.0,46882.0,50,1517,559,1359,0.7,1098,2.3
114011280,317.19,4656.0,44938.0,61,1504,505,1238,0.7,909,2.0
114011281,352.36,3702.0,51434.0,47,2000,723,1900,0.8,1716,2.7
114011282,365.17,16960.0,42750.0,52,1647,612,1448,0.7,1167,2.3
114011283,331.56,5791.0,42556.0,56,1586,583,1389,0.7,1144,2.2
114021284,487.59,13549.0,52681.0,56,2300,827,2182,0.7,1650,2.3
114021285,425.67,6400.0,56800.0,37,2000,819,2104,0.8,1937,2.8
114021286,443.64,10888.0,53906.0,44,2167,783,2118,0.7,1637,2.5
114021287,404.16,10609.0,52540.0,45,2000,773,2015,0.7,1552,2.4
114021288,428.55,3812.0,53186.0,50,2167,852,2283,0.7,1914,2.5
114021289,391.36,7201.0,49941.0,53,2108,757,1947,0.7,1574,2.4
115011290,520.83,24862.0,70481.0,39,2600,974,2680,0.9,2389,2.9
115011291,610.39,21801.0,68502.0,40,3000,1013,2989,0.8,2847,3.1
115011294,631.0,6368.0,66080.0,48,3033,949,3086,0.7,2491,2.8
115011296,638.11,12701.0,69327.0,44,3033,1038,3286,0.7,3217,3.1
115011553,562.53,7688.0,66529.0,40,2700,944,2659,0.9,2361,2.9
115011554,449.0,5675.0,68023.0,53,3000,715,2921,0.8,2014,2.7
115011555,600.69,12215.0,65628.0,43,3000,929,2909,0.8,2721,3.1
115011556,548.19,10439.0,67063.0,40,3000,978,2712,0.9,2482,2.9
115011557,685.81,5198.0,71719.0,41,3000,1057,3403,0.8,3361,3.3
115011558,695.39,19136.0,70797.0,43,3000,940,3098,0.8,2924,3.1
115011621,645.11,17767.0,68225.0,38,2900,995,3089,0.8,3051,3.3
115011622,603.59,11427.0,73742.0,37,3200,1143,3181,0.9,2965,3.1
115021297,533.35,22596.0,58023.0,44,3033,906,2777,0.8,2595,3.2
115021298,468.0,5438.0,56553.0,47,2784,903,2710,0.8,2364,2.9
115031299,326.8,2852.0,53912.0,48,2167,746,2122,0.8,1688,2.5
115031300,441.42,22302.0,59842.0,40,2383,907,2409,0.8,2291,3.0
115041301,497.73,11457.0,60412.0,39,2600,920,2564,0.8,2340,3.1
115041623,599.1,10349.0,75921.0,32,3000,1274,2979,0.8,2976,3.3
115041624,597.42,17508.0,75200.0,33,3250,1212,3206,0.9,3120,3.3
115041625,610.02,17652.0,70099.0,37,2900,1059,3228,0.9,3206,3.4
116011303,392.85,17188.0,54025.0,34,2000,796,1949,1.0,1753,2.7
116011304,400.7,20746.0,56209.0,34,2270,738,1944,0.9,1771,2.9
116011306,377.93,23605.0,58500.0,36,2200,747,2108,0.9,2004,3.1
116011307,384.92,25568.0,61359.0,38,2300,815,2275,0.8,1971,2.8
116011560,399.43,12685.0,55876.0,36,2043,744,1974,0.9,1776,2.9
116011561,417.44,17245.0,55350.0,35,2100,749,1981,0.9,1857,3.0
116011626,424.78,14929.0,60116.0,37,2167,796,2179,0.9,1960,2.8
116011627,410.82,11632.0,60558.0,35,2167,834,2201,1.0,2061,2.9
116021309,595.74,15876.0,67959.0,37,2600,984,3009,0.9,3068,3.5
116021562,539.1,3681.0,67537.0,36,2484,1055,2800,0.9,2796,3.2
116021563,468.5,24879.0,64896.0,34,2318,968,2476,0.9,2400,3.1
116021628,602.68,21209.0,75468.0,35,2800,1147,3199,0.9,3164,3.4
116021629,580.5,15653.0,70544.0,32,2882,1142,2743,0.8,2729,3.4
116021630,485.31,13949.0,64239.0,32,2600,964,2401,0.8,2272,3.0
116021631,585.49,10071.0,73972.0,33,3000,1208,3094,0.8,3140,3.4
116021632,555.79,25363.0,71248.0,31,2817,1166,2793,0.9,2682,3.2
116021633,583.58,13104.0,71670.0,36,2691,1035,3017,0.9,2860,3.2
116031313,293.92,18740.0,49237.0,32,1733,525,1370,0.9,1216,2.9
116031314,411.98,8415.0,59332.0,34,2167,813,2130,1.0,2073,3.2
116031315,422.38,21576.0,59385.0,34,2120,809,2162,0.9,2112,3.4
116031316,314.32,21873.0,53889.0,31,2080,653,1662,0.9,1411,3.0
116031317,347.39,23182.0,50525.0,33,1800,582,1543,1.0,1392,3.0
116031319,424.28,22990.0,58572.0,36,2167,763,2146,0.9,2050,3.2
117011320,604.21,509.0,80663.0,33,3000,1353,2571,1.2,2225,2.0
117011321,544.36,13043.0,71047.0,36,2741,1153,2844,1.1,2373,2.6
117011323,497.37,14843.0,59809.0,35,2600,881,2269,1.0,1808,2.4
117011634,388.07,8975.0,53491.0,41,2297,662,1893,1.0,1411,2.5
117011635,603.18,21843.0,56320.0,30,2600,994,2394,1.2,2253,2.5
117021327,464.44,20073.0,73082.0,36,3000,1247,3271,1.0,2303,2.2
117021328,620.29,8340.0,73553.0,36,2900,1234,3092,1.0,2619,2.5
117021636,535.1,12375.0,71687.0,37,2817,1160,2961,1.0,2358,2.4
117021637,447.88,14345.0,64602.0,37,2500,1003,2507,1.0,2018,2.3
117031329,515.54,10776.0,76677.0,37,2964,1535,3913,1.1,2279,1.7
117031330,587.14,19374.0,89292.0,34,2752,1669,3685,1.1,2825,2.0
117031331,497.27,20494.0,72347.0,36,2949,1230,3202,1.0,2080,1.9
117031333,471.79,18445.0,78112.0,39,2500,1534,3565,1.0,2041,1.5
117031336,528.25,16060.0,73769.0,35,2839,1442,3551,1.1,2308,1.8
117031638,578.97,8442.0,67095.0,29,3000,1023,3418,1.0,2440,2.1
117031639,522.96,7983.0,45662.0,28,2409,882,2304,1.2,1606,1.8
117031640,523.05,14864.0,72929.0,34,3000,1310,3385,1.0,2325,2.1
117031641,562.21,12785.0,67948.0,37,2800,1297,3035,1.1,2422,2.1
117031642,478.03,13849.0,69608.0,36,2789,1178,3208,1.0,2116,1.9
117031643,590.51,12391.0,71673.0,32,2600,1275,2883,1.1,2366,2.2
117031644,584.21,8188.0,50961.0,37,3000,1509,3450,1.1,2457,1.8
117031645,612.87,20306.0,35056.0,31,2600,819,2058,1.4,2108,2.3
117031646,501.33,7540.0,40521.0,30,2500,772,2197,1.2,1805,2.1
117031647,534.61,16615.0,69697.0,33,2500,1172,2699,1.1,2028,1.8
117031648,602.59,12861.0,67262.0,30,2642,1262,2670,1.1,2192,2.0
118011339,639.47,19294.0,75223.0,35,3467,1472,3792,1.0,2951,2.3
118011340,639.33,21052.0,71804.0,34,3467,1551,3811,1.0,3013,2.2
118011341,619.22,17861.0,72731.0,36,3500,1354,3554,1.0,2566,2.3
118011344,609.62,11190.0,66687.0,39,3788,1319,3624,0.9,2828,2.6
118011345,497.98,14931.0,82314.0,37,3800,1651,4589,0.9,2810,2.1
118011346,621.81,12034.0,65681.0,44,4195,1450,4590,0.8,3469,2.6
118011347,607.84,7487.0,81929.0,42,4000,1635,4566,0.9,3021,2.2
118011649,615.88,14519.0,72644.0,40,3700,1594,4505,0.9,3301,2.4
118011650,644.42,10051.0,82321.0,42,3200,1690,4303,0.9,2921,2.0
118021564,505.99,11944.0,61648.0,32,2800,946,2743,1.0,2117,2.3
118021565,476.01,13720.0,54949.0,33,3000,844,2514,1.0,1895,2.5
118021566,579.78,9843.0,69969.0,41,3033,1116,3059,0.9,2415,2.6
118021567,463.45,11130.0,65520.0,40,3000,968,2639,0.9,1893,2.3
118021568,548.27,9908.0,63110.0,37,2970,1005,2562,1.0,2148,2.5
118021569,572.28,16289.0,78802.0,37,3000,1402,3264,1.0,2403,2.2
118021570,565.13,12841.0,73899.0,35,3160,1259,3243,1.0,2450,2.3
118021651,636.06,19734.0,81817.0,35,3467,1571,3779,1.0,3092,2.3
118021652,425.71,10691.0,69259.0,44,3200,985,2875,0.9,2215,2.5
118021653,418.84,13474.0,64051.0,42,3000,859,2598,0.9,2132,2.8
118021654,180.92,5636.0,65993.0,42,4000,958,3625,0.9,2105,2.6
119011354,389.19,23971.0,48308.0,35,2400,539,1620,1.0,1410,3.2
119011355,522.15,1482.0,57405.0,31,2600,893,2447,1.0,2218,3.2
119011356,503.16,12799.0,47490.0,34,2300,566,1708,1.0,1627,3.4
119011358,477.44,17220.0,59368.0,41,2427,764,2265,0.8,1899,2.8
119011360,467.32,17721.0,57304.0,38,2500,746,2201,0.9,1932,2.9
119011361,412.77,22584.0,47600.0,35,2131,528,1598,1.0,1453,3.2
119011571,404.76,17054.0,46115.0,33,1764,558,1445,1.2,1322,2.9
119011572,417.63,18508.0,44137.0,34,1820,526,1436,1.1,1355,3.0
119011655,389.75,14700.0,45455.0,34,2253,496,1704,1.0,1429,3.3
119011656,466.72,13448.0,44974.0,33,2330,507,1569,1.1,1467,3.5
119011657,485.61,11375.0,61680.0,38,2600,797,2310,0.8,2064,2.9
119011658,476.52,16017.0,62686.0,39,2695,870,2514,0.8,2166,2.9
119021362,408.4,20406.0,52635.0,39,2169,650,1845,1.0,1525,2.7
119021366,394.97,21693.0,43581.0,33,2026,504,1489,1.1,1384,3.2
119021367,437.69,14590.0,54507.0,38,2300,671,1935,1.0,1704,3.0
119021573,363.2,17232.0,42084.0,32,1712,521,1285,1.4,1227,3.1
119021574,353.06,10212.0,42152.0,31,1703,550,1325,1.3,1248,3.0
119021659,410.75,11943.0,43504.0,38,2000,613,1572,1.1,1491,2.8
119021660,393.81,9114.0,43246.0,36,1950,615,1462,1.2,1377,2.6
119021661,461.49,12276.0,56932.0,35,2221,814,2043,1.1,1800,2.5
119021662,565.17,17996.0,64420.0,44,2809,836,2486,0.9,2163,2.8
119021663,464.56,6268.0,58229.0,41,2600,697,2125,0.9,1841,2.9
119031370,403.08,13822.0,55066.0,40,2253,677,1977,0.9,1646,2.7
119031371,497.81,12588.0,65082.0,43,3000,974,2798,0.8,2438,2.9
119031372,453.9,20274.0,62124.0,42,2600,830,2455,0.9,2091,2.8
119031373,304.4,11645.0,48508.0,40,2100,565,1553,1.0,1208,2.5
119031374,490.63,25415.0,52652.0,38,2600,780,2221,1.0,2097,2.9
119031664,470.94,12160.0,45545.0,32,2010,725,1733,1.3,1717,2.7
119031665,485.29,12135.0,49755.0,40,2600,641,1886,0.9,1858,3.0
119031666,429.56,14719.0,63017.0,39,2500,935,2592,0.9,2151,2.7
119031667,405.93,9560.0,54257.0,37,2100,790,1942,1.0,1689,2.5
119041377,499.89,12996.0,60368.0,42,2700,763,2338,0.9,2027,2.8
119041378,474.82,13133.0,59213.0,35,2251,905,2219,1.1,1959,2.5
119041379,457.8,16246.0,55791.0,38,2305,801,2191,1.0,1954,2.7
119041380,466.9,13915.0,60366.0,44,2484,815,2131,0.9,1647,2.3
119041381,470.53,20010.0,51852.0,35,2185,795,2048,1.1,1910,2.6
119041382,499.19,16675.0,62529.0,45,2600,873,2368,0.8,1798,2.4
119041668,510.12,16676.0,55920.0,34,2400,848,2202,1.1,2067,2.7
119041669,529.2,10162.0,58395.0,39,2500,731,2155,1.0,1949,3.0
119041670,423.29,15879.0,54101.0,38,2167,747,1980,1.0,1798,2.7
119041671,542.96,10897.0,57089.0,30,2383,1069,2337,1.2,2160,2.2
120011383,586.39,23214.0,70200.0,43,3000,1056,2840,0.9,2388,2.6
120011385,576.22,18409.0,78461.0,42,3250,1296,3446,0.9,2754,2.4
120011386,567.79,21003.0,75029.0,42,3000,1148,2982,0.9,2333,2.4
120011672,504.52,12905.0,66562.0,37,2600,1011,2712,1.0,2385,2.8
120011673,570.61,11650.0,62672.0,32,2500,1119,2404,1.2,2183,2.2
120021387,584.11,15634.0,92505.0,43,4000,1592,4603,0.9,3149,2.2
120021389,573.65,13870.0,91324.0,40,3500,1542,4207,1.0,3059,2.3
120021674,523.57,9519.0,81575.0,38,3467,1441,3905,1.0,2677,2.3
120021675,571.33,17630.0,81553.0,38,3447,1377,3541,1.0,2721,2.4
120031392,483.97,12055.0,63549.0,37,2400,921,2411,1.0,2092,2.5
120031393,438.8,17468.0,60000.0,41,2500,802,2301,0.9,1844,2.6
120031394,487.42,18054.0,73968.0,37,2600,1197,2885,1.0,2162,2.2
120031395,474.43,13560.0,72096.0,40,3000,1190,3242,0.9,2377,2.4
120031396,458.31,21056.0,53659.0,31,2127,911,2169,1.2,2037,2.6
120031576,461.98,3648.0,62257.0,38,2400,870,2341,1.0,2045,2.8
120031676,426.37,11522.0,57291.0,35,2167,914,2214,1.0,1888,2.3
120031677,471.0,12283.0,57627.0,38,2352,872,2332,1.0,1918,2.4
120031678,510.11,16071.0,42288.0,31,2400,715,1875,1.2,1662,2.5
120031679,470.87,11011.0,59690.0,41,2640,785,2397,1.0,2121,2.8
120031680,490.96,16600.0,44817.0,30,2500,782,2170,1.2,2135,2.7
120031681,516.65,9283.0,61986.0,41,3200,961,3066,0.9,2726,3.1
121011399,507.98,21417.0,75185.0,37,2708,1229,3094,1.0,2415,2.5
121011401,587.63,11993.0,88835.0,36,3000,1607,3674,1.1,2748,2.1
121011682,525.08,9461.0,74802.0,37,2772,1201,3049,1.1,2420,2.5
121011683,626.37,13470.0,73200.0,45,4333,1355,4641,0.8,3987,2.9
121011684,573.03,19782.0,60592.0,37,3000,912,2433,1.1,2123,2.5
121011685,547.6,12984.0,79592.0,41,3500,1489,4648,0.9,3662,2.7
121011686,535.54,15937.0,81760.0,38,3000,1361,3434,1.0,2648,2.4
121011687,544.22,13028.0,78126.0,41,3600,1160,3630,0.9,2880,2.8
121021403,515.42,22145.0,68981.0,39,2550,1012,2766,0.9,2450,2.9
121021404,567.06,11795.0,66224.0,42,2528,967,2878,0.8,2497,2.9
121021406,552.72,19205.0,71324.0,41,3000,1003,3157,0.8,2781,2.9
121021577,442.28,11999.0,60950.0,36,2115,893,2151,1.1,1817,2.3
121021578,450.8,10654.0,64930.0,41,2600,884,2540,0.9,2180,2.8
121021579,489.42,11893.0,72569.0,38,2380,980,2483,1.1,2155,2.5
121031407,571.73,22602.0,67291.0,41,3200,1070,3103,0.9,2640,2.8
121031408,574.82,24761.0,72701.0,41,3600,1200,3598,0.9,3125,2.9
121031409,604.35,17269.0,73556.0,41,3500,1188,3810,0.8,3414,3.0
121031410,630.85,21780.0,72020.0,43,3500,1070,3314,0.8,2965,2.9
121031411,568.91,20327.0,73059.0,45,3500,1074,3460,0.8,2917,2.8
121031412,578.97,18251.0,72004.0,43,3600,1108,3663,0.8,3233,2.9
121041413,580.22,18991.0,87256.0,41,3238,1553,3905,0.9,2689,2.1
121041414,564.83,18037.0,88376.0,38,2950,1593,3627,1.0,2615,2.0
121041416,523.08,17340.0,83160.0,40,2990,1551,3684,1.0,2364,1.9
121041417,591.23,12585.0,88008.0,38,2850,1683,3811,1.1,2709,1.9
121041688,554.5,13822.0,75460.0,45,3500,1464,4154,0.9,2822,2.3
121041689,541.96,14644.0,79642.0,44,4000,1510,4569,0.9,2966,2.3
122011418,605.96,20858.0,72580.0,42,4000,1282,4368,0.9,3409,2.9
122011419,654.23,22732.0,76866.0,38,3467,1568,4245,1.0,3185,2.2
122021420,625.95,13087.0,55325.0,48,3300,1058,2981,0.8,2547,2.7
122021421,577.5,11261.0,58453.0,49,3467,1006,3089,0.8,2560,2.7
122021422,567.34,13704.0,61338.0,46,3033,1115,3067,0.8,2607,2.7
122021690,623.07,14631.0,61112.0,45,3033,1008,2806,0.9,2277,2.6
122021691,677.65,10898.0,63041.0,40,3093,1072,3021,0.9,2754,2.9
122031424,483.0,14555.0,58654.0,42,3200,893,2772,0.9,2445,3.0
122031425,593.31,8052.0,61665.0,42,3179,925,2800,0.9,2379,2.9
122031427,618.16,13161.0,67395.0,43,3400,975,3328,0.8,2794,3.0
122031429,588.15,22014.0,71792.0,37,3033,1295,3303,1.0,2724,2.5
122031430,536.89,17623.0,67426.0,40,3250,1112,3306,1.0,2737,2.8
122031432,566.5,3796.0,59517.0,47,3200,1010,3178,0.8,2899,3.0
122031692,692.43,8668.0,63390.0,46,3464,903,3121,0.8,2601,2.9
122031693,581.55,13989.0,63250.0,41,3000,1066,3039,0.9,2601,2.7
122031694,557.92,9155.0,63772.0,38,3000,1120,3127,1.0,2550,2.7
122031695,561.69,17921.0,61444.0,36,2400,1055,2400,1.2,2069,2.2
122031696,719.46,17204.0,68396.0,41,3400,1041,3301,0.8,3142,3.2
122031697,576.87,11258.0,64895.0,46,2817,1019,2696,1.0,1998,2.3
123011433,415.78,13341.0,63413.0,42,2336,876,2463,0.8,2053,2.7
123011698,470.01,6497.0,61510.0,31,2200,980,2325,0.8,2170,3.0
123011699,454.56,14090.0,62790.0,34,2427,939,2457,0.8,2189,2.9
123011700,560.82,11288.0,64839.0,36,2600,974,2948,0.8,2913,3.4
123011701,483.06,19159.0,62702.0,35,2196,939,2522,0.8,2395,3.2
123011702,500.7,9598.0,69073.0,30,2500,1122,2503,0.8,2403,3.0
123021436,368.12,20207.0,55042.0,33,2000,695,1757,0.8,1551,2.9
123021437,392.97,22283.0,55751.0,35,2023,744,1919,0.9,1547,2.6
123021438,381.72,20390.0,57420.0,35,2000,755,1952,0.9,1794,3.0
123021441,369.3,16809.0,56292.0,37,2000,719,1875,0.8,1596,2.8
123021443,379.06,21524.0,54670.0,35,2035,712,1898,0.9,1727,3.1
123021444,373.17,21302.0,55693.0,37,1950,697,1854,0.8,1663,2.9
123021703,554.71,14972.0,63467.0,32,2700,985,2508,0.9,2437,3.3
123021704,430.29,10596.0,61139.0,36,2167,844,2203,0.9,2070,3.0
123021705,395.76,16803.0,57030.0,37,2000,739,1911,0.9,1671,2.9
123021706,338.13,14263.0,51595.0,36,1800,592,1580,0.9,1378,2.9
123031445,429.55,5967.0,58235.0,40,2167,763,2101,0.8,1841,2.9
123031446,495.56,11147.0,66175.0,36,2600,959,2624,0.8,2484,3.2
123031447,408.0,19076.0,59736.0,37,2175,829,2169,0.8,1886,2.8
123031448,407.57,9836.0,59358.0,38,2383,869,2346,0.8,2296,3.1
124011449,387.01,5761.0,51503.0,52,1733,727,1814,0.7,1317,2.1
124011450,444.13,19045.0,68813.0,41,2265,971,2652,0.8,2294,2.8
124011452,377.46,13377.0,49993.0,50,1733,687,1790,0.7,1238,2.1
124011453,401.4,11481.0,60350.0,43,1950,784,2129,0.8,1755,2.5
124011454,428.71,22089.0,65360.0,43,2167,899,2402,0.7,2043,2.6
124011455,441.24,6437.0,53780.0,50,2080,740,1978,0.7,1528,2.3
124031457,400.42,16118.0,59909.0,35,2058,820,2016,0.8,1806,2.7
124031459,438.1,13952.0,65871.0,40,2200,934,2470,0.8,2122,2.7
124031460,474.57,21159.0,65933.0,35,2300,1009,2588,0.8,2425,3.1
124031461,405.03,17411.0,61076.0,37,2113,843,2091,0.8,1756,2.6
124031462,372.47,24895.0,59075.0,33,2128,839,2072,0.8,1707,2.7
124031463,523.76,12099.0,64175.0,35,2773,1025,2823,0.8,2699,3.3
124031464,379.48,18161.0,57296.0,36,1783,812,1850,0.8,1397,2.1
124031465,433.07,6058.0,63287.0,35,2383,969,2505,0.8,2330,3.1
124031707,405.63,17154.0,61418.0,34,2167,897,2304,0.8,2118,3.0
124031708,522.78,13489.0,66274.0,31,2600,1053,2506,0.8,2446,3.3
124041466,396.5,15312.0,58587.0,39,2167,790,2023,0.8,1587,2.4
124041467,387.64,15394.0,58520.0,35,2100,842,2139,0.8,1805,2.6
124041468,482.34,7564.0,56087.0,38,2500,827,2287,0.8,2271,3.3
124051469,453.05,6520.0,62100.0,37,2167,906,2397,0.8,2349,3.2
124051470,445.15,20061.0,60065.0,36,2167,849,2183,0.8,2067,3.0
124051580,390.3,13095.0,56614.0,34,1950,739,1770,0.9,1562,2.8
124051581,365.3,17474.0,55350.0,35,1842,716,1683,0.9,1395,2.5
125011582,461.55,19669.0,40000.0,31,2056,571,1424,1.3,1564,3.4
125011583,385.58,10711.0,39889.0,30,1733,639,1439,1.3,1493,3.0
125011584,437.17,8906.0,46115.0,33,2167,496,1476,1.1,1517,3.5
125011585,385.95,8650.0,48183.0,37,2000,597,1610,1.0,1540,3.0
125011586,487.67,21349.0,46679.0,35,2230,704,1856,1.1,1886,3.0
125011587,379.93,5163.0,45338.0,36,1976,569,1575,1.0,1417,3.0
125011709,526.43,9341.0,64819.0,37,2391,993,2526,1.0,2272,2.8
125011710,514.22,20682.0,64086.0,32,2300,1150,2265,1.2,2002,2.1
125021477,433.9,24826.0,61051.0,37,2600,803,2260,0.9,1958,2.8
125021478,418.04,18563.0,57734.0,40,2600,758,2170,0.9,1838,2.8
125021711,527.07,11661.0,60000.0,41,2600,789,2328,0.9,2143,3.0
125021712,499.95,19308.0,59998.0,38,2500,802,2168,1.0,2101,3.0
125031479,410.62,20934.0,47941.0,34,2167,517,1577,1.0,1415,3.2
125031480,317.94,15794.0,46042.0,37,1850,478,1394,1.1,1187,3.0
125031481,422.58,23442.0,45067.0,31,2000,629,1648,1.2,1585,3.1
125031483,366.31,22560.0,43515.0,31,2100,472,1404,1.1,1223,3.2
125031484,411.66,23127.0,51162.0,33,2167,587,1663,1.0,1458,3.0
125031487,499.5,13.0,50989.0,51,0,350,949,1.1,1125,2.0
125031713,486.04,16652.0,59445.0,39,2500,740,2150,0.8,1928,3.0
125031714,402.17,24017.0,50695.0,33,2000,630,1668,1.1,1461,2.9
125031715,515.34,10909.0,67910.0,38,2500,894,2559,0.9,2339,3.1
125031716,466.77,7337.0,55565.0,35,2328,692,1968,0.9,1727,3.0
125041489,420.51,23080.0,63953.0,35,2080,944,2264,1.0,1862,2.3
125041490,557.67,8469.0,67485.0,41,2945,917,2605,0.8,2399,3.0
125041491,422.79,20427.0,65916.0,34,2167,1007,2401,1.0,2075,2.5
125041493,441.56,23013.0,61930.0,38,2200,807,2297,0.9,2012,2.8
125041494,530.01,11203.0,70201.0,40,2700,939,2703,0.8,2421,3.0
125041588,422.62,13994.0,61137.0,36,2250,831,2292,1.1,2057,2.9
125041589,419.67,21769.0,62475.0,33,2167,926,2356,1.2,2176,2.8
125041717,461.82,12247.0,64397.0,31,2078,1119,2380,1.3,2149,2.3
125041718,411.22,9983.0,53948.0,32,1883,845,2051,1.2,1947,2.6
125041719,383.07,9136.0,51833.0,32,1900,836,1975,1.2,1757,2.5
126011496,529.69,21819.0,71260.0,43,3000,1045,3187,0.8,2784,2.9
126011720,503.14,14463.0,67397.0,36,2605,1025,2755,1.0,2385,2.8
126011721,510.7,18775.0,63312.0,37,2650,919,2418,1.0,2238,2.8
126021498,458.61,15493.0,74130.0,40,3000,1198,3178,0.9,2315,2.4
126021499,484.23,9870.0,72573.0,46,4333,1244,4584,0.8,3368,2.7
126021500,481.82,24028.0,62021.0,34,2383,900,2340,1.1,1924,2.2
126021501,523.66,15675.0,70480.0,38,2800,1054,2974,1.0,2439,2.7
126021503,425.43,20213.0,64680.0,36,2400,996,2420,1.0,2019,2.4
126021590,620.12,4165.0,65820.0,43,3467,1084,3303,0.8,3056,3.0
126021722,612.41,6986.0,66291.0,42,2817,926,2780,0.8,2563,3.0
126021723,452.01,19071.0,55922.0,39,2750,762,2183,1.0,1953,2.8
126021724,435.43,20389.0,62174.0,39,2500,880,2410,1.0,1889,2.5
126021725,498.12,12054.0,68677.0,33,2500,1143,2500,1.2,2158,2.3
127011504,269.32,18086.0,44875.0,33,1842,452,1232,1.0,1027,3.0
127011505,508.95,12581.0,55137.0,34,2500,787,2115,0.8,2047,3.2
127011592,174.5,23.0,74484.0,46,0,850,2083,0.8,2083,2.6
127011593,551.16,6928.0,57636.0,38,2167,727,2346,0.9,2409,3.6
127011594,456.8,12955.0,51903.0,37,2041,580,1743,1.0,1775,3.5
127011595,491.22,13064.0,55402.0,35,2167,672,1993,0.9,2039,3.6
127011596,511.03,13306.0,58530.0,33,2342,762,2259,0.9,2248,3.6
127011597,527.13,17250.0,59253.0,33,2427,808,2408,0.9,2412,3.7
127011726,521.02,4781.0,62234.0,35,2663,957,2421,0.8,2273,2.9
127011727,521.38,14430.0,69319.0,30,2600,1127,2629,0.8,2551,3.2
127011728,552.63,12617.0,62756.0,33,2650,893,2343,0.8,2271,3.2
127011729,523.75,17786.0,65272.0,30,2626,1026,2381,0.9,2349,3.3
127021509,397.62,17200.0,50874.0,38,2000,513,1611,1.0,1571,3.3
127021510,477.31,19746.0,54153.0,41,2167,559,1856,0.9,1739,3.3
127021511,335.57,24212.0,43300.0,40,1517,468,1311,1.1,1216,3.0
127021512,381.62,18299.0,48303.0,37,1950,497,1520,1.0,1440,3.3
127021513,369.45,22367.0,45865.0,38,1815,478,1455,1.1,1409,3.3
127021514,463.85,10292.0,52614.0,39,2167,538,1805,0.9,1817,3.4
127021515,378.56,18288.0,44926.0,40,1733,453,1243,1.1,1087,2.9
127021516,450.12,21309.0,46994.0,37,2057,457,1409,1.0,1373,3.4
127021517,462.67,8871.0,50004.0,40,2037,475,1519,0.9,1477,3.3
127021518,442.4,4347.0,54888.0,44,3000,779,2473,0.8,2372,3.4
127021519,419.86,19551.0,52053.0,39,2167,491,1531,1.0,1370,3.1
127021520,455.42,11204.0,51344.0,42,2065,492,1576,0.9,1560,3.3
127031522,455.87,16626.0,54883.0,36,2167,645,1917,0.9,1730,3.2
127031523,500.47,20902.0,61513.0,37,2400,809,2274,0.8,2120,3.1
127031524,475.69,21301.0,67943.0,35,2275,1027,2652,0.9,2463,3.1
127031599,355.3,12745.0,46618.0,33,2000,471,1330,1.0,1136,3.0
127031601,330.81,5965.0,51717.0,35,1517,598,1405,1.1,1120,2.3
127031730,558.15,12136.0,65989.0,31,2800,1008,2619,0.9,2562,3.4
127031731,379.52,17670.0,53979.0,32,1733,699,1525,1.1,1345,2.3
127031732,370.21,13774.0,48528.0,36,1733,479,1420,1.0,1234,2.9
127031733,527.42,15752.0,57812.0,34,2200,757,2291,0.9,2309,3.6
128011529,535.92,18189.0,68493.0,41,2860,1046,2897,0.8,2428,2.8
128011530,498.69,20782.0,64316.0,40,2600,941,2470,0.9,2005,2.5
128011531,524.87,16469.0,60004.0,46,2817,855,2410,0.8,2017,2.6
128011602,478.59,12890.0,67325.0,37,2544,1020,2531,0.9,1894,2.3
128011603,647.2,13032.0,66894.0,42,3400,1044,3179,0.8,2722,2.9
128011604,500.3,24546.0,66453.0,42,2600,1124,2682,0.9,2105,2.3
128011605,776.65,3371.0,63399.0,42,3900,1195,3646,0.8,3481,3.2
128011606,533.11,8973.0,66027.0,40,3000,1157,3243,0.9,2569,2.6
128021533,533.58,6680.0,65733.0,42,2513,949,2611,0.8,2239,2.7
128021534,677.08,10571.0,66476.0,43,2800,976,2910,0.8,2830,3.1
128021535,584.96,21011.0,66842.0,40,2687,989,2896,0.8,2692,3.0
128021536,499.18,22157.0,71762.0,40,3000,1063,3103,0.8,2745,2.9
128021537,399.5,45.0,35923.0,22,0,825,1625,1.1,1875,3.3
128021538,475.57,23385.0,68118.0,38,2383,1056,2514,0.9,2010,2.3
128021607,507.14,17383.0,66550.0,39,2600,946,2600,0.8,2298,2.9
128021608,559.71,7357.0,67866.0,40,2684,972,2816,0.8,2538,2.9
128021609,734.15,3551.0,67564.0,44,2672,1023,3215,0.8,3154,3.2
201011001,374.41,16841.0,57537.0,34,1698,865,2218,0.8,1952,2.8
201011002,313.22,12071.0,55093.0,45,1700,842,2276,0.7,1573,2.2
201011005,331.32,7229.0,58397.0,42,1662,805,2270,0.8,1927,2.7
201011006,364.95,10648.0,53413.0,33,1500,775,1855,0.7,1627,2.6
201011007,315.7,4211.0,57048.0,41,1733,802,2236,0.8,2065,3.0
201011008,264.41,15312.0,50293.0,38,1300,642,1517,0.7,1191,2.3
201011481,289.94,9654.0,50902.0,41,1300,671,1579,0.7,1209,2.1
201011482,298.43,14701.0,57211.0,41,1560,837,2217,0.7,1644,2.4
201011483,298.78,12206.0,51512.0,37,1387,733,1800,0.7,1396,2.3
201011484,261.1,13062.0,47505.0,39,1179,614,1362,0.7,1020,2.1
201021009,332.68,6533.0,57663.0,43,1700,770,2053,0.8,1731,2.5
201021010,243.63,8041.0,50065.0,49,1300,628,1625,0.7,1238,2.3
201021011,327.17,9874.0,48507.0,53,1600,703,1784,0.8,1343,2.1
201021012,269.92,6340.0,55841.0,44,1695,765,2111,0.8,1813,2.7
201031013,205.33,3501.0,44299.0,53,1006,516,1286,0.7,985,2.2
201031014,211.57,4621.0,49004.0,49,1216,628,1552,0.7,1193,2.2
201031015,256.31,4869.0,52253.0,43,1387,668,1768,0.8,1455,2.6
201031016,237.13,8118.0,46533.0,51,1000,511,1220,0.7,876,2.1
201031017,210.5,5479.0,43754.0,53,1046,494,1323,0.7,956,2.2
202011018,279.39,14955.0,50406.0,39,1300,712,1665,0.7,1267,2.1
202011019,280.2,12932.0,50723.0,38,1300,660,1528,0.7,1223,2.4
202011020,297.88,13930.0,53533.0,44,1430,759,1929,0.7,1408,2.2
202011021,295.37,9419.0,52532.0,38,1399,770,1957,0.7,1465,2.3
202011022,292.85,21071.0,51807.0,42,1300,676,1580,0.7,1238,2.2
202011023,388.29,5502.0,59131.0,37,1690,896,2358,0.8,2203,3.1
202011024,407.59,10679.0,61550.0,39,1742,897,2411,0.8,2217,2.9
202011025,334.95,14452.0,56625.0,34,1469,811,1941,0.8,1689,2.7
202021026,315.94,8311.0,56583.0,41,1625,836,2197,0.8,2040,2.9
202021027,312.27,11291.0,50124.0,50,1408,683,1676,0.7,1200,2.1
202021028,280.59,9147.0,50671.0,52,1473,666,1746,0.7,1317,2.2
202021029,258.76,5026.0,49040.0,53,1387,556,1450,0.7,1115,2.2
202021030,367.48,10499.0,55187.0,46,1737,771,2086,0.7,1695,2.4
202021031,389.45,7911.0,63800.0,46,2000,870,2547,0.8,2113,2.6
202031032,229.51,4908.0,51393.0,46,1300,681,1767,0.8,1454,2.5
202031033,174.15,7233.0,43666.0,52,867,551,1375,0.7,1027,2.2
203011034,381.89,7738.0,59602.0,36,1907,865,2325,0.8,2159,3.0
203011035,321.25,8074.0,54491.0,40,1733,780,2103,0.8,1898,2.9
203011036,302.26,6585.0,53459.0,43,1733,826,2162,0.8,1845,2.6
203021037,353.96,15000.0,54145.0,37,1700,799,2070,0.8,1510,2.3
203021039,341.05,13487.0,54701.0,40,1703,843,2211,0.8,1542,2.1
203021040,336.53,21255.0,59658.0,37,1842,918,2365,0.8,1719,2.3
203021042,375.3,24091.0,57291.0,38,2000,859,2575,0.8,2111,2.7
203021043,379.68,20859.0,59434.0,37,1755,827,2227,0.8,1966,2.7
203021044,378.86,13220.0,54745.0,41,1603,757,1956,0.7,1589,2.5
203021045,302.74,15410.0,48491.0,45,1367,627,1473,0.8,1161,2.2
203021046,366.39,10408.0,60865.0,40,2167,1001,2861,0.8,2092,2.5
203021047,338.56,15741.0,53234.0,42,1560,692,1812,0.8,1386,2.3
203021485,411.69,10329.0,58053.0,31,1755,918,2216,0.7,1988,2.6
203021486,285.27,18356.0,47188.0,36,1300,574,1430,0.8,1230,2.6
203021487,387.3,24827.0,53709.0,36,1733,784,2128,0.8,1779,2.6
203021488,252.0,9040.0,42087.0,38,1200,499,1228,0.8,926,2.1
203031048,376.39,16729.0,53300.0,45,1650,707,1784,0.7,1424,2.4
203031049,391.17,6192.0,44487.0,55,2167,881,2127,0.7,1684,2.2
203031051,343.42,9460.0,50000.0,59,1667,605,1429,0.6,1139,2.1
203031052,393.38,5459.0,53073.0,61,2000,818,1965,0.6,1521,2.1
203031053,504.58,24636.0,59587.0,40,2167,1001,2627,0.8,2281,2.7
203031489,415.86,11326.0,57466.0,35,1907,1004,2399,0.8,2201,2.7
203031490,423.38,19393.0,55833.0,44,2000,850,2320,0.7,1882,2.5
204011054,251.42,6771.0,45651.0,54,1300,643,1528,0.7,1135,2.1
204011055,247.88,6866.0,46690.0,55,1170,621,1479,0.7,1133,2.1
204011056,329.16,15523.0,56102.0,40,1603,737,1949,0.7,1574,2.5
204011057,314.64,10463.0,44822.0,48,1500,722,1708,0.7,1331,2.3
204011058,288.32,4509.0,51645.0,51,1500,715,1755,0.7,1293,2.2
204011059,243.51,6546.0,47032.0,45,1300,633,1483,0.7,1165,2.2
204011060,266.14,4633.0,61602.0,39,1733,908,2126,0.8,1900,2.7
204011062,302.32,4142.0,46948.0,53,1500,635,1592,0.7,1222,2.2
204021063,256.8,10753.0,50478.0,51,1253,645,1521,0.7,1142,2.1
204021064,220.5,3754.0,48944.0,52,1365,688,1626,0.7,1363,2.4
204021065,241.22,4021.0,52424.0,49,1300,734,1808,0.7,1344,2.3
204021066,261.54,19884.0,51353.0,44,1300,708,1732,0.7,1242,2.2
204021067,242.06,9867.0,50608.0,48,1500,763,1847,0.8,1501,2.5
204031068,304.53,4953.0,50952.0,49,1560,766,1899,0.7,1434,2.3
204031069,294.81,8857.0,44353.0,47,1500,768,1826,0.7,1397,2.3
204031070,264.41,3157.0,55752.0,47,1389,752,1915,0.7,1493,2.4
204031071,254.25,4717.0,45949.0,50,1400,683,1673,0.7,1226,2.3
204031072,217.25,6156.0,47618.0,52,1200,688,1657,0.7,1280,2.2
204031073,285.2,15364.0,54431.0,39,1387,763,1905,0.7,1470,2.4
204031075,288.96,5189.0,55183.0,45,1690,851,2125,0.8,1833,2.6
204031491,385.5,12790.0,60158.0,33,1707,977,2266,0.8,2143,2.9
204031492,265.36,15053.0,51297.0,41,1300,717,1606,0.7,1214,2.2
205011076,330.97,19800.0,52297.0,39,1625,704,1799,0.7,1452,2.5
205011077,246.65,6544.0,49500.0,48,1517,695,1782,0.8,1456,2.5
205011078,305.52,8319.0,53367.0,43,1500,722,1846,0.7,1452,2.4
205011079,326.74,23098.0,53072.0,41,1647,756,1993,0.7,1590,2.5
205021081,277.85,15653.0,47309.0,45,1300,648,1516,0.7,1194,2.3
205021082,242.86,8245.0,46713.0,48,1343,669,1619,0.8,1323,2.4
205021084,268.15,11095.0,41363.0,55,1300,562,1317,0.7,1014,2.2
205021085,196.18,6693.0,40000.0,55,1083,529,1280,0.7,926,2.1
205021086,309.13,6902.0,45902.0,61,1300,571,1314,0.7,1071,2.1
205031087,243.85,9378.0,44000.0,54,1300,619,1466,0.7,1110,2.1
205031089,279.4,9787.0,48682.0,46,1499,680,1725,0.8,1384,2.5
205031090,265.98,11439.0,48507.0,47,1457,668,1744,0.7,1315,2.4
205031091,336.73,13736.0,41622.0,52,1517,640,1490,0.7,1175,2.2
205031093,300.63,26745.0,46364.0,51,1467,618,1480,0.7,1154,2.2
205041094,229.04,11858.0,54677.0,42,1300,668,1715,0.7,1409,2.5
205041095,215.45,17272.0,49539.0,45,1083,583,1441,0.7,1017,2.2
205041096,216.05,14400.0,44668.0,43,953,523,1263,0.7,942,2.2
205041098,240.85,4693.0,57525.0,41,1300,747,1994,0.8,1656,2.6
205041493,252.74,11970.0,54885.0,41,1300,709,1847,0.7,1386,2.3
205041494,300.07,16774.0,60215.0,39,1326,822,2082,0.7,1635,2.4
205051100,213.33,4906.0,51324.0,52,1300,600,1476,0.7,1079,2.2
205051101,243.56,14698.0,50471.0,43,1300,670,1726,0.7,1324,2.4
205051102,231.12,4912.0,52868.0,39,1300,723,1837,0.8,1487,2.5
205051103,279.92,15264.0,51541.0,42,1300,702,1777,0.7,1331,2.3
205051104,231.6,5555.0,46910.0,53,1192,547,1343,0.7,1012,2.2
206011106,432.95,12964.0,68762.0,33,2000,1244,2834,1.0,2087,2.0
206011107,376.89,14497.0,61617.0,35,2000,1002,2539,0.9,1786,2.1
206011109,426.9,10463.0,64743.0,39,2167,954,2761,0.9,2245,2.7
206011495,439.33,13077.0,61654.0,34,2167,1032,2718,0.9,2062,2.2
206011496,446.39,13208.0,67432.0,34,2018,1154,2880,0.9,2126,2.1
206011497,422.49,12675.0,58674.0,37,2100,880,2413,0.9,1944,2.4
206011498,447.79,14184.0,63912.0,37,2299,905,2645,0.9,2186,2.6
206021110,395.69,9069.0,68971.0,38,2200,1098,3138,0.9,2112,2.3
206021112,400.19,19153.0,65479.0,37,2200,1041,2710,0.9,1978,2.3
206021499,455.07,15229.0,70975.0,38,2427,1130,3164,0.9,2251,2.4
206021500,478.29,10424.0,70319.0,36,2346,1216,3203,0.9,2318,2.3
206031113,374.36,15351.0,68744.0,37,2458,1080,3024,0.9,2192,2.4
206031115,327.08,9181.0,58302.0,34,2000,927,2221,0.9,1571,2.0
206031116,406.21,16400.0,68259.0,38,2167,1113,2926,0.9,2111,2.2
206031501,396.76,16175.0,63146.0,40,2400,1019,2926,0.9,2195,2.5
206031502,380.55,12314.0,64655.0,37,2167,1111,2896,0.9,2055,2.2
206041117,370.99,17064.0,37422.0,27,1871,652,2064,1.0,1289,1.8
206041118,423.36,15905.0,64801.0,32,2000,1182,2462,1.1,1956,1.8
206041119,467.3,4959.0,75876.0,42,2383,1532,3733,0.9,2345,1.8
206041120,399.5,78.0,55127.0,32,1772,1281,3083,0.7,2178,1.8
206041121,417.9,10872.0,74397.0,35,2162,1246,3063,0.9,2216,2.1
206041124,396.7,7428.0,47285.0,26,2000,588,2567,1.0,1885,2.1
206041125,453.14,6536.0,72369.0,39,2100,1454,3284,0.9,2259,1.8
206041503,379.37,10119.0,37923.0,30,1770,884,2248,1.0,1511,1.7
206041504,378.06,17360.0,26725.0,26,1725,638,1520,1.0,1089,1.7
206041505,382.74,16098.0,36207.0,29,1710,861,1945,1.1,1446,1.7
206041506,388.74,15945.0,56394.0,31,2035,953,2475,1.0,1718,2.0
206041508,434.72,6607.0,60875.0,33,2000,1227,2681,1.0,2054,1.8
206041509,417.5,16506.0,54974.0,31,1820,1152,2385,1.0,1880,1.8
206041510,398.63,7614.0,54039.0,31,2135,1047,2397,1.1,1784,1.9
206051128,477.56,16011.0,72145.0,41,2600,1352,3335,0.9,2303,2.1
206051129,415.23,15032.0,72692.0,38,2300,1363,3210,0.9,2093,1.9
206051130,510.65,16366.0,82015.0,43,2515,1372,3285,0.9,2347,2.1
206051134,391.82,16073.0,64218.0,34,2100,1210,2894,0.9,1988,1.9
206051511,574.75,1944.0,60438.0,32,2279,1346,2967,0.9,2407,2.1
206051512,421.04,11856.0,71600.0,39,2217,1310,3091,0.9,2103,1.9
206051513,387.11,12086.0,63732.0,35,1998,1220,2719,1.0,1788,1.7
206051514,399.1,14090.0,63688.0,38,2000,1236,2787,1.0,1849,1.7
206061135,421.12,9433.0,71484.0,38,2479,1361,3376,0.9,2207,2.0
206061136,425.17,19444.0,71870.0,34,2200,1343,3113,0.9,2098,1.8
206061138,468.96,13096.0,65000.0,47,3146,1428,3904,0.8,2538,2.1
206061515,433.74,11449.0,70196.0,32,2000,1412,2935,1.0,2042,1.6
206061516,393.51,10097.0,71530.0,35,2200,1329,3086,0.9,2001,1.8
206071139,434.46,9258.0,70789.0,33,2167,1354,3024,1.0,2197,1.9
206071140,521.87,8290.0,63877.0,34,2600,1197,3081,0.9,2355,2.3
206071141,430.23,9351.0,70326.0,33,2167,1338,2817,1.0,2130,1.9
206071142,442.15,10608.0,69767.0,35,2500,1265,3072,1.0,2194,2.0
206071143,473.44,12945.0,69884.0,36,2500,1241,3207,0.9,2300,2.2
206071145,483.94,9978.0,77031.0,37,2600,1340,3533,0.9,2529,2.3
206071517,503.77,17977.0,80515.0,33,2500,1509,3516,0.9,2577,2.1
206071518,403.54,14074.0,69844.0,34,2047,1183,2664,1.0,2009,1.9
207011146,454.54,8021.0,69561.0,41,3000,1002,3422,0.8,2743,2.8
207011147,452.24,16323.0,56517.0,43,3000,873,2556,0.8,2017,2.6
207011148,550.96,21406.0,57073.0,42,3102,852,2726,0.8,2350,2.9
207011149,482.24,21500.0,65865.0,43,3000,1051,3294,0.8,2472,2.6
207011150,513.17,17006.0,71001.0,41,3000,1165,3571,0.8,2914,2.7
207011152,416.89,15881.0,66913.0,36,2492,1228,3203,0.9,2228,2.2
207011154,472.97,6555.0,62066.0,41,3000,1042,3166,0.9,2485,2.7
207011155,475.16,16083.0,65707.0,45,3150,1088,3538,0.8,2709,2.7
207011519,407.44,10017.0,67068.0,35,2800,1215,3536,0.9,2300,2.2
207011520,405.3,12137.0,65222.0,34,2100,1207,3116,0.9,2055,2.0
207011521,498.45,11717.0,64395.0,42,3050,1104,3364,0.8,2577,2.6
207011522,443.09,13143.0,65780.0,41,3000,1133,3259,0.8,2459,2.5
207021156,464.58,11370.0,57575.0,45,2400,739,2206,0.7,1812,2.6
207021157,457.15,25173.0,50066.0,40,2167,721,1957,0.8,1595,2.4
207021159,517.82,17101.0,54597.0,46,2700,781,2419,0.8,2163,2.8
207021160,486.85,14280.0,57971.0,45,2500,753,2231,0.8,1919,2.7
207021424,499.71,15786.0,54391.0,43,2400,704,2158,0.8,1934,2.8
207021425,467.73,15593.0,52309.0,40,2383,698,1979,0.8,1656,2.6
207031161,423.36,22356.0,60317.0,40,2300,900,2557,0.8,2050,2.6
207031162,405.8,11019.0,57000.0,42,2251,753,2371,0.8,1861,2.6
207031163,398.77,23212.0,45000.0,34,2088,682,1914,0.9,1441,2.3
207031164,441.64,18292.0,57205.0,39,2491,788,2304,0.8,1920,2.6
207031165,410.11,12522.0,43614.0,33,2457,637,2119,0.8,1564,2.4
207031166,440.62,10774.0,50168.0,41,2147,676,1972,0.8,1610,2.6
207031167,468.62,10251.0,67385.0,42,2600,1071,3092,0.8,2388,2.5
208011168,561.57,14123.0,65173.0,48,3000,1043,3296,0.8,2622,2.7
208011169,539.27,23044.0,65790.0,48,3467,1265,3808,0.8,2718,2.4
208011170,564.18,16692.0,65152.0,44,3335,1064,3421,0.8,2720,2.7
208011171,445.03,12543.0,68641.0,40,2500,1025,2975,0.9,2291,2.5
208011172,458.25,18405.0,68497.0,43,3000,1033,3383,0.8,2415,2.5
208011173,468.67,17521.0,67580.0,48,2800,1082,3310,0.8,2356,2.4
208021174,492.92,25202.0,65044.0,40,2500,970,2863,0.9,2240,2.6
208021176,396.07,18791.0,62079.0,36,2025,1011,2537,0.9,1873,2.2
208021177,426.3,22723.0,56130.0,35,2500,1110,3012,0.9,2184,2.4
208021178,476.7,18228.0,60282.0,41,2798,1044,2988,0.8,2289,2.5
208021179,431.63,12030.0,67962.0,38,2447,1193,3216,0.9,2171,2.3
208021180,421.5,7642.0,62129.0,38,2167,935,2540,0.9,2057,2.5
208021181,388.48,9467.0,64991.0,38,2200,1023,2798,0.9,2089,2.4
208021182,395.69,13280.0,61143.0,36,2153,1013,2670,0.9,1978,2.3
208021426,515.08,16758.0,63521.0,39,2500,919,2656,0.9,2250,2.8
208021427,492.07,14159.0,64143.0,40,2512,934,2627,0.8,2173,2.6
208031183,514.15,8922.0,58971.0,42,2115,846,2549,0.8,2348,3.0
208031185,423.39,12115.0,60848.0,44,2100,890,2370,0.8,1853,2.4
208031186,387.16,15317.0,64937.0,41,2065,962,2411,0.8,1718,2.2
208031187,414.1,5426.0,59690.0,40,2001,805,2313,0.8,1867,2.6
208031188,428.04,24354.0,63446.0,40,2167,925,2470,0.8,1853,2.3
208031189,441.18,13669.0,66004.0,40,2200,1022,2706,0.8,2223,2.6
208031190,394.77,13303.0,64893.0,42,2167,981,2604,0.8,1889,2.3
208031191,437.37,9197.0,63012.0,40,2300,924,2513,0.9,2046,2.6
208031193,408.55,21429.0,65583.0,42,2253,977,2807,0.8,2090,2.5
208041194,412.79,20469.0,68022.0,40,2800,1264,3488,0.9,2364,2.3
208041195,422.29,22202.0,62527.0,38,2944,1057,3292,0.9,2386,2.5
209011196,392.13,9920.0,54088.0,39,2013,706,1966,0.8,1705,2.7
209011197,403.45,20995.0,64810.0,42,2167,907,2477,0.8,2078,2.6
209011198,409.19,16202.0,69397.0,40,2300,1030,2772,0.8,2102,2.4
209011199,362.99,15039.0,57376.0,35,2059,782,2139,0.9,1618,2.3
209011200,440.12,12559.0,69447.0,41,2500,1080,3041,0.9,2280,2.4
209011201,453.33,7799.0,67276.0,45,3000,1167,3549,0.8,2914,2.7
209011202,418.65,16660.0,65387.0,42,2167,957,2549,0.8,2068,2.5
209011203,400.94,18891.0,66187.0,40,2200,900,2487,0.8,2025,2.6
209011204,391.47,9305.0,64935.0,39,2037,871,2410,0.8,1961,2.6
209021205,379.47,10549.0,48030.0,34,2000,691,2091,0.9,1727,2.6
209021428,395.25,20997.0,57940.0,36,2000,863,2287,0.9,1787,2.3
209021429,406.74,12824.0,62000.0,38,2144,902,2455,0.9,1970,2.5
209021523,365.78,14987.0,55392.0,36,1863,772,1978,0.9,1544,2.3
209021524,378.31,9881.0,52000.0,43,2000,580,1701,0.8,1442,2.6
209021525,347.51,12939.0,51994.0,38,1967,688,1910,0.9,1401,2.3
209021526,373.58,14244.0,58614.0,37,2020,865,2211,0.9,1743,2.4
209031209,447.07,23707.0,64846.0,43,2297,984,2843,0.8,2464,2.8
209031210,404.8,3576.0,59303.0,41,2000,898,2402,0.8,2168,2.8
209031211,303.46,4237.0,54161.0,42,1811,782,2077,0.8,1809,2.7
209031212,285.09,5121.0,56151.0,48,2200,876,2483,0.8,2254,2.9
209031213,485.84,9521.0,60660.0,43,2272,950,2802,0.8,2554,3.0
209031214,427.55,6987.0,61748.0,43,2500,1019,3053,0.8,2831,3.0
209031215,432.0,14538.0,62132.0,39,2167,961,2734,0.8,2496,2.9
209041216,403.45,7424.0,53314.0,37,2000,733,2256,0.8,1833,2.7
209041217,387.56,6237.0,51029.0,40,1900,638,1689,0.8,1423,2.4
209041220,382.11,17640.0,54874.0,40,1764,731,2053,0.8,1798,2.8
209041221,379.11,11339.0,53973.0,39,1733,691,1888,0.8,1647,2.7
209041223,354.1,20201.0,47422.0,39,1700,502,1387,0.8,1225,2.6
209041224,377.68,22953.0,57560.0,33,1800,862,2127,0.8,2002,3.0
209041225,368.61,10763.0,55709.0,37,2000,780,2131,0.8,1855,2.8
209041431,371.44,13269.0,52208.0,37,1708,693,1832,0.9,1675,2.9
209041432,352.82,8279.0,50000.0,38,1500,635,1599,0.9,1443,2.7
209041433,389.42,12279.0,55277.0,32,1820,783,1954,0.9,1848,3.2
209041435,404.2,12714.0,57998.0,35,1950,866,2346,0.9,2242,3.2
209041436,387.59,12513.0,56445.0,37,1787,781,2147,0.8,1899,2.8
209041437,394.99,24807.0,55480.0,30,2000,843,2027,0.9,1979,3.3
209041527,404.12,16484.0,60027.0,34,2000,898,2342,0.8,2173,3.1
209041528,393.49,10595.0,60889.0,32,2000,967,2261,0.8,2120,2.9
209041529,352.64,10025.0,46748.0,38,1663,521,1391,0.9,1224,2.6
209041530,375.29,13623.0,50704.0,37,1876,558,1593,0.9,1450,2.9
209041531,386.88,11553.0,58848.0,34,1900,855,2103,0.8,1897,2.9
209041532,397.72,12086.0,57678.0,32,1950,902,2173,0.8,2109,3.2
210011226,415.58,8240.0,64294.0,39,2085,883,2292,0.8,1761,2.3
210011228,400.9,8596.0,58685.0,45,2019,760,2232,0.8,1820,2.6
210011230,435.9,7520.0,66442.0,40,2400,982,2758,0.8,2239,2.6
210011231,447.55,10107.0,65436.0,41,2500,994,2956,0.8,2440,2.8
210011533,402.31,12473.0,59272.0,45,2167,666,2039,0.8,1587,2.6
210011534,416.53,15174.0,61058.0,43,2167,759,2257,0.8,1913,2.6
210021232,430.71,14340.0,65181.0,40,2167,944,2656,0.8,2311,2.8
210021233,361.42,3540.0,68591.0,46,2492,991,2860,0.8,2457,2.7
210021234,404.6,4498.0,61499.0,42,2000,882,2393,0.8,2156,2.8
210021235,373.05,10835.0,58762.0,41,1928,837,2237,0.8,2004,2.7
210031236,404.29,8513.0,60759.0,38,2167,882,2380,0.9,1980,2.5
210031237,384.41,14184.0,49299.0,35,1880,594,1691,0.9,1436,2.8
210031439,430.11,3141.0,65024.0,40,2000,923,2577,0.8,2162,2.7
210031440,381.01,6298.0,56424.0,36,2000,684,1864,0.8,1538,2.5
210031535,375.74,14980.0,52000.0,34,1885,703,1830,0.9,1526,2.6
210031536,378.09,8976.0,52962.0,33,1980,850,2102,0.9,1869,2.6
210031537,406.04,7978.0,63018.0,36,2167,1011,2623,0.9,2204,2.5
210031538,401.75,17402.0,64984.0,36,2100,971,2470,0.9,2003,2.4
210041240,386.22,13788.0,59198.0,39,1789,850,2315,0.8,2106,2.8
210041539,397.11,5302.0,61450.0,32,1800,994,2241,0.7,2009,2.6
210041540,365.06,15103.0,58873.0,38,1800,828,2169,0.7,1727,2.5
210041541,382.96,11271.0,59190.0,36,1733,883,2231,0.8,1987,2.7
210051242,321.94,14063.0,40501.0,33,1419,492,1280,1.0,1172,2.8
210051243,323.9,16245.0,40020.0,34,1500,437,1245,1.0,1104,3.0
210051245,377.03,18176.0,55931.0,41,1900,678,1936,0.8,1600,2.6
210051246,422.3,22406.0,57778.0,35,2167,793,2315,0.8,2250,3.2
210051247,337.76,15070.0,44262.0,34,1460,442,1342,1.0,1274,3.3
210051250,360.29,6628.0,56068.0,40,1733,725,1794,0.8,1404,2.3
210051441,362.52,8190.0,49774.0,34,1517,654,1664,0.9,1523,3.0
210051442,381.19,12446.0,53968.0,32,1842,742,2027,1.0,1958,3.4
210051443,386.63,22007.0,51259.0,32,1900,676,1885,0.9,1835,3.3
210051445,401.6,23795.0,56074.0,30,2000,874,1984,0.8,1982,3.3
210051542,397.47,9975.0,52795.0,30,1907,769,1845,1.0,1876,3.4
210051543,393.64,13194.0,52117.0,31,1900,689,1798,1.0,1752,3.3
210051544,388.03,9582.0,46984.0,34,1647,517,1705,1.0,1642,3.4
210051545,398.72,14848.0,43564.0,30,1750,446,1590,1.0,1619,3.8
211011251,383.36,12708.0,55295.0,38,1827,786,1975,0.8,1610,2.4
211011254,428.71,16734.0,56871.0,39,2117,791,2178,0.8,1953,2.8
211011255,428.06,6654.0,59141.0,41,2200,944,2886,0.8,2756,3.1
211011256,429.87,15540.0,59088.0,41,2000,832,2305,0.8,2083,2.8
211011257,454.22,7962.0,60589.0,41,2156,852,2515,0.8,2285,3.0
211011258,479.28,10462.0,58138.0,42,2062,843,2509,0.8,2363,3.0
211011259,427.72,14446.0,56015.0,41,2167,762,2106,0.8,1883,2.8
211011260,432.87,18099.0,54659.0,44,2100,723,2151,0.8,1821,2.7
211011446,382.09,23837.0,56806.0,39,1869,796,1997,0.8,1609,2.4
211011447,375.5,14247.0,57480.0,41,1889,775,2071,0.8,1606,2.4
211011448,404.2,15451.0,56527.0,39,1950,806,2229,0.8,1960,2.7
211011449,369.34,4380.0,58193.0,39,1950,840,2291,0.8,2049,2.7
211021261,450.93,16410.0,56055.0,45,2582,826,2717,0.8,2284,2.9
211021262,472.14,10181.0,57527.0,46,2300,930,3051,0.8,2779,3.0
211031263,371.09,11967.0,57392.0,39,1849,838,2187,0.8,1800,2.6
211031265,433.47,18232.0,60180.0,41,2167,913,2674,0.8,2377,2.9
211031266,390.36,18919.0,56907.0,38,2000,822,2157,0.9,1660,2.4
211031267,394.68,21351.0,60628.0,39,2100,879,2404,0.8,1945,2.6
211031268,439.72,9723.0,60250.0,43,2200,880,2639,0.8,2330,2.8
211031450,381.16,16236.0,56919.0,38,1885,827,2037,0.8,1566,2.3
211031451,401.41,14246.0,57446.0,41,2078,805,2221,0.8,1695,2.5
211031452,407.26,4936.0,60393.0,38,2000,844,2228,0.8,1888,2.6
211041269,400.4,10866.0,56061.0,42,2123,706,2120,0.8,1658,2.5
211041270,410.19,16930.0,61577.0,39,2167,911,2487,0.8,2030,2.5
211041271,394.81,12518.0,59326.0,39,2167,839,2393,0.9,1938,2.6
211041272,434.19,11079.0,59560.0,40,2383,797,2354,0.8,2042,2.8
211041273,504.18,12042.0,54462.0,46,2383,715,2179,0.7,1944,2.8
211051274,401.0,10091.0,58908.0,40,1950,907,2478,0.8,2253,2.8
211051275,443.38,11876.0,57311.0,38,2167,852,2316,0.8,2084,2.8
211051276,353.14,14181.0,50834.0,45,1733,737,1971,0.8,1594,2.5
211051277,394.48,9980.0,57802.0,38,1970,796,2050,0.8,1654,2.5
211051278,376.16,19786.0,55490.0,40,1950,803,2189,0.8,1784,2.6
211051279,373.67,5859.0,51212.0,43,2000,776,2179,0.8,1872,2.8
211051280,374.1,6993.0,58027.0,41,2000,858,2388,0.8,2094,2.8
211051281,397.89,23442.0,56841.0,37,2000,838,2245,0.8,1992,2.8
211051282,390.33,9770.0,61406.0,45,2028,873,2432,0.8,2102,2.6
211051283,372.35,9866.0,54751.0,38,2000,828,2263,0.8,2045,2.8
211051284,374.54,9848.0,60706.0,41,1950,902,2477,0.8,2148,2.7
211051285,366.67,7963.0,53445.0,39,1950,850,2230,0.8,2066,2.9
211051286,320.28,16947.0,50251.0,43,1690,681,1792,0.8,1439,2.5
212011289,386.73,18802.0,56890.0,41,1980,870,2402,0.8,2176,2.9
212011546,398.96,23966.0,58947.0,33,2000,943,2322,0.8,2146,2.9
212011547,328.89,9940.0,52946.0,40,1950,767,2162,0.8,1897,2.8
212011548,326.85,10160.0,54291.0,35,1940,814,2104,0.8,1823,2.7
212011549,347.59,15622.0,53151.0,32,1733,808,1879,0.8,1651,2.7
212011550,385.32,7567.0,56633.0,32,1950,879,2054,0.8,1887,2.9
212011551,330.26,6493.0,48173.0,35,1517,674,1509,0.8,1235,2.3
212011552,379.35,27171.0,53525.0,33,1800,788,1959,0.8,1803,3.0
212021293,392.04,23181.0,58214.0,43,2000,820,2311,0.7,1885,2.6
212021295,314.01,12058.0,45779.0,34,1500,584,1391,0.9,1262,2.7
212021297,370.3,11598.0,49891.0,36,1700,607,1633,0.9,1496,3.0
212021299,466.5,8308.0,53375.0,43,2372,818,2640,0.8,2659,3.3
212021453,375.59,12190.0,53845.0,39,1836,695,1992,0.8,1823,2.9
212021454,390.4,13461.0,54117.0,39,1918,676,1893,0.8,1733,2.9
212021455,379.57,13617.0,54128.0,36,1733,766,2083,0.8,1920,3.0
212021456,369.46,14900.0,52020.0,35,1738,715,1809,0.8,1615,2.8
212021553,431.98,17986.0,59753.0,35,2100,883,2456,0.8,2361,3.3
212021554,406.57,11362.0,56538.0,34,2000,880,2268,0.9,2175,3.1
212031300,342.3,21581.0,50626.0,35,1627,707,1685,0.8,1477,2.7
212031303,414.34,17641.0,58798.0,32,2167,953,2314,0.8,2228,3.0
212031304,388.6,21853.0,55414.0,32,1842,845,1984,0.9,1903,3.1
212031306,414.2,18271.0,58478.0,33,2080,864,2286,0.9,2330,3.5
212031308,375.23,8083.0,54600.0,40,1901,793,2126,0.8,1895,2.8
212031457,428.86,13270.0,54278.0,36,2000,767,2350,0.9,2352,3.4
212031458,398.13,16930.0,52289.0,33,1820,722,2043,0.9,2011,3.4
212031555,416.43,10652.0,61339.0,32,2300,934,2357,0.8,2288,3.3
212031556,411.18,15038.0,57487.0,29,2167,946,2191,0.8,2193,3.4
212031557,402.27,23785.0,54388.0,31,2000,792,1985,0.9,1931,3.3
212031558,400.85,12450.0,55322.0,30,2000,855,2036,0.9,1958,3.1
212031559,403.47,12925.0,56022.0,30,2029,856,2183,0.9,2184,3.5
212031560,366.21,12042.0,51540.0,34,1709,727,1819,0.9,1686,3.0
212031561,368.78,12858.0,50913.0,32,1600,681,1654,0.9,1623,3.2
212031562,353.38,13518.0,50083.0,34,1550,655,1574,0.9,1462,3.0
212041309,403.35,11653.0,55463.0,44,2010,655,1950,0.8,1659,2.7
212041310,394.22,13562.0,48191.0,34,1997,685,1743,0.9,1630,2.7
212041312,340.03,22834.0,49959.0,38,1733,604,1640,0.9,1436,2.8
212041313,448.16,10553.0,58403.0,45,2058,798,2335,0.8,1981,2.7
212041316,363.26,7518.0,50773.0,40,1759,597,1722,0.8,1453,2.7
212041317,361.66,22515.0,41788.0,36,1745,558,1470,1.0,1401,2.9
212041318,361.65,12728.0,44599.0,38,1600,559,1498,1.0,1505,3.2
212041459,326.44,12889.0,47690.0,35,1600,687,1610,1.0,1359,2.5
212041460,343.48,19810.0,45284.0,36,1700,586,1501,1.0,1399,2.9
212041563,311.97,21820.0,44457.0,35,1500,592,1399,1.0,1208,2.6
212041564,341.08,9491.0,46426.0,32,1647,588,1414,1.1,1288,3.0
212041565,388.94,15205.0,49611.0,40,1733,599,1610,0.9,1525,3.0
212041566,521.97,15290.0,57646.0,34,2478,890,2455,0.9,2493,3.4
212051319,421.05,19782.0,58236.0,36,2500,871,2449,0.8,2011,2.5
212051321,499.23,21882.0,53350.0,42,2600,701,2180,0.8,1949,2.9
212051322,475.46,21324.0,52580.0,39,2400,713,2136,0.8,1890,2.8
212051323,494.87,16238.0,56451.0,40,2600,797,2353,0.8,2049,2.8
212051324,478.62,19471.0,57988.0,40,2600,820,2408,0.8,2079,2.7
212051325,438.18,20072.0,56758.0,40,2167,746,2134,0.8,1913,2.8
212051326,421.76,23253.0,57020.0,37,2167,841,2331,0.9,1956,2.6
212051327,489.54,20854.0,55648.0,48,2500,720,2124,0.7,1818,2.7
212051567,388.54,10099.0,31781.0,26,1860,503,1630,0.9,1278,2.2
212051568,411.41,12276.0,41183.0,30,2000,709,1856,0.9,1711,2.7
213011328,314.56,7590.0,49079.0,36,1700,704,1733,0.9,1366,2.3
213011329,405.69,10142.0,53217.0,36,1883,658,1998,0.9,2062,3.4
213011331,352.57,8148.0,49822.0,39,1517,611,1667,0.9,1486,2.8
213011332,371.53,13193.0,53483.0,42,1733,604,1762,0.8,1553,2.8
213011333,318.09,14076.0,46772.0,38,1500,482,1329,0.9,1246,2.9
213011334,324.63,20838.0,42041.0,36,1473,495,1310,0.9,1183,2.7
213011335,320.41,17656.0,42308.0,38,1500,485,1327,0.9,1232,2.9
213011336,337.04,9568.0,48255.0,35,1842,706,1806,0.9,1566,2.6
213011337,341.28,12161.0,46199.0,37,1733,546,1491,0.9,1399,2.9
213011338,344.99,18770.0,49163.0,38,1700,565,1533,0.9,1416,2.8
213011339,377.45,11859.0,53675.0,37,1650,721,2023,0.8,1820,2.8
213011340,412.69,17070.0,57991.0,45,1820,759,2357,0.8,2167,3.0
213011569,352.14,18219.0,50273.0,35,1690,621,1586,0.9,1459,2.9
213011570,401.19,8748.0,58166.0,32,1976,851,2218,1.0,2271,3.6
213021341,401.07,13655.0,69871.0,42,2200,945,2475,0.8,1861,2.3
213021342,342.48,18660.0,58564.0,41,1700,730,1946,0.8,1573,2.5
213021343,401.77,15084.0,63837.0,37,2167,803,2186,0.8,1740,2.5
213021344,465.08,18983.0,76276.0,38,2500,1240,3213,0.9,2555,2.6
213021345,375.61,4999.0,60258.0,37,1803,823,2201,0.9,2042,2.9
213021346,436.93,16075.0,70499.0,45,2600,1089,3235,0.9,2382,2.5
213031347,351.42,19359.0,51122.0,34,1952,727,1947,0.9,1686,2.6
213031348,363.18,17419.0,56181.0,34,1940,916,2296,1.0,1763,2.1
213031349,399.89,12712.0,59476.0,36,2000,980,2403,0.9,2020,2.4
213031350,415.42,9363.0,73758.0,37,2500,1240,3149,0.9,2364,2.4
213031351,359.09,11881.0,61195.0,35,2129,1003,2586,0.9,1988,2.4
213031352,470.52,15651.0,77464.0,37,2500,1247,3216,0.9,2483,2.5
213041353,336.69,25057.0,58803.0,37,1733,823,2156,0.8,1807,2.7
213041358,339.75,21505.0,52800.0,33,1625,725,1794,0.8,1621,3.0
213041359,397.63,17900.0,59147.0,31,2017,946,2191,0.8,2123,3.2
213041360,416.25,19794.0,58489.0,34,2000,813,2350,0.9,2315,3.4
213041461,407.94,5857.0,55661.0,37,2000,676,2054,0.9,1871,3.1
213041462,412.19,6440.0,57212.0,33,2000,803,2220,1.0,2246,3.6
213041463,408.64,20634.0,58577.0,35,1950,813,2277,0.9,2133,3.1
213041571,356.46,9948.0,53294.0,33,1658,700,1803,0.8,1627,3.1
213041572,385.39,7715.0,56834.0,29,1904,940,2057,0.8,2056,3.3
213041573,403.69,3026.0,71459.0,35,1938,1107,2687,0.8,2562,3.1
213041574,425.54,10239.0,62096.0,31,2100,966,2337,0.8,2254,3.2
213041575,393.12,16346.0,55911.0,36,1920,816,2332,0.8,2212,3.2
213041576,320.15,11748.0,52911.0,35,1517,704,1765,0.8,1556,2.8
213041577,303.79,7966.0,48542.0,39,1300,538,1303,0.7,1061,2.4
213041578,322.0,16926.0,50828.0,32,1517,641,1511,0.8,1363,2.8
213051361,340.42,18657.0,53680.0,37,1600,732,1908,0.8,1705,2.8
213051362,335.23,18991.0,50781.0,37,1551,653,1686,0.8,1470,2.8
213051363,380.38,11643.0,53105.0,32,2000,875,2241,0.8,2091,2.8
213051368,359.24,16994.0,56990.0,37,2000,834,2177,0.8,1802,2.6
213051464,417.82,19593.0,60031.0,33,2200,963,2445,0.8,2381,3.2
213051466,414.68,19384.0,66731.0,33,2167,1070,2576,0.9,2522,3.4
213051467,312.06,19235.0,50424.0,36,1500,637,1614,0.8,1374,2.6
213051468,367.48,22692.0,57724.0,32,1842,889,2172,0.8,1995,2.8
213051579,376.24,10791.0,62429.0,31,1930,970,2325,0.9,2309,3.3
213051580,401.09,14324.0,60075.0,36,1950,851,2363,0.8,2185,3.0
213051581,405.77,9689.0,62211.0,34,2000,953,2504,0.9,2439,3.2
213051582,398.11,10316.0,55800.0,29,2000,903,2047,0.9,2086,3.4
213051583,390.12,28594.0,53402.0,30,1900,830,2127,0.9,2164,3.5
213051584,399.61,7340.0,53618.0,29,2065,933,2121,0.9,2198,3.4
213051585,381.2,11312.0,53480.0,31,1811,772,1958,0.9,1885,3.4
213051586,404.05,9548.0,55684.0,30,2167,962,2239,0.8,2307,3.3
213051587,403.69,9761.0,57514.0,31,2000,972,2322,0.9,2337,3.3
213051588,389.82,19389.0,52097.0,30,1893,804,1941,1.0,1947,3.5
213051589,356.61,9176.0,54307.0,29,1800,854,1962,0.8,1862,3.0
213051590,333.81,13704.0,55189.0,33,1668,750,1912,0.8,1766,3.0
214011370,378.7,22264.0,55824.0,36,1733,817,1993,0.8,1658,2.5
214011371,334.82,23909.0,53375.0,39,1733,765,1941,0.8,1383,2.2
214011372,339.84,19666.0,51261.0,38,1597,665,1643,0.7,1313,2.3
214011373,421.99,18948.0,60128.0,44,2167,862,2474,0.8,2038,2.6
214011374,377.34,25252.0,57698.0,38,1900,868,2274,0.8,1950,2.7
214011375,360.92,17362.0,57988.0,40,1850,809,2081,0.8,1500,2.3
214011376,458.8,13423.0,60330.0,38,2000,920,2378,0.8,2224,2.9
214021377,413.84,13469.0,49549.0,51,1950,710,1794,0.7,1398,2.2
214021378,422.95,6024.0,49063.0,56,2244,1002,2593,0.7,2197,2.4
214021379,328.73,24245.0,52379.0,42,1733,751,1839,0.8,1407,2.4
214021381,506.07,18924.0,59493.0,45,2600,966,2956,0.8,2547,2.8
214021382,498.76,20026.0,55070.0,46,2167,846,2481,0.7,2097,2.7
214021383,385.78,20000.0,44549.0,53,1888,751,1853,0.7,1430,2.2
214021384,356.32,23149.0,45882.0,52,1733,621,1513,0.7,1155,2.1
214021385,381.56,18693.0,53836.0,41,1800,797,2129,0.8,1781,2.6
214021591,399.18,15272.0,53523.0,45,2000,710,2023,0.8,1502,2.5
214021592,413.54,10638.0,54017.0,57,2100,780,1969,0.7,1389,2.0
215011386,249.61,8470.0,50186.0,45,1083,681,1608,0.7,1216,2.2
215011387,164.29,3184.0,44807.0,49,1083,718,1792,0.7,1384,2.4
215011388,245.03,16951.0,52333.0,40,1203,766,1820,0.7,1347,2.3
215011389,186.17,3451.0,45779.0,46,1134,806,2007,0.8,1567,2.5
215011390,178.9,6907.0,47992.0,50,737,658,1591,0.7,1179,2.2
215011391,188.2,3428.0,43472.0,52,867,597,1399,0.7,993,2.1
215011392,213.53,8467.0,49443.0,48,1010,675,1554,0.7,1184,2.2
215011393,143.87,2749.0,41921.0,52,758,698,1655,0.7,1176,2.1
215011394,169.56,6453.0,45519.0,52,672,624,1485,0.7,1099,2.1
215021395,260.35,7679.0,50100.0,40,1473,786,2040,0.8,1716,2.7
215021396,220.33,4954.0,48984.0,43,1140,667,1645,0.8,1338,2.5
215021398,155.55,3711.0,45104.0,46,900,699,1678,0.7,1239,2.3
215021399,236.23,6123.0,44616.0,41,1083,680,1682,0.8,1346,2.5
215021469,264.85,18085.0,43717.0,39,1148,663,1484,0.8,1210,2.3
215021470,298.58,16414.0,48949.0,39,1334,701,1784,0.8,1407,2.5
215031400,166.06,6136.0,43474.0,52,734,618,1468,0.7,1089,2.2
215031401,186.22,6666.0,44429.0,52,997,601,1420,0.7,1114,2.2
215031402,207.81,3944.0,48296.0,51,1000,573,1412,0.7,1006,2.1
215031403,220.0,3749.0,29978.0,36,1040,618,1468,0.9,1347,2.9
215031404,236.65,11173.0,48819.0,38,1300,754,1802,0.8,1390,2.3
215031405,190.09,6460.0,44774.0,43,966,706,1682,0.8,1373,2.5
216011406,286.29,15591.0,50177.0,45,1483,713,1741,0.7,1347,2.3
216011407,216.18,11057.0,49450.0,45,1235,654,1598,0.8,1228,2.4
216011408,204.8,3910.0,47845.0,45,1320,711,1708,0.8,1428,2.6
216011409,215.67,3988.0,48644.0,50,1122,606,1532,0.7,1166,2.3
216011410,201.33,4168.0,45543.0,52,1023,568,1388,0.7,1072,2.2
216021411,241.72,6440.0,44500.0,48,1278,606,1450,0.7,1057,2.2
216021412,219.5,2832.0,48895.0,48,1213,666,1579,0.8,1361,2.5
216021413,214.7,12502.0,49595.0,46,1172,636,1577,0.7,1243,2.4
216021414,288.9,8593.0,47750.0,52,1430,625,1445,0.7,1149,2.3
216031415,244.95,8309.0,48472.0,43,1148,634,1455,0.8,1121,2.2
216031416,270.95,20037.0,53090.0,38,1369,784,1955,0.8,1560,2.5
216031418,237.62,4010.0,51850.0,43,1300,770,1967,0.8,1628,2.7
216031419,235.44,10329.0,51852.0,45,1300,701,1780,0.8,1379,2.4
216031593,389.4,9067.0,55521.0,38,1625,845,2200,0.8,2001,2.9
216031594,268.8,16573.0,44246.0,37,1166,600,1357,0.8,1144,2.5
217011420,187.26,8872.0,47894.0,51,1073,652,1654,0.7,1234,2.2
217011421,233.02,10286.0,49466.0,45,1083,693,1652,0.7,1247,2.2
217011422,241.73,11183.0,50419.0,47,1105,631,1551,0.7,1200,2.2
217011423,179.31,6266.0,43495.0,49,931,711,1755,0.7,1289,2.3
217031471,237.39,3471.0,49861.0,50,1134,633,1533,0.7,1129,2.2
217031472,264.34,12698.0,51325.0,42,1300,701,1701,0.7,1250,2.3
217031473,253.07,5645.0,48446.0,45,1400,732,1863,0.8,1441,2.5
217031474,213.06,5360.0,47165.0,49,1000,667,1632,0.7,1183,2.2
217031475,229.5,7146.0,46372.0,45,1200,734,1763,0.7,1406,2.5
217031476,289.23,3979.0,39939.0,52,1387,681,1522,0.7,1167,2.1
217041477,212.69,6990.0,46395.0,42,1300,769,1905,0.8,1513,2.5
217041478,280.58,9967.0,49992.0,46,1517,758,1911,0.7,1522,2.4
217041479,301.64,22470.0,51235.0,40,1451,760,1892,0.7,1451,2.4
217041480,288.56,13298.0,50923.0,44,1387,761,1899,0.8,1380,2.2
301011001,395.87,16867.0,56916.0,38,1829,825,2068,0.8,1837,2.7
301011002,460.15,7643.0,59991.0,41,2268,951,2784,0.8,2588,3.1
301011003,437.58,15457.0,60507.0,43,2000,822,2277,0.7,1944,2.7
301011004,383.1,18577.0,56832.0,39,1785,803,2083,0.8,1738,2.6
301011005,385.72,3927.0,58655.0,41,1787,827,1963,0.8,1488,2.3
301011006,454.36,12045.0,59426.0,43,2013,876,2431,0.7,2173,2.8
301021007,399.74,16074.0,55012.0,51,2000,746,1998,0.7,1430,2.3
301021008,458.43,6443.0,58655.0,47,2000,811,2333,0.7,1913,2.6
301021009,475.86,18100.0,57380.0,39,2076,847,2211,0.7,2074,2.8
301021011,481.57,8459.0,64863.0,37,2167,1050,2687,0.8,2637,3.1
301021012,467.99,19664.0,59616.0,36,2167,920,2378,0.7,2218,2.9
301021013,448.86,15329.0,54633.0,49,1950,703,1933,0.7,1511,2.5
301021550,323.89,2193.0,41612.0,52,1733,644,1534,0.8,1147,2.1
301021551,259.62,8574.0,37032.0,61,904,455,954,0.7,761,1.9
301031015,407.4,7991.0,64704.0,45,2167,928,2608,0.8,2051,2.5
301031016,437.75,12023.0,63756.0,40,2050,919,2411,0.8,2117,2.7
301031017,460.25,4840.0,65367.0,35,2167,1112,2688,0.8,2404,2.6
301031018,420.42,8987.0,62000.0,38,1900,947,2321,0.8,1983,2.6
301031019,520.06,9563.0,73431.0,36,2383,1220,3166,0.8,3006,3.1
301031020,395.66,14738.0,61993.0,43,2167,912,2424,0.8,1882,2.4
301031021,409.78,15941.0,60116.0,38,1950,858,2188,0.8,1856,2.6
302011022,402.63,7931.0,58056.0,36,1750,875,2197,0.8,2018,2.8
302011023,518.99,10619.0,67966.0,40,2500,1081,3050,0.7,2846,3.0
302011024,440.69,9953.0,62563.0,41,2000,855,2334,0.7,2012,2.6
302011025,422.9,10193.0,65671.0,35,1950,1042,2464,0.8,2024,2.4
302011026,467.1,8017.0,66466.0,38,2167,1056,2708,0.7,2461,2.8
302021027,420.56,13063.0,61262.0,43,2000,851,2343,0.8,1838,2.5
302021028,373.86,11603.0,55310.0,35,1690,844,1886,0.9,1419,1.9
302021029,462.65,6696.0,62945.0,37,2058,919,2438,0.8,2187,2.7
302021030,419.06,4597.0,62207.0,38,2000,956,2551,0.8,2164,2.7
302021031,380.6,14686.0,68234.0,35,2200,1134,2882,0.8,2142,2.4
302021032,362.77,7016.0,62670.0,35,2000,968,2418,0.8,1762,2.2
302021033,413.6,7230.0,62561.0,39,2167,897,2477,0.8,2091,2.6
302021034,428.83,10472.0,70777.0,37,2450,1154,3103,0.8,2638,2.7
302031035,407.36,9738.0,58467.0,38,1800,834,2179,0.7,1887,2.6
302031037,462.84,2105.0,70692.0,38,1955,1269,2593,1.0,2060,1.8
302031038,380.44,7167.0,63949.0,35,2167,1041,2776,0.8,2216,2.5
302031039,462.27,10948.0,65000.0,37,2091,1013,2620,0.8,2307,2.7
302031040,375.46,13539.0,63160.0,35,1733,1058,2429,0.9,1763,2.0
302041041,420.32,17807.0,58148.0,37,1800,834,2149,0.8,1972,2.8
302041042,403.68,9788.0,64823.0,42,1993,910,2424,0.8,1981,2.6
302041043,362.21,3817.0,60221.0,42,1846,831,2283,0.8,1605,2.3
302041044,294.04,6905.0,65229.0,48,2167,815,2772,0.8,1908,2.4
302041045,391.16,14296.0,57059.0,37,1679,783,1957,0.8,1568,2.4
302041046,357.55,9465.0,53293.0,34,1677,788,1756,0.8,1426,2.3
303011047,462.03,12321.0,74603.0,35,2600,1298,3498,0.8,3010,2.8
303011048,451.73,7027.0,67933.0,34,2362,1136,2852,0.8,2320,2.5
303011049,439.06,11999.0,66744.0,37,2000,1021,2472,0.8,2075,2.4
303011050,405.62,6978.0,64353.0,36,1950,977,2359,0.8,1993,2.3
303011051,538.72,16773.0,62009.0,43,2400,910,2739,0.7,2382,2.8
303021052,365.58,12148.0,58938.0,33,2000,960,2442,0.9,1831,2.2
303021053,399.46,18157.0,65884.0,35,2058,1129,2839,0.8,2100,2.3
303021054,402.58,5094.0,56597.0,32,2167,914,2616,0.9,2055,2.4
303021055,385.16,10713.0,62410.0,33,1866,1072,2566,0.9,1941,2.1
303021056,381.78,9013.0,67619.0,37,2300,1031,2964,0.8,2331,2.7
303021057,391.34,6497.0,67464.0,36,2167,1067,2812,0.8,2196,2.5
303021058,445.17,8774.0,50175.0,29,2000,868,2387,1.0,1864,2.1
303021059,388.48,10339.0,64973.0,38,2167,1083,2896,0.8,2102,2.3
303031060,415.61,15463.0,50823.0,36,1831,777,2055,0.8,1942,2.9
303031061,434.26,6067.0,40261.0,34,1950,634,1679,0.8,1752,3.0
303031062,430.96,9003.0,56814.0,39,2144,781,2248,0.8,2060,3.0
303031063,388.85,16159.0,63047.0,35,2031,948,2463,0.8,2017,2.5
303031064,595.92,11209.0,58947.0,34,2600,985,2615,0.8,2614,3.3
303031065,411.52,11170.0,50704.0,33,1967,746,2057,0.9,1664,2.4
303031066,443.19,11577.0,56902.0,40,1959,784,2191,0.8,2017,2.9
303041067,374.39,5793.0,47625.0,33,1733,722,1883,0.9,1606,2.6
303041068,366.3,10990.0,63436.0,36,2000,974,2452,0.8,1866,2.3
303041069,413.28,4941.0,40680.0,37,1950,660,1853,0.8,1664,2.8
303041070,379.14,7672.0,60390.0,34,2000,903,2525,0.8,2087,2.6
303041071,454.48,11084.0,73548.0,37,2453,1167,3313,0.8,2928,2.9
303051072,400.59,9139.0,54119.0,36,1750,752,1866,0.8,1716,2.8
303051073,421.85,23311.0,50847.0,35,1804,769,1959,0.8,1926,3.1
303051074,469.66,10402.0,61172.0,31,2100,988,2380,0.8,2385,3.2
303051075,460.52,16404.0,57597.0,36,1950,838,2242,0.8,2194,3.2
303051076,336.73,9856.0,50000.0,34,1517,659,1625,0.8,1350,2.5
303061077,426.25,9146.0,53327.0,35,2100,726,2151,0.8,2079,3.2
303061078,405.87,14313.0,47441.0,34,1600,738,1810,0.8,1742,2.9
303061079,400.08,9187.0,39267.0,35,1961,630,1604,0.8,1593,3.0
303061080,413.44,18440.0,47465.0,37,1853,670,1805,0.8,1725,3.0
304011081,479.79,7727.0,65700.0,41,2167,924,2630,0.7,2360,2.8
304011082,433.17,7168.0,62221.0,39,1886,872,2345,0.8,2141,2.8
304011083,416.0,4179.0,64418.0,36,1820,974,2309,0.7,2059,2.7
304011084,474.43,9833.0,70959.0,43,2167,968,2843,0.7,2517,2.8
304011085,536.62,4490.0,67925.0,43,2275,1008,2858,0.7,2706,3.0
304021086,461.36,10654.0,65836.0,40,2076,935,2588,0.7,2385,3.0
304021087,502.25,7103.0,67560.0,46,2700,1059,3601,0.7,3239,3.0
304021088,557.07,10866.0,71238.0,42,2407,1084,3227,0.7,2957,2.9
304021089,588.5,4410.0,73394.0,40,3033,1205,4226,0.8,3791,3.2
304021090,523.21,9538.0,69221.0,40,2200,1032,2912,0.7,2493,2.8
304021091,517.32,5740.0,73363.0,45,2700,1113,3573,0.7,3388,3.1
304031092,492.59,7946.0,70862.0,40,2800,1231,3665,0.8,3172,2.9
304031093,387.73,5387.0,67315.0,41,2200,985,2835,0.8,2168,2.6
304031094,440.31,13688.0,58417.0,33,2039,922,2498,0.9,2070,2.5
304031095,386.82,6524.0,66919.0,38,2210,1059,2923,0.8,2073,2.4
304031096,422.39,12485.0,38379.0,25,2000,548,2389,0.9,1761,2.4
304031097,399.7,9165.0,58312.0,33,1900,979,2479,0.9,1911,2.2
304041098,362.85,9202.0,69428.0,32,2000,1131,2623,0.8,1975,2.3
304041100,391.56,7496.0,62585.0,39,1950,795,2128,0.8,1633,2.4
304041101,387.5,9029.0,70446.0,36,2167,1039,2842,0.8,2240,2.6
304041103,498.77,17406.0,69395.0,42,2266,1036,2953,0.8,2572,2.9
304041104,419.44,11855.0,70186.0,37,2167,1063,2764,0.8,2585,3.0
305011105,468.97,13686.0,43613.0,31,2000,915,2419,1.0,1857,1.8
305011106,412.07,9737.0,54057.0,31,1733,1059,2260,1.1,1670,1.6
305011107,382.21,6467.0,54736.0,37,2383,937,2651,0.9,1935,2.3
305011108,453.51,9954.0,63759.0,36,1950,1170,2675,0.9,2059,1.8
305011109,409.4,12673.0,67705.0,39,2276,1220,3162,0.9,2069,1.9
305011110,477.68,14575.0,51434.0,29,1950,888,2295,1.1,1831,1.9
305011111,416.89,7022.0,46196.0,31,1733,932,2321,1.1,1869,2.0
305011112,455.82,15279.0,62189.0,33,2100,1128,2710,1.0,2103,2.1
305021113,454.63,4616.0,72084.0,37,2708,1300,3427,0.8,2730,2.6
305021114,489.33,7503.0,79143.0,40,2800,1402,3649,0.8,2868,2.4
305021115,407.94,6222.0,58543.0,33,2167,1043,2700,0.9,2054,2.2
305021116,426.95,5207.0,72366.0,37,2800,1352,3945,0.8,3018,2.6
305021117,431.71,14573.0,70380.0,34,2167,1194,2920,0.8,2323,2.4
305021118,451.73,6958.0,72540.0,35,2600,1319,3478,0.8,2918,2.6
305031119,427.46,4371.0,64238.0,32,2000,1161,2603,0.9,2052,2.0
305031120,399.5,6691.0,69904.0,35,2200,1196,3122,0.8,2347,2.4
305031121,388.27,5845.0,65422.0,39,2400,1178,3254,0.8,2208,2.2
305031122,359.62,10914.0,62924.0,37,2000,1099,2832,0.8,1931,2.2
305031123,450.55,4694.0,76572.0,37,2600,1322,3836,0.8,3243,2.9
305031124,420.15,6869.0,63551.0,42,2167,1198,2969,0.9,2061,2.0
305031125,542.64,5022.0,71530.0,39,2900,1214,3631,0.7,3018,2.7
305031126,413.13,10381.0,49187.0,29,2080,784,2321,1.0,1759,2.3
305031127,389.46,5159.0,60469.0,33,2167,1038,3094,0.8,2251,2.5
305031128,453.98,18451.0,70781.0,33,2000,1405,2916,1.0,2160,1.7
305031129,405.64,4086.0,72143.0,37,2708,1253,3969,0.8,3003,2.7
305031130,404.15,8117.0,64996.0,32,2278,1138,2903,0.9,2192,2.3
305031131,379.96,11223.0,63460.0,34,2200,1105,2839,0.9,2086,2.2
305041132,440.45,13935.0,69268.0,38,2600,1153,3643,0.8,2873,2.8
305041133,399.63,5761.0,59551.0,32,2167,1071,3040,0.9,2180,2.3
305041134,481.55,10477.0,75067.0,38,2903,1334,4186,0.8,3407,2.8
305041135,450.46,12427.0,65061.0,33,2500,1248,3391,0.9,2426,2.3
305041136,429.15,6069.0,63019.0,32,2700,1122,3375,0.8,2355,2.4
305041137,426.02,12692.0,59207.0,30,2052,972,2628,0.9,1932,2.1
306011138,455.02,5586.0,57635.0,39,1733,979,2374,0.8,2190,2.8
306011139,407.88,11913.0,53715.0,47,1733,818,1984,0.7,1638,2.4
306011140,354.75,3781.0,60528.0,41,1647,1026,2270,0.8,1841,2.4
306011141,429.45,14012.0,60206.0,38,1800,969,2405,0.8,2193,2.9
306011142,428.19,17095.0,55737.0,38,1733,859,2113,0.8,1800,2.6
306011143,322.62,6184.0,50404.0,46,1408,791,1744,0.8,1327,2.1
306021144,383.44,8496.0,54000.0,32,1517,821,1948,0.8,1831,3.0
306021145,334.7,12819.0,43658.0,37,1300,838,1794,0.9,1375,2.0
306021146,344.23,8451.0,54452.0,43,1522,789,1967,0.8,1478,2.4
306021147,353.63,11610.0,52705.0,33,1517,795,1878,0.8,1643,2.8
306021148,333.06,9964.0,55871.0,38,1625,841,2058,0.8,1790,2.7
306021149,348.66,10081.0,52681.0,40,1625,782,1970,0.8,1713,2.6
306021151,272.3,6287.0,44206.0,36,1100,629,1338,0.9,1054,2.2
306021152,256.51,5249.0,44819.0,39,1300,648,1472,1.0,1069,2.1
306021153,395.53,8777.0,54685.0,37,1542,857,2018,0.8,1826,2.7
306021154,284.04,6611.0,46017.0,39,1300,677,1514,1.0,1154,2.0
306021155,345.4,4979.0,49888.0,37,1343,694,1588,0.8,1396,2.6
306021156,333.99,8456.0,57009.0,43,1733,915,2217,0.8,1677,2.3
306021157,282.63,5187.0,45972.0,38,1300,679,1417,0.9,1152,2.3
306031158,238.34,4606.0,50008.0,47,1367,670,1668,0.8,1320,2.4
306031159,247.01,9404.0,41115.0,41,1192,621,1426,0.8,1105,2.4
306031160,258.01,8080.0,45444.0,47,1300,674,1552,0.8,1301,2.4
306031161,266.81,11124.0,42879.0,48,1300,644,1450,0.8,1190,2.3
306031163,152.72,2597.0,28950.0,25,1392,337,911,1.5,1254,4.5
306041164,266.08,6732.0,43082.0,47,1408,648,1520,0.8,1201,2.3
306041165,358.6,5624.0,38803.0,45,1665,824,1851,0.8,1441,2.2
306051166,282.44,11746.0,45049.0,45,1460,668,1620,0.8,1208,2.3
306051167,226.73,5570.0,38743.0,52,1083,483,1182,0.9,900,2.2
306051168,272.98,4869.0,46184.0,47,1647,622,1644,0.9,1352,2.5
306051169,263.5,9172.0,44503.0,51,1430,661,1534,0.8,1296,2.4
306051170,285.75,11994.0,44879.0,41,1495,689,1607,0.8,1282,2.5
307011171,208.49,4378.0,46390.0,40,1169,780,1704,0.8,1358,2.4
307011172,249.57,8894.0,51814.0,35,1314,794,1930,0.8,1549,2.6
307011173,288.21,6286.0,52079.0,38,1517,859,1995,0.8,1629,2.5
307011174,203.68,4096.0,44709.0,45,867,592,1381,0.8,1118,2.4
307011175,203.0,4214.0,47158.0,38,1018,774,1628,0.7,1334,2.4
307011176,240.76,6926.0,57474.0,35,1300,957,2171,0.7,1706,2.4
307011177,174.03,6031.0,46967.0,42,1114,770,1872,0.8,1436,2.5
307011178,184.38,3891.0,40453.0,47,790,494,1195,0.8,945,2.3
307021179,242.72,9261.0,50019.0,50,1300,547,1363,0.8,1109,2.4
307021180,262.92,7744.0,50625.0,41,1300,712,1628,0.8,1357,2.6
307021181,224.0,3254.0,49441.0,47,1000,620,1502,0.8,1200,2.4
307021182,266.36,5826.0,50851.0,42,1414,693,1724,0.8,1406,2.6
307021183,248.61,17333.0,51060.0,37,1300,725,1756,0.8,1410,2.5
307031184,251.83,5145.0,51376.0,46,1352,642,1629,0.8,1307,2.5
307031185,234.35,4384.0,46369.0,51,1386,604,1489,0.8,1244,2.4
307031186,240.47,5020.0,46703.0,50,1300,552,1335,0.8,1096,2.4
307031187,247.27,5311.0,39370.0,50,1200,564,1353,0.7,970,2.1
307031188,238.05,6286.0,37639.0,49,1248,561,1347,0.8,1137,2.5
307031189,265.55,15756.0,48152.0,44,1222,618,1423,0.7,1117,2.3
308011190,165.23,7306.0,72446.0,32,1083,969,2319,0.8,2069,2.6
308011191,134.89,7680.0,56141.0,40,1300,882,2205,0.8,1620,2.5
308011192,307.22,14352.0,60628.0,32,1600,1033,2510,0.8,2190,2.7
308031205,258.09,7111.0,50842.0,35,1116,676,1518,0.8,1172,2.3
308031206,251.13,1965.0,56684.0,46,1550,644,1674,0.9,1437,2.6
308031207,358.35,5836.0,54323.0,49,1517,618,1456,0.7,1203,2.3
308031208,298.39,9151.0,62641.0,37,1475,884,2145,0.8,1737,2.5
308031209,394.0,5284.0,70766.0,39,1950,983,2514,0.8,2432,3.0
308031210,341.37,12579.0,57784.0,33,1517,779,1857,0.8,1713,2.8
308031211,264.48,4941.0,52314.0,35,1300,734,1691,0.8,1374,2.5
308031212,201.71,2959.0,48796.0,53,840,463,1101,0.8,813,2.1
308031213,310.92,10828.0,62533.0,37,1625,837,2127,0.7,1778,2.6
308031214,261.21,5342.0,54719.0,36,1300,697,1655,0.8,1281,2.4
308031215,286.1,7558.0,58277.0,35,1517,826,2060,0.8,1626,2.6
308031216,266.84,5952.0,58920.0,39,1300,774,1894,0.8,1408,2.3
308031217,246.83,3399.0,47965.0,41,1073,613,1396,0.8,1061,2.1
308031218,295.35,3532.0,61447.0,46,1733,722,1912,0.8,1589,2.6
308031219,274.0,4629.0,51754.0,44,1755,740,1926,0.9,1679,2.7
308031220,289.8,3026.0,60523.0,43,1733,836,2160,0.8,1851,2.7
308031222,286.34,8071.0,61586.0,38,1473,784,2263,0.8,1600,2.3
308031223,355.95,20574.0,61281.0,42,1733,786,2065,0.7,1641,2.5
308041528,211.88,8900.0,54377.0,40,1300,835,2065,0.8,1675,2.5
308041529,266.19,5757.0,59829.0,36,1300,889,2242,0.8,1883,2.5
308051530,272.41,6853.0,45362.0,52,1336,507,1277,0.9,1009,2.2
308051531,303.12,10172.0,69065.0,39,1733,855,2295,0.7,1948,2.6
308051533,297.42,14404.0,64796.0,33,1607,828,2185,0.7,1890,2.7
308051534,230.68,6237.0,55866.0,40,1394,688,1711,0.7,1222,2.0
308051535,290.69,11668.0,69633.0,38,1885,801,2202,0.8,1986,2.8
308051536,273.7,3561.0,65380.0,38,1517,808,2024,0.7,1682,2.6
308051538,304.29,6466.0,66306.0,34,1517,870,2202,0.7,1940,2.7
308051539,228.68,4881.0,60109.0,40,1300,699,1737,0.7,1329,2.2
309011224,570.31,8230.0,49074.0,43,2600,889,2376,0.7,2072,2.6
309011225,486.53,9262.0,50999.0,44,2000,883,2141,0.8,1620,2.1
309011226,507.96,14597.0,52095.0,42,2021,803,2133,0.8,1737,2.6
309011227,442.13,14229.0,50596.0,40,1733,950,2134,0.9,1638,1.9
309011228,448.35,13388.0,49094.0,40,2167,817,2118,0.8,1753,2.5
309011229,478.15,7536.0,52932.0,37,2000,919,2270,0.9,1831,2.2
309021230,418.82,6540.0,46076.0,50,1805,785,1787,0.9,1331,1.9
309021231,464.67,12486.0,50724.0,41,1950,857,2093,0.8,1696,2.3
309021232,467.58,9868.0,49526.0,42,2100,743,2007,0.8,1636,2.6
309021233,525.96,12685.0,49764.0,42,2100,738,2042,0.8,1744,2.7
309021234,443.86,16607.0,52422.0,39,2093,873,2219,0.9,1721,2.3
309031235,475.69,11273.0,49530.0,41,2000,715,1878,0.8,1682,2.7
309031236,435.65,10078.0,48744.0,44,1699,717,1647,0.8,1314,2.1
309031237,418.46,10377.0,48971.0,51,1647,605,1461,0.7,1092,2.1
309031238,384.36,18911.0,47018.0,45,1517,654,1533,0.8,1188,2.0
309031239,460.49,10088.0,52411.0,52,2167,842,2208,0.7,1751,2.3
309031240,437.2,9364.0,50317.0,54,2000,727,1852,0.7,1382,2.2
309041241,385.81,4454.0,49403.0,45,1829,764,1977,0.8,1736,2.7
309041242,424.88,15893.0,52033.0,46,1950,729,1974,0.8,1745,2.7
309051243,497.85,7730.0,49111.0,43,2500,779,2314,0.8,2317,3.1
309051244,510.91,19870.0,51330.0,39,2100,790,2179,0.8,2052,3.0
309051245,482.65,8904.0,54035.0,37,2167,876,2344,0.8,2239,3.0
309061246,451.96,13318.0,50371.0,42,1900,770,1896,0.8,1560,2.4
309061247,431.74,8503.0,51009.0,40,1820,731,1896,0.8,1671,2.7
309061248,392.56,21589.0,49887.0,39,1842,741,1921,0.8,1571,2.6
309061249,475.9,18657.0,52427.0,35,2000,825,2119,0.8,2086,3.1
309061250,520.5,8620.0,48065.0,43,2200,795,2291,0.8,2262,3.1
309071251,461.36,20615.0,49557.0,29,2000,834,1987,0.8,1930,3.1
309071252,491.25,19272.0,53694.0,41,2098,790,2211,0.8,2014,2.8
309071253,538.39,14873.0,53213.0,50,2200,862,2208,0.7,1926,2.4
309071254,398.14,4637.0,54144.0,43,2093,824,2102,0.8,1917,2.7
309071256,445.85,18265.0,53313.0,36,1950,844,2187,0.8,2040,3.0
309071552,438.2,10847.0,55932.0,32,1950,854,2133,0.8,1970,3.0
309071553,456.76,12044.0,56664.0,36,2000,903,2287,0.8,2241,3.2
309071554,432.06,10069.0,53646.0,32,2052,835,1948,0.8,1886,2.9
309071555,427.74,10699.0,49722.0,27,1950,851,1855,0.8,1839,3.1
309071556,515.95,11579.0,57232.0,36,2167,903,2395,0.8,2363,3.2
309071557,455.52,20666.0,51786.0,33,1820,807,1973,0.8,1913,3.1
309071558,440.91,7126.0,52212.0,29,1950,899,2066,0.8,2013,3.0
309081259,509.69,4424.0,48997.0,50,2167,732,2035,0.7,1617,2.5
309081260,474.63,7279.0,50980.0,38,1733,788,1891,0.8,1689,2.6
309081262,499.5,16929.0,49225.0,36,1842,788,1941,0.9,1645,2.5
309081559,541.2,17126.0,49360.0,39,2006,756,2101,0.8,1851,2.7
309081560,539.56,8870.0,51512.0,40,1820,801,1841,0.8,1613,2.3
309091263,461.9,12548.0,49323.0,43,1950,740,2007,0.8,1581,2.5
309091264,457.07,6514.0,45965.0,37,1850,703,1881,0.8,1767,3.0
309091265,534.28,8952.0,48746.0,37,1894,736,2103,0.8,2064,3.0
309091540,400.67,18179.0,42347.0,35,1459,652,1471,1.0,1193,2.0
309091541,437.78,19198.0,43851.0,39,1733,680,1697,0.9,1362,2.2
309101267,567.68,9980.0,48429.0,44,2167,776,2148,0.8,1918,2.7
309101268,501.02,4925.0,49365.0,41,2600,902,2284,0.8,1957,2.6
309101269,508.07,4021.0,50037.0,57,2091,938,2269,0.9,1682,1.9
309101561,420.27,12375.0,41333.0,45,1625,772,1683,1.0,1276,1.9
309101562,412.28,14422.0,39055.0,39,1600,777,1730,1.0,1360,2.0
310011271,368.01,4770.0,52179.0,35,1577,732,1904,0.8,1649,2.7
310011272,361.52,8354.0,49518.0,39,1517,604,1634,0.8,1300,2.6
310011274,304.38,20328.0,41075.0,31,1376,500,1275,0.9,1172,2.9
310011275,414.22,8693.0,65383.0,35,2000,979,2515,0.8,2173,2.7
310011276,283.93,6399.0,44558.0,34,1300,485,1309,0.9,1204,2.8
310011563,395.7,8723.0,52777.0,31,1733,810,1927,0.8,1844,3.1
310011564,399.94,22916.0,56516.0,36,1700,805,2101,0.8,1900,2.8
310021277,299.08,12786.0,50465.0,47,1517,657,1659,0.8,1375,2.5
310021278,262.51,5099.0,47113.0,55,1300,509,1276,0.7,1021,2.2
310021280,314.98,21616.0,52008.0,41,1473,627,1622,0.8,1425,2.7
310021281,311.28,14420.0,53006.0,41,1517,645,1625,0.8,1445,2.7
310021282,313.27,14490.0,55915.0,38,1600,759,1844,0.8,1578,2.7
310031283,309.88,12304.0,52819.0,34,1500,719,1738,0.8,1408,2.5
310031284,304.78,9464.0,51956.0,36,1300,703,1633,0.8,1388,2.5
310031285,303.96,6921.0,57714.0,35,1452,786,1941,0.8,1678,2.7
310031286,284.28,6827.0,54912.0,41,1500,688,1896,0.8,1396,2.3
310031287,294.87,18324.0,53653.0,39,1323,683,1625,0.8,1274,2.3
310031288,346.23,4613.0,60874.0,40,1900,916,2429,0.8,2246,2.9
310031289,390.03,6775.0,66666.0,38,2057,1019,2617,0.8,2482,3.0
310031290,402.59,6115.0,66792.0,42,1918,962,2588,0.7,2385,2.9
310031291,295.98,8391.0,48353.0,32,1213,620,1373,0.8,1212,2.6
310031292,291.11,6499.0,54241.0,41,1300,660,1685,0.8,1310,2.3
310031293,309.15,15422.0,56335.0,36,1408,764,1882,0.8,1563,2.7
310031294,384.19,13042.0,63963.0,29,1785,1054,2281,0.7,2093,2.8
310031295,264.99,3115.0,45220.0,37,1092,497,1282,0.8,1097,2.5
310041297,313.22,9380.0,55847.0,38,1560,760,1971,0.8,1758,2.8
310041299,338.55,11889.0,52356.0,31,1571,777,1844,0.8,1640,2.9
310041300,315.67,11061.0,48293.0,33,1300,637,1500,0.9,1350,2.8
310041302,353.08,24921.0,49359.0,27,1473,747,1624,0.9,1516,3.1
310041303,399.15,7439.0,58824.0,32,1733,919,2271,0.8,2176,3.1
310041304,415.37,24040.0,62527.0,31,1892,1014,2323,0.8,2231,3.1
310041565,409.75,9143.0,68744.0,32,2273,1179,2950,0.8,2825,3.2
310041566,341.68,9340.0,55047.0,31,1700,842,2002,0.8,1746,2.9
311011305,307.32,14913.0,49264.0,45,1517,605,1471,0.8,1199,2.5
311021306,304.48,8554.0,47957.0,38,1387,642,1535,0.8,1155,2.3
311021307,314.96,13806.0,46485.0,37,1300,586,1289,0.8,1083,2.4
311021308,376.69,9692.0,53132.0,31,1566,814,1911,0.8,1717,2.8
311021309,340.08,5804.0,54435.0,41,1600,735,1824,0.7,1496,2.5
311021310,403.8,9139.0,56593.0,32,1863,920,2179,0.8,2077,2.9
311031311,373.6,19564.0,50605.0,32,1616,740,1656,0.8,1463,2.7
311031312,365.0,8282.0,51027.0,32,1517,700,1595,0.8,1460,2.9
311031313,374.44,9010.0,51676.0,30,1750,793,1850,0.8,1695,2.9
311031314,358.42,12379.0,49018.0,29,1430,689,1553,0.9,1472,3.1
311031316,361.05,8963.0,54769.0,35,1647,795,1977,0.8,1764,2.8
311031317,361.39,16341.0,46791.0,28,1470,633,1473,0.9,1413,3.3
311031318,475.93,4479.0,55414.0,43,1950,770,2227,0.8,2229,3.1
311031319,395.42,16357.0,55440.0,35,1689,795,2002,0.8,1929,3.1
311041322,470.51,8696.0,56355.0,40,2167,776,2225,0.8,2198,3.1
311041567,417.14,6719.0,57650.0,34,1950,859,2194,0.8,2203,3.4
311041568,406.01,10191.0,64273.0,33,2167,1001,2497,0.8,2524,3.4
311041569,434.15,7725.0,56127.0,37,1950,795,2098,0.8,2073,3.1
311041570,424.41,18373.0,58014.0,37,2000,824,2206,0.8,2169,3.1
311041571,390.4,10922.0,50979.0,26,1703,818,1654,0.8,1603,3.1
311051323,367.45,12305.0,51822.0,38,1597,682,1579,0.8,1298,2.5
311051324,428.87,9186.0,60241.0,41,2100,892,2503,0.8,2315,2.9
311051325,394.55,11753.0,56534.0,35,1733,826,2047,0.8,1868,2.8
311051326,352.57,11987.0,47405.0,32,1517,608,1505,0.8,1377,2.8
311051327,413.11,12254.0,60975.0,39,1993,922,2381,0.8,2225,2.9
311051328,327.28,7923.0,48195.0,35,1452,626,1479,0.8,1257,2.6
311061329,406.69,6981.0,59778.0,38,1863,882,2226,0.8,2036,2.8
311061330,309.62,10540.0,43079.0,32,1322,521,1305,0.9,1180,2.9
311061331,280.64,6457.0,39722.0,32,1300,476,1150,1.0,1017,2.9
311061332,392.79,15652.0,58790.0,37,1800,841,2153,0.8,1931,2.8
311061333,312.13,10561.0,47556.0,35,1430,622,1474,0.8,1301,2.7
311061334,388.05,9965.0,56617.0,40,1733,788,2050,0.8,1724,2.6
311061335,396.17,6908.0,52323.0,34,1950,803,2110,0.8,1992,3.1
311061336,280.57,13205.0,41297.0,33,1200,510,1197,0.9,1043,2.7
312011337,271.9,10010.0,45301.0,42,1517,711,1774,0.8,1322,2.4
312011338,86.56,8878.0,76152.0,36,910,1241,2613,0.8,2207,2.5
312011339,224.0,3930.0,62013.0,36,1300,1031,2296,0.8,1873,2.5
312011340,213.58,3934.0,48661.0,45,1300,714,1720,0.8,1359,2.4
312011341,131.72,9611.0,90738.0,31,1300,1553,3327,0.8,3079,2.8
312021342,355.25,16117.0,61242.0,36,1718,826,2070,0.8,1732,2.5
312021343,321.68,3790.0,64676.0,42,1625,918,2205,0.8,1717,2.3
312021344,403.59,13730.0,66487.0,33,1852,1023,2489,0.8,2301,2.9
312021346,268.22,4079.0,55616.0,38,1387,835,1827,0.8,1239,1.9
312021347,510.81,619.0,76580.0,50,2167,1141,2571,0.8,2171,2.1
312021348,411.92,11670.0,63176.0,40,1890,954,2570,0.7,2213,2.7
312021349,297.41,6341.0,57712.0,40,1452,785,1819,0.8,1372,2.2
312021350,419.64,6007.0,65960.0,36,1820,946,2373,0.8,2149,2.7
312021351,350.34,8992.0,64290.0,36,1820,870,2294,0.9,2036,2.8
312021352,306.17,11972.0,64473.0,42,1733,767,2088,0.8,1781,2.6
312021353,237.25,8243.0,60764.0,47,1755,744,2049,0.9,1661,2.6
312021354,383.94,6154.0,65234.0,36,1733,940,2316,0.8,2085,2.8
312021355,295.74,3495.0,56905.0,40,1517,781,1904,0.8,1536,2.5
312021356,290.45,6977.0,58298.0,39,1500,791,2019,0.8,1477,2.3
312021357,344.0,8524.0,63658.0,38,1733,901,2322,0.8,2105,2.8
312021358,322.52,6429.0,65000.0,41,1587,842,2236,0.8,1694,2.3
312031359,378.55,14767.0,48146.0,36,1733,898,1990,0.8,1674,2.4
312031361,280.08,8931.0,51748.0,45,1560,722,1792,0.8,1431,2.5
313011362,372.12,16685.0,49629.0,53,1647,570,1387,0.7,1160,2.3
313011363,339.24,20825.0,47461.0,63,1647,529,1229,0.7,961,2.0
313021364,427.67,6747.0,60000.0,34,2100,916,2342,0.8,2346,3.1
313021366,342.61,24119.0,45840.0,33,1473,637,1421,0.8,1277,2.7
313021367,408.78,4348.0,53959.0,40,2000,789,2185,0.8,2183,3.1
313021368,364.3,11262.0,49249.0,32,1517,731,1645,0.8,1482,2.7
313021369,392.43,4280.0,53287.0,43,2000,767,2088,0.8,2049,3.0
313021572,318.9,18110.0,46524.0,35,1582,655,1524,0.8,1319,2.6
313021573,299.79,12348.0,48885.0,39,1560,619,1598,0.8,1300,2.6
313031370,329.77,5863.0,55323.0,44,1517,690,1539,0.8,1334,2.5
313031371,360.47,9245.0,51997.0,39,1742,695,1816,0.8,1632,2.7
313041372,360.38,16793.0,53034.0,36,1733,775,1952,0.8,1720,2.7
313041373,325.2,23114.0,49348.0,41,1517,612,1470,0.8,1219,2.5
313041374,344.4,5943.0,53184.0,38,2000,792,2130,0.8,1951,2.9
313041375,409.82,21324.0,57405.0,33,1900,889,2283,0.8,2207,3.1
313041376,421.5,3292.0,56693.0,41,2058,828,2201,0.8,2202,3.0
313051377,346.14,8494.0,55534.0,46,1733,705,1855,0.8,1389,2.3
313051378,327.2,12134.0,55008.0,48,1733,697,1707,0.7,1225,2.1
313051379,334.12,10567.0,52667.0,52,1600,625,1527,0.7,1111,2.0
313051380,364.63,17699.0,50854.0,43,1625,634,1612,0.7,1301,2.5
313051574,210.29,317.0,54606.0,45,1517,825,1625,0.8,1224,1.9
313051575,420.73,15468.0,59475.0,49,2100,804,2165,0.7,1658,2.4
314011382,444.34,16683.0,63605.0,40,2037,954,2555,0.8,2267,2.8
314011383,406.21,20050.0,63015.0,35,2000,1003,2528,0.8,2406,3.0
314011384,406.78,9319.0,61760.0,43,2167,896,2469,0.8,2378,3.0
314011385,465.66,7920.0,65605.0,38,2151,1047,2862,0.8,2771,3.1
314011386,461.48,24772.0,66515.0,38,2000,1023,2602,0.8,2334,2.8
314011387,480.57,12569.0,66808.0,45,2492,978,2976,0.8,2806,3.0
314021389,396.23,23556.0,58127.0,32,1901,928,2124,0.8,1939,2.8
314021576,379.13,5360.0,53264.0,30,1800,877,1896,0.8,1689,2.6
314021577,356.5,22198.0,52051.0,35,1545,734,1695,0.8,1456,2.5
314021578,411.18,15214.0,57957.0,31,2000,959,2266,0.8,2145,3.0
314021579,417.32,23488.0,58778.0,35,1950,885,2258,0.8,2092,2.9
314031391,386.07,10419.0,55262.0,37,1668,755,1913,0.8,1736,2.8
314031392,340.06,7187.0,54467.0,35,1602,792,1854,0.8,1494,2.5
314031393,371.9,8841.0,56128.0,38,1725,811,2086,0.8,1853,2.7
314031394,370.08,13980.0,52283.0,36,1547,736,1768,0.8,1455,2.5
315011395,124.72,1130.0,18326.0,29,0,331,785,1.2,1069,3.9
315011396,134.34,7999.0,41211.0,35,1286,520,1253,1.1,1063,2.7
315011397,146.28,993.0,43453.0,42,672,763,1512,1.0,1206,2.3
315011398,116.33,1739.0,21601.0,30,0,345,902,1.3,1104,3.6
315011399,128.8,2885.0,38600.0,23,1300,604,1287,1.3,1331,3.5
315011400,229.0,6308.0,41916.0,43,1329,611,1512,0.9,1171,2.4
315011401,203.43,3532.0,59334.0,30,1791,877,1951,1.2,2006,3.1
315011402,136.64,4294.0,38962.0,27,0,411,923,1.0,976,3.5
315011403,515.34,4177.0,89717.0,30,2063,1558,3283,1.0,2976,2.9
315021404,132.78,5087.0,40858.0,30,1042,483,1159,1.2,1279,3.0
315021405,275.4,18798.0,75599.0,31,1546,1158,2652,0.9,2236,2.6
315021406,215.6,4118.0,62129.0,34,1200,1172,2314,0.9,1856,2.5
315021407,159.8,3128.0,50198.0,38,715,914,1929,0.8,1502,2.4
315031408,167.41,4781.0,50397.0,45,955,808,1827,0.8,1341,2.3
315031409,177.22,4009.0,48163.0,43,867,798,1766,0.7,1294,2.2
315031410,139.36,2185.0,54063.0,41,884,947,2109,0.8,1442,2.2
315031411,137.96,2751.0,51219.0,42,758,680,1436,0.8,1110,2.3
315031412,205.14,3691.0,55807.0,40,1083,938,2094,0.7,1561,2.3
316011413,462.1,18168.0,51290.0,49,2028,761,2091,0.7,1583,2.4
316011414,452.97,17790.0,51025.0,42,2000,834,2177,0.8,1922,2.7
316011415,501.06,12126.0,52513.0,37,1950,857,2062,0.8,1911,2.8
316011416,471.87,11698.0,46153.0,33,1889,669,1822,0.8,1484,2.6
316021417,457.12,10122.0,51669.0,44,1950,725,1926,0.7,1591,2.6
316021418,442.75,7007.0,50379.0,47,2167,833,2156,0.7,1719,2.4
316021419,381.44,7011.0,45897.0,56,1517,668,1462,0.8,1122,1.9
316021421,445.94,13150.0,50233.0,55,2123,664,1619,0.7,1347,2.3
316021422,408.47,8188.0,49771.0,48,2000,739,2015,0.8,1503,2.3
316021423,475.9,10480.0,52707.0,46,2048,781,2043,0.8,1593,2.4
316021424,489.83,10783.0,53607.0,39,2000,824,2092,0.8,1779,2.5
316021580,489.11,15970.0,54090.0,33,1891,854,1993,0.8,1872,2.8
316021581,466.56,14586.0,51199.0,42,1950,716,1866,0.8,1496,2.6
316031425,456.0,16184.0,50420.0,44,2000,794,2071,0.8,1703,2.4
316031426,439.21,12077.0,48951.0,49,1811,755,1798,0.8,1506,2.3
316031427,419.67,23645.0,48611.0,46,1733,764,1784,0.8,1384,2.1
316031428,410.99,12631.0,49326.0,45,1800,861,2066,0.8,1559,2.1
316051434,518.75,5158.0,43831.0,54,2167,909,2228,0.7,1843,2.3
316051435,475.21,9402.0,43790.0,56,2000,748,1789,0.7,1390,2.1
316051437,504.0,6927.0,43026.0,46,2167,868,2177,0.8,1826,2.4
316051438,459.7,10625.0,44221.0,51,1800,633,1555,0.7,1261,2.3
316051543,458.44,4158.0,47781.0,46,2100,873,2213,0.8,1755,2.4
316051544,536.37,10804.0,50376.0,38,2147,823,2041,0.8,1864,2.8
316061439,392.17,9335.0,49462.0,40,1733,689,1748,0.8,1534,2.7
316061440,386.39,9171.0,42895.0,56,1700,630,1498,0.7,1261,2.3
316061441,399.5,6607.0,52067.0,42,1814,737,1860,0.8,1686,2.7
316061442,465.44,15919.0,51824.0,36,1950,823,2093,0.8,2004,2.9
316061443,355.77,6865.0,47407.0,52,1733,651,1602,0.8,1337,2.4
316061444,417.55,11779.0,49371.0,45,1950,734,1995,0.8,1795,2.7
316071545,466.98,10860.0,52597.0,41,1900,762,1917,0.8,1699,2.7
316071546,391.8,4436.0,50076.0,46,2167,707,2009,0.8,1595,2.7
316071547,408.32,12501.0,48661.0,43,1950,757,1945,0.8,1796,2.8
316071548,366.0,22821.0,49097.0,40,1670,678,1714,0.8,1383,2.5
316081549,420.16,24524.0,45254.0,49,1800,674,1742,0.8,1496,2.6
317011445,318.23,7973.0,58302.0,34,1647,891,2173,0.8,1982,2.9
317011446,314.4,14812.0,51729.0,33,1450,725,1714,0.8,1376,2.4
317011447,294.05,10940.0,52333.0,37,1300,649,1515,0.8,1194,2.3
317011448,294.6,8064.0,42607.0,33,1300,661,1492,0.8,1274,2.6
317011449,357.35,7137.0,59404.0,35,1627,869,2139,0.8,2004,3.0
317011450,399.68,14781.0,61095.0,42,1900,869,2284,0.7,2104,2.9
317011451,320.79,12076.0,52473.0,41,1600,737,1922,0.8,1690,2.8
317011452,414.37,7664.0,62697.0,43,1950,907,2413,0.7,2177,2.7
317011453,289.67,10156.0,50954.0,35,1254,688,1507,0.8,1200,2.2
317011454,285.98,6493.0,51703.0,34,1301,673,1495,0.8,1232,2.3
317011455,342.39,8729.0,60526.0,44,1586,834,2164,0.7,1689,2.4
317011456,294.81,14184.0,53953.0,37,1400,743,1765,0.8,1345,2.2
317011457,316.74,10638.0,60255.0,40,1798,915,2459,0.7,1814,2.3
317011458,344.63,16124.0,57000.0,34,1733,857,2093,0.7,1852,2.7
317011459,291.78,14311.0,50599.0,42,1300,621,1406,0.7,1123,2.2
318011460,231.04,9063.0,47405.0,44,1247,711,1766,0.8,1269,2.2
318011461,215.03,7724.0,49920.0,47,1200,736,1847,0.8,1422,2.4
318011462,221.23,8135.0,53604.0,40,1127,642,1656,0.8,1282,2.3
318011463,215.0,3785.0,52074.0,45,1517,720,1884,0.8,1391,2.6
318011464,213.64,4485.0,48986.0,49,1083,606,1407,0.7,1028,2.1
318011465,203.49,6505.0,51006.0,53,1300,674,1678,0.8,1245,2.2
318011466,130.66,2180.0,37136.0,26,2167,380,898,1.2,977,3.7
318021467,270.77,4847.0,51842.0,36,1387,740,1782,0.8,1378,2.4
318021468,380.37,10253.0,63906.0,31,1625,1017,2415,0.7,2215,2.8
318021469,289.27,3215.0,67748.0,45,1733,910,2504,0.8,1637,2.3
318021470,355.0,8622.0,69600.0,32,1800,1070,2443,0.8,2346,2.9
318021471,289.65,10951.0,52499.0,36,1342,695,1611,0.8,1380,2.5
318021472,292.28,5902.0,51254.0,40,1300,703,1757,0.8,1400,2.5
318021474,372.47,8003.0,61799.0,26,1633,781,2411,0.7,2025,2.6
318021475,249.43,6351.0,57410.0,40,1354,820,1864,0.8,1290,1.9
318021476,274.0,7674.0,53620.0,37,1300,754,1769,0.8,1392,2.4
318021477,282.31,3945.0,49435.0,40,1300,662,1535,0.8,1266,2.4
318021478,265.46,5471.0,56516.0,35,1450,880,1957,0.8,1362,2.1
318021479,247.79,4769.0,55253.0,39,1473,805,2046,0.8,1305,2.1
318021480,298.62,10862.0,54040.0,34,1500,778,1809,0.8,1631,2.8
318021481,276.66,7787.0,50438.0,39,1300,675,1581,0.8,1294,2.5
318021482,352.67,15235.0,58796.0,37,1517,890,2099,0.7,1894,2.7
318021483,285.91,2485.0,39586.0,58,1353,626,1372,0.7,1001,1.9
318021484,356.87,10255.0,61931.0,34,1647,947,2264,0.8,2033,2.7
318021485,270.47,3625.0,56490.0,43,1413,727,1970,0.8,1344,2.2
318021486,306.28,6616.0,57666.0,45,1600,752,1880,0.8,1531,2.5
318021487,368.62,7137.0,68955.0,32,1700,1097,2479,0.8,2086,2.5
318021488,297.64,5365.0,56734.0,39,1473,894,2103,0.8,1524,2.1
318021489,269.29,4796.0,64490.0,45,1733,876,2188,0.9,1886,2.6
318021490,328.59,9284.0,67913.0,40,1950,1115,2645,0.8,1783,1.9
318021491,284.97,6180.0,55858.0,39,1300,739,1774,0.8,1421,2.4
318021582,378.56,19726.0,66461.0,30,1733,1061,2389,0.8,2253,2.9
318021583,306.92,6150.0,56672.0,33,1517,849,1942,0.8,1735,2.8
319011492,288.92,5698.0,48752.0,40,1300,657,1565,0.8,1273,2.5
319011493,326.06,19245.0,52939.0,51,1500,646,1566,0.7,1310,2.3
319011494,339.57,5421.0,52327.0,39,1600,715,1846,0.8,1616,2.8
319011495,250.79,6309.0,36591.0,38,1118,606,1346,0.8,972,2.1
319011496,301.36,5848.0,48740.0,41,1324,661,1642,0.8,1301,2.5
319011497,283.94,7497.0,45655.0,49,1138,569,1313,0.8,1028,2.3
319011498,291.18,9360.0,47455.0,49,1300,571,1396,0.8,1216,2.5
319011499,276.65,10873.0,43676.0,53,1209,522,1263,0.8,1022,2.3
319011500,293.38,7452.0,50368.0,48,1300,583,1420,0.7,1113,2.3
319011501,273.7,5856.0,48141.0,44,1192,576,1390,0.7,1073,2.2
319011502,278.84,11087.0,47340.0,42,1186,581,1419,0.8,1117,2.4
319021503,218.06,6448.0,37967.0,48,1083,577,1353,0.8,1051,2.3
319021504,248.23,5436.0,39921.0,52,1000,467,1203,0.9,954,2.3
319021505,264.29,10659.0,49035.0,38,1213,666,1548,0.7,1257,2.4
319021506,182.34,9615.0,44535.0,47,992,490,1190,0.8,950,2.4
319021507,259.56,4179.0,48000.0,46,1227,636,1654,0.8,1361,2.5
319021508,167.77,3694.0,43686.0,51,867,515,1256,0.7,981,2.2
319021509,228.06,10090.0,44885.0,54,1000,464,1114,0.8,883,2.2
319031511,285.14,6606.0,38461.0,62,1300,461,968,0.7,790,2.0
319031512,295.54,15087.0,43741.0,42,1261,572,1356,0.7,1082,2.3
319031513,300.03,7606.0,47927.0,44,1408,608,1465,0.7,1245,2.4
319031514,299.67,20636.0,45542.0,48,1472,578,1457,0.8,1292,2.6
319031515,214.0,3814.0,45911.0,50,1300,507,1350,0.8,1088,2.3
319041516,344.65,5817.0,49475.0,49,1560,607,1511,0.8,1402,2.6
319041517,403.57,5607.0,54114.0,48,1733,664,1679,0.7,1563,2.7
319041518,360.0,16017.0,47340.0,52,1400,535,1239,0.7,1014,2.3
319041519,344.07,5743.0,46710.0,52,1300,534,1250,0.7,1077,2.3
319041520,310.52,15943.0,46192.0,52,1300,537,1289,0.7,1002,2.2
319041521,345.69,14918.0,46858.0,51,1473,567,1333,0.7,1109,2.3
319051522,304.76,10678.0,45591.0,55,1300,488,1152,0.7,976,2.3
319051523,243.38,3072.0,48324.0,48,1083,502,1230,0.8,1033,2.4
319051524,254.06,18838.0,47180.0,47,1083,517,1273,0.8,977,2.2
319051525,254.12,9620.0,44759.0,55,1170,471,1176,0.8,959,2.2
319051526,292.67,5910.0,49556.0,49,1310,581,1431,0.8,1255,2.5
401011001,403.16,18615.0,41084.0,31,1733,726,2056,1.0,1365,1.8
401011002,394.23,6907.0,59990.0,39,1914,964,2653,0.8,1867,1.9
401021003,296.8,7092.0,56538.0,47,1733,792,2163,0.8,1905,2.7
401021004,416.5,18404.0,62122.0,44,2000,993,2708,0.8,2297,2.7
401021005,351.68,4747.0,53780.0,48,1900,804,2333,0.8,1926,2.6
401021006,322.32,9521.0,54801.0,44,1600,795,2065,0.8,1691,2.5
401021007,359.58,22412.0,55533.0,37,1647,825,2090,0.7,1698,2.5
401021008,310.77,6864.0,54910.0,43,1522,820,2098,0.8,1784,2.6
401021009,352.75,5371.0,53946.0,36,1500,859,2077,0.8,1776,2.6
401021010,392.07,6082.0,60985.0,43,2102,903,2490,0.8,2181,2.7
401031011,377.01,19264.0,58692.0,44,2245,957,2657,0.8,2086,2.5
401031012,423.04,10401.0,61154.0,43,2600,984,2769,0.8,2326,2.7
401031013,340.54,16760.0,60000.0,44,2167,977,2668,0.8,1929,2.3
401041014,376.95,9668.0,56794.0,43,1733,829,2267,0.8,1941,2.7
401041015,336.42,21882.0,53718.0,40,1690,721,1892,0.8,1427,2.4
401041016,354.34,24282.0,56023.0,40,1869,772,2134,0.8,1644,2.5
401051017,366.53,10955.0,57628.0,40,2000,933,2388,0.8,1653,2.0
401051018,334.21,13233.0,55274.0,41,1870,770,2095,0.8,1476,2.3
401051019,331.77,13635.0,60410.0,41,2080,954,2627,0.8,1879,2.3
401061020,321.76,6537.0,60794.0,38,1820,967,2490,0.9,1967,2.5
401061021,352.34,15950.0,59490.0,37,1950,962,2488,0.9,2019,2.5
401061022,384.41,8086.0,60351.0,45,2167,1001,2762,0.8,2052,2.3
401071023,339.95,17818.0,61459.0,42,2031,999,2686,0.8,2001,2.3
401071024,378.41,21243.0,60710.0,44,2167,968,2707,0.8,1998,2.3
402011025,305.93,9611.0,56237.0,40,1517,800,2095,0.8,1770,2.7
402011026,286.85,21955.0,54420.0,42,1400,697,1746,0.7,1336,2.4
402011027,311.12,6566.0,55849.0,38,1700,791,2053,0.8,1908,2.9
402021028,315.22,20224.0,54916.0,34,1337,756,1812,0.8,1600,2.8
402021029,271.42,18636.0,46707.0,30,1158,599,1355,0.8,1161,2.7
402021030,227.77,10963.0,39619.0,36,1083,460,1055,0.8,827,2.4
402021031,252.84,14191.0,49321.0,36,1233,579,1430,0.8,1188,2.6
402021032,311.92,16461.0,54478.0,29,1484,827,1829,0.8,1653,2.8
402021033,302.75,2482.0,54562.0,47,1995,843,2376,0.8,2277,2.9
402021034,242.7,12603.0,43367.0,35,975,492,1161,0.8,939,2.4
402021035,295.32,5739.0,54031.0,38,1600,709,1753,0.8,1387,2.5
402031036,304.13,26018.0,49797.0,34,1600,674,1767,0.9,1428,2.6
402031038,319.26,22890.0,54324.0,35,1668,778,2011,0.8,1595,2.5
402031175,370.54,18449.0,58495.0,35,1650,824,2098,0.8,1759,2.5
402031176,321.22,10606.0,53012.0,38,1517,690,1734,0.8,1469,2.6
402041040,309.13,15844.0,52500.0,40,1408,651,1646,0.8,1344,2.5
402041041,312.15,15204.0,52039.0,38,1322,697,1695,0.8,1444,2.6
402041043,299.41,18707.0,49406.0,36,1382,585,1512,0.9,1384,2.9
402041044,305.23,18061.0,51554.0,35,1300,675,1644,0.9,1458,2.8
402041046,270.24,18830.0,47228.0,37,1246,530,1315,0.9,1071,2.5
402041047,293.79,18632.0,52898.0,40,1300,655,1636,0.8,1339,2.6
402041048,279.8,18778.0,49928.0,34,1275,616,1429,0.8,1255,2.7
402041171,371.0,14033.0,58020.0,33,1625,896,2189,0.8,1913,2.6
402041172,306.27,8142.0,50878.0,38,1335,598,1508,0.8,1263,2.5
402051049,319.45,10473.0,61238.0,44,1688,795,2192,0.7,1674,2.5
402051050,308.38,9092.0,60856.0,40,1584,868,2289,0.7,1937,2.7
402051051,386.38,11118.0,59124.0,42,1733,836,2231,0.8,1920,2.7
402051052,319.55,17677.0,52595.0,41,1500,678,1684,0.8,1314,2.3
402051053,335.71,19478.0,57383.0,41,1500,787,2004,0.8,1657,2.6
402051054,348.35,16409.0,58371.0,40,1517,834,2108,0.8,1818,2.6
402051055,330.93,13244.0,57652.0,43,1517,749,1936,0.7,1492,2.4
403011056,362.21,15295.0,61000.0,48,1952,836,2317,0.8,1673,2.3
403011057,334.19,20716.0,59048.0,48,1950,925,2368,0.8,1562,2.1
403021058,310.36,14726.0,56135.0,36,1643,783,2006,0.8,1452,2.3
403021059,391.77,12686.0,58461.0,43,1700,840,2123,0.7,1876,2.6
403021060,382.08,9779.0,60484.0,43,1820,844,2206,0.8,1821,2.6
403021061,310.6,16692.0,53546.0,37,1603,668,1754,0.8,1307,2.3
403021062,320.54,16700.0,58586.0,39,1733,787,2173,0.8,1554,2.3
403021063,377.62,10299.0,59581.0,38,1517,861,2149,0.8,1922,2.8
403021064,346.82,16349.0,57222.0,39,1730,746,1904,0.8,1421,2.2
403031065,377.0,4927.0,63896.0,47,2100,978,2787,0.8,2273,2.6
403031066,341.25,7679.0,52356.0,40,1733,698,2151,0.8,1764,2.6
403031067,374.35,13033.0,65142.0,43,1950,954,2555,0.8,2114,2.7
403031068,332.14,15990.0,61801.0,40,2000,910,2632,0.8,2006,2.6
403031069,347.85,16662.0,62214.0,44,2167,986,2854,0.8,2203,2.6
403031070,320.32,8531.0,55391.0,41,1749,759,2053,0.8,1518,2.4
403041071,345.02,11992.0,58404.0,43,1526,793,2086,0.8,1807,2.6
403041072,322.98,16064.0,50057.0,40,1400,674,1607,0.8,1317,2.5
403041073,248.84,9578.0,47981.0,40,1250,554,1333,0.7,995,2.2
403041074,319.29,11161.0,51058.0,42,1394,656,1539,0.7,1220,2.2
403041075,267.88,2744.0,53874.0,48,2000,831,2304,0.8,2020,2.7
403041076,426.02,4510.0,63622.0,41,1818,978,2481,0.8,2233,2.8
403041077,386.34,10858.0,59983.0,42,1733,837,2280,0.8,2045,2.7
403041078,297.62,6934.0,52181.0,41,1400,668,1646,0.7,1355,2.5
403041079,261.27,7910.0,48892.0,38,1192,558,1365,0.7,1080,2.4
403041080,368.35,13950.0,57501.0,42,1517,778,1957,0.7,1568,2.5
403041083,354.56,7389.0,54260.0,45,1733,776,2030,0.8,1638,2.5
403041084,299.28,13952.0,51993.0,42,1300,661,1556,0.7,1228,2.3
403041085,293.53,10230.0,50084.0,39,1274,612,1409,0.7,1163,2.3
403041086,322.63,10366.0,54739.0,40,1365,704,1724,0.7,1334,2.4
403041088,317.29,3625.0,50556.0,48,1733,769,2025,0.8,1755,2.6
403041089,358.19,11630.0,56071.0,42,1517,773,2019,0.8,1672,2.6
403041177,351.07,14303.0,53739.0,37,1517,755,1777,0.7,1466,2.5
403041178,320.21,10713.0,53989.0,40,1517,738,1914,0.8,1521,2.6
404011090,332.18,8985.0,57793.0,36,1733,847,2162,0.8,1695,2.4
404011091,343.71,16505.0,55792.0,39,1746,759,2017,0.8,1563,2.4
404011092,356.53,15753.0,59480.0,44,2000,886,2367,0.8,1786,2.4
404011093,344.74,19356.0,58079.0,37,1733,818,2150,0.8,1631,2.3
404011094,310.38,6560.0,54156.0,38,1600,738,1902,0.8,1427,2.3
404011095,323.92,17667.0,56425.0,43,1733,747,1958,0.8,1425,2.3
404011096,322.1,15327.0,59633.0,51,1867,771,2062,0.7,1506,2.2
404011097,311.34,19527.0,53978.0,37,1600,726,1925,0.8,1491,2.5
404021099,323.96,14958.0,62424.0,45,1625,858,2212,0.8,1584,2.2
404021100,300.53,14947.0,58660.0,44,1564,720,1851,0.8,1414,2.3
404021101,276.72,11699.0,52543.0,41,1495,671,1738,0.8,1247,2.2
404021102,271.13,19919.0,47346.0,36,1517,566,1570,0.9,1297,2.6
404031105,321.25,2941.0,57464.0,44,2000,812,2438,0.8,1753,2.5
404031106,312.08,13552.0,56416.0,40,1800,827,2185,0.8,1635,2.4
404031107,315.26,26849.0,54375.0,36,1733,794,2041,0.9,1551,2.3
404031108,331.86,17252.0,54334.0,37,1733,774,2092,0.8,1555,2.3
404031109,326.02,5205.0,59745.0,45,2000,896,2360,0.8,1746,2.4
405011110,259.84,6614.0,52295.0,46,1500,737,1865,0.8,1441,2.5
405011111,262.86,10035.0,53498.0,40,1328,729,1870,0.8,1544,2.6
405011112,305.01,6680.0,55433.0,43,1517,814,2084,0.8,1827,2.7
405011113,267.24,3409.0,50760.0,43,1150,682,1660,0.8,1369,2.5
405011114,293.92,7300.0,54061.0,45,1348,701,1737,0.7,1326,2.3
405011115,302.21,4753.0,54999.0,48,1452,773,1958,0.7,1446,2.3
405021116,255.99,4176.0,49846.0,45,1300,751,1739,0.7,1368,2.2
405021117,226.36,5113.0,46819.0,51,1100,659,1576,0.7,1257,2.3
405021118,201.44,4155.0,41197.0,51,867,497,1285,0.7,917,2.2
405021119,217.46,9705.0,45490.0,48,965,599,1429,0.7,1092,2.3
405031120,196.35,4691.0,45623.0,49,802,640,1505,0.7,1145,2.2
405031121,173.36,5447.0,43659.0,55,758,534,1313,0.7,931,2.1
405031122,189.86,14290.0,51763.0,43,951,570,1448,0.7,1044,2.2
405031123,203.47,3403.0,50117.0,47,997,572,1519,0.7,1145,2.4
405041124,243.9,5538.0,46363.0,45,1127,599,1488,0.7,1155,2.3
405041125,245.1,5302.0,44004.0,59,1200,536,1256,0.7,965,2.1
405041126,241.04,4504.0,45323.0,56,1213,521,1166,0.7,916,2.1
405041127,207.34,7623.0,40467.0,57,1000,555,1343,0.7,1003,2.1
405041128,209.56,4209.0,41120.0,58,986,526,1265,0.7,891,2.0
406011129,218.7,2818.0,48589.0,39,1251,788,1858,0.8,1406,2.4
406011130,216.92,6970.0,45507.0,49,1192,715,1655,0.8,1308,2.3
406011131,175.06,4284.0,45131.0,48,936,687,1456,0.7,1176,2.3
406011132,148.46,2172.0,40032.0,44,867,734,1756,0.7,1235,2.3
406011133,241.53,16842.0,47007.0,41,1300,736,1750,0.7,1301,2.3
406011134,127.0,3769.0,40851.0,45,1083,637,1435,0.8,1148,2.4
406011135,37.5,144.0,9449.0,38,0,537,725,1.3,1312,2.3
406011136,181.15,21862.0,59511.0,41,1083,641,1679,0.7,1188,2.2
406021138,86.53,2554.0,27485.0,28,0,324,739,1.4,1266,4.0
406021139,168.9,1622.0,47390.0,50,630,498,1380,0.8,764,1.8
406021140,187.39,2197.0,46847.0,54,964,643,1478,0.7,1047,2.0
406021141,94.69,2097.0,48570.0,43,659,885,1588,0.8,1214,2.0
406021142,205.2,14120.0,52833.0,38,1138,697,1651,0.7,1277,2.3
406021143,260.15,4109.0,104213.0,31,1517,1787,3467,0.8,3140,2.7
407011144,280.91,12723.0,43510.0,61,1196,551,1227,0.7,970,2.0
407011145,212.95,4999.0,39445.0,50,1023,672,1501,0.8,1128,2.2
407011146,303.32,8027.0,51027.0,47,1500,648,1571,0.7,1277,2.4
407011147,269.38,8131.0,48759.0,47,1517,698,1787,0.8,1479,2.5
407011148,292.85,16133.0,41202.0,60,1300,545,1247,0.7,977,2.1
407011149,272.37,6603.0,43776.0,56,1300,572,1372,0.7,1082,2.2
407021150,206.16,6297.0,49666.0,45,1300,789,1928,0.8,1582,2.5
407021151,221.6,3943.0,43259.0,53,1180,701,1580,0.7,1200,2.1
407021152,184.14,5353.0,48140.0,49,910,558,1415,0.7,988,2.2
407021154,229.87,6442.0,45888.0,40,1083,758,1732,0.8,1377,2.4
407021155,161.85,2450.0,45297.0,44,900,874,1938,0.8,1632,2.5
407021156,185.05,3171.0,47059.0,47,896,737,1667,0.7,1314,2.3
407021157,198.46,7070.0,47381.0,41,867,817,1829,0.7,1470,2.4
407021158,189.1,3535.0,46368.0,49,1006,690,1708,0.7,1351,2.4
407021173,220.93,15378.0,50919.0,41,1200,736,1782,0.7,1348,2.4
407021174,219.2,14892.0,50453.0,41,1109,690,1688,0.7,1210,2.2
407031159,207.34,6551.0,46974.0,48,1083,651,1560,0.7,1245,2.3
407031160,216.29,4253.0,44167.0,42,1040,610,1367,0.7,1039,2.1
407031161,171.73,2985.0,45016.0,46,661,642,1496,0.7,1189,2.2
407031162,223.49,5698.0,48410.0,46,1083,678,1638,0.7,1208,2.3
407031163,181.65,1781.0,46692.0,49,1083,691,1497,0.8,1300,2.4
407031164,213.89,6722.0,43422.0,55,1083,505,1223,0.7,901,2.1
407031165,238.8,18855.0,46820.0,42,1100,596,1374,0.7,1077,2.3
407031166,218.75,3825.0,46077.0,47,1250,642,1522,0.8,1294,2.5
407031167,209.87,4814.0,40889.0,44,975,602,1345,0.7,1017,2.2
407031168,212.39,5193.0,42209.0,44,1178,749,1786,0.8,1459,2.5
407031169,197.1,5612.0,43004.0,48,879,604,1372,0.7,1085,2.2
407031170,201.02,6786.0,44215.0,50,953,593,1363,0.7,1027,2.2
501011001,312.7,6768.0,45126.0,46,1816,705,1693,0.8,1370,2.4
501011003,423.38,12306.0,46309.0,43,1993,880,2130,0.8,1823,2.6
501011004,388.09,10532.0,43880.0,40,1700,851,1986,0.8,1678,2.6
501011293,366.36,9631.0,49228.0,46,1733,717,1759,0.7,1381,2.4
501011294,363.35,19972.0,47697.0,45,1733,701,1740,0.7,1351,2.4
501021005,359.97,19997.0,60495.0,38,1733,798,2144,0.7,1910,2.7
501021007,324.33,5606.0,54975.0,45,1625,741,1885,0.7,1551,2.5
501021008,280.27,7239.0,49124.0,39,1300,619,1451,0.7,1122,2.2
501021009,247.26,9086.0,57289.0,44,1300,591,1618,0.7,1234,2.3
501021010,269.92,3368.0,56972.0,46,1750,830,2254,0.7,1883,2.5
501021012,358.77,12789.0,59305.0,39,1651,774,2063,0.7,1738,2.6
501021014,276.82,9628.0,57287.0,44,1690,724,1874,0.8,1498,2.5
501021015,305.19,7407.0,53532.0,41,1506,723,1703,0.7,1358,2.3
501021016,265.71,4355.0,57776.0,48,1625,620,1701,0.7,1312,2.4
501021251,365.1,10142.0,60897.0,34,1733,885,2286,0.8,2066,2.9
501021252,369.04,3128.0,60367.0,46,2080,865,2494,0.7,2342,2.9
501021253,316.4,13213.0,56905.0,46,1625,830,2085,0.7,1487,2.1
501021254,253.3,5307.0,48414.0,39,1300,598,1420,0.7,1133,2.3
501031017,259.9,7250.0,50498.0,50,1327,639,1619,0.7,1230,2.3
501031018,286.18,6312.0,51170.0,49,1562,658,1688,0.7,1332,2.4
501031019,233.54,5611.0,45690.0,43,1300,698,1685,0.7,1271,2.3
501031020,228.06,5318.0,39928.0,53,1300,626,1441,0.7,1112,2.2
502011021,354.35,8754.0,59651.0,45,1842,637,1712,0.7,1436,2.6
502011022,324.38,9958.0,57328.0,49,1733,647,1660,0.7,1294,2.3
502011023,290.02,10196.0,50008.0,47,1387,540,1341,0.7,1004,2.3
502011024,353.95,20597.0,59844.0,49,1733,662,1784,0.7,1377,2.4
502011025,273.45,10617.0,48827.0,49,1300,573,1279,0.7,901,1.9
502011026,324.47,6802.0,58767.0,49,1799,639,1687,0.7,1348,2.4
502011027,366.98,22076.0,63741.0,36,1837,772,2119,0.7,1861,2.8
502011028,285.54,11701.0,52815.0,51,1500,543,1385,0.7,1034,2.2
502011029,292.86,10594.0,56039.0,42,1733,610,1710,0.8,1337,2.6
503011030,664.72,7017.0,62905.0,47,4000,1228,4592,0.7,3700,2.8
503011031,451.56,9544.0,61704.0,44,2800,1115,3154,0.8,2068,2.2
503011032,511.53,8019.0,70365.0,44,3925,1458,4593,0.8,3351,2.5
503011033,569.3,8891.0,71777.0,42,3250,1215,4270,0.8,3570,3.0
503011034,307.57,11116.0,61451.0,42,3033,1079,3806,0.8,2303,2.4
503011035,434.02,19647.0,55929.0,37,3521,920,3768,0.8,2610,2.6
503011036,354.71,9913.0,70438.0,42,3250,1178,4110,0.8,3167,2.7
503021038,433.02,12266.0,77097.0,37,2383,1280,3367,0.9,2632,2.4
503021039,346.29,17514.0,67682.0,38,2200,1118,3117,0.8,2079,2.2
503021040,412.02,10021.0,69086.0,38,2492,1149,3171,0.8,2328,2.3
503021042,413.53,18174.0,74373.0,41,2585,1203,3239,0.9,2143,2.1
503021043,307.41,19764.0,65256.0,36,2167,1055,2802,0.9,2012,2.3
503021295,416.72,12309.0,65000.0,35,1950,1175,2572,1.0,2009,1.9
503021296,389.87,11882.0,60847.0,33,1900,1156,2610,1.0,1893,1.9
503021297,416.7,12628.0,60090.0,33,1840,1176,2535,1.0,1966,1.7
504011044,334.41,16500.0,64205.0,40,1801,872,2278,0.7,1738,2.4
504011045,355.81,25412.0,67623.0,39,2000,964,2585,0.8,2011,2.4
504011046,302.55,13790.0,65855.0,36,1733,1050,2386,0.8,1623,1.9
504011047,372.09,23558.0,56351.0,39,1733,737,1902,0.7,1583,2.5
504011048,359.38,8232.0,55872.0,45,1907,715,2037,0.7,1632,2.6
504021049,387.12,4870.0,60308.0,39,1920,807,2252,0.7,1959,2.6
504021050,400.4,7433.0,64254.0,45,2015,915,2638,0.7,2286,2.7
504021051,318.83,5971.0,62338.0,41,1973,830,2337,0.7,1861,2.6
504021053,389.81,13739.0,64045.0,44,2000,820,2291,0.7,2013,2.7
504021054,313.14,13299.0,58074.0,42,1733,740,1902,0.7,1453,2.4
504031056,359.73,19192.0,53581.0,37,1703,715,1914,0.8,1725,2.9
504031057,353.03,22210.0,56222.0,34,1765,778,1974,0.8,1791,2.9
504031058,358.35,5794.0,59750.0,38,1950,869,2105,0.7,1912,2.8
504031060,327.86,2897.0,64303.0,47,2300,917,2551,0.8,2449,2.9
504031061,393.6,5577.0,69127.0,37,2000,1017,2440,0.7,2107,2.6
504031062,336.2,12983.0,60014.0,35,1820,827,2106,0.8,1812,2.7
504031063,799.5,23.0,55500.0,43,0,1350,7000,1.2,1749,1.4
504031065,324.74,5871.0,56684.0,41,1625,732,1917,0.7,1502,2.5
504031066,301.52,11508.0,57851.0,40,1600,749,1800,0.7,1300,2.0
504031067,332.87,7283.0,59951.0,36,1723,827,2094,0.7,1802,2.7
504031068,376.63,12895.0,62482.0,36,2167,940,2405,0.8,2218,3.0
504031298,396.33,16261.0,65139.0,31,1950,1028,2296,0.8,2136,2.9
504031299,386.35,11597.0,62649.0,31,1950,1005,2260,0.8,2151,3.0
504031300,360.76,19778.0,59287.0,33,1800,815,2064,0.8,1844,2.9
505011070,384.99,10894.0,61812.0,36,1800,899,2162,0.7,1833,2.5
505011071,409.91,14274.0,60618.0,39,1950,902,2437,0.7,2227,2.8
505011072,474.88,16504.0,66926.0,42,2208,951,2817,0.7,2394,2.8
505011073,406.24,14141.0,62784.0,40,1950,850,2292,0.7,1897,2.6
505011074,392.37,10906.0,61368.0,39,1902,897,2264,0.7,1930,2.6
505011075,489.78,11536.0,63800.0,44,2400,983,2877,0.7,2465,2.8
505011076,650.83,10048.0,65505.0,43,2763,1059,3367,0.8,3272,3.1
505011077,372.02,14328.0,59291.0,40,1820,830,2215,0.7,1784,2.4
505011078,418.29,13598.0,63342.0,44,2000,825,2401,0.7,2012,2.6
505011079,458.25,11844.0,63813.0,43,2300,916,2681,0.7,2292,2.7
505011080,532.33,8383.0,63315.0,44,2253,906,2759,0.7,2480,2.9
505011081,397.93,8898.0,66024.0,38,2000,918,2390,0.7,2065,2.6
505011082,480.75,10494.0,63472.0,47,2600,981,3045,0.7,2463,2.7
505011083,481.68,9853.0,61906.0,43,2167,901,2653,0.7,2339,2.8
505021084,352.41,16578.0,59699.0,39,1863,830,2101,0.7,1625,2.3
505021085,308.26,21905.0,48846.0,33,1482,629,1461,0.8,1293,2.6
505021088,401.89,19119.0,72572.0,36,2037,1126,2739,0.7,2050,2.3
505021089,469.08,23402.0,69473.0,42,2500,977,3006,0.8,2490,2.8
505021090,341.19,20585.0,55972.0,34,1552,813,1754,0.8,1459,2.3
505021091,423.37,229.0,65397.0,29,1658,1211,2166,1.1,1666,1.5
505021092,415.84,18212.0,72103.0,36,2154,1232,2790,0.8,2108,2.1
505021093,321.06,15118.0,60453.0,38,2000,889,2319,0.8,1857,2.4
505021094,398.49,8223.0,65734.0,45,2817,1064,3112,0.7,2304,2.5
505021095,328.53,13245.0,62652.0,36,1733,991,2220,0.8,1588,2.0
505021096,417.35,15531.0,67511.0,42,2669,990,3137,0.8,2370,2.7
505021097,332.35,17649.0,62153.0,40,2000,931,2460,0.8,1746,2.2
505021301,323.74,12295.0,55100.0,45,2100,740,2349,0.7,1881,2.7
505021302,346.99,13396.0,59312.0,41,1900,817,2148,0.7,1528,2.2
505031098,315.03,12077.0,50628.0,38,1600,628,1683,0.8,1494,2.8
505031099,340.57,24594.0,54833.0,34,1733,730,1848,0.8,1542,2.7
505031100,387.12,19345.0,59860.0,32,1907,920,2264,0.8,2116,3.0
505031101,367.54,14403.0,58343.0,34,1733,828,2011,0.7,1761,2.6
505031102,296.49,9222.0,48789.0,36,1400,582,1422,0.8,1239,2.6
505031104,350.95,10822.0,51522.0,39,1647,661,1763,0.8,1533,2.8
505031105,417.14,21507.0,60528.0,40,2167,922,2597,0.7,2343,2.9
505031107,417.43,14003.0,62017.0,37,2000,880,2408,0.8,2128,2.9
505031255,370.04,14418.0,64076.0,30,1950,983,2216,0.8,2031,2.8
505031256,263.5,746.0,51458.0,45,2470,787,2259,0.8,2120,2.9
505031257,337.68,3967.0,60430.0,39,1800,716,1862,0.7,1526,2.7
505031258,344.48,11383.0,59953.0,35,1842,762,1987,0.7,1697,2.8
505031303,401.27,13552.0,62195.0,36,1993,918,2322,0.7,2096,2.8
505031304,457.14,15931.0,61858.0,33,2167,955,2511,0.8,2439,3.3
505031305,447.75,14665.0,59205.0,37,2000,854,2440,0.8,2261,3.0
505031306,368.81,15161.0,58718.0,38,1800,781,2065,0.7,1679,2.6
506011110,279.77,24139.0,55213.0,33,1517,670,1600,0.7,1306,2.5
506011112,294.45,5997.0,54344.0,38,1408,647,1592,0.8,1372,2.6
506011114,295.93,10963.0,54653.0,40,1500,681,1700,0.7,1354,2.4
506011115,341.47,8498.0,62419.0,45,2000,807,2209,0.7,1920,2.7
506011116,356.91,7468.0,65185.0,44,2056,870,2419,0.7,2185,2.7
506011117,333.22,11837.0,56339.0,31,1600,775,1885,0.8,1739,3.0
506011307,423.35,12079.0,67711.0,33,2000,1068,2491,0.8,2412,3.2
506011308,422.51,16660.0,69401.0,31,2028,1105,2522,0.8,2441,3.2
506021118,354.73,15697.0,60410.0,38,1754,879,2144,0.8,1666,2.3
506021119,358.65,17906.0,63646.0,35,2000,1014,2560,0.8,1974,2.3
506021123,366.52,16399.0,63323.0,36,2000,1057,2464,0.8,1896,2.1
506021309,341.99,9187.0,56193.0,34,1700,812,1897,0.8,1520,2.4
506021310,351.18,7643.0,58510.0,36,1733,797,1954,0.8,1597,2.5
506021311,351.66,11318.0,62588.0,34,1760,1015,2246,0.9,1723,2.1
506031124,331.85,21462.0,47787.0,33,1733,711,1963,0.8,1482,2.4
506031125,469.08,10400.0,59877.0,41,2000,813,2425,0.8,2326,3.1
506031127,356.06,21477.0,49369.0,31,1647,787,1888,0.9,1695,2.7
506031128,341.17,14469.0,56449.0,40,1625,738,1899,0.7,1546,2.5
506031129,409.27,14957.0,59380.0,42,2167,791,2443,0.8,2051,2.8
506031131,416.55,19943.0,60419.0,40,2100,755,2379,0.8,2178,3.1
506041132,323.64,21094.0,52853.0,35,1591,710,1756,0.8,1494,2.7
506041133,421.14,25396.0,59292.0,36,1957,837,2356,0.8,2259,3.1
506041134,293.12,21995.0,52303.0,38,1500,635,1550,0.8,1254,2.5
506041135,394.97,22727.0,59224.0,34,1950,842,2256,0.8,2115,3.1
506041136,300.03,15568.0,53259.0,36,1560,669,1689,0.8,1407,2.7
506041137,332.32,24586.0,55484.0,38,1625,682,1825,0.8,1571,2.7
506051138,372.93,20501.0,61940.0,36,1800,855,2141,0.7,1839,2.7
506051139,388.2,12619.0,61579.0,38,1733,839,2112,0.7,1758,2.5
506051140,384.83,15627.0,62856.0,47,2034,827,2302,0.7,1864,2.5
506051141,364.44,12057.0,60577.0,44,2100,806,2400,0.7,2070,2.8
506061142,391.73,21272.0,64569.0,31,1914,949,2217,0.8,2086,3.0
506061143,393.68,7395.0,60933.0,39,2167,867,2338,0.8,2218,3.0
506061144,324.76,4751.0,62503.0,45,2167,784,2232,0.8,1956,2.7
506071145,368.06,15077.0,67357.0,38,2048,1010,2556,0.7,1804,2.1
506071146,341.33,12049.0,59215.0,40,2500,805,2720,0.7,2146,2.6
506071147,385.51,17876.0,66934.0,40,2388,1131,3007,0.8,2113,2.2
507011148,418.76,22562.0,65817.0,34,2000,1035,2677,0.8,2456,3.0
507011152,410.0,10123.0,64384.0,42,2167,896,2510,0.7,2138,2.6
507011153,308.99,8788.0,59923.0,39,1733,795,2123,0.7,1578,2.3
507011154,323.31,11731.0,56947.0,39,1733,765,1864,0.7,1396,2.2
507011158,475.96,3857.0,81399.0,46,2817,1238,3265,0.8,2566,2.3
507011159,371.56,12153.0,59325.0,37,1680,838,2089,0.7,1715,2.4
507011160,350.5,11631.0,59511.0,41,1733,763,1937,0.7,1473,2.3
507011161,406.0,18130.0,66551.0,33,1993,1064,2502,0.8,2273,2.8
507011163,354.28,7887.0,60414.0,37,1733,879,2233,0.7,1915,2.6
507011259,393.24,10467.0,64133.0,34,2000,1001,2400,0.8,2178,2.8
507011260,444.36,2523.0,62905.0,45,2167,910,2493,0.7,2323,2.8
507021164,422.83,8064.0,66898.0,44,2600,1075,3178,0.8,2288,2.5
507021165,387.56,17365.0,63493.0,43,2167,1059,2822,0.8,1952,2.1
507021166,361.38,15912.0,63103.0,42,2071,874,2387,0.8,1811,2.3
507021167,469.8,7.0,59225.0,50,0,1062,0,1.1,1062,1.2
507031169,360.53,18673.0,62275.0,31,1800,942,2207,0.8,2068,3.0
507031170,276.59,7697.0,54992.0,39,1300,594,1521,0.7,1213,2.4
507031173,312.0,25.0,68508.0,56,1334,450,900,0.8,1124,1.7
507031174,271.52,11715.0,54660.0,37,1333,632,1543,0.7,1293,2.5
507031261,404.72,9470.0,66764.0,32,2000,1046,2417,0.8,2286,2.9
507041175,473.59,12063.0,64944.0,43,2700,1110,3168,0.7,2435,2.6
507041176,416.8,3949.0,63386.0,41,2200,852,2630,0.8,2284,2.9
507041177,369.8,15257.0,66449.0,41,2115,994,2677,0.7,1842,2.3
507041178,418.23,15993.0,64282.0,42,2600,954,2793,0.7,2148,2.5
507041179,427.48,8280.0,60751.0,44,2167,756,2378,0.8,1880,2.7
507041180,443.75,11211.0,63907.0,42,2167,907,2603,0.7,2330,2.8
507041181,428.66,18036.0,66841.0,42,2420,995,3027,0.7,2292,2.6
507041182,410.23,12894.0,56143.0,42,2015,740,2191,0.7,1824,2.5
507041183,282.48,5624.0,60488.0,37,1967,829,2393,0.8,1660,2.3
507041184,554.95,6193.0,60694.0,45,2317,762,2405,0.7,2324,3.0
507051186,295.92,8815.0,54467.0,42,1300,596,1480,0.7,1229,2.4
507051187,366.26,13938.0,60138.0,36,1700,755,2112,0.7,1921,2.8
507051188,296.7,17004.0,59864.0,47,1517,692,1645,0.7,1147,2.0
507051190,294.87,12415.0,60488.0,46,1674,695,1846,0.7,1355,2.3
507051191,379.1,23054.0,65023.0,33,1950,938,2470,0.8,2267,3.0
507051192,324.76,12969.0,59442.0,39,1600,740,1936,0.7,1612,2.6
507051193,318.04,11118.0,57165.0,38,1517,685,1784,0.7,1502,2.6
507051312,363.64,12073.0,65654.0,31,1842,948,2192,0.8,1957,2.8
507051313,384.71,27027.0,66158.0,32,1915,938,2337,0.8,2161,3.0
507051314,385.84,2168.0,62958.0,30,1857,895,2192,0.8,2122,3.0
509011225,307.44,15358.0,48500.0,49,1439,708,1743,0.7,1246,2.1
509011226,242.74,3815.0,47811.0,45,1800,738,1899,0.8,1552,2.5
509011227,346.69,5358.0,50198.0,44,1550,714,1709,0.7,1390,2.5
509011228,299.06,6468.0,39846.0,50,1517,630,1491,0.7,1134,2.3
509011229,176.54,2958.0,39797.0,39,867,931,1980,0.8,1484,2.5
509011230,204.34,4696.0,48458.0,40,1076,714,1649,0.8,1347,2.5
509011231,188.35,4186.0,42231.0,44,1000,829,1890,0.7,1385,2.4
509011232,267.32,3790.0,49037.0,48,1700,721,1825,0.8,1495,2.4
509011233,295.76,11784.0,48984.0,39,1560,697,1725,0.8,1387,2.6
509011234,221.8,5534.0,47048.0,48,1278,626,1491,0.8,1181,2.3
509021236,313.12,6099.0,62758.0,44,2100,798,2258,0.8,2044,2.8
509021237,179.24,3900.0,45183.0,47,1000,638,1758,0.7,1248,2.3
509021238,175.04,3909.0,47997.0,47,867,738,1699,0.7,1202,2.2
509021239,291.53,9224.0,47974.0,50,1644,684,1654,0.7,1321,2.3
509021240,202.69,5057.0,47995.0,43,927,796,1855,0.7,1387,2.3
509021241,216.67,4650.0,49976.0,43,1000,892,2051,0.7,1583,2.4
509021242,151.27,3090.0,52000.0,47,719,853,1671,0.7,1286,2.1
509021243,256.5,11804.0,56049.0,43,1393,660,1631,0.7,1316,2.4
509021244,295.02,4709.0,59491.0,54,1564,624,1579,0.7,1272,2.3
509021245,247.58,5288.0,50385.0,56,1300,592,1483,0.7,1102,2.2
509031246,202.88,3612.0,43991.0,50,1083,693,1678,0.7,1258,2.3
509031247,168.62,4370.0,42419.0,44,743,897,1947,0.7,1480,2.4
509031248,290.68,2447.0,68247.0,45,1733,774,2074,0.7,1644,2.5
509031249,239.96,4520.0,49448.0,43,1170,726,1802,0.7,1294,2.2
509031250,189.27,4991.0,44806.0,48,1083,779,1814,0.7,1355,2.3
510011262,333.02,15658.0,60406.0,34,2167,1164,2623,0.9,2222,2.7
510011263,103.41,8374.0,44707.0,32,1629,461,1036,1.0,1327,2.8
510011264,94.27,4072.0,23000.0,29,1600,362,785,1.3,1096,3.3
510011265,228.98,8050.0,56222.0,33,2000,1016,2082,1.0,1858,2.7
510011266,109.28,2552.0,45525.0,31,2167,471,1017,1.2,1140,3.0
510021267,63.49,6318.0,63677.0,36,2435,1801,752,1.3,1159,3.3
510021268,134.25,4473.0,83116.0,31,1032,1624,3359,0.9,2995,2.7
510021269,203.43,4449.0,101200.0,34,1833,1841,3940,0.9,3402,2.5
510021270,228.73,11804.0,82665.0,32,1387,1415,3024,0.9,2586,2.7
510031271,52.26,7781.0,105719.0,34,1613,1865,3310,0.9,2937,2.7
510031272,318.54,17888.0,83571.0,32,1972,1570,3497,0.9,3194,2.8
510031273,155.56,5524.0,80853.0,34,2167,1425,3285,0.9,2983,2.9
511011274,270.3,12457.0,50921.0,42,1600,785,2017,0.7,1492,2.4
511011275,229.9,4100.0,50338.0,41,1040,960,2004,0.7,1653,2.4
511021276,216.48,5133.0,49158.0,41,1300,782,1898,0.8,1416,2.3
511021277,259.62,4838.0,49965.0,37,1950,905,2107,0.9,1727,2.4
511031278,301.76,7503.0,65412.0,35,1309,1014,2375,0.8,2001,2.5
511031279,308.32,13824.0,72002.0,34,1700,1208,2924,0.8,2374,2.6
511031280,340.5,9094.0,82075.0,33,1730,1369,3029,0.8,2514,2.6
511031282,198.06,4586.0,66112.0,39,944,893,2199,0.7,1627,2.2
511031283,66.45,5193.0,62860.0,35,634,900,1205,1.0,1405,2.8
511041285,227.26,12421.0,50634.0,46,1300,666,1638,0.7,1143,2.1
511041286,224.0,8203.0,52224.0,37,1517,721,1897,0.8,1553,2.7
511041287,312.38,8899.0,59686.0,36,1733,871,2199,0.7,1915,2.7
511041288,313.21,10741.0,61110.0,38,1661,947,2274,0.7,1982,2.6
511041289,255.01,3769.0,48509.0,53,1537,626,1598,0.7,1168,2.2
511041290,131.65,3373.0,41252.0,38,650,1024,1351,0.8,1202,2.2
511041291,182.98,3994.0,51181.0,47,800,768,1684,0.7,1310,2.2
511041292,229.98,5863.0,44466.0,50,1400,664,1639,0.8,1276,2.3
601011001,246.84,8302.0,41716.0,31,1083,519,1135,0.9,971,2.6
601011002,360.78,6527.0,55005.0,35,1508,833,1887,0.8,1630,2.7
601011003,417.74,5033.0,60179.0,41,1517,883,2125,0.8,1875,2.6
601021004,365.71,6578.0,56605.0,44,1600,837,2027,0.8,1512,2.2
601021005,428.38,8683.0,61802.0,43,1800,983,2445,0.8,2191,2.8
601021006,387.34,3480.0,61036.0,41,1625,886,2164,0.8,1742,2.4
601021007,416.0,11828.0,61030.0,43,1733,890,2194,0.7,1787,2.5
601021008,410.09,7902.0,56633.0,47,1620,832,2004,0.8,1588,2.3
601021009,313.16,5233.0,48840.0,36,1300,636,1539,0.8,1258,2.3
601021010,318.25,3558.0,47690.0,35,1083,589,1318,0.8,1104,2.4
601021011,323.88,8014.0,50540.0,31,1387,728,1542,0.8,1321,2.5
601021012,391.74,4658.0,59292.0,45,1600,916,2195,0.8,1934,2.6
601031013,363.2,4350.0,55952.0,40,1523,807,2037,0.8,1817,2.7
601031014,313.04,5820.0,51825.0,38,1300,695,1571,0.8,1296,2.4
601031015,327.34,8512.0,51277.0,38,1300,675,1591,0.8,1241,2.3
601031016,332.32,4774.0,48401.0,35,1300,680,1517,0.9,1301,2.4
601031017,321.09,12527.0,46512.0,35,1300,618,1439,0.9,1151,2.3
601031018,354.15,5199.0,52372.0,41,1448,734,1761,0.8,1434,2.4
601031019,332.99,5821.0,47850.0,35,1387,733,1769,0.9,1418,2.4
601031020,283.95,7377.0,50440.0,40,1200,601,1464,0.8,1178,2.4
601031021,344.49,4465.0,48953.0,34,1430,726,1715,0.9,1494,2.6
601041022,382.01,13758.0,52940.0,36,1626,757,1908,0.8,1544,2.5
601041023,410.65,11229.0,58003.0,43,1685,882,2147,0.8,1778,2.5
601041024,384.22,8603.0,55849.0,39,1625,813,2122,0.9,1853,2.8
601041026,426.61,3672.0,58650.0,47,1785,875,2402,0.8,1910,2.5
601051027,416.58,9210.0,47141.0,34,1800,845,2222,0.9,1741,2.1
601051028,380.49,9161.0,59757.0,38,1664,942,2356,0.8,1916,2.5
601051029,370.21,5122.0,49501.0,37,1820,806,2316,0.8,1873,2.5
601051030,343.94,6698.0,54500.0,38,1772,800,2089,0.9,1621,2.3
601051031,423.31,12560.0,45763.0,39,2167,887,2417,0.8,1913,2.4
601051032,390.01,6817.0,56723.0,39,1625,902,2294,0.9,1827,2.4
601051033,405.91,6473.0,58213.0,38,1950,995,2493,0.9,1994,2.3
601061034,331.67,8642.0,51291.0,43,1300,721,1694,0.8,1373,2.4
601061035,366.5,10131.0,53448.0,42,1506,738,1764,0.8,1439,2.4
602011036,285.34,3595.0,43634.0,33,1092,626,1491,0.9,1128,2.2
602011037,305.1,5052.0,51568.0,38,1300,719,1703,0.8,1298,2.3
602011038,320.98,5565.0,50359.0,41,1571,894,2186,0.8,1581,2.1
602011039,351.92,4867.0,55238.0,41,1517,773,1955,0.8,1636,2.6
602011040,288.36,4169.0,38666.0,32,1050,583,1355,0.9,1138,2.5
602011041,249.44,9958.0,42921.0,34,1170,575,1332,0.8,1112,2.5
602011042,310.05,5565.0,52679.0,43,1408,783,2117,0.8,1452,2.3
602011043,321.49,4110.0,54194.0,47,1372,699,1883,0.7,1463,2.3
602011044,299.39,6922.0,55519.0,46,1500,738,1869,0.7,1377,2.3
602011045,226.33,3900.0,40034.0,36,867,496,1104,0.8,858,2.3
602011046,306.75,7473.0,53000.0,40,1430,776,1947,0.8,1522,2.5
602011047,302.25,4970.0,52586.0,36,1290,766,1879,0.9,1373,2.2
602011048,295.35,5071.0,54120.0,40,1300,747,1773,0.8,1294,2.3
602011049,317.12,4941.0,55628.0,40,1387,845,2111,0.8,1614,2.4
602011050,243.44,4020.0,50116.0,37,1161,671,1621,0.8,1308,2.4
602011051,300.46,4302.0,55092.0,42,1304,792,2035,0.8,1469,2.3
602011052,293.5,5031.0,54050.0,42,1313,747,1842,0.7,1432,2.4
602021053,251.3,4118.0,45479.0,55,1083,497,1222,0.8,944,2.1
602021054,241.7,6244.0,42694.0,48,1192,576,1426,0.8,1093,2.3
602021055,296.63,6267.0,50619.0,50,1310,643,1656,0.8,1371,2.4
602021056,266.04,3681.0,54913.0,39,1408,786,1966,0.8,1581,2.6
602021057,252.56,4435.0,48024.0,47,1243,617,1493,0.8,1211,2.4
602031058,260.22,4443.0,55689.0,46,1365,730,1835,0.8,1580,2.6
602031059,220.38,7292.0,45785.0,48,1083,520,1276,0.7,1002,2.2
602031060,268.26,4512.0,49857.0,47,1300,665,1528,0.8,1217,2.3
602031061,211.0,3782.0,44533.0,47,1023,611,1425,0.7,1046,2.2
602031062,285.67,5595.0,53977.0,45,1324,742,1793,0.8,1457,2.4
602031064,238.59,6919.0,36367.0,56,1083,485,1130,0.8,835,2.0
602031099,141.02,938.0,46261.0,57,867,678,1542,0.7,1057,2.0
602031100,220.57,6989.0,41882.0,48,1083,582,1359,0.7,1040,2.2
603011065,204.67,2487.0,45629.0,50,894,567,1403,0.8,1017,2.1
603011066,241.96,3407.0,51871.0,44,1239,641,1639,0.8,1333,2.6
603011067,252.11,6846.0,50341.0,44,1300,661,1601,0.8,1330,2.5
603021069,326.23,3518.0,46402.0,54,1450,647,1556,0.8,1296,2.2
603021070,291.44,4912.0,42661.0,49,1300,551,1331,0.8,1077,2.3
603021071,276.63,4140.0,47785.0,50,1083,543,1375,0.8,1059,2.2
603021072,298.37,9742.0,50399.0,42,1430,681,1724,0.9,1429,2.6
603031073,240.68,2643.0,40096.0,57,1083,509,1174,0.8,863,2.0
603031074,245.25,5088.0,42385.0,57,1105,595,1290,0.8,1005,2.1
604011075,234.83,3350.0,47590.0,38,989,593,1395,0.7,966,2.1
604011076,223.31,5300.0,52026.0,45,1300,689,1730,0.8,1443,2.5
604011077,238.26,3869.0,48774.0,40,961,629,1423,0.7,1089,2.1
604011078,240.28,6965.0,53784.0,41,1300,683,1762,0.8,1321,2.4
604011079,255.95,5527.0,52105.0,47,1300,673,1735,0.8,1346,2.3
604011080,259.96,3616.0,54388.0,39,1211,700,1629,0.7,1334,2.4
604011081,239.11,4157.0,52543.0,48,1192,602,1463,0.8,1100,2.2
604011082,244.74,7260.0,49224.0,49,1123,608,1450,0.7,1039,2.2
604011083,246.82,4603.0,48291.0,48,1213,541,1355,0.8,1059,2.3
604011084,221.42,6542.0,52679.0,49,1235,599,1497,0.7,1048,2.2
604021085,250.56,14965.0,47246.0,43,1192,619,1455,0.8,1093,2.2
604021086,236.49,5189.0,40086.0,44,1083,535,1281,0.8,950,2.2
604021087,253.1,5498.0,49898.0,44,1300,634,1485,0.8,1192,2.3
604021088,295.31,3743.0,52526.0,41,1305,760,1803,0.8,1561,2.6
604021089,284.19,6622.0,52803.0,52,1430,648,1559,0.7,1279,2.3
604021090,277.64,3186.0,55786.0,43,1300,763,1784,0.8,1531,2.5
604021091,223.37,6789.0,47458.0,49,1253,604,1474,0.8,1209,2.4
604021092,256.85,3552.0,53440.0,47,1400,763,1918,0.8,1588,2.5
604031093,186.22,1652.0,49060.0,45,1083,845,1719,0.7,1330,2.1
604031094,213.5,4286.0,47136.0,41,1147,690,1676,0.8,1356,2.5
604031095,226.61,4039.0,45739.0,42,1083,652,1554,0.8,1189,2.3
604031096,258.41,3930.0,51062.0,46,1170,621,1595,0.8,1329,2.5
604031097,168.9,4366.0,51309.0,47,650,548,1406,0.7,958,2.0
701011002,454.06,7578.0,61985.0,33,1781,1236,2403,1.0,2151,2.0
701011004,390.6,3794.0,73811.0,38,2000,1310,2738,0.8,2197,2.2
701011005,410.56,4149.0,70065.0,33,1800,1297,2695,0.9,2372,2.3
701011006,263.66,2702.0,65451.0,34,2167,966,2306,0.9,1988,2.6
701011007,415.8,2951.0,73733.0,36,2232,1281,2697,0.9,2231,2.3
701011008,405.6,4315.0,68691.0,34,1980,1237,2682,0.9,2278,2.3
701011009,494.42,2998.0,59932.0,35,2248,1453,3185,0.8,2826,2.5
701021010,343.42,2157.0,60045.0,35,1777,915,2186,0.9,2083,2.8
701021011,408.67,2486.0,68294.0,37,2000,1034,2492,0.9,2269,2.9
701021012,356.19,1810.0,65200.0,33,2600,1015,2468,1.1,2250,2.9
701021013,403.04,3586.0,55287.0,33,1900,957,2527,0.9,2372,2.9
701021016,316.69,3047.0,62079.0,35,1600,913,2040,1.0,1549,2.2
701021018,401.91,1917.0,65864.0,36,2015,1042,2474,0.8,2371,3.0
701021019,298.08,5145.0,59223.0,35,1950,838,2021,1.0,1783,2.9
701021020,409.85,4885.0,70551.0,37,2000,1101,2469,0.9,2223,2.7
701021021,293.34,6326.0,80544.0,30,2600,1356,2981,0.9,2965,3.3
701021022,346.99,4648.0,62176.0,38,2000,938,2180,0.9,1774,2.6
701021023,348.06,2705.0,58825.0,36,1733,957,2055,0.9,1817,2.4
701021024,337.11,2078.0,61356.0,37,1950,939,2197,0.9,2033,2.9
701021025,351.06,4089.0,70435.0,34,1972,1203,2430,1.0,2051,2.4
701021026,370.67,3430.0,68929.0,35,1956,1229,2629,0.9,2208,2.4
701021027,369.66,2641.0,70756.0,40,2000,948,2371,0.9,2022,2.6
701021028,340.42,2110.0,56004.0,35,1820,864,2115,1.0,2083,3.0
701021029,399.5,1915.0,66178.0,39,2167,977,2637,0.9,2439,3.0
701021030,434.49,2629.0,70535.0,36,2000,1052,2446,0.9,2331,2.9
701031031,345.92,5594.0,71334.0,36,2383,1185,2709,1.0,2442,2.8
701031032,436.23,8894.0,69335.0,39,2347,1145,2816,1.0,2569,3.0
701031034,396.2,3362.0,66973.0,41,2383,1096,2623,0.9,2153,2.7
701031035,346.61,4565.0,64618.0,40,2167,977,2378,1.0,1969,2.7
701041036,390.42,3256.0,66889.0,32,1742,1104,2205,0.9,1955,2.5
701041037,365.59,2889.0,61940.0,33,1950,1011,2183,0.9,1984,2.7
701041038,498.12,4767.0,76480.0,32,2167,1304,2814,0.8,2572,2.9
701041039,303.92,3347.0,59521.0,34,1725,877,1960,0.9,1479,2.4
701041040,287.53,3264.0,58977.0,33,1632,851,1919,0.9,1515,2.7
701041041,465.86,4737.0,71864.0,32,2000,1182,2664,0.8,2445,2.9
701041042,450.68,6809.0,75243.0,28,2300,1288,2735,0.9,2527,3.0
701041043,415.7,6967.0,71209.0,29,2167,1194,2615,0.9,2376,2.9
701041044,367.38,3369.0,65191.0,33,1800,1012,2276,0.9,1891,2.6
702011045,359.38,4658.0,42998.0,35,0,1073,2371,0.9,2026,2.6
702011046,371.66,5975.0,67767.0,33,1733,1118,2398,0.9,2042,2.6
702011047,402.35,5037.0,63696.0,33,0,1078,2344,1.0,2147,2.8
702011048,407.18,5475.0,71885.0,34,1800,1190,2595,0.9,2267,2.7
702011049,396.66,4364.0,71001.0,35,1733,1306,2793,1.0,2288,2.4
702011050,121.78,2190.0,45330.0,31,758,807,1603,1.3,1248,2.2
702011051,284.79,2974.0,67265.0,42,0,948,2401,1.0,1953,2.5
702011052,62.91,4497.0,21127.0,30,0,356,798,1.5,1133,3.8
702011053,88.07,3269.0,19309.0,29,0,269,707,1.5,1277,4.2
702011054,84.2,2119.0,22572.0,28,212,275,686,1.4,1091,3.9
702021055,66.94,2514.0,30952.0,26,109,416,846,1.3,1172,3.7
702021056,178.93,3492.0,60709.0,33,1114,671,1433,1.0,1677,2.7
702031057,111.46,4669.0,51835.0,47,1430,690,1461,1.0,1279,2.2
702031058,77.91,2152.0,37272.0,28,1181,308,831,1.4,1182,3.6
702031059,53.9,2446.0,33081.0,26,0,190,455,1.8,787,4.8
702031060,83.12,2735.0,26408.0,30,845,240,551,1.3,757,3.4
702031061,86.09,5998.0,13903.0,27,303,260,705,1.9,1369,5.0
702041062,83.12,2882.0,68820.0,30,1083,336,900,1.3,1598,3.7
702041063,93.56,8061.0,17763.0,28,997,298,809,1.8,1552,5.1
702041064,125.22,3564.0,72127.0,33,1741,1506,3184,1.0,2799,2.8
702051065,83.37,2604.0,33399.0,29,1300,334,833,1.6,1389,3.8
702051066,73.4,4810.0,20712.0,28,1117,276,728,1.7,1281,4.3
702051067,292.38,10700.0,57487.0,33,1625,1069,2349,1.0,2111,2.7
702051068,78.04,2995.0,18399.0,25,1409,311,637,1.5,1095,4.1
801011001,526.15,2583.0,84666.0,42,2500,1372,3533,0.8,3161,2.8
801011002,432.34,8545.0,58754.0,30,1517,1009,2034,1.1,1776,1.9
801011003,439.65,7543.0,62529.0,29,1733,1027,2693,0.9,2266,2.3
801011004,366.33,3042.0,65010.0,35,1755,948,2218,0.8,1818,2.5
801011005,442.45,2938.0,79192.0,42,2167,1288,3054,0.7,2269,2.3
801011006,473.4,7246.0,73945.0,36,2000,1176,2766,0.8,2503,2.9
801011007,470.22,5494.0,70669.0,37,2000,1149,2729,0.8,2428,2.7
801011008,393.82,4766.0,67680.0,39,1950,1023,2453,0.8,2082,2.5
801011009,479.12,3640.0,73295.0,37,2167,1173,2997,0.8,2728,2.9
801011010,454.95,2114.0,75414.0,41,2167,1164,2872,0.8,2618,2.9
801011011,475.11,3352.0,73125.0,38,2167,1143,2816,0.8,2447,2.7
801011013,385.19,2994.0,71172.0,42,2000,1169,2826,0.7,2251,2.5
801011014,403.71,3298.0,71092.0,38,2000,1053,2614,0.8,2248,2.6
801011015,386.49,5599.0,70165.0,36,1950,1041,2441,0.8,1983,2.4
801011016,462.8,7638.0,67284.0,39,2167,1050,2695,0.8,2336,2.7
801011017,389.31,3742.0,70404.0,38,2000,1089,2495,0.8,2125,2.6
801011018,545.37,2741.0,66972.0,28,2000,1190,2753,0.9,2492,2.6
801011019,469.13,7022.0,72874.0,34,2000,1172,2625,0.8,2344,2.7
801011020,398.09,3086.0,67830.0,37,2000,1078,2530,0.8,1947,2.3
801011021,422.19,2713.0,71392.0,43,2167,1160,3051,0.7,2687,2.7
801011022,381.32,3364.0,72000.0,38,2100,1118,2767,0.8,2326,2.7
801011023,441.38,3024.0,65365.0,40,2000,932,2308,0.8,1773,2.3
801011024,393.88,3050.0,66636.0,35,1950,1041,2425,0.8,2025,2.6
801011025,362.91,2561.0,72442.0,38,2120,1125,2747,0.8,2358,2.7
801011026,469.8,2777.0,75422.0,41,2500,1332,3730,0.8,3349,2.9
801011143,429.2,709.0,71809.0,30,2191,1236,2727,0.8,2629,2.9
801031113,266.79,1088.0,50695.0,47,1546,746,1640,0.9,1003,1.8
801031114,401.33,128.0,75471.0,39,1300,1215,2625,0.8,2218,2.3
801031115,267.88,295.0,54893.0,27,3033,1161,3187,1.0,3156,3.0
801041034,463.93,6108.0,74082.0,35,2158,1207,3089,0.8,2769,2.9
801041035,519.57,7351.0,70494.0,30,2167,1183,2848,0.9,2811,3.4
801041036,509.55,6468.0,75864.0,32,2167,1349,2967,0.9,2680,2.9
801041037,458.49,4775.0,81363.0,34,2400,1395,3235,0.9,2811,2.8
801041038,588.8,4420.0,87343.0,35,2481,1548,3730,0.8,3553,3.2
801041039,465.55,7513.0,66038.0,30,1885,1121,2524,1.0,2383,2.8
801041040,454.23,8607.0,59850.0,31,1801,1049,2395,1.0,2208,2.6
801041043,149.0,299.0,71618.0,47,2950,1110,3208,0.8,2681,2.8
801041044,447.96,8273.0,70931.0,31,2000,1207,2878,1.0,2636,2.9
801041046,459.82,10985.0,70241.0,34,1950,1124,2479,0.8,2219,2.6
801041047,510.33,6647.0,75110.0,44,2300,1251,3429,0.7,3134,2.9
801041048,458.58,5549.0,71306.0,36,1940,1134,2686,0.8,2316,2.6
801041118,456.0,706.0,66617.0,30,1772,1161,2370,1.0,2160,2.9
801041120,472.8,5317.0,72404.0,30,2167,1222,2735,0.9,2699,3.2
801041121,298.12,2213.0,64973.0,30,2500,1113,2527,1.0,2655,3.4
801041122,402.59,2396.0,75716.0,31,2710,1342,3160,0.9,3181,3.3
801051050,337.37,5348.0,78588.0,42,2600,1236,3578,0.8,2434,2.5
801051051,502.17,6425.0,80087.0,30,1803,1512,3029,1.1,2259,1.8
801051053,551.24,4900.0,70653.0,27,1950,1076,2895,1.1,2232,1.7
801051054,490.12,3285.0,71899.0,30,1904,1303,2895,1.0,2277,2.2
801051055,423.69,4286.0,68199.0,35,2167,1125,2882,0.9,2267,2.5
801051056,388.63,3213.0,81736.0,40,2500,1361,3555,0.8,2623,2.6
801051057,423.24,5677.0,70365.0,35,1800,1200,2731,0.9,2084,2.1
801051058,452.66,5903.0,75285.0,35,2500,1261,3463,0.9,2518,2.5
801051060,492.05,4467.0,80673.0,31,1901,1448,3199,1.0,2330,2.0
801051061,433.65,6707.0,77396.0,34,2067,1354,3066,0.8,2414,2.4
801051124,529.93,4570.0,84570.0,38,2400,1592,3969,0.8,3048,2.3
801051125,273.12,1985.0,55472.0,21,0,962,3250,0.8,3100,2.8
801051127,415.03,1533.0,70064.0,40,2300,1335,3301,0.9,2272,2.0
801061062,517.1,3102.0,84575.0,45,3180,1577,4211,0.7,3117,2.4
801061063,559.43,1824.0,85296.0,47,2520,1816,4532,0.8,3363,2.2
801061064,471.96,5320.0,86964.0,38,2118,1572,3649,0.9,2542,2.1
801061067,427.09,6434.0,79972.0,40,2392,1250,3223,0.8,2353,2.4
801061069,471.52,3128.0,80283.0,42,3500,1469,4667,0.8,3938,2.8
801061070,497.85,3094.0,83679.0,50,3425,1591,4506,0.7,3327,2.4
801061129,538.22,1950.0,99637.0,39,2015,1775,3524,1.0,2462,1.7
801061130,349.0,59.0,50484.0,37,3033,599,2249,1.0,1374,1.8
801061131,524.33,6583.0,93521.0,35,1950,1777,3557,0.9,2469,1.8
801071071,419.57,5086.0,71896.0,35,2000,1168,2741,0.8,2419,2.8
801071072,441.18,3821.0,72444.0,38,1950,1135,2562,0.8,2223,2.6
801071073,449.0,5698.0,72845.0,37,2000,1192,2842,0.8,2460,2.7
801071074,397.85,5236.0,69987.0,37,2000,1088,2570,0.8,2292,2.7
801071075,391.37,5079.0,73080.0,37,2148,1179,2907,0.8,2574,2.8
801071076,611.38,2975.0,84045.0,43,2383,1415,3557,0.7,3302,2.9
801071077,420.4,2685.0,71435.0,37,2048,1164,2725,0.8,2416,2.8
801071078,418.06,7873.0,72329.0,38,1950,1157,2742,0.8,2321,2.7
801071079,433.25,3117.0,74979.0,38,2167,1207,2908,0.7,2674,2.8
801071080,452.92,4102.0,71920.0,36,1625,1197,2341,0.9,1857,1.9
801071081,451.77,4309.0,69497.0,36,1880,1084,2502,0.8,2131,2.6
801071082,390.18,15674.0,71138.0,41,2000,1070,2630,0.7,2207,2.6
801071083,503.62,1398.0,78950.0,39,2200,1334,3232,0.7,3037,2.9
801071084,456.46,5586.0,73530.0,43,2058,1095,2682,0.7,2164,2.5
801071086,389.35,1690.0,72081.0,39,2150,1132,2754,0.8,2393,2.7
801071087,382.03,3040.0,66720.0,36,2000,1012,2327,0.8,2043,2.6
801071088,427.0,3774.0,70820.0,36,2002,1195,2880,0.8,2588,2.8
801071090,399.5,7861.0,73480.0,39,2100,1127,2700,0.8,2295,2.6
801081091,383.0,2845.0,85756.0,47,2600,1378,3490,0.7,3111,2.7
801081092,445.19,3377.0,79313.0,39,2476,1251,3099,0.7,2593,2.7
801081093,418.54,3209.0,79631.0,40,2354,1206,3057,0.8,2275,2.5
801081094,472.19,2799.0,81094.0,41,2167,1273,2915,0.7,2338,2.5
801081095,338.12,3329.0,76526.0,39,2140,1113,2765,0.7,2207,2.5
801081096,464.33,2174.0,73192.0,46,2258,1020,2759,0.7,2206,2.6
801081097,383.0,2772.0,79861.0,38,2175,1179,2920,0.8,2247,2.5
801081098,431.11,3982.0,81096.0,42,2200,1242,3082,0.8,2361,2.5
801091099,447.59,2663.0,72961.0,37,2383,1191,2940,0.8,2347,2.4
801091100,443.95,5538.0,81805.0,41,2600,1341,3673,0.8,2886,2.6
801091101,434.03,3763.0,79249.0,43,2600,1223,3226,0.8,2540,2.6
801091102,554.34,3686.0,84224.0,41,2600,1349,3513,0.8,2985,2.7
801091103,395.79,3195.0,82061.0,43,2700,1298,3669,0.8,2797,2.6
801091104,521.89,2353.0,84695.0,49,2300,1307,3148,0.7,2670,2.5
801091105,390.15,3253.0,69657.0,36,2383,1097,2629,0.9,2062,2.3
801091106,401.1,3426.0,72444.0,38,2167,1158,2653,0.9,2204,2.4
801091107,899.5,927.0,64673.0,51,3413,1497,4567,0.6,4476,2.9
801091108,429.01,2672.0,79215.0,43,2383,1222,3302,0.8,2362,2.5
801091109,444.0,5197.0,76085.0,32,1608,1342,2473,1.1,2075,1.9
801091110,465.68,2406.0,76713.0,39,2470,1286,3322,0.8,2612,2.7
801101135,483.98,4841.0,78007.0,30,2000,1358,2913,0.9,2634,2.7
801101136,482.03,2740.0,91564.0,31,2400,1655,3606,0.9,3219,2.8
801101139,471.86,3802.0,82507.0,32,1950,1446,3150,1.0,2559,2.5
801111140,299.67,555.0,71997.0,35,2292,1358,3109,0.9,3134,3.1
801111141,449.0,67.0,71601.0,27,4333,1270,2687,1.3,2812,3.3
