sa2_code,state,gccsa,sa2,population,approved_dwellings_12m,approvals_per_1000
801011001,Australian Capital Territory,Australian Capital Territory,Aranda,2643.0,5,1.8917896329928112
801011002,Australian Capital Territory,Australian Capital Territory,Belconnen,9592.0,420,43.78648874061719
801011005,Australian Capital Territory,Australian Capital Territory,Cook,2962.0,14,4.726536124240378
801011006,Australian Capital Territory,Australian Capital Territory,Dunlop,7282.0,1,0.137324910738808
801011007,Australian Capital Territory,Australian Capital Territory,Evatt,5549.0,3,0.5406379527842855
801011008,Australian Capital Territory,Australian Capital Territory,Florey,4768.0,4,0.8389261744966443
801011009,Australian Capital Territory,Australian Capital Territory,Flynn (ACT),3710.0,2,0.5390835579514826
801011010,Australian Capital Territory,Australian Capital Territory,Fraser,2139.0,1,0.4675081813931744
801011011,Australian Capital Territory,Australian Capital Territory,Giralang,3456.0,4,1.1574074074074074
801011013,Australian Capital Territory,Australian Capital Territory,Hawker,3007.0,2,0.6651147322913202
801011014,Australian Capital Territory,Australian Capital Territory,Higgins,3363.0,79,23.490930716622064
801011015,Australian Capital Territory,Australian Capital Territory,Holt,6047.0,1,0.165371258475277
801011016,Australian Capital Territory,Australian Capital Territory,Kaleen,7776.0,105,13.503086419753084
801011017,Australian Capital Territory,Australian Capital Territory,Latham,3763.0,5,1.3287270794578794
801011019,Australian Capital Territory,Australian Capital Territory,Macgregor (ACT),6975.0,9,1.2903225806451613
801011020,Australian Capital Territory,Australian Capital Territory,Macquarie,3231.0,8,2.4760136180748997
801011022,Australian Capital Territory,Australian Capital Territory,Melba,3424.0,1,0.2920560747663551
801011023,Australian Capital Territory,Australian Capital Territory,Page,2991.0,2,0.6686726847208291
801011024,Australian Capital Territory,Australian Capital Territory,Scullin,3052.0,4,1.3106159895150722
801011026,Australian Capital Territory,Australian Capital Territory,Weetangera,2848.0,18,6.320224719101123
801011142,Australian Capital Territory,Australian Capital Territory,Macnamara,40.0,173,
801011143,Australian Capital Territory,Australian Capital Territory,Strathnairn,2208.0,53,24.0036231884058
801041036,Australian Capital Territory,Australian Capital Territory,Casey,6731.0,1,0.1485663348685188
801041040,Australian Capital Territory,Australian Capital Territory,Gungahlin,9555.0,1,0.1046572475143903
801041044,Australian Capital Territory,Australian Capital Territory,Harrison,8023.0,1,0.1246416552411816
801041046,Australian Capital Territory,Australian Capital Territory,Ngunnawal,11188.0,1,0.0893814801573114
801041047,Australian Capital Territory,Australian Capital Territory,Nicholls,6507.0,2,0.3073613032119256
801041048,Australian Capital Territory,Australian Capital Territory,Palmerston,5537.0,2,0.3612064294744446
801041118,Australian Capital Territory,Australian Capital Territory,Jacka,733.0,270,
801041120,Australian Capital Territory,Australian Capital Territory,Moncrieff,6031.0,1,0.165809981760902
801041121,Australian Capital Territory,Australian Capital Territory,Taylor,5512.0,110,19.95645863570392
801051050,Australian Capital Territory,Australian Capital Territory,Ainslie,5469.0,17,3.1084293289449625
801051051,Australian Capital Territory,Australian Capital Territory,Braddon,7488.0,680,90.8119658119658
801051054,Australian Capital Territory,Australian Capital Territory,Dickson,4179.0,3,0.7178750897343863
801051055,Australian Capital Territory,Australian Capital Territory,Downer,4556.0,8,1.7559262510974538
801051056,Australian Capital Territory,Australian Capital Territory,Hackett,3345.0,3,0.8968609865470852
801051057,Australian Capital Territory,Australian Capital Territory,Lyneham,6013.0,149,24.77964410444038
801051058,Australian Capital Territory,Australian Capital Territory,O'Connor (ACT),5921.0,21,3.5466981928728254
801051060,Australian Capital Territory,Australian Capital Territory,Turner,4888.0,480,98.19967266775777
801051061,Australian Capital Territory,Australian Capital Territory,Watson,7377.0,10,1.35556459265284
801051124,Australian Capital Territory,Australian Capital Territory,Campbell,5365.0,15,2.795899347623485
801061062,Australian Capital Territory,Australian Capital Territory,Deakin,3247.0,11,3.387742531567601
801061063,Australian Capital Territory,Australian Capital Territory,Forrest,1944.0,3,1.5432098765432098
801061064,Australian Capital Territory,Australian Capital Territory,Griffith (ACT),5826.0,5,0.8582217645039478
801061067,Australian Capital Territory,Australian Capital Territory,Narrabundah,7014.0,17,2.423723980610208
801061069,Australian Capital Territory,Australian Capital Territory,Red Hill (ACT),3619.0,12,3.315833103067146
801061070,Australian Capital Territory,Australian Capital Territory,Yarralumla,3154.0,6,1.9023462270133165
801071071,Australian Capital Territory,Australian Capital Territory,Banks,5038.0,1,0.1984914648670107
801071074,Australian Capital Territory,Australian Capital Territory,Chisholm,5277.0,5,0.9475080538184574
801071077,Australian Capital Territory,Australian Capital Territory,Gilmore,2722.0,2,0.7347538574577516
801071078,Australian Capital Territory,Australian Capital Territory,Gordon (ACT),7783.0,2,0.2569703199280483
801071081,Australian Capital Territory,Australian Capital Territory,Isabella Plains,4324.0,2,0.4625346901017576
801071082,Australian Capital Territory,Australian Capital Territory,Kambah,15878.0,12,0.7557626905151782
801071084,Australian Capital Territory,Australian Capital Territory,Monash,5657.0,2,0.353544281421248
801071087,Australian Capital Territory,Australian Capital Territory,Richardson,3060.0,3,0.9803921568627452
801071088,Australian Capital Territory,Australian Capital Territory,Theodore,3726.0,1,0.2683843263553409
801071090,Australian Capital Territory,Australian Capital Territory,Wanniassa,7731.0,6,0.7760962359332557
801081091,Australian Capital Territory,Australian Capital Territory,Chapman,2881.0,1,0.3471017007983339
801081092,Australian Capital Territory,Australian Capital Territory,Duffy,3514.0,6,1.707455890722823
801081093,Australian Capital Territory,Australian Capital Territory,Fisher,3334.0,3,0.8998200359928015
801081094,Australian Capital Territory,Australian Capital Territory,Holder,2895.0,2,0.690846286701209
801081095,Australian Capital Territory,Australian Capital Territory,Rivett,3431.0,6,1.7487612940833577
801081096,Australian Capital Territory,Australian Capital Territory,Stirling,2167.0,4,1.8458698661744344
801081097,Australian Capital Territory,Australian Capital Territory,Waramanga,2749.0,5,1.8188432157148051
801081098,Australian Capital Territory,Australian Capital Territory,Weston,4027.0,8,1.986590514030296
801081133,Australian Capital Territory,Australian Capital Territory,Scrivener,72.0,194,
801091099,Australian Capital Territory,Australian Capital Territory,Chifley,2785.0,12,4.308797127468582
801091100,Australian Capital Territory,Australian Capital Territory,Curtin,5585.0,24,4.297224709042077
801091101,Australian Capital Territory,Australian Capital Territory,Farrer,3816.0,5,1.310272536687631
801091102,Australian Capital Territory,Australian Capital Territory,Garran,3732.0,149,39.92497320471597
801091103,Australian Capital Territory,Australian Capital Territory,Hughes,3149.0,8,2.540489044140997
801091105,Australian Capital Territory,Australian Capital Territory,Lyons (ACT),3310.0,11,3.323262839879154
801091106,Australian Capital Territory,Australian Capital Territory,Mawson,3526.0,33,9.35904707884288
801091108,Australian Capital Territory,Australian Capital Territory,Pearce,2713.0,7,2.580169553999263
801091109,Australian Capital Territory,Australian Capital Territory,Phillip,7135.0,196,27.470217238962856
801091110,Australian Capital Territory,Australian Capital Territory,Torrens,2470.0,10,4.048582995951417
801101135,Australian Capital Territory,Australian Capital Territory,Coombs,6159.0,95,15.424581912648156
801101136,Australian Capital Territory,Australian Capital Territory,Denman Prospect,5503.0,439,79.77466836271124
801101139,Australian Capital Territory,Australian Capital Territory,Wright,4757.0,1,0.2102165230187092
801101146,Australian Capital Territory,Australian Capital Territory,Whitlam,1632.0,128,78.43137254901961
801111140,Australian Capital Territory,Australian Capital Territory,ACT - South West,561.0,1,
101021007,New South Wales,Rest of NSW,Braidwood,4494.0,15,3.337783711615488
101021008,New South Wales,Rest of NSW,Karabar,8409.0,1,0.1189202045427518
101021009,New South Wales,Rest of NSW,Queanbeyan,11251.0,81,7.199360056883833
101021010,New South Wales,Rest of NSW,Queanbeyan - East,5111.0,26,5.087067110154568
101021012,New South Wales,Rest of NSW,Queanbeyan West - Jerrabomberra,12735.0,2,0.1570475068708284
101021610,New South Wales,Rest of NSW,Googong,9323.0,151,16.196503271479138
101021611,New South Wales,Rest of NSW,Queanbeyan Surrounds,18181.0,114,6.270282162697321
101031013,New South Wales,Rest of NSW,Bombala,2474.0,2,0.8084074373484236
101031014,New South Wales,Rest of NSW,Cooma,6598.0,25,3.789026977872082
101031015,New South Wales,Rest of NSW,Cooma Surrounds,3577.0,6,1.6773832820799552
101031016,New South Wales,Rest of NSW,Jindabyne - Berridale,8703.0,32,3.676893025393543
101041017,New South Wales,Rest of NSW,Batemans Bay,8679.0,37,4.263163958981449
101041018,New South Wales,Rest of NSW,Batemans Bay - South,9170.0,55,5.997818974918212
101041019,New South Wales,Rest of NSW,Bega - Tathra,9070.0,53,5.843439911797133
101041020,New South Wales,Rest of NSW,Bega-Eden Hinterland,9955.0,30,3.0135610246107483
101041021,New South Wales,Rest of NSW,Broulee - Tomakin,3951.0,26,6.580612503163756
101041022,New South Wales,Rest of NSW,Deua - Wadbilliga,41.0,1,
101041023,New South Wales,Rest of NSW,Eden,3453.0,2,0.5792064871126557
101041024,New South Wales,Rest of NSW,Eurobodalla Hinterland,3788.0,18,4.7518479408658925
101041025,New South Wales,Rest of NSW,Merimbula - Tura Beach,11719.0,21,1.7919617714822085
101041026,New South Wales,Rest of NSW,Moruya - Tuross Head,8670.0,57,6.57439446366782
101041027,New South Wales,Rest of NSW,Narooma - Bermagui,10087.0,33,3.271537622682661
101051539,New South Wales,Rest of NSW,Goulburn,25647.0,276,10.76149257223067
101051540,New South Wales,Rest of NSW,Goulburn Surrounds,14411.0,88,6.10644646450628
101061541,New South Wales,Rest of NSW,Yass,6812.0,32,4.697592483852025
101061542,New South Wales,Rest of NSW,Yass Surrounds,13346.0,91,6.81852240371647
101061543,New South Wales,Rest of NSW,Young,10918.0,38,3.480490932405202
101061544,New South Wales,Rest of NSW,Young Surrounds,7803.0,16,2.0504933999743686
102011028,New South Wales,Greater Sydney,Avoca Beach - Copacabana,7578.0,77,10.160992346265504
102011029,New South Wales,Greater Sydney,Box Head - MacMasters Beach,11289.0,19,1.6830543006466472
102011030,New South Wales,Greater Sydney,Calga - Kulnura,4678.0,9,1.923899102180419
102011031,New South Wales,Greater Sydney,Erina - Green Point,14644.0,10,0.6828735318219066
102011032,New South Wales,Greater Sydney,Gosford - Springfield,23282.0,50,2.1475818228674517
102011033,New South Wales,Greater Sydney,Kariong,6388.0,8,1.2523481527864746
102011034,New South Wales,Greater Sydney,Kincumber - Picketts Valley,7634.0,8,1.047943411055803
102011035,New South Wales,Greater Sydney,Narara,7425.0,19,2.558922558922559
102011036,New South Wales,Greater Sydney,Niagara Park - Lisarow,8264.0,7,0.8470474346563407
102011037,New South Wales,Greater Sydney,Point Clare - Koolewong,6697.0,4,0.5972823652381662
102011038,New South Wales,Greater Sydney,Saratoga - Davistown,7432.0,9,1.2109795479009688
102011039,New South Wales,Greater Sydney,Terrigal - North Avoca,15631.0,31,1.9832384364404068
102011040,New South Wales,Greater Sydney,Umina - Booker Bay - Patonga,25057.0,107,4.27026379853933
102011041,New South Wales,Greater Sydney,Wamberal - Forresters Beach,10897.0,23,2.1106726622006056
102011042,New South Wales,Greater Sydney,Woy Woy - Blackwall,14566.0,59,4.050528628312509
102011043,New South Wales,Greater Sydney,Wyoming,11329.0,8,0.7061523523700238
102021044,New South Wales,Greater Sydney,Bateau Bay - Killarney Vale,23090.0,36,1.559116500649632
102021045,New South Wales,Greater Sydney,Blue Haven - San Remo,11723.0,20,1.706047939947113
102021046,New South Wales,Greater Sydney,Budgewoi - Buff Point - Halekulani,10066.0,23,2.2849195310947743
102021047,New South Wales,Greater Sydney,Chittaway Bay - Tumbi Umbi,16559.0,51,3.0798961289932967
102021048,New South Wales,Greater Sydney,Gorokan - Kanwal - Charmhaven,22880.0,65,2.840909090909091
102021049,New South Wales,Greater Sydney,Jilliby - Yarramalong,3627.0,4,1.1028398125172318
102021050,New South Wales,Greater Sydney,Lake Munmorah - Mannering Park,11084.0,158,14.254781667268134
102021051,New South Wales,Greater Sydney,Ourimbah - Fountaindale,4934.0,4,0.8107012565869477
102021052,New South Wales,Greater Sydney,Summerland Point - Gwandalan,7094.0,87,12.263884973216804
102021053,New South Wales,Greater Sydney,The Entrance,16336.0,137,8.386385896180215
102021054,New South Wales,Greater Sydney,Toukley - Norah Head,9908.0,31,3.128784820347194
102021055,New South Wales,Greater Sydney,Tuggerah - Kangy Angy,5360.0,2,0.373134328358209
102021056,New South Wales,Greater Sydney,Warnervale - Wadalba,23023.0,230,9.99000999000999
102021057,New South Wales,Greater Sydney,Wyong,9341.0,21,2.2481533026442566
103011059,New South Wales,Rest of NSW,Bathurst - East,13565.0,55,4.054552156284556
103011060,New South Wales,Rest of NSW,Bathurst Surrounds,7094.0,21,2.960248096983366
103011061,New South Wales,Rest of NSW,Oberon,4864.0,22,4.5230263157894735
103011612,New South Wales,Rest of NSW,Bathurst - South,10483.0,29,2.7663836687971
103011613,New South Wales,Rest of NSW,Bathurst - West,14965.0,80,5.345806882726362
103021062,New South Wales,Rest of NSW,Condobolin,6345.0,13,2.048857368006304
103021063,New South Wales,Rest of NSW,Cowra,9130.0,26,2.8477546549835706
103021064,New South Wales,Rest of NSW,Cowra Surrounds,5778.0,11,1.9037729318103151
103021065,New South Wales,Rest of NSW,Forbes,10019.0,27,2.69487972851582
103021066,New South Wales,Rest of NSW,Grenfell,3549.0,5,1.4088475626937165
103021067,New South Wales,Rest of NSW,Parkes (NSW),10998.0,16,1.4548099654482634
103021068,New South Wales,Rest of NSW,Parkes Surrounds,3079.0,2,0.6495615459564793
103021069,New South Wales,Rest of NSW,West Wyalong,5420.0,16,2.952029520295203
103031070,New South Wales,Rest of NSW,Lithgow,12124.0,29,2.391949851534147
103031071,New South Wales,Rest of NSW,Lithgow Surrounds,8544.0,26,3.0430711610486894
103031072,New South Wales,Rest of NSW,Mudgee,12965.0,77,5.939066718087158
103031073,New South Wales,Rest of NSW,Mudgee Surrounds - East,3369.0,8,2.3745918670228554
103031074,New South Wales,Rest of NSW,Mudgee Surrounds - West,11482.0,48,4.180456366486675
103041076,New South Wales,Rest of NSW,Blayney,7855.0,50,6.365372374283896
103041077,New South Wales,Rest of NSW,Orange,19154.0,74,3.863422783752741
103041078,New South Wales,Rest of NSW,Orange - North,24059.0,82,3.4082879587680286
103041079,New South Wales,Rest of NSW,Orange Surrounds,12138.0,91,7.497116493656286
104011080,New South Wales,Rest of NSW,Grafton,19905.0,51,2.562170308967596
104011081,New South Wales,Rest of NSW,Grafton Surrounds,18099.0,47,2.596828554063761
104011082,New South Wales,Rest of NSW,Maclean - Yamba - Iluka,18562.0,283,15.246201917896778
104021083,New South Wales,Rest of NSW,Bellingen,6200.0,22,3.548387096774194
104021084,New South Wales,Rest of NSW,Coffs Harbour - North,18960.0,54,2.848101265822785
104021085,New South Wales,Rest of NSW,Coffs Harbour - South,11466.0,76,6.628292342578057
104021086,New South Wales,Rest of NSW,Coramba - Nana Glen - Bucca,4124.0,4,0.9699321047526672
104021087,New South Wales,Rest of NSW,Dorrigo,3250.0,5,1.5384615384615383
104021088,New South Wales,Rest of NSW,Korora - Emerald Beach,11008.0,94,8.539244186046512
104021089,New South Wales,Rest of NSW,Sawtell - Boambee,20581.0,36,1.7491861425586706
104021090,New South Wales,Rest of NSW,Urunga,4947.0,13,2.6278552658176677
104021091,New South Wales,Rest of NSW,Woolgoolga - Arrawarra,15229.0,66,4.333836758815418
105011092,New South Wales,Rest of NSW,Bourke - Brewarrina,3420.0,5,1.461988304093567
105011093,New South Wales,Rest of NSW,Cobar,4115.0,5,1.215066828675577
105011094,New South Wales,Rest of NSW,Coonamble,4097.0,4,0.976324139614352
105011095,New South Wales,Rest of NSW,Nyngan - Warren,4542.0,8,1.7613386173491854
105011096,New South Wales,Rest of NSW,Walgett - Lightning Ridge,5708.0,15,2.6278906797477224
105021097,New South Wales,Rest of NSW,Broken Hill,17515.0,7,0.3996574364830145
105021098,New South Wales,Rest of NSW,Far West,2302.0,4,1.737619461337967
105031099,New South Wales,Rest of NSW,Coonabarabran,7948.0,12,1.509813789632612
105031100,New South Wales,Rest of NSW,Dubbo - East,10736.0,53,4.93666169895678
105031101,New South Wales,Rest of NSW,Dubbo - South,20712.0,221,10.67014291232136
105031102,New South Wales,Rest of NSW,Dubbo - West,11004.0,103,9.36023264267539
105031103,New South Wales,Rest of NSW,Dubbo Surrounds,6189.0,15,2.423654871546292
105031104,New South Wales,Rest of NSW,Gilgandra,4426.0,12,2.7112516945323093
105031105,New South Wales,Rest of NSW,Narromine,6499.0,14,2.1541775657793507
105031106,New South Wales,Rest of NSW,Wellington,9159.0,23,2.511191178076209
106011107,New South Wales,Rest of NSW,Branxton - Greta - Pokolbin,16413.0,318,19.374885761286784
106011108,New South Wales,Rest of NSW,Cessnock,24745.0,271,10.951707415639522
106011109,New South Wales,Rest of NSW,Cessnock Surrounds,9974.0,52,5.213555243633446
106011110,New South Wales,Rest of NSW,Dungog,10102.0,58,5.741437339140765
106011111,New South Wales,Rest of NSW,Kurri Kurri - Abermain,23407.0,140,5.981116759943607
106011112,New South Wales,Rest of NSW,Singleton,17396.0,82,4.713727293630719
106011113,New South Wales,Rest of NSW,Singleton Surrounds,5523.0,16,2.8969762810066992
106021114,New South Wales,Rest of NSW,Maitland,9805.0,331,33.758286588475265
106021116,New South Wales,Rest of NSW,Maitland - North,9195.0,40,4.350190320826536
106021614,New South Wales,Rest of NSW,East Maitland - Metford,18334.0,47,2.563543143885677
106021615,New South Wales,Rest of NSW,Rutherford (North) - Aberglasslyn,19954.0,396,19.845644983461963
106021616,New South Wales,Rest of NSW,Rutherford (South) - Telarah,9366.0,214,22.848601323937647
106021617,New South Wales,Rest of NSW,Tenambit - East Maitland,10532.0,23,2.183820736802127
106021618,New South Wales,Rest of NSW,Thornton - Millers Forest,19925.0,315,15.809284818067756
106031119,New South Wales,Rest of NSW,Anna Bay,6868.0,237,34.50786255096098
106031120,New South Wales,Rest of NSW,Lemon Tree Passage - Tanilba Bay,7065.0,52,7.360226468506723
106031121,New South Wales,Rest of NSW,Nelson Bay Peninsula,22156.0,64,2.888608051994945
106031122,New South Wales,Rest of NSW,Raymond Terrace,15345.0,87,5.669599217986315
106031123,New South Wales,Rest of NSW,Seaham - Woodville,5899.0,7,1.1866418036955415
106031124,New South Wales,Rest of NSW,Tea Gardens - Hawks Nest,5786.0,16,2.76529554096094
106031125,New South Wales,Rest of NSW,Williamtown - Medowie - Karuah,17178.0,134,7.800675282337874
106041126,New South Wales,Rest of NSW,Muswellbrook,12595.0,51,4.0492258832870185
106041127,New South Wales,Rest of NSW,Muswellbrook Surrounds,4264.0,18,4.221388367729832
106041128,New South Wales,Rest of NSW,Scone,5998.0,29,4.834944981660554
106041129,New South Wales,Rest of NSW,Scone Surrounds,8425.0,14,1.6617210682492582
107011131,New South Wales,Rest of NSW,Dapto - Avondale,24842.0,41,1.650430722164077
107011132,New South Wales,Rest of NSW,Horsley - Kembla Grange,14750.0,223,15.11864406779661
107011134,New South Wales,Rest of NSW,Unanderra - Mount Kembla,15414.0,16,1.0380173867912288
107011545,New South Wales,Rest of NSW,Berkeley - Lake Heights - Cringila,14288.0,37,2.589585666293393
107011546,New South Wales,Rest of NSW,Port Kembla - Warrawong,9681.0,21,2.169197396963124
107011547,New South Wales,Rest of NSW,Windang - Primbee,4224.0,18,4.261363636363636
107031136,New South Wales,Rest of NSW,Albion Park - Macquarie Pass,23649.0,437,18.4785826039156
107031137,New South Wales,Rest of NSW,Albion Park Rail,6883.0,11,1.5981403457794563
107031138,New South Wales,Rest of NSW,Kiama,9038.0,75,8.29829608320425
107031139,New South Wales,Rest of NSW,Kiama Downs - Minnamurra,5923.0,21,3.5455005909167654
107031140,New South Wales,Rest of NSW,Kiama Hinterland - Gerringong,8121.0,72,8.865903213889915
107031141,New South Wales,Rest of NSW,Shellharbour - Flinders,20964.0,266,12.688418240793744
107031142,New South Wales,Rest of NSW,Shellharbour - Oak Flats,11007.0,55,4.996820205323885
107031143,New South Wales,Rest of NSW,Warilla,20725.0,86,4.149577804583836
107041144,New South Wales,Rest of NSW,Balgownie - Fairy Meadow,22303.0,95,4.25951665695198
107041145,New South Wales,Rest of NSW,Corrimal - Tarrawanna - Bellambi,16704.0,280,16.762452107279692
107041146,New South Wales,Rest of NSW,Figtree - Keiraville,23776.0,63,2.6497308209959627
107041147,New South Wales,Rest of NSW,Helensburgh,9174.0,27,2.943100065402224
107041148,New South Wales,Rest of NSW,Thirroul - Austinmer - Coalcliff,12148.0,40,3.2927230819888047
107041150,New South Wales,Rest of NSW,Woonona - Bulli - Russell Vale,20974.0,76,3.623533899113188
107041548,New South Wales,Rest of NSW,Wollongong - East,18274.0,305,16.690379774543068
107041549,New South Wales,Rest of NSW,Wollongong - West,17595.0,295,16.766126740551293
108011151,New South Wales,Rest of NSW,Bulahdelah - Stroud,5482.0,21,3.8307187157971545
108011152,New South Wales,Rest of NSW,Forster,15043.0,47,3.1243767865452368
108011153,New South Wales,Rest of NSW,Forster-Tuncurry Surrounds,7407.0,161,21.736195490751992
108011154,New South Wales,Rest of NSW,Tuncurry,6229.0,13,2.0870123615347564
108021155,New South Wales,Rest of NSW,Kempsey,16272.0,35,2.150934119960669
108021156,New South Wales,Rest of NSW,Kempsey Surrounds,9671.0,18,1.8612346189639128
108021157,New South Wales,Rest of NSW,Macksville - Scotts Head,5383.0,15,2.7865502507895226
108021158,New South Wales,Rest of NSW,Nambucca Heads,7304.0,107,14.649507119386636
108021159,New South Wales,Rest of NSW,Nambucca Heads Surrounds,8550.0,25,2.923976608187134
108021160,New South Wales,Rest of NSW,South West Rocks,6021.0,53,8.802524497591762
108031161,New South Wales,Rest of NSW,Lord Howe Island,442.0,1,
108041162,New South Wales,Rest of NSW,Laurieton - Bonny Hills,19995.0,117,5.851462865716429
108041164,New South Wales,Rest of NSW,Port Macquarie - West,23991.0,272,11.337584927681217
108041165,New South Wales,Rest of NSW,Port Macquarie Surrounds,5331.0,22,4.126805477396361
108041166,New South Wales,Rest of NSW,Wauchope,13754.0,43,3.12636323978479
108041619,New South Wales,Rest of NSW,Port Macquarie - East,11908.0,13,1.0917030567685588
108041620,New South Wales,Rest of NSW,Port Macquarie - South,17470.0,28,1.6027475672581568
108051167,New South Wales,Rest of NSW,Gloucester,5379.0,12,2.230897936419409
108051168,New South Wales,Rest of NSW,Old Bar - Manning Point - Red Head,13450.0,101,7.509293680297397
108051169,New South Wales,Rest of NSW,Taree,21421.0,84,3.921385556229868
108051170,New South Wales,Rest of NSW,Taree Surrounds,13626.0,28,2.0548950535740493
108051171,New South Wales,Rest of NSW,Wingham,5437.0,11,2.0231745447857272
109011172,New South Wales,Rest of NSW,Albury - East,20822.0,234,11.238113533762366
109011173,New South Wales,Rest of NSW,Albury - North,10754.0,67,6.230239910730891
109011174,New South Wales,Rest of NSW,Albury - South,10310.0,22,2.133850630455868
109011175,New South Wales,Rest of NSW,Albury Surrounds,13394.0,108,8.063311930715246
109011176,New South Wales,Rest of NSW,Lavington,15832.0,64,4.04244567963618
109021177,New South Wales,Rest of NSW,Hay,2926.0,5,1.7088174982911826
109021178,New South Wales,Rest of NSW,Wentworth - Buronga,6904.0,125,18.10544611819235
109021179,New South Wales,Rest of NSW,Wentworth-Balranald Region,3725.0,7,1.8791946308724832
109031180,New South Wales,Rest of NSW,Corowa,5618.0,12,2.135991456034176
109031181,New South Wales,Rest of NSW,Corowa Surrounds,7654.0,34,4.442121766396656
109031182,New South Wales,Rest of NSW,Deniliquin,7072.0,24,3.3936651583710407
109031183,New South Wales,Rest of NSW,Deniliquin Surrounds,7020.0,14,1.9943019943019944
109031184,New South Wales,Rest of NSW,Moama,8036.0,136,16.92384270781483
109031185,New South Wales,Rest of NSW,Tocumwal - Finley - Jerilderie,10011.0,56,5.59384676855459
110011186,New South Wales,Rest of NSW,Armidale,24436.0,97,3.969553118349976
110011187,New South Wales,Rest of NSW,Armidale Surrounds - North,4692.0,9,1.918158567774936
110011188,New South Wales,Rest of NSW,Armidale Surrounds - South,6033.0,12,1.9890601690701144
110011189,New South Wales,Rest of NSW,Walcha,3131.0,4,1.2775471095496649
110021190,New South Wales,Rest of NSW,Glen Innes,9069.0,11,1.2129231447789173
110021191,New South Wales,Rest of NSW,Inverell,12374.0,23,1.858736059479554
110021192,New South Wales,Rest of NSW,Inverell Surrounds - East,5244.0,9,1.7162471395881005
110021193,New South Wales,Rest of NSW,Inverell Surrounds - West,5791.0,17,2.9355897081678464
110021194,New South Wales,Rest of NSW,Tenterfield,7188.0,54,7.512520868113523
110031195,New South Wales,Rest of NSW,Moree,8020.0,13,1.6209476309226931
110031196,New South Wales,Rest of NSW,Moree Surrounds,5271.0,4,0.7588692847656991
110031197,New South Wales,Rest of NSW,Narrabri,6942.0,9,1.296456352636128
110031198,New South Wales,Rest of NSW,Narrabri Surrounds,4602.0,3,0.651890482398957
110041199,New South Wales,Rest of NSW,Gunnedah,10144.0,24,2.365930599369085
110041200,New South Wales,Rest of NSW,Gunnedah Surrounds,4611.0,3,0.6506180871828238
110041201,New South Wales,Rest of NSW,Quirindi,7671.0,11,1.433972102724547
110041202,New South Wales,Rest of NSW,Tamworth - East,22677.0,46,2.0284870132733603
110041203,New South Wales,Rest of NSW,Tamworth - North,16839.0,127,7.542015559118712
110041204,New South Wales,Rest of NSW,Tamworth - West,6508.0,79,12.138905961893055
110041205,New South Wales,Rest of NSW,Tamworth Surrounds,20158.0,160,7.93729536660383
111011206,New South Wales,Rest of NSW,Belmont - Bennetts Green,17863.0,25,1.3995409505682137
111011207,New South Wales,Rest of NSW,Belmont South - Blacksmiths,5777.0,13,2.250302925393803
111011208,New South Wales,Rest of NSW,Charlestown - Dudley,26087.0,88,3.3733277111204814
111011209,New South Wales,Rest of NSW,Glendale - Cardiff - Hillsborough,25569.0,64,2.503031014118659
111011210,New South Wales,Rest of NSW,Mount Hutton - Windale,9686.0,33,3.40697914515796
111011211,New South Wales,Rest of NSW,Redhead,3947.0,10,2.533569799847986
111011212,New South Wales,Rest of NSW,Swansea - Caves Beach,13147.0,64,4.86803072944398
111011213,New South Wales,Rest of NSW,Valentine - Eleebana,12537.0,12,0.957166786312515
111011214,New South Wales,Rest of NSW,Warners Bay - Boolaroo,15675.0,97,6.188197767145136
111021215,New South Wales,Rest of NSW,Bolton Point - Teralba,10625.0,20,1.8823529411764703
111021216,New South Wales,Rest of NSW,Bonnells Bay - Silverwater,10266.0,24,2.337814143775569
111021217,New South Wales,Rest of NSW,Edgeworth - Cameron Park,18516.0,120,6.480881399870382
111021218,New South Wales,Rest of NSW,Morisset - Cooranbong,21067.0,503,23.87620449043528
111021219,New South Wales,Rest of NSW,Toronto - Awaba,14088.0,48,3.4071550255536627
111021220,New South Wales,Rest of NSW,Wangi Wangi - Rathmines,9710.0,37,3.810504634397528
111021221,New South Wales,Rest of NSW,West Wallsend - Barnsley - Killingworth,7583.0,50,6.593696426216537
111031222,New South Wales,Rest of NSW,Adamstown - Kotara,17554.0,219,12.47578899396149
111031223,New South Wales,Rest of NSW,Beresfield - Hexham,8732.0,19,2.1759047182776
111031224,New South Wales,Rest of NSW,Hamilton - Broadmeadow,13196.0,132,10.0030312215823
111031225,New South Wales,Rest of NSW,Lambton - New Lambton,17852.0,68,3.8090970199417433
111031226,New South Wales,Rest of NSW,Maryland - Fletcher - Minmi,17672.0,87,4.923042100497963
111031227,New South Wales,Rest of NSW,Mayfield - Warabrook,16026.0,37,2.3087482840384377
111031228,New South Wales,Rest of NSW,Merewether - The Junction,14975.0,37,2.4707846410684478
111031229,New South Wales,Rest of NSW,Newcastle - Cooks Hill,14632.0,51,3.485511208310552
111031231,New South Wales,Rest of NSW,Shortland - Jesmond,14339.0,72,5.021270660436572
111031232,New South Wales,Rest of NSW,Stockton - Fullerton Cove,9709.0,94,9.681738593057986
111031233,New South Wales,Rest of NSW,Wallsend - Elermore Vale,21955.0,59,2.6873149624231383
111031234,New South Wales,Rest of NSW,Waratah - North Lambton,13151.0,38,2.8895141053912248
111031235,New South Wales,Rest of NSW,Wickham - Carrington - Tighes Hill,10395.0,10,0.962000962000962
112011236,New South Wales,Rest of NSW,Ballina,18813.0,27,1.43517780258332
112011237,New South Wales,Rest of NSW,Ballina Surrounds,19370.0,125,6.453278265358803
112011238,New South Wales,Rest of NSW,Bangalow,7627.0,17,2.2289235610331715
112011239,New South Wales,Rest of NSW,Brunswick Heads - Ocean Shores,9765.0,32,3.277009728622632
112011240,New South Wales,Rest of NSW,Byron Bay,11482.0,66,5.748127503919178
112011241,New South Wales,Rest of NSW,Evans Head,6062.0,17,2.80435499835038
112011242,New South Wales,Rest of NSW,Lennox Head - Skennars Head,10282.0,44,4.279323088893211
112011243,New South Wales,Rest of NSW,Mullumbimby,9662.0,48,4.967915545435727
112021244,New South Wales,Rest of NSW,Casino,12282.0,9,0.7327796775769418
112021245,New South Wales,Rest of NSW,Casino Surrounds,7634.0,9,1.1789363374377784
112021246,New South Wales,Rest of NSW,Goonellabah,14177.0,59,4.161670311067222
112021247,New South Wales,Rest of NSW,Kyogle,7785.0,21,2.697495183044316
112021248,New South Wales,Rest of NSW,Lismore,13679.0,52,3.801447474230572
112021249,New South Wales,Rest of NSW,Lismore Surrounds,16160.0,27,1.6707920792079207
112031250,New South Wales,Rest of NSW,Kingscliff - Fingal Head,15489.0,95,6.1333849828910845
112031251,New South Wales,Rest of NSW,Murwillumbah,9510.0,6,0.6309148264984228
112031252,New South Wales,Rest of NSW,Murwillumbah Surrounds,10835.0,23,2.1227503461006
112031253,New South Wales,Rest of NSW,Pottsville,14746.0,32,2.1700800217008
112031254,New South Wales,Rest of NSW,Tweed Heads,21576.0,191,8.85242862439748
112031550,New South Wales,Rest of NSW,Banora Point,16796.0,27,1.607525601333651
112031551,New South Wales,Rest of NSW,Terranora - North Tumbulgum,3455.0,24,6.946454413892909
112031552,New South Wales,Rest of NSW,Tweed Heads South,8637.0,9,1.0420284821118444
113011256,New South Wales,Rest of NSW,Griffith (NSW),20774.0,100,4.81370944449793
113011257,New South Wales,Rest of NSW,Griffith Surrounds,13139.0,18,1.3699672730040338
113011258,New South Wales,Rest of NSW,Leeton,10336.0,25,2.418730650154799
113011259,New South Wales,Rest of NSW,Narrandera,5926.0,16,2.6999662504218698
113021260,New South Wales,Rest of NSW,Tumbarumba,3590.0,9,2.5069637883008355
113021261,New South Wales,Rest of NSW,Tumut,6609.0,25,3.782720532607051
113021262,New South Wales,Rest of NSW,Tumut Surrounds,4797.0,6,1.250781738586617
113031263,New South Wales,Rest of NSW,Cootamundra,7727.0,15,1.9412449851171216
113031264,New South Wales,Rest of NSW,Gundagai,3715.0,6,1.6150740242261106
113031265,New South Wales,Rest of NSW,Junee,6350.0,12,1.889763779527559
113031266,New South Wales,Rest of NSW,Temora,6576.0,54,8.211678832116789
113031267,New South Wales,Rest of NSW,Wagga Wagga - East,17035.0,123,7.2204285294980926
113031268,New South Wales,Rest of NSW,Wagga Wagga - North,6227.0,54,8.671912638509715
113031269,New South Wales,Rest of NSW,Wagga Wagga - South,23259.0,61,2.6226406982243438
113031270,New South Wales,Rest of NSW,Wagga Wagga - West,11596.0,69,5.950327699206623
113031271,New South Wales,Rest of NSW,Wagga Wagga Surrounds,18748.0,212,11.307872839769574
114011272,New South Wales,Rest of NSW,Berry - Kangaroo Valley,9523.0,61,6.405544471280058
114011273,New South Wales,Rest of NSW,Callala Bay - Currarong,3588.0,38,10.590858416945371
114011274,New South Wales,Rest of NSW,Culburra Beach,5039.0,26,5.159753919428458
114011276,New South Wales,Rest of NSW,Huskisson - Vincentia,5048.0,73,14.461172741679873
114011277,New South Wales,Rest of NSW,North Nowra - Bomaderry,16548.0,305,18.43123036016437
114011278,New South Wales,Rest of NSW,Nowra,23716.0,90,3.79490639230899
114011279,New South Wales,Rest of NSW,St Georges Basin - Erowal Bay,15444.0,85,5.503755503755503
114011280,New South Wales,Rest of NSW,Sussex Inlet - Berrara,4962.0,55,11.08424022571544
114011281,New South Wales,Rest of NSW,Tomerong - Wandandian - Woollamia,3860.0,11,2.849740932642487
114011282,New South Wales,Rest of NSW,Ulladulla,17567.0,103,5.863266351682131
114011283,New South Wales,Rest of NSW,Ulladulla Surrounds,6047.0,20,3.30742516950554
114021284,New South Wales,Rest of NSW,Bowral,13404.0,69,5.147717099373321
114021285,New South Wales,Rest of NSW,Hill Top - Colo Vale,6602.0,29,4.392608300514996
114021286,New South Wales,Rest of NSW,Mittagong,11381.0,55,4.832615763113962
114021287,New South Wales,Rest of NSW,Moss Vale - Berrima,11142.0,124,11.129061209836657
114021288,New South Wales,Rest of NSW,Robertson - Fitzroy Falls,3899.0,10,2.5647601949217744
114021289,New South Wales,Rest of NSW,Southern Highlands,7453.0,44,5.903662954514961
115011290,New South Wales,Greater Sydney,Baulkham Hills - East,25268.0,78,3.0869083425676744
115011291,New South Wales,Greater Sydney,Baulkham Hills (West) - Bella Vista,23336.0,80,3.4281796366129584
115011294,New South Wales,Greater Sydney,Glenhaven,6375.0,21,3.294117647058824
115011296,New South Wales,Greater Sydney,West Pennant Hills,12534.0,77,6.143290250518589
115011553,New South Wales,Greater Sydney,Castle Hill - Central,8845.0,597,67.49576031656302
115011554,New South Wales,Greater Sydney,Castle Hill - East,5305.0,2,0.3770028275212064
115011555,New South Wales,Greater Sydney,Castle Hill - North,12973.0,399,30.75618592461265
115011556,New South Wales,Greater Sydney,Castle Hill - South,10965.0,22,2.0063839489284083
115011557,New South Wales,Greater Sydney,Castle Hill - West,5209.0,1,0.1919754271453254
115011558,New South Wales,Greater Sydney,Cherrybrook,19063.0,16,0.8393222472853171
115011621,New South Wales,Greater Sydney,Kellyville - East,17584.0,87,4.947679708826206
115011622,New South Wales,Greater Sydney,Kellyville - West,14291.0,279,19.522776572668118
115021297,New South Wales,Greater Sydney,Dural - Kenthurst - Wisemans Ferry,23005.0,79,3.434036079113236
115021298,New South Wales,Greater Sydney,Galston - Laughtondale,5472.0,8,1.461988304093567
115031299,New South Wales,Greater Sydney,Bilpin - Colo - St Albans,2781.0,3,1.0787486515641855
115031300,New South Wales,Greater Sydney,Kurrajong Heights - Ebenezer,22515.0,34,1.5101043748612035
115041301,New South Wales,Greater Sydney,Pitt Town - McGraths Hill,12591.0,269,21.36446668255103
115041623,New South Wales,Greater Sydney,Box Hill - Nelson,26348.0,892,33.85456201609231
115041624,New South Wales,Greater Sydney,North Kellyville,22370.0,73,3.263299061242736
115041625,New South Wales,Greater Sydney,Rouse Hill - Beaumont Hills,18837.0,9,0.4777830864787386
116011303,New South Wales,Greater Sydney,Blacktown (East) - Kings Park,18408.0,63,3.422425032594524
116011304,New South Wales,Greater Sydney,Blacktown (North) - Marayong,21468.0,107,4.984162474380474
116011306,New South Wales,Greater Sydney,Doonside - Woodcroft,23958.0,46,1.9200267134151432
116011307,New South Wales,Greater Sydney,Lalor Park - Kings Langley,25958.0,118,4.545804761537869
116011560,New South Wales,Greater Sydney,Blacktown - South,12845.0,55,4.281821720513818
116011561,New South Wales,Greater Sydney,Blacktown - West,17931.0,117,6.525012548101055
116011626,New South Wales,Greater Sydney,Seven Hills - Prospect,15220.0,103,6.767411300919842
116011627,New South Wales,Greater Sydney,Toongabbie - West,12391.0,45,3.631668146235171
116021309,New South Wales,Greater Sydney,Glenwood,15984.0,4,0.2502502502502503
116021562,New South Wales,Greater Sydney,Acacia Gardens,3735.0,3,0.8032128514056225
116021563,New South Wales,Greater Sydney,Quakers Hill,26132.0,38,1.4541558242767487
116021628,New South Wales,Greater Sydney,Kellyville Ridge - The Ponds,21774.0,3,0.137779002480022
116021629,New South Wales,Greater Sydney,Marsden Park - Shanes Park,30461.0,410,13.459833885952529
116021630,New South Wales,Greater Sydney,Riverstone,20068.0,506,25.214271476978272
116021631,New South Wales,Greater Sydney,Schofields (West) - Colebee,14743.0,72,4.883673607813878
116021632,New South Wales,Greater Sydney,Schofields - East,38569.0,348,9.022790323835205
116021633,New South Wales,Greater Sydney,Stanhope Gardens - Parklea,13262.0,2,0.1508068164681043
116031313,New South Wales,Greater Sydney,Bidwill - Hebersham - Emerton,18979.0,63,3.319458348701196
116031314,New South Wales,Greater Sydney,Glendenning - Dean Park,8317.0,41,4.929662137790069
116031315,New South Wales,Greater Sydney,Hassall Grove - Plumpton,21657.0,60,2.770466823659787
116031316,New South Wales,Greater Sydney,Lethbridge Park - Tregear,22894.0,63,2.751812702017996
116031317,New South Wales,Greater Sydney,Mount Druitt - Whalan,24378.0,79,3.240626794650915
116031319,New South Wales,Greater Sydney,Rooty Hill - Minchinbury,23226.0,58,2.4972014122104538
117011321,New South Wales,Greater Sydney,Botany,13941.0,116,8.320780431819813
117011323,New South Wales,Greater Sydney,Pagewood - Hillsdale - Daceyville,16683.0,14,0.8391776059461727
117011634,New South Wales,Greater Sydney,Eastlakes,8871.0,18,2.029083530605343
117011635,New South Wales,Greater Sydney,Mascot,22859.0,124,5.424559254560567
117021327,New South Wales,Greater Sydney,Petersham - Stanmore,21224.0,12,0.5653976630229929
117021328,New South Wales,Greater Sydney,Sydenham - Tempe - St Peters,8976.0,14,1.5597147950089127
117021636,New South Wales,Greater Sydney,Marrickville - North,13274.0,599,45.12580985384963
117021637,New South Wales,Greater Sydney,Marrickville - South,14583.0,5,0.3428649797709662
117031329,New South Wales,Greater Sydney,Darlinghurst,11458.0,14,1.2218537266538665
117031330,New South Wales,Greater Sydney,Erskineville - Alexandria,21529.0,686,31.863997398857357
117031331,New South Wales,Greater Sydney,Glebe - Forest Lodge,21805.0,48,2.201329970190323
117031333,New South Wales,Greater Sydney,Potts Point - Woolloomooloo,19879.0,38,1.9115649680567437
117031336,New South Wales,Greater Sydney,Surry Hills,17184.0,5,0.2909683426443203
117031638,New South Wales,Greater Sydney,Camperdown - Darlington,9776.0,1,0.102291325695581
117031640,New South Wales,Greater Sydney,Newtown (NSW),15576.0,11,0.7062146892655368
117031642,New South Wales,Greater Sydney,Redfern,15731.0,1,0.0635687496026953
117031643,New South Wales,Greater Sydney,Rosebery - Beaconsfield,13993.0,158,11.291359965697136
117031644,New South Wales,Greater Sydney,Sydney (North) - Millers Point,9305.0,1,0.107469102632993
117031646,New South Wales,Greater Sydney,Ultimo,10534.0,1,0.0949307005885703
117031647,New South Wales,Greater Sydney,Waterloo,18631.0,422,22.650421340776127
117031648,New South Wales,Greater Sydney,Zetland,14991.0,287,19.144820225468617
118011339,New South Wales,Greater Sydney,Bondi - Tamarama - Bronte,20044.0,72,3.5920973857513467
118011340,New South Wales,Greater Sydney,Bondi Beach - North Bondi,22633.0,60,2.6509963327884063
118011341,New South Wales,Greater Sydney,Bondi Junction - Waverly,19148.0,3,0.1566743263003969
118011344,New South Wales,Greater Sydney,Dover Heights,11520.0,37,3.211805555555556
118011345,New South Wales,Greater Sydney,Paddington - Moore Park,15694.0,7,0.4460303300624442
118011346,New South Wales,Greater Sydney,Rose Bay - Vaucluse - Watsons Bay,11846.0,54,4.558500759750126
118011347,New South Wales,Greater Sydney,Woollahra,7779.0,3,0.3856536829926725
118011649,New South Wales,Greater Sydney,Bellevue Hill,15094.0,93,6.161388631244203
118011650,New South Wales,Greater Sydney,Double Bay - Darling Point,10216.0,79,7.732967893500391
118021564,New South Wales,Greater Sydney,Kensington (NSW),14584.0,3,0.2057048820625343
118021565,New South Wales,Greater Sydney,Kingsford,17013.0,25,1.4694645271263151
118021566,New South Wales,Greater Sydney,Maroubra - North,10488.0,27,2.574370709382151
118021567,New South Wales,Greater Sydney,Maroubra - South,11637.0,40,3.437312021998797
118021568,New South Wales,Greater Sydney,Maroubra - West,10948.0,24,2.192181220314213
118021569,New South Wales,Greater Sydney,Randwick - North,16678.0,45,2.6981652476316103
118021570,New South Wales,Greater Sydney,Randwick - South,13672.0,160,11.702750146284377
118021651,New South Wales,Greater Sydney,Coogee - Clovelly,20337.0,26,1.2784579829866745
118021652,New South Wales,Greater Sydney,Malabar - La Perouse,11097.0,37,3.334234477786789
118021653,New South Wales,Greater Sydney,Matraville - Chifley,14280.0,66,4.621848739495799
118021654,New South Wales,Greater Sydney,South Coogee,5741.0,11,1.9160425013063929
119011354,New South Wales,Greater Sydney,Bass Hill - Georges Hall,24701.0,143,5.7892393020525486
119011355,New South Wales,Greater Sydney,Chullora,1524.0,1,0.6561679790026247
119011356,New South Wales,Greater Sydney,Condell Park,13581.0,58,4.270672262719977
119011358,New South Wales,Greater Sydney,Padstow,17692.0,122,6.895772100384354
119011360,New South Wales,Greater Sydney,Revesby,18775.0,166,8.841544607190412
119011361,New South Wales,Greater Sydney,Yagoona - Birrong,23744.0,206,8.675876010781671
119011571,New South Wales,Greater Sydney,Bankstown - North,18671.0,23,1.231856890364737
119011572,New South Wales,Greater Sydney,Bankstown - South,19222.0,36,1.8728540214337737
119011655,New South Wales,Greater Sydney,Greenacre - North,15405.0,43,2.7913015254787408
119011656,New South Wales,Greater Sydney,Greenacre - South,13794.0,57,4.132231404958678
119011657,New South Wales,Greater Sydney,Panania (North) - Milperra,11918.0,132,11.075683839570395
119011658,New South Wales,Greater Sydney,Panania (South) - Picnic Point,16608.0,123,7.40606936416185
119021362,New South Wales,Greater Sydney,Belmore - Belfield,21206.0,73,3.4424219560501745
119021366,New South Wales,Greater Sydney,Punchbowl,22463.0,59,2.626541423674487
119021367,New South Wales,Greater Sydney,Roselands,15308.0,65,4.24614580611445
119021573,New South Wales,Greater Sydney,Lakemba,17756.0,23,1.2953367875647668
119021574,New South Wales,Greater Sydney,Wiley Park,10697.0,12,1.1218098532298777
119021659,New South Wales,Greater Sydney,Campsie - North,12771.0,10,0.7830240388379923
119021660,New South Wales,Greater Sydney,Campsie - South,9592.0,9,0.938281901584654
119021661,New South Wales,Greater Sydney,Canterbury - South,13386.0,64,4.781114597340505
119021662,New South Wales,Greater Sydney,Earlwood,18194.0,44,2.4183796856106405
119021663,New South Wales,Greater Sydney,Kingsgrove - North,6545.0,37,5.653170359052712
119031370,New South Wales,Greater Sydney,Narwee - Beverly Hills,14022.0,59,4.207673655683925
119031371,New South Wales,Greater Sydney,Oatley - Hurstville Grove,12985.0,30,2.3103581055063533
119031372,New South Wales,Greater Sydney,Peakhurst - Lugarno,21067.0,136,6.455594057056059
119031373,New South Wales,Greater Sydney,Riverwood,12414.0,48,3.8666022232962782
119031374,New South Wales,Greater Sydney,South Hurstville - Blakehurst,27385.0,63,2.300529486945408
119031664,New South Wales,Greater Sydney,Hurstville - Central,14602.0,228,15.614299411039584
119031665,New South Wales,Greater Sydney,Hurstville - North,12816.0,54,4.213483146067416
119031666,New South Wales,Greater Sydney,Mortdale - Oatley,15297.0,51,3.333987056285546
119031667,New South Wales,Greater Sydney,Penshurst,10142.0,15,1.47899822520213
119041377,New South Wales,Greater Sydney,Kingsgrove (South) - Bardwell Park,13471.0,36,2.6724073936604555
119041378,New South Wales,Greater Sydney,Kogarah,15387.0,64,4.159355299928511
119041379,New South Wales,Greater Sydney,Kogarah Bay - Carlton - Allawah,17669.0,106,5.999207651819571
119041380,New South Wales,Greater Sydney,Monterey - Brighton-le-Sands - Kyeemagh,13655.0,41,3.0025631636763093
119041381,New South Wales,Greater Sydney,Rockdale - Banksia,23103.0,117,5.064277366575769
119041382,New South Wales,Greater Sydney,Sans Souci - Ramsgate,17080.0,125,7.318501170960188
119041668,New South Wales,Greater Sydney,Arncliffe - Bardwell Valley,18213.0,140,7.68681710865865
119041669,New South Wales,Greater Sydney,Bexley - North,10184.0,22,2.16025137470542
119041670,New South Wales,Greater Sydney,Bexley - South,16527.0,28,1.6941973739940703
119041671,New South Wales,Greater Sydney,Wolli Creek,12585.0,8,0.6356773937226857
120011383,New South Wales,Greater Sydney,Concord - Mortlake - Cabarita,24026.0,120,4.994589195038708
120011385,New South Wales,Greater Sydney,Drummoyne - Rodd Point,19158.0,48,2.5054807391168183
120011386,New South Wales,Greater Sydney,Five Dock - Abbotsford,21449.0,1273,59.35008625110728
120011672,New South Wales,Greater Sydney,Concord West - North Strathfield,13453.0,36,2.6759830521073367
120011673,New South Wales,Greater Sydney,Rhodes,13094.0,93,7.102489689934321
120021387,New South Wales,Greater Sydney,Balmain,16124.0,16,0.9923096005953858
120021389,New South Wales,Greater Sydney,Lilyfield - Rozelle,14218.0,20,1.4066676044450697
120021674,New South Wales,Greater Sydney,Annandale (NSW),10004.0,9,0.899640143942423
120021675,New South Wales,Greater Sydney,Leichhardt,18357.0,30,1.6342539630658603
120031392,New South Wales,Greater Sydney,Canterbury (North) - Ashbury,12633.0,11,0.8707353756035779
120031393,New South Wales,Greater Sydney,Croydon Park - Enfield,18270.0,50,2.736726874657909
120031394,New South Wales,Greater Sydney,Dulwich Hill - Lewisham,18826.0,153,8.127058323595028
120031395,New South Wales,Greater Sydney,Haberfield - Summer Hill,14061.0,11,0.7823056681601593
120031396,New South Wales,Greater Sydney,Homebush,23511.0,5,0.2126664114669729
120031576,New South Wales,Greater Sydney,Strathfield South,3727.0,9,2.414810839817548
120031676,New South Wales,Greater Sydney,Ashfield - North,12626.0,4,0.3168065895770632
120031677,New South Wales,Greater Sydney,Ashfield - South,13056.0,6,0.4595588235294117
120031678,New South Wales,Greater Sydney,Burwood (NSW),18684.0,66,3.5324341682723186
120031679,New South Wales,Greater Sydney,Croydon,11360.0,29,2.552816901408451
120031680,New South Wales,Greater Sydney,Strathfield - East,18724.0,25,1.3351847895748772
120031681,New South Wales,Greater Sydney,Strathfield - West,8936.0,42,4.700089525514771
121011399,New South Wales,Greater Sydney,Chatswood (West) - Lane Cove North,23620.0,37,1.5664690939881456
121011401,New South Wales,Greater Sydney,St Leonards - Naremburn,13802.0,14,1.0143457469931894
121011683,New South Wales,Greater Sydney,Castle Cove - Northbridge,13592.0,83,6.106533254855798
121011684,New South Wales,Greater Sydney,Chatswood - East,21644.0,9,0.4158196266863796
121011685,New South Wales,Greater Sydney,Greenwich - Riverview,13212.0,328,24.82591583409022
121011686,New South Wales,Greater Sydney,Lane Cove,16705.0,113,6.764441783897037
121011687,New South Wales,Greater Sydney,Willoughby,13771.0,32,2.323723767337158
121021403,New South Wales,Greater Sydney,Asquith - Mount Colah,23527.0,31,1.3176350575934033
121021404,New South Wales,Greater Sydney,Berowra - Brooklyn - Cowan,11761.0,19,1.6155088852988693
121021406,New South Wales,Greater Sydney,Normanhurst - Thornleigh - Westleigh,19875.0,26,1.3081761006289307
121021577,New South Wales,Greater Sydney,Hornsby - East,12798.0,8,0.6250976715111736
121021578,New South Wales,Greater Sydney,Hornsby - West,10830.0,27,2.493074792243767
121021579,New South Wales,Greater Sydney,Wahroonga (West) - Waitara,12544.0,187,14.90752551020408
121031407,New South Wales,Greater Sydney,Gordon - Killara,23799.0,105,4.411950081936216
121031408,New South Wales,Greater Sydney,Lindfield - Roseville,25620.0,477,18.61826697892272
121031409,New South Wales,Greater Sydney,Pymble,18052.0,64,3.545313538666076
121031410,New South Wales,Greater Sydney,St Ives,22932.0,61,2.6600383743240887
121031411,New South Wales,Greater Sydney,Turramurra,20593.0,48,2.330889137085417
121031412,New South Wales,Greater Sydney,Wahroonga (East) - Warrawee,18232.0,153,8.391838525669153
121041413,New South Wales,Greater Sydney,Cremorne - Cammeray,19870.0,70,3.5228988424760947
121041414,New South Wales,Greater Sydney,Crows Nest - Waverton,19092.0,41,2.147496333542845
121041416,New South Wales,Greater Sydney,Neutral Bay - Kirribilli,18384.0,42,2.284595300261097
121041417,New South Wales,Greater Sydney,North Sydney - Lavender Bay,13776.0,311,22.575493612078976
121041688,New South Wales,Greater Sydney,Mosman - North,14409.0,61,4.233465195364008
121041689,New South Wales,Greater Sydney,Mosman - South,14965.0,17,1.135983962579352
122011418,New South Wales,Greater Sydney,Balgowlah - Clontarf - Seaforth,20936.0,63,3.009170806266717
122011419,New South Wales,Greater Sydney,Manly - Fairlight,24569.0,41,1.6687695876918067
122021420,New South Wales,Greater Sydney,Avalon - Palm Beach,13161.0,50,3.799103411594864
122021421,New South Wales,Greater Sydney,Bayview - Elanora Heights,11426.0,15,1.312795378960266
122021422,New South Wales,Greater Sydney,Newport - Bilgola,13928.0,13,0.9333716255025848
122021690,New South Wales,Greater Sydney,Mona Vale - Warriewood (North),15134.0,55,3.63420113651381
122021691,New South Wales,Greater Sydney,North Narrabeen - Warriewood (South),11191.0,17,1.519077830399428
122031424,New South Wales,Greater Sydney,Beacon Hill - Narraweena,14642.0,32,2.185493785002049
122031425,New South Wales,Greater Sydney,Cromer,8400.0,15,1.7857142857142856
122031427,New South Wales,Greater Sydney,Forestville - Killarney Heights,13533.0,33,2.4384837064952336
122031429,New South Wales,Greater Sydney,Freshwater - Brookvale,23383.0,58,2.4804345036992688
122031430,New South Wales,Greater Sydney,Manly Vale - Allambie Heights,17944.0,39,2.1734284440481497
122031432,New South Wales,Greater Sydney,Terrey Hills - Duffys Forest,3593.0,3,0.8349568605622043
122031692,New South Wales,Greater Sydney,Belrose,8738.0,8,0.9155413138017852
122031693,New South Wales,Greater Sydney,Collaroy - Collaroy Plateau,14229.0,19,1.3353011455478248
122031694,New South Wales,Greater Sydney,Dee Why (South) - North Curl Curl,9455.0,20,2.1152829190904283
122031695,New South Wales,Greater Sydney,Dee Why - North,19332.0,10,0.5172770535899027
122031696,New South Wales,Greater Sydney,Frenchs Forest - Oxford Falls,17765.0,43,2.420489726991275
122031697,New South Wales,Greater Sydney,Narrabeen - Wheeler Heights,11297.0,43,3.806320262016465
123011433,New South Wales,Greater Sydney,Camden - Ellis Lane,13365.0,28,2.0950243172465397
123011698,New South Wales,Greater Sydney,Currans Hill,7564.0,38,5.023796932839768
123011699,New South Wales,Greater Sydney,Elderslie - Narellan,14984.0,47,3.1366791243993597
123011700,New South Wales,Greater Sydney,Harrington Park,11387.0,6,0.5269166593483797
123011701,New South Wales,Greater Sydney,Mount Annan,19565.0,24,1.2266802964477383
123011702,New South Wales,Greater Sydney,Spring Farm,11767.0,29,2.464519418713351
123021436,New South Wales,Greater Sydney,Bradbury - Wedderburn,21000.0,99,4.714285714285714
123021437,New South Wales,Greater Sydney,Campbelltown - Woodbine,25009.0,163,6.517653644687912
123021438,New South Wales,Greater Sydney,Claymore - Eagle Vale - Raby,20468.0,212,10.35763142466289
123021441,New South Wales,Greater Sydney,Leumeah - Minto Heights,17328.0,34,1.9621421975992608
123021443,New South Wales,Greater Sydney,Minto - St Andrews,22005.0,77,3.4992047261985912
123021444,New South Wales,Greater Sydney,Rosemeadow - Glen Alpine,22758.0,864,37.96467176377538
123021703,New South Wales,Greater Sydney,Denham Court - Bardia,21375.0,58,2.7134502923976607
123021704,New South Wales,Greater Sydney,Glenfield,10758.0,24,2.230897936419409
123021705,New South Wales,Greater Sydney,Ingleburn,17248.0,128,7.421150278293135
123021706,New South Wales,Greater Sydney,Macquarie Fields,14551.0,45,3.092570957322521
123031445,New South Wales,Greater Sydney,Bargo,6278.0,12,1.911436763300414
123031446,New South Wales,Greater Sydney,Douglas Park - Appin,13313.0,674,50.6272064898971
123031447,New South Wales,Greater Sydney,Picton - Tahmoor - Buxton,22603.0,428,18.935539530150866
123031448,New South Wales,Greater Sydney,The Oaks - Oakdale,10429.0,31,2.97248058298974
124011449,New South Wales,Greater Sydney,Blackheath - Megalong Valley,5872.0,24,4.087193460490463
124011450,New South Wales,Greater Sydney,Blaxland - Warrimoo - Lapstone,19277.0,24,1.2450070031643927
124011451,New South Wales,Greater Sydney,Blue Mountains - North,9.0,1,
124011452,New South Wales,Greater Sydney,Katoomba - Leura,13569.0,28,2.0635271574913405
124011453,New South Wales,Greater Sydney,Lawson - Hazelbrook - Linden,11536.0,18,1.5603328710124826
124011454,New South Wales,Greater Sydney,Springwood - Winmalee,22366.0,11,0.4918179379415183
124011455,New South Wales,Greater Sydney,Wentworth Falls,6503.0,13,1.999077348915885
124031457,New South Wales,Greater Sydney,Cambridge Park,16414.0,40,2.436944072133545
124031459,New South Wales,Greater Sydney,Emu Plains - Leonay,13936.0,173,12.413892078071182
124031460,New South Wales,Greater Sydney,Glenmore Park - Regentville,21415.0,20,0.9339248190520664
124031461,New South Wales,Greater Sydney,Jamisontown - South Penrith,17749.0,53,2.986083723026649
124031462,New South Wales,Greater Sydney,Kingswood - Werrington,28330.0,213,7.518531591951994
124031463,New South Wales,Greater Sydney,Mulgoa - Luddenham - Orchard Hills,13282.0,87,6.550218340611353
124031464,New South Wales,Greater Sydney,Penrith,20292.0,599,29.51902227478809
124031465,New South Wales,Greater Sydney,Warragamba - Silverdale,7544.0,65,8.61611876988335
124031707,New South Wales,Greater Sydney,Cranebrook - Castlereagh,17444.0,19,1.0891997248337535
124031708,New South Wales,Greater Sydney,Jordan Springs - Llandilo,15589.0,32,2.0527294887420617
124041466,New South Wales,Greater Sydney,Richmond - Clarendon,16743.0,129,7.704712417129547
124041467,New South Wales,Greater Sydney,Windsor - Bligh Park,15477.0,25,1.6153001227628092
124041468,New South Wales,Greater Sydney,Yarramundi - Londonderry,7636.0,9,1.178627553693033
124051469,New South Wales,Greater Sydney,Erskine Park,6450.0,19,2.945736434108527
124051470,New South Wales,Greater Sydney,St Clair,20529.0,79,3.848214720639096
124051580,New South Wales,Greater Sydney,Colyton - Oxley Park,13923.0,73,5.243122890181714
124051581,New South Wales,Greater Sydney,St Marys - North St Marys,18757.0,97,5.171402676334169
125011582,New South Wales,Greater Sydney,Auburn - Central,21706.0,32,1.4742467520501243
125011583,New South Wales,Greater Sydney,Auburn - North,12331.0,272,22.05822723217906
125011584,New South Wales,Greater Sydney,Auburn - South,9372.0,52,5.548442168160478
125011585,New South Wales,Greater Sydney,Berala,8895.0,23,2.5857223159078133
125011586,New South Wales,Greater Sydney,Lidcombe,24516.0,97,3.956599771577745
125011587,New South Wales,Greater Sydney,Regents Park,5359.0,41,7.65068109721963
125011709,New South Wales,Greater Sydney,Silverwater - Newington,9305.0,5,0.5373455131649651
125011710,New South Wales,Greater Sydney,Wentworth Point - Sydney Olympic Park,24852.0,488,19.63624657975213
125021477,New South Wales,Greater Sydney,Ermington - Rydalmere,26956.0,966,35.83617747440273
125021478,New South Wales,Greater Sydney,Oatlands - Dundas Valley,19493.0,317,16.26224798645668
125021711,New South Wales,Greater Sydney,Carlingford - East,11981.0,52,4.340205325098072
125021712,New South Wales,Greater Sydney,Carlingford - West,20946.0,427,20.385753843215888
125031479,New South Wales,Greater Sydney,Chester Hill - Sefton,21806.0,118,5.411354673025772
125031480,New South Wales,Greater Sydney,Fairfield - East,16405.0,177,10.789393477598294
125031481,New South Wales,Greater Sydney,Granville - Clyde,25304.0,63,2.489724944672779
125031483,New South Wales,Greater Sydney,Guildford - South Granville,24112.0,108,4.479097544790976
125031484,New South Wales,Greater Sydney,Guildford West - Merrylands West,25002.0,115,4.599632029437645
125031713,New South Wales,Greater Sydney,Greystanes - South,16934.0,124,7.322546356442659
125031714,New South Wales,Greater Sydney,Merrylands - Holroyd,27002.0,560,20.73920450337012
125031715,New South Wales,Greater Sydney,Pemulwuy - Greystanes (North),11324.0,167,14.747439067467326
125031716,New South Wales,Greater Sydney,South Wentworthville,7691.0,48,6.241060980366663
125041489,New South Wales,Greater Sydney,North Parramatta,23781.0,60,2.5230225810521003
125041490,New South Wales,Greater Sydney,North Rocks,8764.0,16,1.8256503879507076
125041491,New South Wales,Greater Sydney,Northmead,21799.0,49,2.2478095325473646
125041493,New South Wales,Greater Sydney,Toongabbie - Constitution Hill,23933.0,102,4.261897798019471
125041494,New South Wales,Greater Sydney,Winston Hills,11218.0,33,2.9417008379390266
125041588,New South Wales,Greater Sydney,Pendle Hill - Girraween,14465.0,64,4.4244728655375045
125041589,New South Wales,Greater Sydney,Wentworthville - Westmead,23845.0,51,2.138813168379115
125041717,New South Wales,Greater Sydney,Parramatta - North,14904.0,2,0.1341921631776704
125041718,New South Wales,Greater Sydney,Parramatta - South,11279.0,93,8.245411827289653
125041719,New South Wales,Greater Sydney,Rosehill - Harris Park,10229.0,6,0.5865676019161209
126011496,New South Wales,Greater Sydney,Pennant Hills - Cheltenham,22248.0,67,3.011506652283351
126011720,New South Wales,Greater Sydney,Epping (East) - North Epping,15733.0,18,1.1440920358482172
126011721,New South Wales,Greater Sydney,Epping (NSW) - West,19790.0,50,2.5265285497726127
126021498,New South Wales,Greater Sydney,Gladesville - Huntleys Point,16256.0,67,4.121555118110236
126021499,New South Wales,Greater Sydney,Hunters Hill - Woolwich,10034.0,22,2.1925453458241977
126021500,New South Wales,Greater Sydney,Macquarie Park - Marsfield,28886.0,764,26.44879872602645
126021501,New South Wales,Greater Sydney,North Ryde - East Ryde,16577.0,125,7.540568257223865
126021503,New South Wales,Greater Sydney,West Ryde - Meadowbank,22183.0,63,2.840012622278321
126021590,New South Wales,Greater Sydney,Putney,4198.0,59,14.054311576941402
126021722,New South Wales,Greater Sydney,Denistone,7196.0,33,4.585881045025015
126021723,New South Wales,Greater Sydney,Eastwood,20278.0,129,6.361574119735675
126021724,New South Wales,Greater Sydney,Ryde - North,21909.0,140,6.390068008580948
126021725,New South Wales,Greater Sydney,Ryde - South,13318.0,21,1.576813335335636
127011504,New South Wales,Greater Sydney,Ashcroft - Busby - Miller,18381.0,132,7.1813285457809695
127011505,New South Wales,Greater Sydney,Austral - Greendale,22535.0,1116,49.52296427779011
127011593,New South Wales,Greater Sydney,Cecil Hills,6831.0,7,1.0247401551749378
127011594,New South Wales,Greater Sydney,Green Valley,12813.0,27,2.107234839616015
127011595,New South Wales,Greater Sydney,Hinchinbrook,13050.0,18,1.379310344827586
127011596,New South Wales,Greater Sydney,Hoxton Park - Carnes Hill - Horningsea Park,14106.0,91,6.451155536651071
127011597,New South Wales,Greater Sydney,West Hoxton - Middleton Grange,18072.0,19,1.0513501549358124
127011726,New South Wales,Greater Sydney,Cobbitty - Bringelly,6281.0,209,33.274956217162874
127011727,New South Wales,Greater Sydney,Gledswood Hills - Gregory Hills,20313.0,147,7.236744941662975
127011728,New South Wales,Greater Sydney,Leppington - Catherine Field,21103.0,535,25.35184570914088
127011729,New South Wales,Greater Sydney,Oran Park,25695.0,726,28.25452422650321
127021509,New South Wales,Greater Sydney,Bonnyrigg Heights - Bonnyrigg,17332.0,80,4.615739672282483
127021510,New South Wales,Greater Sydney,Bossley Park - Abbotsbury,19638.0,48,2.444240757714635
127021511,New South Wales,Greater Sydney,Cabramatta - Lansvale,24260.0,73,3.009068425391591
127021512,New South Wales,Greater Sydney,Cabramatta West - Mount Pritchard,18491.0,130,7.030447244605484
127021513,New South Wales,Greater Sydney,Canley Vale - Canley Heights,22512.0,113,5.01954513148543
127021514,New South Wales,Greater Sydney,Edensor Park,10213.0,27,2.643689415450896
127021515,New South Wales,Greater Sydney,Fairfield,19302.0,59,3.05667806444928
127021516,New South Wales,Greater Sydney,Fairfield - West,22247.0,123,5.528835348586327
127021517,New South Wales,Greater Sydney,Greenfield Park - Prairiewood,8772.0,36,4.1039671682626535
127021518,New South Wales,Greater Sydney,Horsley Park - Kemps Creek,4146.0,22,5.306319343945972
127021519,New South Wales,Greater Sydney,Smithfield - Wetherill Park,20410.0,154,7.545320921117099
127021520,New South Wales,Greater Sydney,St Johns Park - Wakeley,11224.0,25,2.227369921596579
127031522,New South Wales,Greater Sydney,Casula,17039.0,63,3.6974000821644464
127031523,New South Wales,Greater Sydney,Chipping Norton - Moorebank,22246.0,227,10.20408163265306
127031524,New South Wales,Greater Sydney,Holsworthy - Wattle Grove,21386.0,79,3.69400542410923
127031599,New South Wales,Greater Sydney,Lurnea - Cartwright,13737.0,75,5.459707359685521
127031601,New South Wales,Greater Sydney,Warwick Farm,6453.0,21,3.2543003254300324
127031730,New South Wales,Greater Sydney,Edmondson Park,18038.0,87,4.82315112540193
127031731,New South Wales,Greater Sydney,Liverpool - East,20573.0,7,0.3402517863218782
127031732,New South Wales,Greater Sydney,Liverpool - West,14906.0,79,5.299879243257749
127031733,New South Wales,Greater Sydney,Prestons,15534.0,31,1.995622505471868
128011529,New South Wales,Greater Sydney,Gymea - Grays Point,18888.0,67,3.5472257518000845
128011530,New South Wales,Greater Sydney,Miranda - Yowie Bay,22804.0,176,7.717944220312226
128011531,New South Wales,Greater Sydney,Sylvania - Taren Point,16620.0,80,4.813477737665464
128011602,New South Wales,Greater Sydney,Caringbah,14011.0,427,30.476054528584683
128011603,New South Wales,Greater Sydney,Caringbah South,13833.0,117,8.458035133376708
128011604,New South Wales,Greater Sydney,Cronulla - Kurnell - Bundeena,25614.0,111,4.333567580229563
128011605,New South Wales,Greater Sydney,Lilli Pilli - Port Hacking - Dolans Bay,3437.0,13,3.782368344486471
128011606,New South Wales,Greater Sydney,Woolooware - Burraneer,9989.0,54,5.405946541195315
128021533,New South Wales,Greater Sydney,Heathcote - Waterfall,6720.0,12,1.7857142857142856
128021534,New South Wales,Greater Sydney,Illawong - Alfords Point,10621.0,3,0.2824592787873081
128021535,New South Wales,Greater Sydney,Menai - Lucas Heights - Woronora,20917.0,8,0.3824640244776975
128021536,New South Wales,Greater Sydney,Oyster Bay - Como - Jannali,22878.0,47,2.054375382463502
128021538,New South Wales,Greater Sydney,Sutherland - Kirrawee,24903.0,132,5.300566196843754
128021607,New South Wales,Greater Sydney,Engadine,17844.0,39,2.1856086079354404
128021608,New South Wales,Greater Sydney,Loftus - Yarrawarrah,7464.0,14,1.8756698821007505
701011004,Northern Territory,Greater Darwin,Fannie Bay - The Gardens,4037.0,6,1.4862521674510776
701011006,Northern Territory,Greater Darwin,Ludmilla - The Narrows,2766.0,1,0.3615328994938539
701011007,Northern Territory,Greater Darwin,Parap,3175.0,3,0.9448818897637796
701011009,Northern Territory,Greater Darwin,Woolner - Bayview - Winnellie,3021.0,1,0.33101621979477
701021010,Northern Territory,Greater Darwin,Alawa,2267.0,1,0.4411116012351124
701021012,Northern Territory,Greater Darwin,Berrimah,2871.0,156,54.33646812957157
701021016,Northern Territory,Greater Darwin,Coconut Grove,3100.0,2,0.6451612903225806
701021021,Northern Territory,Greater Darwin,Lyons (NT),7442.0,14,1.8812147272238648
701021022,Northern Territory,Greater Darwin,Malak - Marrara,4729.0,33,6.978219496722351
701021023,Northern Territory,Greater Darwin,Millner,2718.0,5,1.839587932303164
701021025,Northern Territory,Greater Darwin,Nightcliff,4343.0,5,1.1512779184895234
701021026,Northern Territory,Greater Darwin,Rapid Creek,3564.0,1,0.2805836139169472
701021028,Northern Territory,Greater Darwin,Wagaman,2118.0,1,0.4721435316336166
701031031,Northern Territory,Greater Darwin,Howard Springs,6308.0,34,5.38998097653773
701031032,Northern Territory,Greater Darwin,Humpty Doo,9513.0,38,3.9945337958582994
701031034,Northern Territory,Greater Darwin,Virginia,3759.0,30,7.980845969672785
701031035,Northern Territory,Greater Darwin,Weddell,4738.0,28,5.90966652596032
701041036,Northern Territory,Greater Darwin,Bakewell,3417.0,4,1.170617500731636
701041037,Northern Territory,Greater Darwin,Driver,2989.0,2,0.6691201070592171
701041038,Northern Territory,Greater Darwin,Durack - Marlow Lagoon,5073.0,34,6.702148630001972
701041039,Northern Territory,Greater Darwin,Gray,3479.0,1,0.2874389192296637
701041040,Northern Territory,Greater Darwin,Moulden,3268.0,3,0.9179926560587516
701041041,Northern Territory,Greater Darwin,Palmerston - North,4949.0,4,0.8082440897150939
701041042,Northern Territory,Greater Darwin,Palmerston - South,9070.0,175,19.29437706725469
701041043,Northern Territory,Greater Darwin,Rosebery - Bellamack,7223.0,24,3.322719091790115
702011046,Northern Territory,Rest of NT,East Side,6544.0,5,0.7640586797066016
702011047,Northern Territory,Rest of NT,Flynn (NT),5355.0,6,1.1204481792717087
702011049,Northern Territory,Rest of NT,Mount Johns,5069.0,10,1.9727756954034328
702011050,Northern Territory,Rest of NT,Petermann - Simpson,2337.0,13,5.562687205819427
702011051,Northern Territory,Rest of NT,Ross,3147.0,8,2.542103590721322
702011052,Northern Territory,Rest of NT,Sandover - Plenty,4728.0,10,2.1150592216582065
702011053,Northern Territory,Rest of NT,Tanami,3399.0,8,2.353633421594586
702011054,Northern Territory,Rest of NT,Yuendumu - Anmatjere,2095.0,7,3.3412887828162288
702021055,Northern Territory,Rest of NT,Barkly,2596.0,3,1.1556240369799693
702021056,Northern Territory,Rest of NT,Tennant Creek,3587.0,3,0.8363534987454698
702031057,Northern Territory,Rest of NT,Alligator,4892.0,7,1.4309076042518396
702031058,Northern Territory,Rest of NT,Daly,2221.0,5,2.2512381809995494
702031059,Northern Territory,Rest of NT,Thamarrurr,2459.0,7,2.846685644570964
702031061,Northern Territory,Rest of NT,West Arnhem,6377.0,19,2.9794574251215304
702041062,Northern Territory,Rest of NT,Anindilyakwa,2977.0,13,4.366812227074235
702041063,Northern Territory,Rest of NT,East Arnhem,8130.0,19,2.337023370233702
702041064,Northern Territory,Rest of NT,Nhulunbuy,3806.0,27,7.094062007356805
702051065,Northern Territory,Rest of NT,Elsey,2695.0,5,1.855287569573284
702051066,Northern Territory,Rest of NT,Gulf,4915.0,18,3.6622583926754833
702051067,Northern Territory,Rest of NT,Katherine,11269.0,31,2.7509095749401014
702051068,Northern Territory,Rest of NT,Victoria River,3147.0,13,4.130918334922148
301011001,Queensland,Greater Brisbane,Alexandra Hills,17361.0,51,2.9376188007603248
301011002,Queensland,Greater Brisbane,Belmont - Gumdale,7965.0,23,2.8876333961079723
301011003,Queensland,Greater Brisbane,Birkdale,16024.0,112,6.989515726410384
301011004,Queensland,Greater Brisbane,Capalaba,19277.0,68,3.527519842299113
301011005,Queensland,Greater Brisbane,Thorneside,4020.0,14,3.482587064676617
301011006,Queensland,Greater Brisbane,Wellington Point,12391.0,25,2.017593414575095
301021007,Queensland,Greater Brisbane,Cleveland,16952.0,260,15.337423312883436
301021008,Queensland,Greater Brisbane,Ormiston,7042.0,54,7.668276057938086
301021009,Queensland,Greater Brisbane,Redland Bay,20283.0,265,13.06512843267761
301021011,Queensland,Greater Brisbane,Sheldon - Mount Cotton,8742.0,13,1.487073896133608
301021012,Queensland,Greater Brisbane,Thornlands,21863.0,111,5.077070850295018
301021013,Queensland,Greater Brisbane,Victoria Point,16134.0,309,19.152101152844924
301021550,Queensland,Greater Brisbane,North Stradbroke Island,2276.0,10,4.393673110720563
301021551,Queensland,Greater Brisbane,Southern Moreton Bay Islands,10466.0,374,35.734760175807374
301031015,Queensland,Greater Brisbane,Manly - Lota,8319.0,233,28.00817405938214
301031016,Queensland,Greater Brisbane,Manly West,12380.0,14,1.1308562197092085
301031017,Queensland,Greater Brisbane,Murarrie,5204.0,26,4.996156802459646
301031018,Queensland,Greater Brisbane,Tingalpa,9404.0,43,4.572522330923011
301031019,Queensland,Greater Brisbane,Wakerley,9865.0,3,0.3041054232133806
301031020,Queensland,Greater Brisbane,Wynnum,15505.0,32,2.063850370848113
301031021,Queensland,Greater Brisbane,Wynnum West - Hemmant,17027.0,63,3.7000058730251952
302011022,Queensland,Greater Brisbane,Bald Hills,8412.0,18,2.1398002853067046
302011023,Queensland,Greater Brisbane,Bridgeman Downs,11888.0,81,6.813593539703903
302011024,Queensland,Greater Brisbane,Carseldine,10472.0,233,22.2498090145149
302011025,Queensland,Greater Brisbane,Everton Park,11303.0,73,6.458462355126957
302011026,Queensland,Greater Brisbane,McDowall,8886.0,29,3.2635606572135942
302021027,Queensland,Greater Brisbane,Aspley,13789.0,16,1.1603452026978027
302021028,Queensland,Greater Brisbane,Chermside,12811.0,173,13.504019982827256
302021029,Queensland,Greater Brisbane,Chermside West,7050.0,19,2.695035460992908
302021030,Queensland,Greater Brisbane,Geebung,4655.0,19,4.081632653061225
302021031,Queensland,Greater Brisbane,Kedron - Gordon Park,15654.0,47,3.0024274945700777
302021032,Queensland,Greater Brisbane,Stafford,7421.0,92,12.397251044333649
302021033,Queensland,Greater Brisbane,Stafford Heights,7356.0,57,7.748776508972267
302021034,Queensland,Greater Brisbane,Wavell Heights,11227.0,48,4.275407499777322
302031035,Queensland,Greater Brisbane,Boondall,10430.0,23,2.205177372962608
302031037,Queensland,Greater Brisbane,Eagle Farm - Pinkenba,2746.0,538,195.92134013109975
302031038,Queensland,Greater Brisbane,Northgate - Virginia,7591.0,27,3.556843630615202
302031039,Queensland,Greater Brisbane,Nudgee - Banyo,11757.0,42,3.572339882623118
302031040,Queensland,Greater Brisbane,Nundah,14812.0,16,1.080205238995409
302041041,Queensland,Greater Brisbane,Bracken Ridge,18847.0,33,1.750941794450045
302041042,Queensland,Greater Brisbane,Brighton (Qld),10213.0,21,2.0562028786840303
302041043,Queensland,Greater Brisbane,Deagon,4034.0,14,3.4705007436787305
302041044,Queensland,Greater Brisbane,Sandgate - Shorncliffe,6975.0,11,1.5770609318996416
302041045,Queensland,Greater Brisbane,Taigum - Fitzgibbon,15445.0,245,15.862738750404665
302041046,Queensland,Greater Brisbane,Zillmere,10132.0,34,3.355704697986577
303011047,Queensland,Greater Brisbane,Camp Hill,13067.0,48,3.6733756791918575
303011048,Queensland,Greater Brisbane,Cannon Hill,7746.0,36,4.647560030983733
303011049,Queensland,Greater Brisbane,Carina,12897.0,72,5.582693649685973
303011050,Queensland,Greater Brisbane,Carina Heights,7500.0,10,1.3333333333333333
303011051,Queensland,Greater Brisbane,Carindale,17402.0,110,6.321112515802781
303021052,Queensland,Greater Brisbane,Annerley,13137.0,11,0.8373296795310954
303021053,Queensland,Greater Brisbane,Coorparoo,19140.0,40,2.0898641588296765
303021054,Queensland,Greater Brisbane,Fairfield - Dutton Park,5526.0,5,0.9048136083966702
303021055,Queensland,Greater Brisbane,Greenslopes,11607.0,110,9.477039717411907
303021056,Queensland,Greater Brisbane,Holland Park,9279.0,38,4.095268886733485
303021057,Queensland,Greater Brisbane,Holland Park West,6779.0,17,2.507744505089246
303021058,Queensland,Greater Brisbane,Woolloongabba,10367.0,262,25.27249927655059
303021059,Queensland,Greater Brisbane,Yeronga,10950.0,21,1.917808219178082
303031060,Queensland,Greater Brisbane,Eight Mile Plains,16789.0,56,3.335517302996009
303031061,Queensland,Greater Brisbane,Macgregor (Qld),6684.0,10,1.4961101137043686
303031062,Queensland,Greater Brisbane,Mansfield (Qld),9369.0,16,1.7077596328316789
303031063,Queensland,Greater Brisbane,Mount Gravatt,17149.0,57,3.3238089684529712
303031064,Queensland,Greater Brisbane,Rochedale - Burbank,13761.0,162,11.772400261608896
303031065,Queensland,Greater Brisbane,Upper Mount Gravatt,12276.0,117,9.530791788856304
303031066,Queensland,Greater Brisbane,Wishart,11870.0,11,0.9267059814658803
303041067,Queensland,Greater Brisbane,Coopers Plains,6428.0,74,11.512134411947727
303041068,Queensland,Greater Brisbane,Moorooka,11885.0,11,0.9255363904080774
303041069,Queensland,Greater Brisbane,Robertson,5745.0,19,3.3072236727589206
303041070,Queensland,Greater Brisbane,Salisbury - Nathan,8341.0,29,3.476801342764656
303041071,Queensland,Greater Brisbane,Tarragindi,11785.0,41,3.478998727195588
303051072,Queensland,Greater Brisbane,Algester,10205.0,29,2.841744243018129
303051073,Queensland,Greater Brisbane,Calamvale - Stretton,25416.0,47,1.8492288322316648
303051074,Queensland,Greater Brisbane,Pallara - Willawong,16586.0,141,8.501145544435067
303051075,Queensland,Greater Brisbane,Parkinson - Drewvale,17108.0,71,4.150105213935001
303051076,Queensland,Greater Brisbane,Rocklea - Acacia Ridge,10061.0,25,2.484842460987973
303061077,Queensland,Greater Brisbane,Kuraby,9507.0,21,2.208898706216472
303061078,Queensland,Greater Brisbane,Runcorn,15762.0,45,2.854967643700038
303061079,Queensland,Greater Brisbane,Sunnybank,10570.0,41,3.878902554399243
303061080,Queensland,Greater Brisbane,Sunnybank Hills,19742.0,52,2.633978320332287
304011081,Queensland,Greater Brisbane,Jindalee - Mount Ommaney,7925.0,134,16.908517350157727
304011082,Queensland,Greater Brisbane,Middle Park - Jamboree Heights,7411.0,4,0.5397382269599245
304011083,Queensland,Greater Brisbane,Riverhills,4267.0,3,0.7030700726505742
304011084,Queensland,Greater Brisbane,Seventeen Mile Rocks - Sinnamon Park,9886.0,8,0.8092251669026906
304021086,Queensland,Greater Brisbane,Bellbowrie - Moggill,11211.0,29,2.586745161002587
304021087,Queensland,Greater Brisbane,Brookfield - Kenmore Hills,7202.0,9,1.2496528742016106
304021088,Queensland,Greater Brisbane,Chapel Hill,11166.0,12,1.0746910263299303
304021089,Queensland,Greater Brisbane,Fig Tree Pocket,4632.0,10,2.158894645941278
304021090,Queensland,Greater Brisbane,Kenmore,10170.0,28,2.753195673549656
304021091,Queensland,Greater Brisbane,Pinjarra Hills - Pullenvale,5885.0,10,1.6992353440951573
304031092,Queensland,Greater Brisbane,Chelmer - Graceville,8015.0,18,2.245789145352464
304031093,Queensland,Greater Brisbane,Corinda,5686.0,36,6.331340133661625
304031094,Queensland,Greater Brisbane,Indooroopilly,15496.0,68,4.388229220443986
304031095,Queensland,Greater Brisbane,Sherwood,7050.0,20,2.8368794326241136
304031096,Queensland,Greater Brisbane,St Lucia,15447.0,9,0.5826374053214216
304031097,Queensland,Greater Brisbane,Taringa,10156.0,55,5.415517920441118
304041098,Queensland,Greater Brisbane,Enoggera,9945.0,59,5.932629462041226
304041100,Queensland,Greater Brisbane,Keperra,7561.0,58,7.670942996958074
304041101,Queensland,Greater Brisbane,Mitchelton,9734.0,114,11.711526607766592
304041103,Queensland,Greater Brisbane,The Gap,18230.0,18,0.9873834339001646
304041104,Queensland,Greater Brisbane,Upper Kedron - Ferny Grove,12833.0,73,5.688459440504948
305011105,Queensland,Greater Brisbane,Brisbane City,17502.0,1,0.0571363272768826
305011106,Queensland,Greater Brisbane,Fortitude Valley,11889.0,20,1.682227268904029
305011107,Queensland,Greater Brisbane,Highgate Hill,7335.0,19,2.590320381731425
305011108,Queensland,Greater Brisbane,Kangaroo Point,12206.0,8,0.6554153694904146
305011109,Queensland,Greater Brisbane,New Farm,13880.0,58,4.1786743515850135
305011110,Queensland,Greater Brisbane,South Brisbane,17517.0,1628,92.9382885197237
305011111,Queensland,Greater Brisbane,Spring Hill,9361.0,3,0.3204785813481465
305011112,Queensland,Greater Brisbane,West End,17928.0,447,24.9330655957162
305021113,Queensland,Greater Brisbane,Balmoral,4885.0,8,1.637666325486182
305021114,Queensland,Greater Brisbane,Bulimba,7925.0,28,3.533123028391167
305021115,Queensland,Greater Brisbane,East Brisbane,6833.0,10,1.4634860237084737
305021116,Queensland,Greater Brisbane,Hawthorne,5702.0,10,1.75377060680463
305021117,Queensland,Greater Brisbane,Morningside - Seven Hills,16055.0,90,5.605730302086577
305021118,Queensland,Greater Brisbane,Norman Park,7414.0,23,3.1022390072835178
305031119,Queensland,Greater Brisbane,Albion,5026.0,163,32.431356943891764
305031120,Queensland,Greater Brisbane,Alderley,7270.0,24,3.3012379642365888
305031121,Queensland,Greater Brisbane,Ascot,6454.0,79,12.240471025720485
305031122,Queensland,Greater Brisbane,Clayfield,11773.0,36,3.0578442198250237
305031123,Queensland,Greater Brisbane,Grange,4942.0,13,2.630513961958721
305031124,Queensland,Greater Brisbane,Hamilton (Qld),7408.0,7,0.9449244060475164
305031125,Queensland,Greater Brisbane,Hendra,5204.0,16,3.074558032282859
305031126,Queensland,Greater Brisbane,Kelvin Grove - Herston,12531.0,37,2.952677360146836
305031127,Queensland,Greater Brisbane,Newmarket,5493.0,8,1.4563990533406153
305031128,Queensland,Greater Brisbane,Newstead - Bowen Hills,21474.0,459,21.374685666387258
305031129,Queensland,Greater Brisbane,Wilston,4168.0,10,2.399232245681382
305031130,Queensland,Greater Brisbane,Windsor,8951.0,285,31.84001787509776
305031131,Queensland,Greater Brisbane,Wooloowin - Lutwyche,12298.0,170,13.823385916409173
305041132,Queensland,Greater Brisbane,Ashgrove,14911.0,32,2.1460666621956945
305041133,Queensland,Greater Brisbane,Auchenflower,6222.0,41,6.589521054323368
305041134,Queensland,Greater Brisbane,Bardon,11168.0,10,0.8954154727793697
305041135,Queensland,Greater Brisbane,Paddington - Milton,13364.0,174,13.020053876085004
305041136,Queensland,Greater Brisbane,Red Hill (Qld),6757.0,6,0.8879680331508066
305041137,Queensland,Greater Brisbane,Toowong,13725.0,57,4.1530054644808745
306011138,Queensland,Rest of Qld,Brinsmead,5702.0,16,2.806032970887408
306011139,Queensland,Rest of Qld,Clifton Beach - Kewarra Beach,12760.0,135,10.579937304075235
306011140,Queensland,Rest of Qld,Freshwater - Stratford,3856.0,17,4.408713692946058
306011141,Queensland,Rest of Qld,Redlynch,14877.0,88,5.915171069436043
306011142,Queensland,Rest of Qld,Trinity Beach - Smithfield,19862.0,50,2.517369851978653
306011143,Queensland,Rest of Qld,Yorkeys Knob - Machans Beach,6319.0,45,7.121379965184365
306021144,Queensland,Rest of Qld,Bentley Park,9214.0,20,2.170609941393532
306021145,Queensland,Rest of Qld,Cairns City,13599.0,53,3.897345393043606
306021146,Queensland,Rest of Qld,Earlville - Bayview Heights,8723.0,8,0.9171156712140318
306021147,Queensland,Rest of Qld,Edmonton,12342.0,52,4.213255550153946
306021148,Queensland,Rest of Qld,Gordonvale - Trinity,11413.0,195,17.085779374397617
306021149,Queensland,Rest of Qld,Kanimbla - Mooroobool,10375.0,27,2.602409638554217
306021151,Queensland,Rest of Qld,Manoora,6323.0,50,7.907638779060573
306021152,Queensland,Rest of Qld,Manunda,5321.0,18,3.3828227776733697
306021153,Queensland,Rest of Qld,Mount Sheridan,9042.0,15,1.6589250165892502
306021154,Queensland,Rest of Qld,Westcourt - Bungalow,6811.0,10,1.4682131845543973
306021155,Queensland,Rest of Qld,White Rock,5198.0,54,10.388611004232397
306021156,Queensland,Rest of Qld,Whitfield - Edge Hill,8573.0,10,1.166452816983553
306021157,Queensland,Rest of Qld,Woree,5252.0,469,89.2993145468393
306031158,Queensland,Rest of Qld,Babinda,4765.0,16,3.3578174186778598
306031159,Queensland,Rest of Qld,Innisfail,9516.0,52,5.46448087431694
306031160,Queensland,Rest of Qld,Johnstone,8281.0,20,2.4151672503320856
306031161,Queensland,Rest of Qld,Tully,11867.0,97,8.17392769866015
306031163,Queensland,Rest of Qld,Yarrabah,2669.0,31,11.614837017609592
306041164,Queensland,Rest of Qld,Daintree,7011.0,31,4.4216231636000565
306041165,Queensland,Rest of Qld,Port Douglas,6041.0,19,3.145174639960272
306051166,Queensland,Rest of Qld,Atherton,12472.0,90,7.216164207825529
306051167,Queensland,Rest of Qld,Herberton,5730.0,8,1.3961605584642234
306051168,Queensland,Rest of Qld,Kuranda,5033.0,7,1.3908205841446453
306051169,Queensland,Rest of Qld,Malanda - Yungaburra,9700.0,106,10.927835051546392
306051170,Queensland,Rest of Qld,Mareeba,12752.0,65,5.09723964868256
307011171,Queensland,Rest of Qld,Balonne,4350.0,9,2.0689655172413794
307011172,Queensland,Rest of Qld,Chinchilla,9159.0,18,1.965280052407468
307011173,Queensland,Rest of Qld,Goondiwindi,6251.0,14,2.2396416573348263
307011174,Queensland,Rest of Qld,Inglewood - Waggamba,4179.0,7,1.6750418760469012
307011175,Queensland,Rest of Qld,Miles - Wandoan,4394.0,2,0.4551661356395084
307011176,Queensland,Rest of Qld,Roma,7083.0,5,0.7059155724975293
307011177,Queensland,Rest of Qld,Roma Surrounds,6287.0,4,0.6362334976936536
307011178,Queensland,Rest of Qld,Tara,4030.0,11,2.729528535980149
307021179,Queensland,Rest of Qld,Crows Nest - Rosalie,9824.0,111,11.29885993485342
307021180,Queensland,Rest of Qld,Jondaryan,7826.0,11,1.4055711730130336
307021181,Queensland,Rest of Qld,Millmerran,3351.0,8,2.387347060578932
307021182,Queensland,Rest of Qld,Pittsworth,5951.0,51,8.569988237271048
307021183,Queensland,Rest of Qld,Wambo,17853.0,30,1.6803898504453034
307031184,Queensland,Rest of Qld,Clifton - Greenmount,5433.0,26,4.785569666850727
307031185,Queensland,Rest of Qld,Southern Downs - East,4630.0,33,7.127429805615551
307031186,Queensland,Rest of Qld,Southern Downs - West,5347.0,38,7.106788853562746
307031187,Queensland,Rest of Qld,Stanthorpe,5480.0,23,4.197080291970803
307031188,Queensland,Rest of Qld,Stanthorpe Surrounds,6544.0,15,2.2921760391198047
307031189,Queensland,Rest of Qld,Warwick,16197.0,156,9.631413224671237
308011190,Queensland,Rest of Qld,Central Highlands - East,7647.0,28,3.661566627435596
308011191,Queensland,Rest of Qld,Central Highlands - West,7683.0,11,1.4317323961994013
308011192,Queensland,Rest of Qld,Emerald,15238.0,38,2.493765586034913
308031205,Queensland,Rest of Qld,Berserker,7293.0,46,6.307418072123955
308031206,Queensland,Rest of Qld,Bouldercombe,1972.0,4,2.028397565922921
308031207,Queensland,Rest of Qld,Emu Park,6314.0,41,6.493506493506494
308031208,Queensland,Rest of Qld,Frenchville - Mount Archer,9246.0,8,0.8652390222799049
308031209,Queensland,Rest of Qld,Glenlee - Rockyview,6002.0,29,4.831722759080306
308031210,Queensland,Rest of Qld,Gracemere,13305.0,26,1.9541525742202184
308031211,Queensland,Rest of Qld,Lakes Creek,5037.0,5,0.9926543577526308
308031212,Queensland,Rest of Qld,Mount Morgan,3090.0,3,0.970873786407767
308031213,Queensland,Rest of Qld,Norman Gardens,11288.0,45,3.9865343727852585
308031214,Queensland,Rest of Qld,Park Avenue,5538.0,2,0.3611412062116287
308031215,Queensland,Rest of Qld,Parkhurst - Kawana,8181.0,131,16.012712382349346
308031216,Queensland,Rest of Qld,Rockhampton - West,6148.0,5,0.8132726089785296
308031217,Queensland,Rest of Qld,Rockhampton City,3345.0,22,6.576980568011958
308031218,Queensland,Rest of Qld,Rockhampton Surrounds - East,3754.0,16,4.262120404901438
308031219,Queensland,Rest of Qld,Rockhampton Surrounds - North,5054.0,23,4.550850811238623
308031220,Queensland,Rest of Qld,Rockhampton Surrounds - West,3226.0,15,4.649721016738996
308031222,Queensland,Rest of Qld,The Range - Allenstown,8125.0,17,2.0923076923076924
308031223,Queensland,Rest of Qld,Yeppoon,22522.0,175,7.770180268182222
308041528,Queensland,Rest of Qld,Banana,9297.0,13,1.3983005270517372
308041529,Queensland,Rest of Qld,Biloela,5847.0,17,2.9074739182486744
308051530,Queensland,Rest of Qld,Agnes Water - Miriam Vale,8267.0,76,9.193177694447805
308051531,Queensland,Rest of Qld,Boyne Island - Tannum Sands,10760.0,52,4.83271375464684
308051533,Queensland,Rest of Qld,Clinton - New Auckland,15311.0,35,2.285938214355692
308051534,Queensland,Rest of Qld,Gladstone,6839.0,3,0.4386606228980845
308051535,Queensland,Rest of Qld,Gladstone Hinterland,12274.0,24,1.9553527782304057
308051536,Queensland,Rest of Qld,Kin Kora - Sun Valley,3581.0,2,0.5585032113934655
308051538,Queensland,Rest of Qld,Telina - Toolooa,6828.0,45,6.590509666080844
309011224,Queensland,Rest of Qld,Broadbeach Waters,9109.0,44,4.830387528817653
309011225,Queensland,Rest of Qld,Burleigh Heads,10055.0,93,9.249129786176033
309011226,Queensland,Rest of Qld,Burleigh Waters,15180.0,44,2.898550724637681
309011227,Queensland,Rest of Qld,Mermaid Beach - Broadbeach,16126.0,704,43.656207366984994
309011228,Queensland,Rest of Qld,Mermaid Waters,14564.0,1094,75.11672617412799
309011229,Queensland,Rest of Qld,Miami,8531.0,60,7.033173133278631
309021230,Queensland,Rest of Qld,Coolangatta,7204.0,329,45.66907273736813
309021231,Queensland,Rest of Qld,Currumbin - Tugun,13477.0,130,9.646063664020184
309021232,Queensland,Rest of Qld,Currumbin Waters,10220.0,47,4.598825831702544
309021233,Queensland,Rest of Qld,Elanora,13343.0,9,0.6745109795398336
309021234,Queensland,Rest of Qld,Palm Beach,18678.0,363,19.434628975265017
309031235,Queensland,Rest of Qld,Arundel,12056.0,2,0.165892501658925
309031236,Queensland,Rest of Qld,Biggera Waters,11016.0,122,11.074800290486564
309031237,Queensland,Rest of Qld,Coombabah,10815.0,5,0.4623208506703652
309031238,Queensland,Rest of Qld,Labrador,19745.0,35,1.7726006583945304
309031239,Queensland,Rest of Qld,Paradise Point - Hollywell,10736.0,80,7.451564828614009
309031240,Queensland,Rest of Qld,Runaway Bay,9755.0,23,2.357765248590466
309041241,Queensland,Rest of Qld,Guanaba - Springbrook,4687.0,9,1.920204821847664
309041242,Queensland,Rest of Qld,Tamborine - Canungra,16855.0,125,7.416196974191634
309051243,Queensland,Rest of Qld,Currumbin Valley - Tallebudgera,8112.0,33,4.068047337278107
309051244,Queensland,Rest of Qld,Mudgeeraba - Bonogin,20770.0,33,1.5888300433317284
309051245,Queensland,Rest of Qld,Reedy Creek - Andrews,9610.0,18,1.8730489073881371
309061246,Queensland,Rest of Qld,Carrara,14340.0,74,5.160390516039052
309061247,Queensland,Rest of Qld,Highland Park,8797.0,8,0.9094009321359554
309061248,Queensland,Rest of Qld,Nerang - Mount Nathan,22560.0,76,3.368794326241135
309061249,Queensland,Rest of Qld,Pacific Pines - Gaven,19143.0,12,0.6268609935746748
309061250,Queensland,Rest of Qld,Worongary - Tallai,9211.0,96,10.422321137770057
309071251,Queensland,Rest of Qld,Coomera,24313.0,35,1.4395590836178178
309071252,Queensland,Rest of Qld,Helensvale,21073.0,168,7.972286812508897
309071253,Queensland,Rest of Qld,Hope Island,18253.0,303,16.600010957102942
309071254,Queensland,Rest of Qld,Jacobs Well - Alberton,5608.0,81,14.443651925820255
309071256,Queensland,Rest of Qld,Oxenford - Maudsland,19732.0,43,2.179201297384959
309071552,Queensland,Rest of Qld,Ormeau (East) - Stapylton,12022.0,50,4.159041756779238
309071553,Queensland,Rest of Qld,Ormeau (West) - Yatala,13037.0,26,1.9943238475109304
309071554,Queensland,Rest of Qld,Pimpama - North,13841.0,16,1.15598583917347
309071555,Queensland,Rest of Qld,Pimpama - South,12833.0,86,6.701472765526377
309071556,Queensland,Rest of Qld,Upper Coomera (South) - Wongawallan,12438.0,32,2.5727608940344107
309071557,Queensland,Rest of Qld,Upper Coomera - North,21884.0,89,4.066898190458782
309071558,Queensland,Rest of Qld,Willow Vale - Pimpama (West),8721.0,78,8.943928448572413
309081259,Queensland,Rest of Qld,Clear Island Waters,4570.0,2,0.437636761487965
309081260,Queensland,Rest of Qld,Merrimac,7423.0,4,0.538865687727334
309081262,Queensland,Rest of Qld,Varsity Lakes,18207.0,449,24.660844730048883
309081559,Queensland,Rest of Qld,Robina - East,18355.0,22,1.1985834922364478
309091263,Queensland,Rest of Qld,Ashmore,12809.0,56,4.371925989538606
309091264,Queensland,Rest of Qld,Molendinar,6707.0,10,1.490979573579842
309091265,Queensland,Rest of Qld,Parkwood,9135.0,3,0.3284072249589491
309091540,Queensland,Rest of Qld,Southport - North,20260.0,222,10.957551826258635
309091541,Queensland,Rest of Qld,Southport - South,20247.0,582,28.744999259149505
309101267,Queensland,Rest of Qld,Benowa,10728.0,10,0.9321401938851605
309101268,Queensland,Rest of Qld,Bundall,5048.0,14,2.7733755942947704
309101269,Queensland,Rest of Qld,Main Beach,4418.0,31,7.016749660479855
309101561,Queensland,Rest of Qld,Surfers Paradise - North,14640.0,308,21.038251366120218
309101562,Queensland,Rest of Qld,Surfers Paradise - South,17410.0,1323,75.99080987937967
310011271,Queensland,Greater Brisbane,Darra - Sumner,5141.0,12,2.334176230305388
310011272,Queensland,Greater Brisbane,Durack,8813.0,25,2.8367184840576423
310011274,Queensland,Greater Brisbane,Inala - Richlands,21884.0,111,5.0721988667519655
310011275,Queensland,Greater Brisbane,Oxley (Qld),9434.0,71,7.525969896120415
310011276,Queensland,Greater Brisbane,Wacol,6975.0,1,0.1433691756272401
310011563,Queensland,Greater Brisbane,Doolandella,9953.0,39,3.918416557821762
310011564,Queensland,Greater Brisbane,Forest Lake - Ellen Grove,24080.0,6,0.2491694352159468
310021277,Queensland,Greater Brisbane,Boonah,13450.0,194,14.423791821561338
310021278,Queensland,Greater Brisbane,Esk,5236.0,34,6.493506493506494
310021280,Queensland,Greater Brisbane,Lockyer Valley - East,24138.0,212,8.782832049051288
310021281,Queensland,Greater Brisbane,Lowood,15478.0,87,5.620881250807599
310021282,Queensland,Greater Brisbane,Rosewood,16825.0,324,19.25705794947994
310031283,Queensland,Greater Brisbane,Brassall,13196.0,22,1.6671718702637162
310031284,Queensland,Greater Brisbane,Bundamba,10405.0,65,6.246996636232581
310031285,Queensland,Greater Brisbane,Churchill - Yamanto,7182.0,4,0.556947925368978
310031286,Queensland,Greater Brisbane,Ipswich - Central,6923.0,9,1.30001444460494
310031287,Queensland,Greater Brisbane,Ipswich - East,19056.0,31,1.626784214945424
310031288,Queensland,Greater Brisbane,Ipswich - North,4680.0,18,3.8461538461538463
310031289,Queensland,Greater Brisbane,Karalee - Barellan Point,7320.0,48,6.557377049180328
310031290,Queensland,Greater Brisbane,Karana Downs,6261.0,9,1.4374700527072353
310031291,Queensland,Greater Brisbane,Leichhardt - One Mile,8911.0,3,0.3366625519021434
310031292,Queensland,Greater Brisbane,North Ipswich - Tivoli,6671.0,27,4.047369210013492
310031293,Queensland,Greater Brisbane,Raceview,16382.0,90,5.493834696618239
310031294,Queensland,Greater Brisbane,Ripley,23459.0,1716,73.14889807749691
310031295,Queensland,Greater Brisbane,Riverview,3168.0,2,0.6313131313131314
310041297,Queensland,Greater Brisbane,Camira - Gailes,9794.0,21,2.144169899938738
310041299,Queensland,Greater Brisbane,Collingwood Park - Redbank,14921.0,266,17.8272233764493
310041300,Queensland,Greater Brisbane,Goodna,11381.0,78,6.8535278095070735
310041302,Queensland,Greater Brisbane,Redbank Plains,29057.0,508,17.482878480228518
310041303,Queensland,Greater Brisbane,Springfield,8537.0,5,0.5856858381164344
310041304,Queensland,Greater Brisbane,Springfield Lakes,29522.0,127,4.301876566628277
310041565,Queensland,Greater Brisbane,Augustine Heights - Brookwater,10178.0,85,8.351346040479466
310041566,Queensland,Greater Brisbane,Bellbird Park,10949.0,70,6.393277924924651
311011305,Queensland,Greater Brisbane,Beaudesert,16642.0,164,9.854584785482514
311021306,Queensland,Greater Brisbane,Beenleigh,9004.0,117,12.994224788982674
311021307,Queensland,Greater Brisbane,Eagleby,14488.0,61,4.21038100496963
311021308,Queensland,Greater Brisbane,Edens Landing - Holmview,11432.0,32,2.7991602519244223
311021309,Queensland,Greater Brisbane,Mount Warren Park,5964.0,3,0.5030181086519115
311021310,Queensland,Greater Brisbane,Wolffdene - Bahrs Scrub,12765.0,193,15.119467293380335
311031311,Queensland,Greater Brisbane,Boronia Heights - Park Ridge,27073.0,938,34.647065341853505
311031312,Queensland,Greater Brisbane,Browns Plains,9517.0,28,2.942103604076915
311031313,Queensland,Greater Brisbane,Chambers Flat - Logan Reserve,16875.0,977,57.89629629629629
311031314,Queensland,Greater Brisbane,Crestmead,12895.0,56,4.342768514928267
311031315,Queensland,Greater Brisbane,Greenbank Military Camp,0.0,7,
311031316,Queensland,Greater Brisbane,Hillcrest,10043.0,30,2.9871552325002493
311031317,Queensland,Greater Brisbane,Marsden,17494.0,89,5.087458557219618
311031318,Queensland,Greater Brisbane,Munruben - Park Ridge South,4565.0,7,1.5334063526834611
311031319,Queensland,Greater Brisbane,Regents Park - Heritage Park,17206.0,52,3.022201557596188
311041322,Queensland,Greater Brisbane,Logan Village,9963.0,87,8.732309545317674
311041567,Queensland,Greater Brisbane,Flagstone (East) - Riverbend,7190.0,31,4.3115438108484
311041568,Queensland,Greater Brisbane,Flagstone (West) - New Beith,13360.0,511,38.24850299401197
311041569,Queensland,Greater Brisbane,Greenbank - North Maclean,12691.0,669,52.71452210227721
311041570,Queensland,Greater Brisbane,Jimboomba - Glenlogan,21545.0,188,8.725922487816199
311041571,Queensland,Greater Brisbane,Yarrabilba,15803.0,400,25.31164968676833
311051323,Queensland,Greater Brisbane,Bethania - Waterford,13108.0,40,3.051571559353067
311051324,Queensland,Greater Brisbane,Cornubia - Carbrook,9471.0,38,4.012247914686939
311051325,Queensland,Greater Brisbane,Loganholme - Tanah Merah,12700.0,111,8.74015748031496
311051326,Queensland,Greater Brisbane,Loganlea,12948.0,89,6.8736484399135005
311051327,Queensland,Greater Brisbane,Shailer Park,12717.0,15,1.179523472517103
311051328,Queensland,Greater Brisbane,Waterford West,8569.0,80,9.335978527249386
311061329,Queensland,Greater Brisbane,Daisy Hill,7458.0,6,0.8045052292839903
311061330,Queensland,Greater Brisbane,Kingston (Qld),11172.0,41,3.6698890082348727
311061331,Queensland,Greater Brisbane,Logan Central,6653.0,10,1.5030813166992334
311061332,Queensland,Greater Brisbane,Rochedale South - Priestdale,16053.0,43,2.678627047903819
311061333,Queensland,Greater Brisbane,Slacks Creek,10811.0,12,1.1099805753399314
311061334,Queensland,Greater Brisbane,Springwood,10328.0,9,0.8714175058094501
311061335,Queensland,Greater Brisbane,Underwood,7527.0,28,3.719941543775741
311061336,Queensland,Greater Brisbane,Woodridge,14127.0,15,1.0617965597791463
312011337,Queensland,Rest of Qld,Bowen,11266.0,30,2.662879460323096
312011338,Queensland,Rest of Qld,Broadsound - Nebo,9190.0,3,0.3264417845484221
312011339,Queensland,Rest of Qld,Clermont,4068.0,24,5.899705014749262
312011340,Queensland,Rest of Qld,Collinsville,4008.0,2,0.499001996007984
312021342,Queensland,Rest of Qld,Andergrove - Beaconsfield,17169.0,112,6.523385170947639
312021343,Queensland,Rest of Qld,East Mackay,3820.0,17,4.450261780104713
312021344,Queensland,Rest of Qld,Eimeo - Rural View,14911.0,78,5.231037489102006
312021346,Queensland,Rest of Qld,Mackay,4154.0,26,6.259027443428021
312021347,Queensland,Rest of Qld,Mackay Harbour,676.0,30,
312021348,Queensland,Rest of Qld,Mount Pleasant - Glenella,12060.0,57,4.72636815920398
312021349,Queensland,Rest of Qld,North Mackay,6418.0,39,6.076659395450296
312021350,Queensland,Rest of Qld,Ooralea - Bakers Creek,6600.0,12,1.818181818181818
312021351,Queensland,Rest of Qld,Pioneer Valley,9449.0,30,3.174939146999683
312021352,Queensland,Rest of Qld,Sarina,12500.0,34,2.72
312021353,Queensland,Rest of Qld,Seaforth - Calen,8785.0,41,4.66704610130905
312021354,Queensland,Rest of Qld,Shoal Point - Bucasia,6590.0,82,12.443095599393018
312021355,Queensland,Rest of Qld,Slade Point,3669.0,6,1.635322976287817
312021356,Queensland,Rest of Qld,South Mackay,7251.0,3,0.4137360364087711
312021357,Queensland,Rest of Qld,Walkerston - Eton,8749.0,25,2.8574694250771517
312021358,Queensland,Rest of Qld,West Mackay,6443.0,9,1.396864814527394
312031359,Queensland,Rest of Qld,Airlie - Whitsundays,16597.0,104,6.266192685425077
312031361,Queensland,Rest of Qld,Proserpine,9503.0,33,3.4725876039145533
313011362,Queensland,Greater Brisbane,Beachmere - Sandstone Point,17733.0,59,3.327130209214459
313011363,Queensland,Greater Brisbane,Bribie Island,22215.0,42,1.8906144496961512
313021364,Queensland,Greater Brisbane,Burpengary - East,9216.0,142,15.407986111111112
313021366,Queensland,Greater Brisbane,Caboolture - South,27798.0,602,21.65623426145766
313021367,Queensland,Greater Brisbane,Elimbah,4645.0,25,5.382131324004306
313021368,Queensland,Greater Brisbane,Morayfield - East,13813.0,178,12.88641135162528
313021369,Queensland,Greater Brisbane,Wamuran,4522.0,11,2.4325519681556838
313021572,Queensland,Greater Brisbane,Caboolture - East,19929.0,232,11.64132670981986
313021573,Queensland,Greater Brisbane,Caboolture - West,14884.0,234,15.72158022037087
313031370,Queensland,Greater Brisbane,Kilcoy,6216.0,137,22.03989703989704
313031371,Queensland,Greater Brisbane,Woodford - D'Aguilar,10806.0,123,11.382565241532484
313041372,Queensland,Greater Brisbane,Burpengary,19133.0,354,18.50206449589714
313041373,Queensland,Greater Brisbane,Deception Bay,25304.0,474,18.732216250395197
313041374,Queensland,Greater Brisbane,Morayfield,7826.0,715,91.36212624584718
313041375,Queensland,Greater Brisbane,Narangba,23657.0,344,14.541150610812869
313041376,Queensland,Greater Brisbane,Upper Caboolture,3597.0,595,165.41562413122043
313051377,Queensland,Greater Brisbane,Clontarf,8876.0,14,1.5772870662460567
313051378,Queensland,Greater Brisbane,Margate - Woody Point,12649.0,210,16.602102933038186
313051379,Queensland,Greater Brisbane,Redcliffe,11134.0,332,29.81857373809952
313051380,Queensland,Greater Brisbane,Rothwell - Kippa-Ring,17562.0,332,18.90445279580913
313051574,Queensland,Greater Brisbane,Moreton Island,339.0,7,
313051575,Queensland,Greater Brisbane,Scarborough - Newport,18187.0,216,11.876615164678066
314011382,Queensland,Greater Brisbane,Albany Creek,17369.0,33,1.8999366687777075
314011383,Queensland,Greater Brisbane,Cashmere,21462.0,572,26.65175659304818
314011384,Queensland,Greater Brisbane,Dayboro,10103.0,34,3.3653370286053645
314011385,Queensland,Greater Brisbane,Eatons Hill,7984.0,8,1.002004008016032
314011386,Queensland,Greater Brisbane,The Hills District,26166.0,93,3.55423068103646
314011387,Queensland,Greater Brisbane,Samford Valley,13239.0,46,3.4745826724072817
314021389,Queensland,Greater Brisbane,Murrumba Downs - Griffin,27130.0,102,3.759675635827497
314021576,Queensland,Greater Brisbane,Dakabin,6194.0,130,20.98805295447207
314021577,Queensland,Greater Brisbane,Kallangur,23466.0,33,1.4062899514190743
314021578,Queensland,Greater Brisbane,Mango Hill,17874.0,181,10.126440640035806
314021579,Queensland,Greater Brisbane,North Lakes,24527.0,5,0.2038569739470787
314031391,Queensland,Greater Brisbane,Bray Park,10810.0,7,0.6475485661424607
314031392,Queensland,Greater Brisbane,Lawnton,8120.0,134,16.502463054187192
314031393,Queensland,Greater Brisbane,Petrie,9202.0,10,1.086720278200391
314031394,Queensland,Greater Brisbane,Strathpine - Brendale,15313.0,12,0.7836478808855222
315011396,Queensland,Rest of Qld,Cape York,8515.0,28,3.288314738696418
315011397,Queensland,Rest of Qld,Croydon - Etheridge,1000.0,10,10.0
315011400,Queensland,Rest of Qld,Tablelands,6420.0,9,1.4018691588785046
315011401,Queensland,Rest of Qld,Torres,3490.0,27,7.736389684813753
315011402,Queensland,Rest of Qld,Torres Strait Islands,4298.0,8,1.861330851558865
315011403,Queensland,Rest of Qld,Weipa,4297.0,6,1.3963230160577147
315021404,Queensland,Rest of Qld,Carpentaria,5284.0,11,2.081756245268736
315021406,Queensland,Rest of Qld,Mount Isa Surrounds,4325.0,1,0.2312138728323699
315031408,Queensland,Rest of Qld,Barcaldine - Blackall,4912.0,7,1.4250814332247557
315031409,Queensland,Rest of Qld,Charleville,4004.0,3,0.7492507492507493
315031410,Queensland,Rest of Qld,Far Central West,2227.0,3,1.347103726986978
315031411,Queensland,Rest of Qld,Far South West,2791.0,6,2.149767108563239
315031412,Queensland,Rest of Qld,Longreach,3741.0,7,1.871157444533547
316011413,Queensland,Rest of Qld,Buderim - North,20127.0,42,2.086749142942316
316011414,Queensland,Rest of Qld,Buderim - South,18362.0,30,1.6338089532730635
316011415,Queensland,Rest of Qld,Mountain Creek,12397.0,9,0.7259820924417197
316011416,Queensland,Rest of Qld,Sippy Downs,12683.0,68,5.361507529764252
316021417,Queensland,Rest of Qld,Aroona - Currimundi,10328.0,27,2.6142525174283504
316021418,Queensland,Rest of Qld,Buddina - Minyama,7410.0,31,4.183535762483131
316021419,Queensland,Rest of Qld,Caloundra - Kings Beach,7094.0,232,32.703693261911475
316021421,Queensland,Rest of Qld,Golden Beach - Pelican Waters,14293.0,150,10.494647729657876
316021422,Queensland,Rest of Qld,Moffat Beach - Battery Hill,8303.0,24,2.890521498253644
316021423,Queensland,Rest of Qld,Parrearra - Warana,11379.0,30,2.636435539151068
316021424,Queensland,Rest of Qld,Wurtulla - Birtinya,11624.0,233,20.044735030970404
316021580,Queensland,Rest of Qld,Caloundra West - Baringa,23872.0,852,35.69034852546917
316021581,Queensland,Rest of Qld,Meridan Plains - Little Mountain (North),15068.0,32,2.123705866737457
316031425,Queensland,Rest of Qld,Coolum Beach,17064.0,70,4.102203469292077
316031426,Queensland,Rest of Qld,Marcoola - Mudjimba,12672.0,17,1.341540404040404
316031427,Queensland,Rest of Qld,Maroochydore - Kuluin,25797.0,310,12.01690119006086
316031428,Queensland,Rest of Qld,Mooloolaba - Alexandra Headland,13101.0,32,2.4425616365162965
316051434,Queensland,Rest of Qld,Noosa Heads,5319.0,16,3.008084226358338
316051435,Queensland,Rest of Qld,Noosaville,9634.0,24,2.491177081170853
316051437,Queensland,Rest of Qld,Sunshine Beach,7524.0,29,3.854332801701223
316051438,Queensland,Rest of Qld,Tewantin,10660.0,48,4.50281425891182
316051543,Queensland,Rest of Qld,Peregian Beach - Marcus Beach,4374.0,26,5.94421582075903
316051544,Queensland,Rest of Qld,Peregian Springs,11924.0,8,0.6709158000670916
316061439,Queensland,Rest of Qld,Beerwah,9938.0,300,30.187160394445563
316061440,Queensland,Rest of Qld,Caloundra Hinterland,9352.0,79,8.447390932420872
316061441,Queensland,Rest of Qld,Glass House Mountains,7309.0,14,1.915446709536188
316061442,Queensland,Rest of Qld,Landsborough,21628.0,326,15.073053449232477
316061443,Queensland,Rest of Qld,Maroochy Hinterland,7415.0,33,4.45043830074174
316061444,Queensland,Rest of Qld,Palmwoods,13537.0,59,4.358425057250499
316071545,Queensland,Rest of Qld,Bli Bli,11935.0,29,2.429828236279849
316071546,Queensland,Rest of Qld,Diddillibah - Rosemount,4731.0,19,4.016064257028112
316071547,Queensland,Rest of Qld,Eumundi - Yandina,13729.0,109,7.939398353849516
316071548,Queensland,Rest of Qld,Nambour,24674.0,93,3.7691497122477102
316081549,Queensland,Rest of Qld,Noosa Hinterland,26251.0,122,4.64744200220944
317011445,Queensland,Rest of Qld,Cambooya - Wyreema,8905.0,52,5.839416058394161
317011446,Queensland,Rest of Qld,Darling Heights,16382.0,146,8.912220730069588
317011447,Queensland,Rest of Qld,Drayton - Harristown,11514.0,12,1.0422094841063052
317011448,Queensland,Rest of Qld,Gatton,8897.0,10,1.1239743733842869
317011449,Queensland,Rest of Qld,Gowrie (Qld),8154.0,62,7.603630120186411
317011450,Queensland,Rest of Qld,Highfields,16630.0,378,22.7300060132291
317011451,Queensland,Rest of Qld,Lockyer Valley - West,13029.0,94,7.21467495586768
317011452,Queensland,Rest of Qld,Middle Ridge,8113.0,22,2.711697275976827
317011453,Queensland,Rest of Qld,Newtown (Qld),10761.0,223,20.722981135582195
317011454,Queensland,Rest of Qld,North Toowoomba - Harlaxton,6596.0,72,10.915706488781078
317011455,Queensland,Rest of Qld,Rangeville,8887.0,11,1.237763024642737
317011456,Queensland,Rest of Qld,Toowoomba - Central,14434.0,100,6.928086462519053
317011457,Queensland,Rest of Qld,Toowoomba - East,10831.0,18,1.661896408457206
317011458,Queensland,Rest of Qld,Toowoomba - West,17905.0,280,15.638089919017034
317011459,Queensland,Rest of Qld,Wilsonton,14669.0,26,1.7724452927943282
318011460,Queensland,Rest of Qld,Ayr,9234.0,18,1.949317738791423
318011461,Queensland,Rest of Qld,Burdekin,7980.0,5,0.6265664160401002
318011462,Queensland,Rest of Qld,Charters Towers,8172.0,18,2.202643171806168
318011463,Queensland,Rest of Qld,Dalrymple,3916.0,8,2.042900919305414
318011464,Queensland,Rest of Qld,Ingham,4471.0,4,0.8946544397226571
318011465,Queensland,Rest of Qld,Ingham Surrounds,6723.0,25,3.718578015766771
318021467,Queensland,Rest of Qld,Aitkenvale,4848.0,6,1.2376237623762376
318021469,Queensland,Rest of Qld,Belgian Gardens - Pallarenda,3190.0,6,1.8808777429467085
318021470,Queensland,Rest of Qld,Bohle Plains,10466.0,367,35.06592776609975
318021471,Queensland,Rest of Qld,Condon - Rasmussen,11457.0,177,15.449070437287247
318021472,Queensland,Rest of Qld,Cranbrook,6096.0,2,0.3280839895013123
318021474,Queensland,Rest of Qld,Douglas,8318.0,3,0.3606636210627554
318021475,Queensland,Rest of Qld,Garbutt - West End,6605.0,6,0.9084027252081756
318021476,Queensland,Rest of Qld,Gulliver - Currajong - Vincent,7872.0,9,1.1432926829268293
318021478,Queensland,Rest of Qld,Hermit Park - Rosslea,5752.0,11,1.9123783031988877
318021479,Queensland,Rest of Qld,Hyde Park - Pimlico,4743.0,5,1.0541851149061774
318021480,Queensland,Rest of Qld,Kelso,11180.0,22,1.967799642218247
318021481,Queensland,Rest of Qld,Kirwan - East,7924.0,4,0.5047955577990914
318021482,Queensland,Rest of Qld,Kirwan - West,15115.0,4,0.2646377770426728
318021483,Queensland,Rest of Qld,Magnetic Island,2658.0,24,9.029345372460496
318021484,Queensland,Rest of Qld,Mount Louisa,10932.0,80,7.317965605561654
318021485,Queensland,Rest of Qld,Mundingburra,3551.0,4,1.1264432554210082
318021486,Queensland,Rest of Qld,Northern Beaches,7196.0,16,2.2234574763757644
318021487,Queensland,Rest of Qld,Oonoonba,7544.0,12,1.5906680805938496
318021488,Queensland,Rest of Qld,South Townsville - Railway Estate,5618.0,8,1.423994304022784
318021489,Queensland,Rest of Qld,Townsville - South,5861.0,116,19.791844395154413
318021490,Queensland,Rest of Qld,Townsville City - North Ward,9589.0,18,1.8771509020752943
318021491,Queensland,Rest of Qld,Wulguru - Roseneath,6403.0,3,0.468530376386069
318021582,Queensland,Rest of Qld,Burdell - Mount Low,22202.0,169,7.611926853436628
318021583,Queensland,Rest of Qld,Deeragun - Jensen,6770.0,77,11.37370753323486
319011492,Queensland,Rest of Qld,Ashfield - Kepnock,5891.0,35,5.941266338482431
319011493,Queensland,Rest of Qld,Bargara - Burnett Heads,21697.0,598,27.561414020371483
319011494,Queensland,Rest of Qld,Branyan - Kensington,5969.0,49,8.20908024794773
319011495,Queensland,Rest of Qld,Bundaberg,6611.0,22,3.327787021630616
319011496,Queensland,Rest of Qld,Bundaberg East - Kalkie,5981.0,23,3.845510784149808
319011497,Queensland,Rest of Qld,Bundaberg North - Gooburrum,7935.0,8,1.0081915563957151
319011498,Queensland,Rest of Qld,Bundaberg Surrounds - North,10016.0,39,3.893769968051118
319011499,Queensland,Rest of Qld,Bundaberg Surrounds - South,12134.0,126,10.3840448327015
319011500,Queensland,Rest of Qld,Millbank - Avoca,7848.0,82,10.448521916411826
319011501,Queensland,Rest of Qld,Svensson Heights - Norville,6028.0,9,1.4930325149303252
319011502,Queensland,Rest of Qld,Walkervale - Avenell Heights,11323.0,92,8.125055197385851
319021503,Queensland,Rest of Qld,Gayndah - Mundubbera,6721.0,23,3.422109805088529
319021504,Queensland,Rest of Qld,Gin Gin,5851.0,16,2.73457528627585
319021505,Queensland,Rest of Qld,Kingaroy,11059.0,52,4.702052626819785
319021506,Queensland,Rest of Qld,Kingaroy Surrounds - North,10038.0,29,2.8890217174736
319021507,Queensland,Rest of Qld,Kingaroy Surrounds - South,4469.0,18,4.027746699485343
319021508,Queensland,Rest of Qld,Monto - Eidsvold,3841.0,10,2.6034886748242645
319021509,Queensland,Rest of Qld,Nanango,10843.0,106,9.775892280734114
319031511,Queensland,Rest of Qld,Cooloola,7148.0,45,6.29546726357023
319031512,Queensland,Rest of Qld,Gympie - North,15512.0,145,9.347601856627128
319031513,Queensland,Rest of Qld,Gympie - South,9079.0,98,10.794140323824209
319031514,Queensland,Rest of Qld,Gympie Surrounds,22707.0,136,5.989342493504206
319031515,Queensland,Rest of Qld,Kilkivan,3959.0,26,6.567314978529932
319041516,Queensland,Rest of Qld,Booral - River Heads,7887.0,326,41.33384049702042
319041517,Queensland,Rest of Qld,Craignish - Dundowran Beach,6235.0,71,11.387329591018444
319041518,Queensland,Rest of Qld,Pialba - Eli Waters,17754.0,341,19.20693928128873
319041519,Queensland,Rest of Qld,Point Vernon,5985.0,23,3.842940685045949
319041520,Queensland,Rest of Qld,Torquay - Scarness - Kawungan,16715.0,197,11.785821118755608
319041521,Queensland,Rest of Qld,Urangan - Wondunna,16623.0,231,13.896408590507129
319051522,Queensland,Rest of Qld,Burrum - Fraser,11970.0,236,19.715956558061823
319051523,Queensland,Rest of Qld,Granville,3227.0,1,0.3098853424233034
319051524,Queensland,Rest of Qld,Maryborough (Qld),19255.0,46,2.3889898727603223
319051525,Queensland,Rest of Qld,Maryborough Surrounds - South,11170.0,67,5.998209489704566
319051526,Queensland,Rest of Qld,Tinana,6176.0,69,11.172279792746114
401011001,South Australia,Greater Adelaide,Adelaide,22657.0,335,14.785717438319285
401011002,South Australia,Greater Adelaide,North Adelaide,7516.0,3,0.3991484832357637
401021003,South Australia,Greater Adelaide,Adelaide Hills,7256.0,10,1.3781697905181918
401021004,South Australia,Greater Adelaide,Aldgate - Stirling,19039.0,37,1.943379379169074
401021005,South Australia,Greater Adelaide,Hahndorf - Echunga,4698.0,16,3.4057045551298426
401021006,South Australia,Greater Adelaide,Lobethal - Woodside,9996.0,25,2.501000400160064
401021007,South Australia,Greater Adelaide,Mount Barker,26939.0,571,21.19603548758306
401021008,South Australia,Greater Adelaide,Mount Barker Surrounds,7402.0,34,4.593353147797893
401021009,South Australia,Greater Adelaide,Nairne,5787.0,42,7.257646448937273
401021010,South Australia,Greater Adelaide,Uraidla - Summertown,6484.0,15,2.313386798272671
401031011,South Australia,Greater Adelaide,Burnside - Wattle Park,20275.0,69,3.4032059186189887
401031012,South Australia,Greater Adelaide,Beaumont - Glen Osmond,10664.0,47,4.40735183795949
401031013,South Australia,Greater Adelaide,Toorak Gardens,17318.0,127,7.333410324517843
401041014,South Australia,Greater Adelaide,Athelstone,9995.0,57,5.702851425712857
401041015,South Australia,Greater Adelaide,Paradise - Newton,22979.0,167,7.267505113364376
401041016,South Australia,Greater Adelaide,Rostrevor - Magill,26237.0,158,6.022029957693333
401051017,South Australia,Greater Adelaide,Norwood (SA),12253.0,23,1.8770913245735736
401051018,South Australia,Greater Adelaide,Payneham - Felixstow,14111.0,102,7.228403373254907
401051019,South Australia,Greater Adelaide,St Peters - Marden,14481.0,61,4.212416269594641
401061020,South Australia,Greater Adelaide,Nailsworth - Broadview,6561.0,31,4.7248894985520495
401061021,South Australia,Greater Adelaide,Prospect,16898.0,119,7.042253521126761
401061022,South Australia,Greater Adelaide,Walkerville,8673.0,30,3.4590107229332414
401071023,South Australia,Greater Adelaide,Goodwood - Millswood,18506.0,163,8.807954177023667
401071024,South Australia,Greater Adelaide,Unley - Parkside,22225.0,140,6.299212598425196
402011025,South Australia,Greater Adelaide,Gawler - North,10364.0,272,26.24469316866075
402011026,South Australia,Greater Adelaide,Gawler - South,24176.0,298,12.326273990734611
402011027,South Australia,Greater Adelaide,Lewiston - Two Wells,8175.0,95,11.620795107033638
402021028,South Australia,Greater Adelaide,Craigmore - Blakeview,21288.0,62,2.9124389327320555
402021029,South Australia,Greater Adelaide,Davoren Park,20448.0,117,5.721830985915493
402021030,South Australia,Greater Adelaide,Elizabeth,11567.0,85,7.348491397942422
402021031,South Australia,Greater Adelaide,Elizabeth East,14479.0,129,8.90945507286415
402021032,South Australia,Greater Adelaide,Munno Para West - Angle Vale,24343.0,1284,52.7461693299922
402021033,South Australia,Greater Adelaide,One Tree Hill,2520.0,3,1.190476190476191
402021034,South Australia,Greater Adelaide,Smithfield - Elizabeth North,13041.0,159,12.192316540142627
402021035,South Australia,Greater Adelaide,Virginia - Waterloo Corner,8799.0,397,45.1187634958518
402031036,South Australia,Greater Adelaide,Enfield - Blair Athol,28231.0,279,9.882753002019058
402031038,South Australia,Greater Adelaide,Windsor Gardens,24000.0,187,7.791666666666666
402031175,South Australia,Greater Adelaide,Northgate - Northfield,19797.0,112,5.657422841844724
402031176,South Australia,Greater Adelaide,Valley View - Gilles Plains,10965.0,99,9.028727770177838
402041040,South Australia,Greater Adelaide,Ingle Farm,16270.0,173,10.633066994468347
402041041,South Australia,Greater Adelaide,Para Hills,15507.0,120,7.738440704198104
402041043,South Australia,Greater Adelaide,Parafield Gardens,18589.0,102,5.487116036365592
402041044,South Australia,Greater Adelaide,Paralowie,18572.0,143,7.699763084212793
402041046,South Australia,Greater Adelaide,Salisbury,19146.0,224,11.699571712106968
402041047,South Australia,Greater Adelaide,Salisbury East,19226.0,122,6.345573702278164
402041048,South Australia,Greater Adelaide,Salisbury North,18931.0,46,2.429876921451588
402041171,South Australia,Greater Adelaide,Mawson Lakes - Globe Derby Park,15002.0,10,0.6665777896280496
402041172,South Australia,Greater Adelaide,Pooraka - Cavan,8457.0,48,5.675771550195105
402051049,South Australia,Greater Adelaide,Golden Grove,10411.0,2,0.1921045048506387
402051050,South Australia,Greater Adelaide,Greenwith,9356.0,3,0.3206498503634031
402051051,South Australia,Greater Adelaide,Highbury - Dernancourt,11781.0,83,7.045242339359986
402051052,South Australia,Greater Adelaide,Hope Valley - Modbury,18423.0,171,9.281875915974595
402051053,South Australia,Greater Adelaide,Modbury Heights,19813.0,97,4.8957755009337305
402051054,South Australia,Greater Adelaide,Redwood Park,16959.0,64,3.7738074178902057
402051055,South Australia,Greater Adelaide,St Agnes - Ridgehaven,13531.0,89,6.577488729583918
403011056,South Australia,Greater Adelaide,Brighton (SA),15899.0,76,4.780174853764388
403011057,South Australia,Greater Adelaide,Glenelg (SA),21791.0,157,7.204809324950667
403021058,South Australia,Greater Adelaide,Edwardstown,15449.0,95,6.149265324616479
403021059,South Australia,Greater Adelaide,Hallett Cove,12873.0,13,1.0098656101918744
403021060,South Australia,Greater Adelaide,Marino - Seaview Downs,10209.0,55,5.387403271623078
403021061,South Australia,Greater Adelaide,Mitchell Park,18165.0,413,22.736030828516377
403021062,South Australia,Greater Adelaide,Morphettville,17758.0,153,8.615835116567181
403021063,South Australia,Greater Adelaide,Sheidow Park - Trott Park,10468.0,12,1.146350783339702
403021064,South Australia,Greater Adelaide,Warradale,18058.0,148,8.195813489865987
403031065,South Australia,Greater Adelaide,Belair,4895.0,7,1.4300306435137895
403031066,South Australia,Greater Adelaide,Bellevue Heights,8661.0,24,2.7710426047800487
403031067,South Australia,Greater Adelaide,Blackwood,13858.0,34,2.4534564872275944
403031068,South Australia,Greater Adelaide,Colonel Light Gardens,16212.0,37,2.2822600542807794
403031069,South Australia,Greater Adelaide,Mitcham (SA),17169.0,48,2.795736501834702
403031070,South Australia,Greater Adelaide,Panorama,9097.0,26,2.8580850829943936
403041071,South Australia,Greater Adelaide,Aberfoyle Park,11778.0,15,1.273560876209883
403041072,South Australia,Greater Adelaide,Aldinga,17041.0,115,6.74843025644035
403041073,South Australia,Greater Adelaide,Christie Downs,9700.0,129,13.29896907216495
403041074,South Australia,Greater Adelaide,Christies Beach,11690.0,278,23.781009409751924
403041075,South Australia,Greater Adelaide,Clarendon,2899.0,7,2.414625733011383
403041076,South Australia,Greater Adelaide,Coromandel Valley,4655.0,3,0.6444683136412459
403041077,South Australia,Greater Adelaide,Flagstaff Hill,11370.0,23,2.0228671943711523
403041078,South Australia,Greater Adelaide,Hackham - Onkaparinga Hills,7376.0,34,4.609544468546638
403041079,South Australia,Greater Adelaide,Hackham West - Huntfield Heights,8128.0,14,1.7224409448818898
403041080,South Australia,Greater Adelaide,Happy Valley,14526.0,23,1.5833677543714717
403041083,South Australia,Greater Adelaide,McLaren Vale,8779.0,85,9.682196149903175
403041084,South Australia,Greater Adelaide,Morphett Vale - East,14198.0,90,6.338920974785181
403041085,South Australia,Greater Adelaide,Morphett Vale - West,10622.0,98,9.226134437958953
403041086,South Australia,Greater Adelaide,Reynella,10848.0,69,6.360619469026549
403041088,South Australia,Greater Adelaide,Willunga,3784.0,13,3.4355179704016914
403041089,South Australia,Greater Adelaide,Woodcroft,11743.0,67,5.7055266967555145
403041177,South Australia,Greater Adelaide,Seaford - Seaford Meadows,15439.0,169,10.946304812487854
403041178,South Australia,Greater Adelaide,Seaford Rise - Moana,11600.0,46,3.9655172413793114
404011090,South Australia,Greater Adelaide,Beverley,9852.0,135,13.702801461632156
404011091,South Australia,Greater Adelaide,Flinders Park,18112.0,272,15.017667844522968
404011092,South Australia,Greater Adelaide,Henley Beach,16888.0,124,7.342491710090004
404011093,South Australia,Greater Adelaide,Hindmarsh - Brompton,20466.0,183,8.941659337437702
404011094,South Australia,Greater Adelaide,Royal Park - Hendon - Albert Park,6898.0,41,5.943751812119455
404011095,South Australia,Greater Adelaide,Seaton - Grange,18429.0,196,10.635411579575669
404011096,South Australia,Greater Adelaide,West Lakes,15989.0,167,10.44468071799362
404011097,South Australia,Greater Adelaide,Woodville - Cheltenham,20577.0,233,11.323322155805023
404021099,South Australia,Greater Adelaide,Largs Bay - Semaphore,15765.0,174,11.037107516650808
404021100,South Australia,Greater Adelaide,North Haven,15635.0,117,7.483210745123121
404021101,South Australia,Greater Adelaide,Port Adelaide,12874.0,110,8.54435295945316
404021102,South Australia,Greater Adelaide,The Parks,21444.0,122,5.689237082633837
404031105,South Australia,Greater Adelaide,Fulham,3219.0,39,12.115563839701773
404031106,South Australia,Greater Adelaide,Lockleys,14336.0,76,5.301339285714286
404031107,South Australia,Greater Adelaide,Plympton,28617.0,297,10.378446378027046
404031108,South Australia,Greater Adelaide,Richmond (SA),18520.0,87,4.697624190064794
404031109,South Australia,Greater Adelaide,West Beach,5487.0,30,5.467468562055768
405011110,South Australia,Rest of SA,Barossa - Angaston,6896.0,32,4.640371229698376
405011111,South Australia,Rest of SA,Light,10631.0,31,2.916000376258113
405011112,South Australia,Rest of SA,Lyndoch,6981.0,28,4.0108866924509385
405011113,South Australia,Rest of SA,Mallala,3561.0,17,4.773939904521202
405011114,South Australia,Rest of SA,Nuriootpa,7893.0,73,9.24870138097048
405011115,South Australia,Rest of SA,Tanunda,4757.0,68,14.29472356527223
405021116,South Australia,Rest of SA,Clare,4185.0,8,1.911589008363202
405021117,South Australia,Rest of SA,Gilbert Valley,5198.0,19,3.655252020007696
405021118,South Australia,Rest of SA,Goyder,4152.0,14,3.371868978805395
405021119,South Australia,Rest of SA,Wakefield - Barunga West,9786.0,37,3.780911506233395
405031120,South Australia,Rest of SA,Jamestown,4724.0,15,3.1752751905165115
405031121,South Australia,Rest of SA,Peterborough - Mount Remarkable,5410.0,12,2.2181146025878
405031122,South Australia,Rest of SA,Port Pirie,14195.0,35,2.4656569214512154
405031123,South Australia,Rest of SA,Port Pirie Surrounds,3433.0,15,4.369356248179435
405041124,South Australia,Rest of SA,Kadina,5776.0,16,2.770083102493075
405041125,South Australia,Rest of SA,Moonta,5858.0,67,11.437350631614883
405041126,South Australia,Rest of SA,Wallaroo,4971.0,112,22.53067793200563
405041127,South Australia,Rest of SA,Yorke Peninsula - North,7755.0,55,7.092198581560283
405041128,South Australia,Rest of SA,Yorke Peninsula - South,4489.0,44,9.801737580752953
406011129,South Australia,Rest of SA,Ceduna,2854.0,9,3.1534688156972672
406011130,South Australia,Rest of SA,Eyre Peninsula,7232.0,43,5.945796460176991
406011131,South Australia,Rest of SA,Kimba - Cleve - Franklin Harbour,4362.0,15,3.43878954607978
406011132,South Australia,Rest of SA,Le Hunte - Elliston,2207.0,8,3.6248300860897142
406011133,South Australia,Rest of SA,Port Lincoln,17064.0,45,2.637130801687764
406011134,South Australia,Rest of SA,West Coast (SA),3895.0,28,7.188703465982028
406011136,South Australia,Rest of SA,Whyalla,21641.0,16,0.7393373688831385
406021138,South Australia,Rest of SA,APY Lands,2668.0,9,3.373313343328336
406021141,South Australia,Rest of SA,Outback,1939.0,1,0.5157297576070139
406021142,South Australia,Rest of SA,Port Augusta,14134.0,10,0.7075137965190321
407011144,South Australia,Rest of SA,Goolwa - Port Elliot,13711.0,185,13.49281598716359
407011145,South Australia,Rest of SA,Kangaroo Island,5212.0,49,9.401381427475055
407011146,South Australia,Rest of SA,Strathalbyn,8670.0,177,20.41522491349481
407011147,South Australia,Rest of SA,Strathalbyn Surrounds,8615.0,42,4.875217643644805
407011148,South Australia,Rest of SA,Victor Harbor,17189.0,358,20.82727325615219
407011149,South Australia,Rest of SA,Yankalilla,6998.0,83,11.860531580451555
407021150,South Australia,Rest of SA,Grant,6505.0,17,2.61337432744043
407021151,South Australia,Rest of SA,Kingston - Robe,4041.0,48,11.878247958426131
407021152,South Australia,Rest of SA,Millicent,5410.0,12,2.2181146025878
407021154,South Australia,Rest of SA,Naracoorte,6455.0,12,1.8590240123934936
407021155,South Australia,Rest of SA,Naracoorte Surrounds,2475.0,2,0.8080808080808081
407021156,South Australia,Rest of SA,Penola,3192.0,6,1.8796992481203008
407021157,South Australia,Rest of SA,Tatiara,7088.0,13,1.8340857787810383
407021158,South Australia,Rest of SA,Wattle Range,3676.0,13,3.5364526659412405
407021173,South Australia,Rest of SA,Mount Gambier - East,15591.0,79,5.067025848245783
407021174,South Australia,Rest of SA,Mount Gambier - West,15284.0,118,7.720492017796388
407031159,South Australia,Rest of SA,Barmera,6662.0,11,1.6511558090663463
407031160,South Australia,Rest of SA,Berri,4176.0,12,2.8735632183908044
407031161,South Australia,Rest of SA,Karoonda - Lameroo,2944.0,11,3.736413043478261
407031162,South Australia,Rest of SA,Loxton,5715.0,18,3.149606299212598
407031163,South Australia,Rest of SA,Loxton Surrounds,1817.0,3,1.651073197578426
407031164,South Australia,Rest of SA,Mannum,7012.0,111,15.83000570450656
407031165,South Australia,Rest of SA,Murray Bridge,19938.0,235,11.78653826863276
407031166,South Australia,Rest of SA,Murray Bridge Surrounds,3993.0,22,5.5096418732782375
407031167,South Australia,Rest of SA,Renmark,4733.0,26,5.493344601732516
407031168,South Australia,Rest of SA,Renmark Surrounds,5541.0,35,6.316549359321422
407031169,South Australia,Rest of SA,The Coorong,5638.0,31,5.498403689251507
407031170,South Australia,Rest of SA,Waikerie,6793.0,63,9.274252907404682
601011001,Tasmania,Greater Hobart,Bridgewater - Gagebrook,8732.0,71,8.131012368300505
601011002,Tasmania,Greater Hobart,Brighton - Pontville,7008.0,48,6.849315068493151
601011003,Tasmania,Greater Hobart,Old Beach - Otago,5286.0,37,6.999621642073402
601021004,Tasmania,Greater Hobart,Bellerive - Rosny,6561.0,13,1.981405273586344
601021005,Tasmania,Greater Hobart,Cambridge,8883.0,50,5.628729032984352
601021006,Tasmania,Greater Hobart,Geilston Bay - Risdon,3642.0,6,1.6474464579901154
601021007,Tasmania,Greater Hobart,Howrah - Tranmere,12105.0,22,1.8174308137133413
601021008,Tasmania,Greater Hobart,Lindisfarne - Rose Bay,7804.0,13,1.6658124038954385
601021009,Tasmania,Greater Hobart,Mornington - Warrane,5034.0,11,2.1851410409217324
601021010,Tasmania,Greater Hobart,Risdon Vale,3799.0,31,8.160042116346407
601021011,Tasmania,Greater Hobart,Rokeby,9227.0,122,13.222065676818032
601021012,Tasmania,Greater Hobart,South Arm,4679.0,13,2.778371446890361
601031013,Tasmania,Greater Hobart,Austins Ferry - Granton,4675.0,16,3.4224598930481283
601031014,Tasmania,Greater Hobart,Berriedale - Chigwell,5916.0,31,5.240027045300879
601031015,Tasmania,Greater Hobart,Claremont (Tas.),8592.0,35,4.073556797020484
601031016,Tasmania,Greater Hobart,Derwent Park - Lutana,4570.0,4,0.87527352297593
601031017,Tasmania,Greater Hobart,Glenorchy,12209.0,88,7.207797526414939
601031018,Tasmania,Greater Hobart,Montrose - Rosetta,4990.0,6,1.2024048096192383
601031019,Tasmania,Greater Hobart,Moonah,5554.0,12,2.160604969391429
601031020,Tasmania,Greater Hobart,New Norfolk,7713.0,76,9.853494100868664
601031021,Tasmania,Greater Hobart,West Moonah,4227.0,15,3.5486160397444992
601041022,Tasmania,Greater Hobart,Kingston - Huntingfield,14371.0,86,5.984273884907104
601041023,Tasmania,Greater Hobart,Kingston Beach - Blackmans Bay,11344.0,18,1.5867418899858956
601041024,Tasmania,Greater Hobart,Margate - Snug,8751.0,17,1.9426351274140097
601041026,Tasmania,Greater Hobart,Taroona - Bonnet Hill,3615.0,2,0.5532503457814661
601051027,Tasmania,Greater Hobart,Hobart,9325.0,52,5.576407506702413
601051028,Tasmania,Greater Hobart,Lenah Valley - Mount Stuart,9146.0,21,2.2960857205335667
601051029,Tasmania,Greater Hobart,Mount Nelson - Dynnyrne,5259.0,8,1.5212017493820118
601051030,Tasmania,Greater Hobart,New Town,6476.0,64,9.882643607164916
601051031,Tasmania,Greater Hobart,Sandy Bay,12587.0,24,1.90672916501152
601051032,Tasmania,Greater Hobart,South Hobart - Fern Tree,6752.0,7,1.0367298578199051
601051033,Tasmania,Greater Hobart,West Hobart,6415.0,21,3.2735775526110675
601061034,Tasmania,Greater Hobart,Dodges Ferry - Lewisham,9122.0,30,3.28875246656435
601061035,Tasmania,Greater Hobart,Sorell - Richmond,10881.0,111,10.201268265784396
602011036,Tasmania,Rest of Tas.,Invermay,3460.0,3,0.8670520231213873
602011037,Tasmania,Rest of Tas.,Kings Meadows - Punchbowl,4994.0,24,4.805766920304365
602011038,Tasmania,Rest of Tas.,Launceston,5365.0,6,1.1183597390493942
602011039,Tasmania,Rest of Tas.,Legana,5118.0,69,13.481828839390388
602011040,Tasmania,Rest of Tas.,Mowbray,4136.0,7,1.6924564796905224
602011041,Tasmania,Rest of Tas.,Newnham - Mayfield,10070.0,22,2.184707050645481
602011042,Tasmania,Rest of Tas.,Newstead,5476.0,7,1.2783053323593865
602011043,Tasmania,Rest of Tas.,Norwood (Tas.),3844.0,2,0.5202913631633715
602011044,Tasmania,Rest of Tas.,Prospect Vale - Blackstone,6949.0,89,12.807598215570586
602011045,Tasmania,Rest of Tas.,Ravenswood,3950.0,8,2.0253164556962027
602011046,Tasmania,Rest of Tas.,Riverside,7535.0,25,3.3178500331785004
602011047,Tasmania,Rest of Tas.,South Launceston,4784.0,30,6.270903010033445
602011048,Tasmania,Rest of Tas.,Summerhill - Prospect,4989.0,10,2.0044097013429547
602011049,Tasmania,Rest of Tas.,Trevallyn,4874.0,5,1.0258514567090684
602011050,Tasmania,Rest of Tas.,Waverley - St Leonards,4107.0,47,11.443876308741174
602011051,Tasmania,Rest of Tas.,West Launceston,4220.0,11,2.6066350710900474
602011052,Tasmania,Rest of Tas.,Youngtown - Relbia,5294.0,29,5.477899508877975
602021053,Tasmania,Rest of Tas.,Beauty Point - Beaconsfield,4216.0,40,9.487666034155597
602021054,Tasmania,Rest of Tas.,Deloraine,6372.0,36,5.649717514124294
602021055,Tasmania,Rest of Tas.,Grindelwald - Lanena,6416.0,18,2.8054862842892767
602021056,Tasmania,Rest of Tas.,Hadspen - Carrick,3828.0,23,6.008359456635319
602021057,Tasmania,Rest of Tas.,Westbury,4740.0,33,6.962025316455696
602031058,Tasmania,Rest of Tas.,Dilston - Lilydale,4589.0,12,2.614948790586185
602031059,Tasmania,Rest of Tas.,George Town,7465.0,65,8.707300736771602
602031060,Tasmania,Rest of Tas.,Longford,4684.0,63,13.45004269854825
602031061,Tasmania,Rest of Tas.,Northern Midlands,3883.0,25,6.438320885912954
602031062,Tasmania,Rest of Tas.,Perth - Evandale,5816.0,70,12.035763411279229
602031064,Tasmania,Rest of Tas.,St Helens - Scamander,7219.0,48,6.649120376783488
602031099,Tasmania,Rest of Tas.,Flinders and Cape Barren Islands,924.0,8,
602031100,Tasmania,Rest of Tas.,Scottsdale - Bridport,7076.0,21,2.967778405879028
603011065,Tasmania,Rest of Tas.,Central Highlands,2494.0,4,1.6038492381716118
603011066,Tasmania,Rest of Tas.,Derwent Valley,3464.0,8,2.3094688221709005
603011067,Tasmania,Rest of Tas.,Southern Midlands,6998.0,44,6.287510717347813
603021069,Tasmania,Rest of Tas.,Bruny Island - Kettering,3633.0,19,5.229837599779796
603021070,Tasmania,Rest of Tas.,Cygnet,5216.0,30,5.751533742331288
603021071,Tasmania,Rest of Tas.,Geeveston - Dover,4408.0,20,4.537205081669692
603021072,Tasmania,Rest of Tas.,Huonville - Franklin,10266.0,35,3.4093122930060398
603031073,Tasmania,Rest of Tas.,Forestier - Tasman,2738.0,12,4.382761139517896
603031074,Tasmania,Rest of Tas.,Triabunna - Bicheno,5303.0,61,11.502922873844993
604011075,Tasmania,Rest of Tas.,Acton - Upper Burnie,3371.0,5,1.483239394838327
604011076,Tasmania,Rest of Tas.,Burnie - Ulverstone Surrounds,5426.0,13,2.395871728713601
604011077,Tasmania,Rest of Tas.,Burnie - Wivenhoe,3675.0,15,4.081632653061225
604011078,Tasmania,Rest of Tas.,Parklands - Camdale,7034.0,21,2.985499004833665
604011079,Tasmania,Rest of Tas.,Penguin - Sulphur Creek,5573.0,18,3.229858245110353
604011080,Tasmania,Rest of Tas.,Romaine - Havenview,3627.0,3,0.8271298593879239
604011081,Tasmania,Rest of Tas.,Somerset,4169.0,5,1.199328376109379
604011082,Tasmania,Rest of Tas.,Ulverstone,7156.0,43,6.008943543879262
604011083,Tasmania,Rest of Tas.,West Ulverstone,4615.0,19,4.117009750812568
604011084,Tasmania,Rest of Tas.,Wynyard,6767.0,47,6.945470666469632
604021085,Tasmania,Rest of Tas.,Devonport,14775.0,13,0.8798646362098138
604021086,Tasmania,Rest of Tas.,East Devonport,5308.0,40,7.535795026375283
604021087,Tasmania,Rest of Tas.,Latrobe,5786.0,41,7.08606982371241
604021088,Tasmania,Rest of Tas.,Miandetta - Don,3794.0,11,2.8993147074327887
604021089,Tasmania,Rest of Tas.,Port Sorell,6896.0,49,7.105568445475638
604021090,Tasmania,Rest of Tas.,Quoiba - Spreyton,3275.0,27,8.244274809160306
604021091,Tasmania,Rest of Tas.,Sheffield - Railton,6911.0,17,2.459846621328317
604021092,Tasmania,Rest of Tas.,Turners Beach - Forth,3700.0,7,1.891891891891892
604031093,Tasmania,Rest of Tas.,King Island,1647.0,1,0.6071645415907712
604031094,Tasmania,Rest of Tas.,North West,4400.0,1,0.2272727272727272
604031095,Tasmania,Rest of Tas.,Smithton,3886.0,2,0.514668039114771
604031096,Tasmania,Rest of Tas.,Waratah,3980.0,10,2.512562814070352
604031097,Tasmania,Rest of Tas.,West Coast (Tas.),4320.0,5,1.1574074074074074
201011001,Victoria,Rest of Vic.,Alfredton,20825.0,284,13.637454981992796
201011002,Victoria,Rest of Vic.,Ballarat,11668.0,39,3.3424751456976347
201011005,Victoria,Rest of Vic.,Buninyong,7384.0,21,2.843986998916576
201011006,Victoria,Rest of Vic.,Delacombe,15255.0,725,47.5254015077024
201011007,Victoria,Rest of Vic.,Smythes Creek,4250.0,10,2.352941176470588
201011008,Victoria,Rest of Vic.,Wendouree - Miners Rest,15548.0,25,1.6079238487265242
201011481,Victoria,Rest of Vic.,Ballarat East - Warrenheip,9771.0,134,13.71405178589704
201011482,Victoria,Rest of Vic.,Ballarat North - Invermay,15204.0,61,4.012102078400421
201011483,Victoria,Rest of Vic.,Canadian - Mount Clear,12518.0,50,3.994248282473239
201011484,Victoria,Rest of Vic.,Sebastopol - Redan,12766.0,28,2.1933260222465925
201021009,Victoria,Rest of Vic.,Bacchus Marsh Surrounds,6770.0,37,5.465288035450517
201021010,Victoria,Rest of Vic.,Creswick - Clunes,8038.0,46,5.722816621050012
201021011,Victoria,Rest of Vic.,Daylesford,10342.0,67,6.478437439566815
201021012,Victoria,Rest of Vic.,Gordon (Vic.),6557.0,21,3.2026841543388747
201031013,Victoria,Rest of Vic.,Avoca,3609.0,17,4.7104461069548345
201031014,Victoria,Rest of Vic.,Beaufort,4816.0,28,5.813953488372093
201031015,Victoria,Rest of Vic.,Golden Plains - North,5021.0,16,3.186616211909978
201031016,Victoria,Rest of Vic.,Maryborough (Vic.),8229.0,22,2.6734718677846643
201031017,Victoria,Rest of Vic.,Maryborough Surrounds,5714.0,9,1.575078753937697
202011018,Victoria,Rest of Vic.,Bendigo,14457.0,58,4.011897350764335
202011019,Victoria,Rest of Vic.,California Gully - Eaglehawk,13523.0,116,8.577978259261997
202011020,Victoria,Rest of Vic.,East Bendigo - Kennington,13941.0,44,3.1561580948282044
202011021,Victoria,Rest of Vic.,Flora Hill - Spring Gully,9534.0,62,6.503041745332494
202011022,Victoria,Rest of Vic.,Kangaroo Flat - Golden Square,21369.0,77,3.603350648135149
202011023,Victoria,Rest of Vic.,Maiden Gully,5869.0,32,5.452376895552906
202011024,Victoria,Rest of Vic.,Strathfieldsaye,11705.0,102,8.71422469030329
202011025,Victoria,Rest of Vic.,White Hills - Ascot,16095.0,236,14.662938800869837
202021026,Victoria,Rest of Vic.,Bendigo Surrounds - South,9094.0,47,5.168242797448867
202021027,Victoria,Rest of Vic.,Castlemaine,11640.0,54,4.639175257731959
202021028,Victoria,Rest of Vic.,Castlemaine Surrounds,9675.0,54,5.5813953488372094
202021029,Victoria,Rest of Vic.,Heathcote,5382.0,28,5.202526941657376
202021030,Victoria,Rest of Vic.,Kyneton,10665.0,47,4.406938584153774
202021031,Victoria,Rest of Vic.,Woodend,8084.0,10,1.2370113805047005
202031032,Victoria,Rest of Vic.,Bendigo Surrounds - North,5505.0,46,8.356039963669392
202031033,Victoria,Rest of Vic.,Loddon,7231.0,23,3.1807495505462597
203011034,Victoria,Rest of Vic.,Bannockburn,8395.0,68,8.100059559261465
203011035,Victoria,Rest of Vic.,Golden Plains - South,8954.0,89,9.939691757873575
203011036,Victoria,Rest of Vic.,Winchelsea,7079.0,77,10.87724254838254
203021037,Victoria,Rest of Vic.,Belmont,15227.0,33,2.1672029946805016
203021039,Victoria,Rest of Vic.,Geelong,13719.0,25,1.82229025439172
203021040,Victoria,Rest of Vic.,Geelong West - Hamlyn Heights,22415.0,90,4.0151684140084765
203021042,Victoria,Rest of Vic.,Highton,25794.0,87,3.3728774133519424
203021043,Victoria,Rest of Vic.,Lara,23952.0,612,25.551102204408817
203021044,Victoria,Rest of Vic.,Leopold,13869.0,130,9.373422741365635
203021045,Victoria,Rest of Vic.,Newcomb - Moolap,15187.0,27,1.7778363073681438
203021046,Victoria,Rest of Vic.,Newtown (Vic.),10393.0,23,2.2130279996151256
203021047,Victoria,Rest of Vic.,North Geelong - Bell Park,15724.0,24,1.5263291783261257
203021485,Victoria,Rest of Vic.,Charlemont,15110.0,571,37.789543348775645
203021486,Victoria,Rest of Vic.,Corio - Lovely Banks,18486.0,140,7.573298712539219
203021487,Victoria,Rest of Vic.,Grovedale - Mount Duneed,28585.0,442,15.462655238761588
203021488,Victoria,Rest of Vic.,Norlane,8833.0,60,6.792709158836182
203031048,Victoria,Rest of Vic.,Clifton Springs,17912.0,36,2.009825815096025
203031049,Victoria,Rest of Vic.,Lorne - Anglesea,6307.0,34,5.3908355795148255
203031051,Victoria,Rest of Vic.,Portarlington,10874.0,199,18.30053338237999
203031052,Victoria,Rest of Vic.,Point Lonsdale - Queenscliff,6053.0,53,8.755988765901206
203031053,Victoria,Rest of Vic.,Torquay,26581.0,166,6.24506226251834
203031489,Victoria,Rest of Vic.,Barwon Heads - Armstrong Creek,15749.0,465,29.52568417042352
203031490,Victoria,Rest of Vic.,Ocean Grove,20792.0,209,10.051943055021162
204011054,Victoria,Rest of Vic.,Alexandra,6849.0,38,5.548255219740108
204011055,Victoria,Rest of Vic.,Euroa,6880.0,23,3.3430232558139537
204011056,Victoria,Rest of Vic.,Kilmore - Broadford,16694.0,234,14.017012100155746
204011057,Victoria,Rest of Vic.,Mansfield (Vic.),11324.0,87,7.6827975980219
204011058,Victoria,Rest of Vic.,Nagambie,4936.0,42,8.508914100486223
204011059,Victoria,Rest of Vic.,Seymour,6911.0,42,6.0772681232817245
204011060,Victoria,Rest of Vic.,Seymour Surrounds,4488.0,13,2.896613190730838
204011062,Victoria,Rest of Vic.,Yea,4368.0,34,7.783882783882784
204021063,Victoria,Rest of Vic.,Benalla,10861.0,214,19.703526378786485
204021064,Victoria,Rest of Vic.,Benalla Surrounds,3809.0,9,2.3628248884221583
204021065,Victoria,Rest of Vic.,Rutherglen,4120.0,55,13.349514563106796
204021066,Victoria,Rest of Vic.,Wangaratta,20019.0,149,7.442929217243619
204021067,Victoria,Rest of Vic.,Wangaratta Surrounds,10070.0,33,3.2770605759682225
204031068,Victoria,Rest of Vic.,Beechworth,4962.0,26,5.239822652156389
204031069,Victoria,Rest of Vic.,Bright - Mount Beauty,8976.0,29,3.230837789661319
204031070,Victoria,Rest of Vic.,Chiltern - Indigo Valley,3257.0,25,7.675775253300584
204031071,Victoria,Rest of Vic.,Myrtleford,4635.0,9,1.941747572815534
204031072,Victoria,Rest of Vic.,Towong,6155.0,16,2.5995125913891144
204031073,Victoria,Rest of Vic.,West Wodonga,15495.0,63,4.065827686350436
204031075,Victoria,Rest of Vic.,Yackandandah,5498.0,11,2.000727537286286
204031491,Victoria,Rest of Vic.,Baranduda - Leneva,14578.0,278,19.069831252572367
204031492,Victoria,Rest of Vic.,Wodonga,14644.0,80,5.462988254575253
205011076,Victoria,Rest of Vic.,Drouin,22118.0,228,10.308346143412606
205011077,Victoria,Rest of Vic.,Mount Baw Baw Region,6750.0,15,2.2222222222222223
205011078,Victoria,Rest of Vic.,Trafalgar (Vic.),8618.0,46,5.337665351589696
205011079,Victoria,Rest of Vic.,Warragul,25392.0,296,11.657214870825458
205021081,Victoria,Rest of Vic.,Bairnsdale,15917.0,144,9.046930954325564
205021082,Victoria,Rest of Vic.,Bruthen - Omeo,8651.0,47,5.432897930875043
205021084,Victoria,Rest of Vic.,Lakes Entrance,11331.0,51,4.500926661371459
205021085,Victoria,Rest of Vic.,Orbost,6727.0,34,5.05425895644418
205021086,Victoria,Rest of Vic.,Paynesville,7190.0,85,11.821974965229485
205031087,Victoria,Rest of Vic.,Foster,9631.0,59,6.126051292700654
205031088,Victoria,Rest of Vic.,French Island,133.0,1,
205031089,Victoria,Rest of Vic.,Korumburra,10007.0,43,4.296992105526131
205031090,Victoria,Rest of Vic.,Leongatha,11699.0,65,5.556030429951278
205031091,Victoria,Rest of Vic.,Phillip Island,14795.0,68,4.596147347076715
205031093,Victoria,Rest of Vic.,Wonthaggi - Inverloch,29333.0,325,11.079671359901818
205041094,Victoria,Rest of Vic.,Churchill,12325.0,46,3.732251521298175
205041095,Victoria,Rest of Vic.,Moe - Newborough,17640.0,124,7.029478458049887
205041096,Victoria,Rest of Vic.,Morwell,14487.0,81,5.591219714226548
205041098,Victoria,Rest of Vic.,Yallourn North - Glengarry,4972.0,42,8.447304907481898
205041493,Victoria,Rest of Vic.,Traralgon - East,12362.0,144,11.648600550072803
205041494,Victoria,Rest of Vic.,Traralgon - West,17236.0,50,2.9009050823857043
205051100,Victoria,Rest of Vic.,Longford - Loch Sport,4993.0,32,6.4089725615862205
205051101,Victoria,Rest of Vic.,Maffra,15549.0,93,5.981092031641906
205051102,Victoria,Rest of Vic.,Rosedale,5020.0,19,3.784860557768925
205051103,Victoria,Rest of Vic.,Sale,15232.0,47,3.085609243697479
205051104,Victoria,Rest of Vic.,Yarram,5587.0,13,2.326830141399678
206011106,Victoria,Greater Melbourne,Brunswick East,14693.0,35,2.38208670795617
206011107,Victoria,Greater Melbourne,Brunswick West,15988.0,21,1.3134851138353765
206011109,Victoria,Greater Melbourne,Pascoe Vale South,10907.0,31,2.842211423856239
206011495,Victoria,Greater Melbourne,Brunswick - North,15255.0,19,1.2454932808915111
206011496,Victoria,Greater Melbourne,Brunswick - South,15366.0,309,20.109332292073407
206011497,Victoria,Greater Melbourne,Coburg - East,14457.0,309,21.37372898941689
206011498,Victoria,Greater Melbourne,Coburg - West,14989.0,53,3.535926345987057
206021110,Victoria,Greater Melbourne,Alphington - Fairfield,9749.0,34,3.487537183300851
206021112,Victoria,Greater Melbourne,Thornbury,20234.0,120,5.930611841454977
206021499,Victoria,Greater Melbourne,Northcote - East,15969.0,40,2.504853152983906
206021500,Victoria,Greater Melbourne,Northcote - West,11026.0,23,2.0859785960457105
206031113,Victoria,Greater Melbourne,Ascot Vale,16398.0,21,1.2806439809732897
206031115,Victoria,Greater Melbourne,Flemington,9935.0,1,0.1006542526421741
206031116,Victoria,Greater Melbourne,Moonee Ponds,17965.0,65,3.618146395769552
206031501,Victoria,Greater Melbourne,Essendon (West) - Aberfeldie,17119.0,75,4.3810970266954845
206031502,Victoria,Greater Melbourne,Essendon - East,13196.0,55,4.16792967565929
206041117,Victoria,Greater Melbourne,Carlton,25267.0,249,9.854751256579728
206041118,Victoria,Greater Melbourne,Docklands,19139.0,1305,68.18538063639689
206041121,Victoria,Greater Melbourne,Kensington (Vic.),12423.0,447,35.98164694518232
206041125,Victoria,Greater Melbourne,South Yarra - West,6894.0,87,12.619669277632724
206041504,Victoria,Greater Melbourne,Melbourne CBD - North,24296.0,569,23.41949292064537
206041506,Victoria,Greater Melbourne,North Melbourne,19286.0,5,0.2592554184382454
206041508,Victoria,Greater Melbourne,Southbank (West) - South Wharf,8122.0,312,38.41418369859641
206041510,Victoria,Greater Melbourne,West Melbourne - Residential,9699.0,585,60.315496442932265
206051128,Victoria,Greater Melbourne,Albert Park,17253.0,239,13.852663304932475
206051129,Victoria,Greater Melbourne,Elwood,16056.0,17,1.0587942202291978
206051130,Victoria,Greater Melbourne,Port Melbourne,16927.0,3,0.1772316417557748
206051134,Victoria,Greater Melbourne,St Kilda East,17380.0,134,7.710011507479862
206051511,Victoria,Greater Melbourne,Port Melbourne Industrial,3148.0,389,123.5705209656925
206051512,Victoria,Greater Melbourne,South Melbourne,13132.0,252,19.189765458422176
206051513,Victoria,Greater Melbourne,St Kilda - Central,14012.0,20,1.4273479874393378
206051514,Victoria,Greater Melbourne,St Kilda - West,16298.0,59,3.620076082954964
206061135,Victoria,Greater Melbourne,Armadale,10032.0,21,2.0933014354066986
206061136,Victoria,Greater Melbourne,Prahran - Windsor,21112.0,77,3.647214854111406
206061138,Victoria,Greater Melbourne,Toorak,13610.0,79,5.804555473916238
206061515,Victoria,Greater Melbourne,South Yarra - North,13779.0,142,10.305537412003773
206061516,Victoria,Greater Melbourne,South Yarra - South,10440.0,361,34.57854406130268
206071139,Victoria,Greater Melbourne,Abbotsford,10316.0,2,0.1938735944164404
206071140,Victoria,Greater Melbourne,Carlton North - Princes Hill,8828.0,1,0.1132759401903035
206071141,Victoria,Greater Melbourne,Collingwood,11383.0,20,1.7570060616709129
206071142,Victoria,Greater Melbourne,Fitzroy,12135.0,55,4.532344458178822
206071143,Victoria,Greater Melbourne,Fitzroy North,13749.0,560,40.73023492617645
206071145,Victoria,Greater Melbourne,Clifton Hill - Alphington,11419.0,250,21.89333566862247
206071517,Victoria,Greater Melbourne,Richmond (South) - Cremorne,19225.0,13,0.6762028608582575
206071518,Victoria,Greater Melbourne,Richmond - North,15303.0,490,32.01986538587205
207011146,Victoria,Greater Melbourne,Ashburton (Vic.),8471.0,68,8.027387557549286
207011147,Victoria,Greater Melbourne,Balwyn,16868.0,105,6.224804363291439
207011148,Victoria,Greater Melbourne,Balwyn North,22454.0,134,5.967756301772512
207011149,Victoria,Greater Melbourne,Camberwell,22052.0,93,4.217304552875023
207011150,Victoria,Greater Melbourne,Glen Iris - East,17650.0,57,3.229461756373938
207011152,Victoria,Greater Melbourne,Hawthorn East,17541.0,60,3.420557550880793
207011154,Victoria,Greater Melbourne,Kew East,6759.0,24,3.550821127385708
207011155,Victoria,Greater Melbourne,Surrey Hills (West) - Canterbury,16229.0,45,2.772814098219237
207011519,Victoria,Greater Melbourne,Hawthorn - North,10910.0,12,1.0999083409715855
207011520,Victoria,Greater Melbourne,Hawthorn - South,13562.0,27,1.9908568057808584
207011521,Victoria,Greater Melbourne,Kew - South,12306.0,32,2.60035754916301
207011522,Victoria,Greater Melbourne,Kew - West,13799.0,111,8.044061163852453
207021156,Victoria,Greater Melbourne,Bulleen,11810.0,44,3.7256562235393735
207021157,Victoria,Greater Melbourne,Doncaster,28353.0,162,5.713681091947942
207021159,Victoria,Greater Melbourne,Templestowe,17442.0,44,2.5226464854947825
207021160,Victoria,Greater Melbourne,Templestowe Lower,14695.0,59,4.014971078598163
207021424,Victoria,Greater Melbourne,Doncaster East - North,16642.0,31,1.8627568801826704
207021425,Victoria,Greater Melbourne,Doncaster East - South,16983.0,116,6.8303597715362425
207031161,Victoria,Greater Melbourne,Blackburn,23732.0,127,5.351424237316703
207031162,Victoria,Greater Melbourne,Blackburn South,11072.0,37,3.3417630057803467
207031163,Victoria,Greater Melbourne,Box Hill,27206.0,117,4.300521943688892
207031164,Victoria,Greater Melbourne,Box Hill North,19760.0,124,6.275303643724696
207031165,Victoria,Greater Melbourne,Burwood (Vic.),15480.0,112,7.235142118863049
207031166,Victoria,Greater Melbourne,Burwood East,12460.0,61,4.895666131621188
207031167,Victoria,Greater Melbourne,Surrey Hills (East) - Mont Albert,10776.0,27,2.5055679287305126
208011168,Victoria,Greater Melbourne,Beaumaris,14486.0,41,2.8303189286207373
208011169,Victoria,Greater Melbourne,Brighton (Vic.),24340.0,107,4.396055875102712
208011170,Victoria,Greater Melbourne,Brighton East,17486.0,94,5.375729154752373
208011171,Victoria,Greater Melbourne,Highett (West) - Cheltenham,13257.0,99,7.46775288526816
208011172,Victoria,Greater Melbourne,Hampton,19524.0,104,5.326777299733661
208011173,Victoria,Greater Melbourne,Sandringham - Black Rock,18071.0,74,4.09495877372586
208021174,Victoria,Greater Melbourne,Bentleigh - McKinnon,26966.0,110,4.07921085811763
208021176,Victoria,Greater Melbourne,Carnegie,21266.0,86,4.044013918931628
208021177,Victoria,Greater Melbourne,Caulfield - North,24635.0,47,1.907854678303227
208021178,Victoria,Greater Melbourne,Caulfield - South,19226.0,38,1.976490169562052
208021179,Victoria,Greater Melbourne,Elsternwick,12827.0,220,17.151321431355733
208021180,Victoria,Greater Melbourne,Hughesdale,8132.0,20,2.459419576979833
208021181,Victoria,Greater Melbourne,Murrumbeena,10126.0,27,2.666403318190796
208021182,Victoria,Greater Melbourne,Ormond - Glen Huntly,15157.0,28,1.8473312660816783
208021426,Victoria,Greater Melbourne,Bentleigh East - North,17873.0,195,10.910311643260783
208021427,Victoria,Greater Melbourne,Bentleigh East - South,14949.0,79,5.284634423707272
208031183,Victoria,Greater Melbourne,Aspendale Gardens - Waterways,9063.0,2,0.2206774798631799
208031185,Victoria,Greater Melbourne,Carrum - Patterson Lakes,12478.0,34,2.7247956403269757
208031186,Victoria,Greater Melbourne,Chelsea - Bonbeach,16058.0,27,1.6814049072113588
208031187,Victoria,Greater Melbourne,Chelsea Heights,5445.0,2,0.3673094582185491
208031188,Victoria,Greater Melbourne,Highett (East) - Cheltenham,26320.0,109,4.141337386018238
208031189,Victoria,Greater Melbourne,Edithvale - Aspendale,14365.0,64,4.455273233553776
208031190,Victoria,Greater Melbourne,Mentone,14155.0,35,2.4726245143059
208031191,Victoria,Greater Melbourne,Moorabbin - Heatherton,9826.0,25,2.5442703032770204
208031193,Victoria,Greater Melbourne,Mordialloc - Parkdale,22437.0,139,6.1951241253286975
208041194,Victoria,Greater Melbourne,Malvern - Glen Iris,21820.0,61,2.7956003666361133
208041195,Victoria,Greater Melbourne,Malvern East,23996.0,61,2.5420903483913984
209011196,Victoria,Greater Melbourne,Bundoora - East,10339.0,17,1.644259599574427
209011197,Victoria,Greater Melbourne,Greensborough,21386.0,17,0.794912559618442
209011198,Victoria,Greater Melbourne,Heidelberg - Rosanna,16925.0,141,8.330871491875923
209011199,Victoria,Greater Melbourne,Heidelberg West,17224.0,640,37.15745471435207
209011200,Victoria,Greater Melbourne,Ivanhoe,13188.0,43,3.2605398847437064
209011201,Victoria,Greater Melbourne,Ivanhoe East - Eaglemont,8169.0,34,4.162076141510589
209011202,Victoria,Greater Melbourne,Montmorency - Briar Hill,17042.0,43,2.5231780307475646
209011203,Victoria,Greater Melbourne,Viewbank - Yallambie,18993.0,54,2.843152740483336
209011204,Victoria,Greater Melbourne,Watsonia,9504.0,26,2.735690235690236
209021205,Victoria,Greater Melbourne,Kingsbury,12932.0,14,1.0825858335910918
209021428,Victoria,Greater Melbourne,Preston - East,23403.0,599,25.595009186856387
209021429,Victoria,Greater Melbourne,Preston - West,13610.0,105,7.714915503306392
209021523,Victoria,Greater Melbourne,Reservoir - North East,16329.0,77,4.715536775062772
209021524,Victoria,Greater Melbourne,Reservoir - North West,9751.0,21,2.1536252692031588
209021525,Victoria,Greater Melbourne,Reservoir - South East,14143.0,90,6.363572085130453
209021526,Victoria,Greater Melbourne,Reservoir - South West,15350.0,90,5.863192182410423
209031209,Victoria,Greater Melbourne,Eltham,23669.0,42,1.774472939287676
209031210,Victoria,Greater Melbourne,Hurstbridge,3521.0,5,1.4200511218403862
209031211,Victoria,Greater Melbourne,Kinglake,4419.0,4,0.905182167911292
209031212,Victoria,Greater Melbourne,Panton Hill - St Andrews,5130.0,10,1.949317738791423
209031213,Victoria,Greater Melbourne,Plenty - Yarrambat,9579.0,10,1.0439503079653407
209031214,Victoria,Greater Melbourne,Research - North Warrandyte,7039.0,4,0.568262537292229
209031215,Victoria,Greater Melbourne,Wattle Glen - Diamond Creek,14859.0,26,1.7497812773403325
209041216,Victoria,Greater Melbourne,Bundoora - North,8014.0,2,0.2495632642874969
209041217,Victoria,Greater Melbourne,Bundoora - West,6806.0,23,3.379371143109021
209041220,Victoria,Greater Melbourne,Mill Park - North,17610.0,12,0.6814310051107325
209041221,Victoria,Greater Melbourne,Mill Park - South,11494.0,10,0.8700191404210892
209041223,Victoria,Greater Melbourne,Thomastown,20595.0,82,3.9815489196406895
209041224,Victoria,Greater Melbourne,Wallan,30342.0,687,22.641882539054777
209041225,Victoria,Greater Melbourne,Whittlesea,18174.0,1189,65.4231319467371
209041431,Victoria,Greater Melbourne,Epping - East,13555.0,46,3.3935817041682035
209041432,Victoria,Greater Melbourne,Epping - South,8322.0,5,0.600817111271329
209041433,Victoria,Greater Melbourne,Epping (Vic.) - West,12895.0,1,0.0775494377665761
209041435,Victoria,Greater Melbourne,South Morang - North,13259.0,91,6.863262689493928
209041436,Victoria,Greater Melbourne,South Morang - South,13054.0,4,0.3064194882794546
209041437,Victoria,Greater Melbourne,Wollert,36658.0,1039,28.343062905777728
209041527,Victoria,Greater Melbourne,Doreen - North,17283.0,24,1.3886478042006596
209041528,Victoria,Greater Melbourne,Doreen - South,11947.0,19,1.5903574119025696
209041529,Victoria,Greater Melbourne,Lalor - East,10253.0,35,3.4136350336486885
209041530,Victoria,Greater Melbourne,Lalor - West,13925.0,70,5.026929982046679
209041531,Victoria,Greater Melbourne,Mernda - North,12061.0,42,3.482298316889147
209041532,Victoria,Greater Melbourne,Mernda - South,13854.0,94,6.78504403060488
210011226,Victoria,Greater Melbourne,Airport West,8783.0,127,14.459751793236936
210011228,Victoria,Greater Melbourne,Keilor,8732.0,33,3.7792029317453046
210011230,Victoria,Greater Melbourne,Niddrie - Essendon West,8048.0,75,9.319085487077531
210011231,Victoria,Greater Melbourne,Strathmore,10536.0,47,4.460895975702353
210011533,Victoria,Greater Melbourne,Avondale Heights,12861.0,83,6.453619469714641
210011534,Victoria,Greater Melbourne,Keilor East,15645.0,100,6.391818472355386
210021232,Victoria,Greater Melbourne,Gisborne,15959.0,166,10.401654238987406
210021233,Victoria,Greater Melbourne,Macedon,3615.0,5,1.3831258644536653
210021234,Victoria,Greater Melbourne,Riddells Creek,4589.0,17,3.704510786663761
210021235,Victoria,Greater Melbourne,Romsey,11567.0,55,4.7549061986686265
210031236,Victoria,Greater Melbourne,Coburg North,8932.0,19,2.1271831616659203
210031237,Victoria,Greater Melbourne,Fawkner,15096.0,79,5.233174350821409
210031439,Victoria,Greater Melbourne,Gowanbrae,3215.0,5,1.5552099533437014
210031440,Victoria,Greater Melbourne,Hadfield,6650.0,64,9.62406015037594
210031535,Victoria,Greater Melbourne,Glenroy - East,15762.0,143,9.072452734424566
210031536,Victoria,Greater Melbourne,Glenroy - West,9563.0,49,5.12391508940709
210031537,Victoria,Greater Melbourne,Oak Park,8559.0,66,7.7111812127585
210031538,Victoria,Greater Melbourne,Pascoe Vale,18674.0,111,5.94409339188176
210041240,Victoria,Greater Melbourne,Sunbury,15364.0,212,13.798489976568602
210041539,Victoria,Greater Melbourne,Diggers Rest,7434.0,135,18.15980629539952
210041540,Victoria,Greater Melbourne,Sunbury - South,17683.0,592,33.478482158004866
210041541,Victoria,Greater Melbourne,Sunbury - West,11497.0,19,1.6526050273984516
210051242,Victoria,Greater Melbourne,Broadmeadows,14972.0,67,4.475020037403152
210051243,Victoria,Greater Melbourne,Campbellfield - Coolaroo,16386.0,37,2.2580251434151104
210051245,Victoria,Greater Melbourne,Gladstone Park - Westmeadows,18285.0,31,1.695378725731474
210051246,Victoria,Greater Melbourne,Greenvale - Bulla,26757.0,380,14.201891093919349
210051247,Victoria,Greater Melbourne,Meadow Heights,14841.0,30,2.021427127552052
210051248,Victoria,Greater Melbourne,Melbourne Airport,130.0,1,
210051250,Victoria,Greater Melbourne,Tullamarine,6727.0,28,4.162330905306972
210051441,Victoria,Greater Melbourne,Craigieburn - Central,8172.0,24,2.936857562408223
210051442,Victoria,Greater Melbourne,Craigieburn - North,12846.0,5,0.3892262182780632
210051443,Victoria,Greater Melbourne,Craigieburn - South,24431.0,26,1.0642216855634234
210051445,Victoria,Greater Melbourne,Mickleham - Yuroke,39389.0,1529,38.81794409606743
210051542,Victoria,Greater Melbourne,Craigieburn - North West,11293.0,3,0.2656512884087488
210051543,Victoria,Greater Melbourne,Craigieburn - West,14970.0,66,4.408817635270541
210051544,Victoria,Greater Melbourne,Roxburgh Park (South) - Somerton,9699.0,3,0.3093102381688834
210051545,Victoria,Greater Melbourne,Roxburgh Park - North,15440.0,6,0.38860103626943
211011251,Victoria,Greater Melbourne,Bayswater,13388.0,48,3.58530026889752
211011254,Victoria,Greater Melbourne,Knoxfield - Scoresby,17232.0,58,3.3658310120705663
211011255,Victoria,Greater Melbourne,Lysterfield,6622.0,12,1.812141347025068
211011256,Victoria,Greater Melbourne,Rowville - Central,15771.0,104,6.594382093716314
211011257,Victoria,Greater Melbourne,Rowville - North,7827.0,10,1.27762872109365
211011258,Victoria,Greater Melbourne,Rowville - South,10578.0,11,1.039894119871431
211011259,Victoria,Greater Melbourne,Wantirna,14634.0,75,5.125051250512505
211011260,Victoria,Greater Melbourne,Wantirna South,18475.0,79,4.276048714479026
211011446,Victoria,Greater Melbourne,Boronia,24763.0,90,3.63445462989137
211011447,Victoria,Greater Melbourne,Ferntree Gully - North,14538.0,42,2.8889806025588114
211011448,Victoria,Greater Melbourne,Ferntree Gully (South) - Upper Ferntree Gully,15630.0,49,3.1349968010236724
211011449,Victoria,Greater Melbourne,The Basin,4336.0,14,3.2287822878228782
211021261,Victoria,Greater Melbourne,Donvale - Park Orchards,16894.0,19,1.1246596424766189
211021262,Victoria,Greater Melbourne,Warrandyte - Wonga Park,10229.0,12,1.1731352038322418
211031263,Victoria,Greater Melbourne,Bayswater North,12097.0,49,4.050591055633628
211031265,Victoria,Greater Melbourne,Croydon Hills - Warranwood,18457.0,23,1.2461396760036842
211031266,Victoria,Greater Melbourne,Ringwood,19779.0,189,9.555589261337785
211031267,Victoria,Greater Melbourne,Ringwood East,22164.0,73,3.293629308789027
211031268,Victoria,Greater Melbourne,Ringwood North,9839.0,12,1.219636141884338
211031450,Victoria,Greater Melbourne,Croydon - East,17345.0,45,2.5944076102623232
211031451,Victoria,Greater Melbourne,Croydon - West,14940.0,49,3.279785809906292
211031452,Victoria,Greater Melbourne,Croydon South,5147.0,13,2.525743151350301
211041269,Victoria,Greater Melbourne,Forest Hill,11256.0,25,2.221037668798863
211041270,Victoria,Greater Melbourne,Mitcham (Vic.),17496.0,113,6.4586191129401005
211041271,Victoria,Greater Melbourne,Nunawading,13247.0,50,3.774439495734884
211041272,Victoria,Greater Melbourne,Vermont,11435.0,29,2.5360734586794926
211041273,Victoria,Greater Melbourne,Vermont South,12250.0,25,2.0408163265306123
211051274,Victoria,Greater Melbourne,Belgrave - Selby,9964.0,7,0.7025291047771979
211051275,Victoria,Greater Melbourne,Chirnside Park,12603.0,13,1.0315004364040308
211051276,Victoria,Greater Melbourne,Healesville - Yarra Glen,14116.0,37,2.6211391328988385
211051277,Victoria,Greater Melbourne,Kilsyth,10692.0,79,7.388701833146277
211051278,Victoria,Greater Melbourne,Lilydale - Coldstream,20905.0,140,6.696962449174839
211051279,Victoria,Greater Melbourne,Monbulk - Silvan,5840.0,6,1.0273972602739725
211051280,Victoria,Greater Melbourne,Montrose,6904.0,8,1.1587485515643106
211051281,Victoria,Greater Melbourne,Mooroolbark,24395.0,79,3.2383685181389628
211051282,Victoria,Greater Melbourne,Mount Dandenong - Olinda,9587.0,8,0.8344633357671847
211051283,Victoria,Greater Melbourne,Mount Evelyn,10043.0,5,0.4978592054167082
211051284,Victoria,Greater Melbourne,Upwey - Tecoma,9867.0,11,1.1148272017837235
211051285,Victoria,Greater Melbourne,Wandin - Seville,7996.0,20,2.501250625312656
211051286,Victoria,Greater Melbourne,Yarra Valley,17087.0,50,2.926201205594897
212011289,Victoria,Greater Melbourne,Emerald - Cockatoo,19043.0,17,0.8927164837473087
212011546,Victoria,Greater Melbourne,Beaconsfield - Officer,29524.0,421,14.259585422029534
212011547,Victoria,Greater Melbourne,Bunyip - Garfield,10366.0,35,3.3764229210881727
212011548,Victoria,Greater Melbourne,Koo Wee Rup,12598.0,140,11.11287505953326
212011549,Victoria,Greater Melbourne,Pakenham - North East,16593.0,156,9.401554872536613
212011550,Victoria,Greater Melbourne,Pakenham - North West,10502.0,263,25.04284898114645
212011551,Victoria,Greater Melbourne,Pakenham - South East,6778.0,258,38.06432575981116
212011552,Victoria,Greater Melbourne,Pakenham - South West,28194.0,5,0.1773426970277364
212021293,Victoria,Greater Melbourne,Berwick - North,23637.0,75,3.1729914963827897
212021295,Victoria,Greater Melbourne,Doveton,12893.0,82,6.360040331963081
212021297,Victoria,Greater Melbourne,Hallam,12009.0,13,1.0825214422516445
212021299,Victoria,Greater Melbourne,Narre Warren North,8237.0,36,4.370523248755615
212021453,Victoria,Greater Melbourne,Endeavour Hills - North,12175.0,23,1.88911704312115
212021454,Victoria,Greater Melbourne,Endeavour Hills - South,13539.0,15,1.1079104808331486
212021455,Victoria,Greater Melbourne,Narre Warren - North East,13618.0,7,0.5140255544132766
212021456,Victoria,Greater Melbourne,Narre Warren - South West,15484.0,77,4.972875226039784
212021553,Victoria,Greater Melbourne,Berwick - South East,20765.0,149,7.175535757283892
212021554,Victoria,Greater Melbourne,Berwick - South West,13243.0,123,9.287925696594426
212031300,Victoria,Greater Melbourne,Cranbourne,22708.0,99,4.359697023075569
212031303,Victoria,Greater Melbourne,Cranbourne South,27368.0,774,28.2812043262204
212031304,Victoria,Greater Melbourne,Cranbourne West,25490.0,163,6.39466457434288
212031306,Victoria,Greater Melbourne,Lynbrook - Lyndhurst,19545.0,18,0.920951650038373
212031308,Victoria,Greater Melbourne,Pearcedale - Tooradin,8272.0,14,1.6924564796905224
212031457,Victoria,Greater Melbourne,Narre Warren South - East,13022.0,7,0.5375518353555522
212031458,Victoria,Greater Melbourne,Narre Warren South - West,17083.0,7,0.4097640929579113
212031555,Victoria,Greater Melbourne,Clyde North - North,13667.0,335,24.51159727811517
212031556,Victoria,Greater Melbourne,Clyde North - South,28328.0,1095,38.654334933634566
212031557,Victoria,Greater Melbourne,Cranbourne East - North,25111.0,155,6.17259368404285
212031558,Victoria,Greater Melbourne,Cranbourne East - South,15590.0,167,10.711994868505451
212031559,Victoria,Greater Melbourne,Cranbourne North - East,13691.0,1,0.073040683660799
212031560,Victoria,Greater Melbourne,Cranbourne North - West,12313.0,15,1.2182246406237311
212031561,Victoria,Greater Melbourne,Hampton Park - East,13393.0,28,2.090644366460091
212031562,Victoria,Greater Melbourne,Hampton Park - West,13748.0,39,2.836776258364853
212041309,Victoria,Greater Melbourne,Clarinda - Oakleigh South,11741.0,35,2.981006728558045
212041310,Victoria,Greater Melbourne,Clayton South,15349.0,35,2.280278845527396
212041312,Victoria,Greater Melbourne,Dandenong North,23391.0,28,1.1970415971955024
212041313,Victoria,Greater Melbourne,Dingley Village,10770.0,9,0.8356545961002785
212041316,Victoria,Greater Melbourne,Noble Park North,7593.0,13,1.7121032529961806
212041317,Victoria,Greater Melbourne,Springvale,24468.0,123,5.026974006866111
212041318,Victoria,Greater Melbourne,Springvale South,13274.0,69,5.1981316860027125
212041459,Victoria,Greater Melbourne,Noble Park - East,13935.0,51,3.659849300322928
212041460,Victoria,Greater Melbourne,Noble Park - West,20473.0,47,2.2957065403213988
212041563,Victoria,Greater Melbourne,Dandenong - North,23327.0,158,6.773267029622326
212041564,Victoria,Greater Melbourne,Dandenong - South,10039.0,95,9.463093933658731
212041565,Victoria,Greater Melbourne,Keysborough - North,15067.0,25,1.6592553262095973
212041566,Victoria,Greater Melbourne,Keysborough - South,17117.0,12,0.7010574282876672
212051319,Victoria,Greater Melbourne,Ashwood - Chadstone,21139.0,93,4.39945125124178
212051321,Victoria,Greater Melbourne,Glen Waverley - East,22820.0,106,4.645048203330412
212051322,Victoria,Greater Melbourne,Glen Waverley - West,23417.0,220,9.394884058589913
212051323,Victoria,Greater Melbourne,Mount Waverley - North,17492.0,142,8.117996798536474
212051324,Victoria,Greater Melbourne,Mount Waverley - South,20659.0,126,6.099036739435597
212051325,Victoria,Greater Melbourne,Mulgrave,21072.0,102,4.840546697038724
212051326,Victoria,Greater Melbourne,Oakleigh - Huntingdale,25427.0,279,10.972588193652417
212051327,Victoria,Greater Melbourne,Wheelers Hill,21281.0,65,3.054367745876604
212051567,Victoria,Greater Melbourne,Clayton (North) - Notting Hill,14911.0,36,2.4143249949701566
212051568,Victoria,Greater Melbourne,Clayton - Central,15483.0,53,3.423109216560098
213011328,Victoria,Greater Melbourne,Ardeer - Albion,7955.0,38,4.776869893148963
213011329,Victoria,Greater Melbourne,Cairnlea,10035.0,39,3.8863976083707024
213011331,Victoria,Greater Melbourne,Delahey,7859.0,3,0.3817279552105865
213011332,Victoria,Greater Melbourne,Keilor Downs,13080.0,12,0.9174311926605504
213011333,Victoria,Greater Melbourne,Kings Park (Vic.),13956.0,11,0.7881914588707366
213011334,Victoria,Greater Melbourne,St Albans - North,21020.0,60,2.85442435775452
213011335,Victoria,Greater Melbourne,St Albans - South,17705.0,35,1.976842699802316
213011336,Victoria,Greater Melbourne,Sunshine,10151.0,216,21.278691754506944
213011337,Victoria,Greater Melbourne,Sunshine North,12751.0,104,8.15622304133009
213011338,Victoria,Greater Melbourne,Sunshine West,18693.0,41,2.1933344032525546
213011339,Victoria,Greater Melbourne,Sydenham,12025.0,8,0.6652806652806653
213011340,Victoria,Greater Melbourne,Taylors Lakes,16896.0,22,1.3020833333333333
213011569,Victoria,Greater Melbourne,Deer Park,18368.0,20,1.088850174216028
213011570,Victoria,Greater Melbourne,Derrimut,8958.0,5,0.5581603036392052
213021341,Victoria,Greater Melbourne,Altona,14428.0,90,6.237870806764624
213021342,Victoria,Greater Melbourne,Altona Meadows,18783.0,26,1.384230421125486
213021343,Victoria,Greater Melbourne,Altona North,16493.0,206,12.490147335233129
213021344,Victoria,Greater Melbourne,Newport,20328.0,445,21.890987800078708
213021345,Victoria,Greater Melbourne,Seabrook,4932.0,2,0.40551500405515
213021346,Victoria,Greater Melbourne,Williamstown,17102.0,23,1.3448719448017774
213031347,Victoria,Greater Melbourne,Braybrook,20916.0,325,15.538343851596863
213031348,Victoria,Greater Melbourne,Footscray,20882.0,43,2.059189732784216
213031349,Victoria,Greater Melbourne,Maribyrnong,13960.0,92,6.590257879656161
213031350,Victoria,Greater Melbourne,Seddon - Kingsville,9748.0,17,1.7439474764054164
213031351,Victoria,Greater Melbourne,West Footscray - Tottenham,13007.0,25,1.9220419773967865
213031352,Victoria,Greater Melbourne,Yarraville,16159.0,193,11.943808403985395
213041353,Victoria,Greater Melbourne,Bacchus Marsh,27182.0,279,10.264145390331835
213041358,Victoria,Greater Melbourne,Melton West,22710.0,49,2.157639806252752
213041359,Victoria,Greater Melbourne,Rockbank - Mount Cottrell,35856.0,1682,46.90986166889782
213041360,Victoria,Greater Melbourne,Taylors Hill,19874.0,11,0.5534869678977559
213041461,Victoria,Greater Melbourne,Burnside,6635.0,43,6.480783722682743
213041462,Victoria,Greater Melbourne,Burnside Heights,6443.0,1,0.1552072016141549
213041463,Victoria,Greater Melbourne,Caroline Springs,20934.0,5,0.2388458966274959
213041571,Victoria,Greater Melbourne,Brookfield,10665.0,35,3.2817627754336613
213041572,Victoria,Greater Melbourne,Cobblebank - Strathtulloh,12885.0,322,24.990298797050837
213041573,Victoria,Greater Melbourne,Eynesbury - Exford,4309.0,446,103.50429333952194
213041574,Victoria,Greater Melbourne,Fraser Rise - Plumpton,24739.0,1544,62.41157686244391
213041575,Victoria,Greater Melbourne,Hillside,16173.0,21,1.2984603969578927
213041576,Victoria,Greater Melbourne,Kurunjang - Toolern Vale,12082.0,14,1.1587485515643106
213041577,Victoria,Greater Melbourne,Melton,8007.0,8,0.9991257649556636
213041578,Victoria,Greater Melbourne,Melton South - Weir Views,22821.0,247,10.823364445028702
213051361,Victoria,Greater Melbourne,Hoppers Crossing - North,18359.0,21,1.1438531510430852
213051362,Victoria,Greater Melbourne,Hoppers Crossing - South,18906.0,20,1.0578652279699563
213051363,Victoria,Greater Melbourne,Laverton,12816.0,75,5.852059925093633
213051368,Victoria,Greater Melbourne,Werribee - South,17936.0,114,6.355932203389831
213051464,Victoria,Greater Melbourne,Point Cook - East,21797.0,76,3.486718355737028
213051466,Victoria,Greater Melbourne,Point Cook - South,20835.0,32,1.5358771298296137
213051467,Victoria,Greater Melbourne,Werribee - East,19205.0,51,2.65555844832075
213051468,Victoria,Greater Melbourne,Werribee - West,32943.0,918,27.866314543302067
213051579,Victoria,Greater Melbourne,Manor Lakes - Quandong,13667.0,339,24.80427306651057
213051580,Victoria,Greater Melbourne,Point Cook - North East,14746.0,13,0.8815950088159501
213051581,Victoria,Greater Melbourne,Point Cook - North West,10151.0,7,0.6895872327849473
213051582,Victoria,Greater Melbourne,Tarneit (West) - Mount Cottrell,19169.0,907,47.31597892430487
213051583,Victoria,Greater Melbourne,Tarneit - Central,29246.0,93,3.17992204062094
213051584,Victoria,Greater Melbourne,Tarneit - North,15880.0,773,48.67758186397985
213051585,Victoria,Greater Melbourne,Tarneit - South,11864.0,22,1.8543492919757247
213051586,Victoria,Greater Melbourne,Truganina - North,15384.0,107,6.955278211128445
213051587,Victoria,Greater Melbourne,Truganina - South East,10846.0,11,1.0141987829614605
213051588,Victoria,Greater Melbourne,Truganina - South West,20395.0,13,0.6374111301789654
213051589,Victoria,Greater Melbourne,Wyndham Vale - North,14515.0,494,34.03375818119187
213051590,Victoria,Greater Melbourne,Wyndham Vale - South,14135.0,13,0.919702865228157
214011370,Victoria,Greater Melbourne,Carrum Downs,23464.0,33,1.4064098192976475
214011371,Victoria,Greater Melbourne,Frankston,25043.0,360,14.375274527812165
214011372,Victoria,Greater Melbourne,Frankston North,19794.0,40,2.020814388198444
214011373,Victoria,Greater Melbourne,Frankston South,19374.0,83,4.284092082171983
214011374,Victoria,Greater Melbourne,Langwarrin,25788.0,87,3.373662168450442
214011375,Victoria,Greater Melbourne,Seaford (Vic.),18305.0,73,3.9879814258399344
214011376,Victoria,Greater Melbourne,Skye - Sandhurst,13601.0,109,8.014116609072861
214021377,Victoria,Greater Melbourne,Dromana,13925.0,185,13.285457809694794
214021378,Victoria,Greater Melbourne,Flinders,6064.0,30,4.947229551451188
214021379,Victoria,Greater Melbourne,Hastings - Somers,23795.0,70,2.941794494641732
214021381,Victoria,Greater Melbourne,Mount Eliza,19110.0,65,3.401360544217687
214021382,Victoria,Greater Melbourne,Mount Martha,20161.0,48,2.38083428401369
214021383,Victoria,Greater Melbourne,Point Nepean,20574.0,138,6.707494896471275
214021384,Victoria,Greater Melbourne,Rosebud - McCrae,23508.0,152,6.465883954398502
214021385,Victoria,Greater Melbourne,Somerville,19098.0,28,1.466122107026914
214021591,Victoria,Greater Melbourne,Mornington - East,15082.0,15,0.9945630552977058
214021592,Victoria,Greater Melbourne,Mornington - West,10900.0,50,4.587155963302752
215011386,Victoria,Rest of Vic.,Ararat,8399.0,33,3.92903917132992
215011387,Victoria,Rest of Vic.,Ararat Surrounds,3181.0,14,4.401131719585036
215011388,Victoria,Rest of Vic.,Horsham,16882.0,83,4.916479090155194
215011389,Victoria,Rest of Vic.,Horsham Surrounds,3399.0,7,2.0594292438952637
215011390,Victoria,Rest of Vic.,Nhill Region,6698.0,12,1.7915795759928337
215011391,Victoria,Rest of Vic.,St Arnaud,3394.0,16,4.7142015321154975
215011392,Victoria,Rest of Vic.,Stawell,8438.0,17,2.014695425456269
215011393,Victoria,Rest of Vic.,West Wimmera,2656.0,2,0.7530120481927711
215011394,Victoria,Rest of Vic.,Yarriambiack,6246.0,13,2.0813320525136088
215021395,Victoria,Rest of Vic.,Irymple,8079.0,70,8.664438668151998
215021396,Victoria,Rest of Vic.,Merbein,4971.0,42,8.449004224502113
215021398,Victoria,Rest of Vic.,Mildura Surrounds,3779.0,5,1.3231013495633763
215021399,Victoria,Rest of Vic.,Red Cliffs,6055.0,48,7.927332782824111
215021469,Victoria,Rest of Vic.,Mildura - North,17718.0,83,4.684501636753583
215021470,Victoria,Rest of Vic.,Mildura - South,16707.0,183,10.953492548033758
215031400,Victoria,Rest of Vic.,Buloke,5891.0,17,2.885757935834324
215031401,Victoria,Rest of Vic.,Gannawarra,6522.0,11,1.6865992026985586
215031402,Victoria,Rest of Vic.,Kerang,3784.0,8,2.1141649048625792
215031403,Victoria,Rest of Vic.,Robinvale,3749.0,14,3.734329154441185
215031404,Victoria,Rest of Vic.,Swan Hill,10747.0,93,8.65357774262585
215031405,Victoria,Rest of Vic.,Swan Hill Surrounds,6467.0,8,1.2370496366166692
216011406,Victoria,Rest of Vic.,Echuca,15357.0,142,9.24659764276877
216011407,Victoria,Rest of Vic.,Kyabram,10838.0,79,7.289167743126038
216011408,Victoria,Rest of Vic.,Lockington - Gunbower,3950.0,9,2.278481012658228
216011409,Victoria,Rest of Vic.,Rochester,3691.0,9,2.438363587103766
216011410,Victoria,Rest of Vic.,Rushworth,4210.0,8,1.9002375296912115
216021411,Victoria,Rest of Vic.,Cobram,6626.0,107,16.148505885904015
216021412,Victoria,Rest of Vic.,Moira,2841.0,16,5.631819781766984
216021413,Victoria,Rest of Vic.,Numurkah,12446.0,50,4.017354973485457
216021414,Victoria,Rest of Vic.,Yarrawonga,8953.0,230,25.68971294538144
216031415,Victoria,Rest of Vic.,Mooroopna,8391.0,40,4.767012275056608
216031416,Victoria,Rest of Vic.,Shepparton - North,20312.0,263,12.948011027963766
216031418,Victoria,Rest of Vic.,Shepparton Surrounds - East,4055.0,8,1.972872996300863
216031419,Victoria,Rest of Vic.,Shepparton Surrounds - West,10346.0,132,12.758554030543204
216031593,Victoria,Rest of Vic.,Kialla,10295.0,104,10.10199125789218
216031594,Victoria,Rest of Vic.,Shepparton - South East,16334.0,120,7.346638912697441
217011420,Victoria,Rest of Vic.,Glenelg (Vic.),8773.0,16,1.8237774991451043
217011421,Victoria,Rest of Vic.,Hamilton (Vic.),10299.0,26,2.5245169433925625
217011422,Victoria,Rest of Vic.,Portland,11124.0,57,5.124056094929882
217011423,Victoria,Rest of Vic.,Southern Grampians,6205.0,13,2.09508460918614
217031471,Victoria,Rest of Vic.,Camperdown,3356.0,13,3.873659117997616
217031472,Victoria,Rest of Vic.,Colac,12558.0,139,11.068641503424113
217031473,Victoria,Rest of Vic.,Colac Surrounds,5670.0,32,5.643738977072311
217031474,Victoria,Rest of Vic.,Corangamite - North,5201.0,10,1.9227071716977504
217031475,Victoria,Rest of Vic.,Corangamite - South,7089.0,29,4.090844971081958
217031476,Victoria,Rest of Vic.,Otway,3974.0,35,8.807247106190236
217041477,Victoria,Rest of Vic.,Moyne - East,7136.0,25,3.5033632286995515
217041478,Victoria,Rest of Vic.,Moyne - West,10246.0,42,4.0991606480577785
217041479,Victoria,Rest of Vic.,Warrnambool - North,23099.0,328,14.199748906879083
217041480,Victoria,Rest of Vic.,Warrnambool - South,13590.0,72,5.298013245033113
501011001,Western Australia,Rest of WA,Augusta,8090.0,235,29.04820766378245
501011003,Western Australia,Rest of WA,Busselton Surrounds,14066.0,124,8.815583676951514
501011004,Western Australia,Rest of WA,Margaret River,12077.0,168,13.910739422041898
501011293,Western Australia,Rest of WA,Busselton - East,10199.0,99,9.70683400333366
501011294,Western Australia,Rest of WA,Busselton - West,21758.0,210,9.651622391763947
501021005,Western Australia,Rest of WA,Australind - Leschenault,21751.0,78,3.586042021056503
501021007,Western Australia,Rest of WA,Capel,6027.0,46,7.632321221171395
501021008,Western Australia,Rest of WA,College Grove - Carey Park,7602.0,24,3.1570639305445933
501021009,Western Australia,Rest of WA,Collie,9561.0,36,3.7652965171007216
501021010,Western Australia,Rest of WA,Dardanup,3734.0,41,10.98018211033744
501021012,Western Australia,Rest of WA,Eaton - Pelican Point,13513.0,90,6.660253089617405
501021014,Western Australia,Rest of WA,Harvey,10457.0,78,7.459118293965765
501021015,Western Australia,Rest of WA,East Bunbury - Glen Iris,7991.0,21,2.627956451007383
501021016,Western Australia,Rest of WA,Waroona,4665.0,32,6.859592711682743
501021251,Western Australia,Rest of WA,Dalyellup,11081.0,143,12.904972475408355
501021252,Western Australia,Rest of WA,Gelorup - Stratham,3224.0,9,2.791563275434243
501021253,Western Australia,Rest of WA,South Bunbury - Bunbury,13623.0,72,5.285179475886369
501021254,Western Australia,Rest of WA,Withers - Usher,5536.0,14,2.5289017341040463
501031017,Western Australia,Rest of WA,Bridgetown - Boyup Brook,7931.0,47,5.9261127222292265
501031018,Western Australia,Rest of WA,Donnybrook - Balingup,6698.0,32,4.77754553598089
501031019,Western Australia,Rest of WA,Manjimup,5661.0,19,3.3562974739445326
501031020,Western Australia,Rest of WA,Pemberton,5706.0,24,4.206098843322818
502011021,Western Australia,Greater Perth,Dawesville - Bouvard,10844.0,104,9.590556990040575
502011022,Western Australia,Greater Perth,Falcon - Wannanup,11288.0,76,6.732813607370659
502011023,Western Australia,Greater Perth,Greenfields,11011.0,51,4.631731904459177
502011024,Western Australia,Greater Perth,Halls Head - Erskine,22657.0,57,2.515778788012535
502011025,Western Australia,Greater Perth,Mandurah,11777.0,95,8.06657043389658
502011026,Western Australia,Greater Perth,Mandurah - East,7984.0,278,34.81963927855711
502011027,Western Australia,Greater Perth,Mandurah - North,26873.0,863,32.11401778737022
502011028,Western Australia,Greater Perth,Mandurah - South,12932.0,188,14.53758119393752
502011029,Western Australia,Greater Perth,Pinjarra,12136.0,285,23.483849703361894
503011030,Western Australia,Greater Perth,City Beach,7443.0,71,9.539164315464197
503011031,Western Australia,Greater Perth,Claremont (WA),10961.0,154,14.049812973268864
503011032,Western Australia,Greater Perth,Cottesloe,8958.0,19,2.12100915382898
503011033,Western Australia,Greater Perth,Floreat,9505.0,21,2.2093634928984742
503011034,Western Australia,Greater Perth,Mosman Park - Peppermint Grove,12310.0,29,2.355808285946385
503011035,Western Australia,Greater Perth,Nedlands - Dalkeith - Crawley,22236.0,110,4.946932901601008
503011036,Western Australia,Greater Perth,Swanbourne - Mount Claremont,10651.0,9,0.8449910806497043
503021038,Western Australia,Greater Perth,Mount Hawthorn - Leederville,13402.0,40,2.984629159826892
503021039,Western Australia,Greater Perth,Mount Lawley - Inglewood,19150.0,81,4.229765013054831
503021040,Western Australia,Greater Perth,North Perth,10997.0,141,12.82167863962899
503021042,Western Australia,Greater Perth,Subiaco - Shenton Park,20645.0,191,9.251634778396706
503021043,Western Australia,Greater Perth,Wembley - West Leederville - Glendalough,21965.0,61,2.77714545868427
503021295,Western Australia,Greater Perth,East Perth,14495.0,12,0.8278716798896172
503021296,Western Australia,Greater Perth,Perth (North) - Highgate,13732.0,75,5.461695310224293
504011044,Western Australia,Greater Perth,Bassendean - Eden Hill - Ashfield,17413.0,85,4.8814104404755065
504011045,Western Australia,Greater Perth,Bayswater - Embleton - Bedford,27178.0,128,4.709691662373979
504011046,Western Australia,Greater Perth,Maylands,15435.0,26,1.6844833171363784
504011047,Western Australia,Greater Perth,Morley,25432.0,109,4.285938974520289
504011048,Western Australia,Greater Perth,Noranda,8567.0,5,0.5836348780203106
504021049,Western Australia,Greater Perth,Chidlow,5661.0,19,3.3562974739445326
504021050,Western Australia,Greater Perth,Glen Forrest - Darlington,7828.0,8,1.021972406745018
504021051,Western Australia,Greater Perth,Helena Valley - Koongamia,6662.0,84,12.608826178324827
504021053,Western Australia,Greater Perth,Mundaring,14517.0,59,4.0642005924089
504021054,Western Australia,Greater Perth,Swan View - Greenmount - Midvale,14691.0,194,13.205363828194132
504031056,Western Australia,Greater Perth,Ballajura,19879.0,25,1.2576085316162784
504031057,Western Australia,Greater Perth,Beechboro,26928.0,242,8.986928104575163
504031058,Western Australia,Greater Perth,Bullsbrook,7112.0,318,44.71316085489314
504031060,Western Australia,Greater Perth,Gidgegannup,3235.0,18,5.564142194744976
504031061,Western Australia,Greater Perth,Hazelmere - Guildford,7590.0,193,25.428194993412387
504031062,Western Australia,Greater Perth,Lockridge - Kiara,14768.0,37,2.5054171180931744
504031065,Western Australia,Greater Perth,Middle Swan - Herne Hill,6580.0,79,12.00607902735562
504031066,Western Australia,Greater Perth,Midland - Guildford,12249.0,118,9.633439464446075
504031067,Western Australia,Greater Perth,Stratton - Jane Brook,7819.0,34,4.348382146054482
504031068,Western Australia,Greater Perth,The Vines,16074.0,274,17.046161503048403
504031298,Western Australia,Greater Perth,Aveley,19348.0,6,0.3101095720487906
504031299,Western Australia,Greater Perth,Brabham - Henley Brook,17755.0,950,53.506054632497886
504031300,Western Australia,Greater Perth,Ellenbrook,21882.0,64,2.924778356640161
505011070,Western Australia,Greater Perth,Craigie - Beldon,11907.0,46,3.8632737045435457
505011071,Western Australia,Greater Perth,Currambine - Kinross,15022.0,13,0.865397417121555
505011072,Western Australia,Greater Perth,Duncraig,17630.0,27,1.5314804310833805
505011073,Western Australia,Greater Perth,Greenwood - Warwick,15038.0,54,3.590903045617768
505011074,Western Australia,Greater Perth,Heathridge - Connolly,11852.0,36,3.0374620317246035
505011075,Western Australia,Greater Perth,Hillarys,12127.0,31,2.556279376597675
505011076,Western Australia,Greater Perth,Iluka - Burns Beach,11228.0,90,8.015675097969362
505011077,Western Australia,Greater Perth,Joondalup - Edgewater,15713.0,20,1.2728314134792849
505011078,Western Australia,Greater Perth,Kingsley,13888.0,13,0.9360599078341012
505011079,Western Australia,Greater Perth,Mullaloo - Kallaroo,12947.0,30,2.3171391055843054
505011080,Western Australia,Greater Perth,Ocean Reef,8985.0,10,1.1129660545353368
505011081,Western Australia,Greater Perth,Padbury,9714.0,30,3.0883261272390365
505011082,Western Australia,Greater Perth,Sorrento - Marmion,11187.0,29,2.592294627692858
505011083,Western Australia,Greater Perth,Woodvale,10293.0,4,0.3886136209074128
505021084,Western Australia,Greater Perth,Balcatta - Hamersley,18025.0,93,5.159500693481276
505021085,Western Australia,Greater Perth,Balga - Mirrabooka,23741.0,143,6.023335158586412
505021088,Western Australia,Greater Perth,Innaloo - Doubleview,20721.0,94,4.536460595531104
505021089,Western Australia,Greater Perth,Karrinyup - Gwelup - Carine,24578.0,397,16.152656847587274
505021090,Western Australia,Greater Perth,Nollamara - Westminster,23030.0,142,6.165870603560573
505021091,Western Australia,Greater Perth,Osborne Park Industrial,290.0,1,
505021092,Western Australia,Greater Perth,Scarborough,20490.0,156,7.613469985358711
505021093,Western Australia,Greater Perth,Stirling - Osborne Park,16322.0,66,4.043622105134175
505021094,Western Australia,Greater Perth,Trigg - North Beach - Watermans Bay,8951.0,49,5.474248687297509
505021095,Western Australia,Greater Perth,Tuart Hill - Joondanna,14673.0,52,3.54392421454372
505021096,Western Australia,Greater Perth,Wembley Downs - Churchlands - Woodlands,16742.0,46,2.7475809341775177
505021097,Western Australia,Greater Perth,Yokine - Coolbinia - Menora,18844.0,82,4.351517724474634
505021301,Western Australia,Greater Perth,Dianella - North,12840.0,33,2.5700934579439254
505021302,Western Australia,Greater Perth,Dianella - South,15055.0,89,5.9116572567253405
505031098,Western Australia,Greater Perth,Alexander Heights - Koondoola,12443.0,35,2.8128264887888776
505031099,Western Australia,Greater Perth,Butler - Merriwa - Ridgewood,26000.0,27,1.0384615384615383
505031100,Western Australia,Greater Perth,Carramar,22088.0,53,2.399492937341543
505031101,Western Australia,Greater Perth,Clarkson,15921.0,183,11.494252873563218
505031102,Western Australia,Greater Perth,Girrawheen,10268.0,56,5.453837164004675
505031104,Western Australia,Greater Perth,Marangaroo,10923.0,19,1.7394488693582348
505031105,Western Australia,Greater Perth,Mindarie - Quinns Rocks - Jindalee,24757.0,287,11.592680857939168
505031107,Western Australia,Greater Perth,Tapping - Ashby - Sinagra,15154.0,53,3.497426422066781
505031255,Western Australia,Greater Perth,Alkimos - Eglinton,22493.0,1593,70.82203352154004
505031256,Western Australia,Greater Perth,Carabooda - Pinjar,784.0,3,
505031257,Western Australia,Greater Perth,Two Rocks,5214.0,476,91.29267357115458
505031258,Western Australia,Greater Perth,Yanchep,14322.0,622,43.42968859097891
505031303,Western Australia,Greater Perth,Hocking - Pearsall,14858.0,55,3.701709516758649
505031304,Western Australia,Greater Perth,Landsdale,17852.0,49,2.744790499663903
505031305,Western Australia,Greater Perth,Madeley - Darch,15551.0,45,2.8937045849141536
505031306,Western Australia,Greater Perth,Wanneroo - Sinagra,16627.0,461,27.725987851085584
506011110,Western Australia,Greater Perth,Armadale - Wungong - Brookdale,28839.0,764,26.491903325358024
506011112,Western Australia,Greater Perth,Camillo - Champion Lakes,6978.0,130,18.62997993694468
506011114,Western Australia,Greater Perth,Kelmscott,11381.0,41,3.6024953870485894
506011115,Western Australia,Greater Perth,Mount Nasura - Mount Richon - Bedfordale,9050.0,18,1.9889502762430944
506011116,Western Australia,Greater Perth,Roleystone,7831.0,21,2.681649853147746
506011117,Western Australia,Greater Perth,Seville Grove,12981.0,11,0.8473923426546491
506011307,Western Australia,Greater Perth,Harrisdale,14125.0,113,8.0
506011308,Western Australia,Greater Perth,Piara Waters - Forrestdale,21815.0,550,25.212010084804035
506021118,Western Australia,Greater Perth,Belmont - Ascot - Redcliffe,16787.0,53,3.1572049800440816
506021119,Western Australia,Greater Perth,East Victoria Park - Carlisle,19989.0,37,1.851018059932963
506021123,Western Australia,Greater Perth,Victoria Park - Lathlain - Burswood,18736.0,86,4.590093936806149
506021309,Western Australia,Greater Perth,Cloverdale,10126.0,72,7.11040884850879
506021310,Western Australia,Greater Perth,Kewdale,8443.0,39,4.619211180859884
506021311,Western Australia,Greater Perth,Rivervale,12842.0,396,30.83631833047812
506031124,Western Australia,Greater Perth,Bentley - Wilson - St James,24479.0,104,4.248539564524695
506031125,Western Australia,Greater Perth,Canning Vale - West,10715.0,2,0.1866542230517965
506031127,Western Australia,Greater Perth,Cannington - Queens Park,24673.0,106,4.296194220402869
506031128,Western Australia,Greater Perth,Parkwood - Ferndale - Lynwood,15304.0,56,3.6591740721380033
506031129,Western Australia,Greater Perth,Riverton - Shelley - Rossmoyne,16102.0,90,5.58936778039995
506031131,Western Australia,Greater Perth,Willetton,21691.0,71,3.2732469687888988
506041132,Western Australia,Greater Perth,Beckenham - Kenwick - Langford,23337.0,135,5.784805244890089
506041133,Western Australia,Greater Perth,Canning Vale - East,27381.0,32,1.16869361966327
506041134,Western Australia,Greater Perth,Gosnells,23945.0,144,6.013781582793903
506041135,Western Australia,Greater Perth,Huntingdale - Southern River,26277.0,231,8.790957871903185
506041136,Western Australia,Greater Perth,Maddington - Orange Grove - Martin,17572.0,58,3.300705668108354
506041137,Western Australia,Greater Perth,Thornlie,25963.0,37,1.4251049570542695
506051138,Western Australia,Greater Perth,Forrestfield - Wattle Grove,22766.0,45,1.9766318193797767
506051139,Western Australia,Greater Perth,High Wycombe,13368.0,42,3.1418312387791745
506051140,Western Australia,Greater Perth,Kalamunda - Maida Vale - Gooseberry Hill,16453.0,54,3.282076217103264
506051141,Western Australia,Greater Perth,Lesmurdie - Bickley - Carmel,12420.0,42,3.381642512077295
506061142,Western Australia,Greater Perth,Byford,27064.0,345,12.747561336092229
506061143,Western Australia,Greater Perth,Mundijong,8298.0,374,45.07110147023379
506061144,Western Australia,Greater Perth,Serpentine - Jarrahdale,5195.0,41,7.892204042348411
506071145,Western Australia,Greater Perth,Como,16221.0,267,16.460144257444057
506071146,Western Australia,Greater Perth,Manning - Waterford,13108.0,46,3.5093072932560267
506071147,Western Australia,Greater Perth,South Perth - Kensington,19447.0,123,6.324883015375122
507011148,Western Australia,Greater Perth,Banjup,26778.0,182,6.796624094405856
507011152,Western Australia,Greater Perth,Coogee,11074.0,28,2.528445006321113
507011153,Western Australia,Greater Perth,Coolbellup,9639.0,64,6.639692914202718
507011154,Western Australia,Greater Perth,Hamilton Hill,13081.0,70,5.351272838468007
507011158,Western Australia,Greater Perth,North Coogee,4965.0,80,16.112789526686807
507011159,Western Australia,Greater Perth,South Lake - Cockburn Central,13071.0,420,32.13220105577232
507011160,Western Australia,Greater Perth,Spearwood,12932.0,109,8.428703990102072
507011161,Western Australia,Greater Perth,Success - Hammond Park,21561.0,165,7.6527062752191455
507011163,Western Australia,Greater Perth,Yangebup,8395.0,10,1.1911852293031568
507011259,Western Australia,Greater Perth,Beeliar - Wattleup,12870.0,120,9.324009324009324
507011260,Western Australia,Greater Perth,Jandakot,2693.0,126,46.78796880802079
507021164,Western Australia,Greater Perth,East Fremantle,8426.0,15,1.7802041300735818
507021165,Western Australia,Greater Perth,Fremantle,20429.0,110,5.38450242302609
507021166,Western Australia,Greater Perth,Fremantle - South,17250.0,78,4.521739130434782
507031169,Western Australia,Greater Perth,Wellard (West) - Bertram,23219.0,338,14.557043800335933
507031170,Western Australia,Greater Perth,Calista,7882.0,19,2.410555696523725
507031172,Western Australia,Greater Perth,Hope Valley - Postans,80.0,1,
507031174,Western Australia,Greater Perth,Parmelia - Orelia,12669.0,140,11.050595942852633
507031261,Western Australia,Greater Perth,Casuarina - Wandi,13547.0,554,40.89466302502399
507041175,Western Australia,Greater Perth,Applecross - Ardross,13261.0,109,8.219591282708695
507041176,Western Australia,Greater Perth,Bateman,4183.0,4,0.9562514941429596
507041177,Western Australia,Greater Perth,Bicton - Palmyra,16510.0,25,1.5142337976983646
507041178,Western Australia,Greater Perth,Booragoon,17792.0,68,3.8219424460431655
507041179,Western Australia,Greater Perth,Bull Creek,8712.0,20,2.295684113865932
507041180,Western Australia,Greater Perth,Leeming,11692.0,7,0.5986999657885734
507041181,Western Australia,Greater Perth,Melville,19369.0,73,3.76890908152202
507041182,Western Australia,Greater Perth,Murdoch - Kardinya,14419.0,248,17.19952840002774
507041183,Western Australia,Greater Perth,Willagee,6253.0,35,5.597313289620982
507041184,Western Australia,Greater Perth,Winthrop,6641.0,4,0.6023189278723085
507051186,Western Australia,Greater Perth,Cooloongup,9132.0,4,0.4380201489268506
507051187,Western Australia,Greater Perth,Port Kennedy,14778.0,141,9.541209906617944
507051188,Western Australia,Greater Perth,Rockingham,18827.0,81,4.302331757582196
507051189,Western Australia,Greater Perth,Rockingham Lakes,3.0,19,
507051190,Western Australia,Greater Perth,Safety Bay - Shoalwater,13307.0,30,2.254452543773953
507051191,Western Australia,Greater Perth,Singleton - Golden Bay - Secret Harbour,26403.0,254,9.620118925879636
507051192,Western Australia,Greater Perth,Waikiki,13674.0,35,2.5596021646921163
507051193,Western Australia,Greater Perth,Warnbro,11897.0,18,1.5129864671765991
507051312,Western Australia,Greater Perth,Baldivis - North,17460.0,725,41.52348224513173
507051313,Western Australia,Greater Perth,Baldivis - South,31709.0,549,17.313696426881958
507051314,Western Australia,Greater Perth,Karnup,2744.0,47,17.12827988338192
509011225,Western Australia,Rest of WA,Albany,16077.0,81,5.038253405486098
509011226,Western Australia,Rest of WA,Albany Surrounds,4021.0,47,11.688634667993036
509011227,Western Australia,Rest of WA,Bayonet Head - Lower King,5767.0,88,15.259233570313851
509011228,Western Australia,Rest of WA,Denmark,6858.0,54,7.874015748031496
509011229,Western Australia,Rest of WA,Gnowangerup,3078.0,13,4.223521767381416
509011230,Western Australia,Rest of WA,Katanning,4840.0,17,3.512396694214876
509011231,Western Australia,Rest of WA,Kojonup,4269.0,12,2.8109627547435
509011232,Western Australia,Rest of WA,Little Grove - Elleker,3995.0,10,2.503128911138924
509011233,Western Australia,Rest of WA,McKail - Willyung,12448.0,61,4.900385604113111
509011234,Western Australia,Rest of WA,Plantagenet,5793.0,41,7.077507336440532
509021236,Western Australia,Rest of WA,Chittering,7039.0,108,15.343088506890185
509021237,Western Australia,Rest of WA,Cunderdin,3796.0,9,2.3709167544783982
509021238,Western Australia,Rest of WA,Dowerin,3974.0,4,1.0065425264217414
509021239,Western Australia,Rest of WA,Gingin - Dandaragan,10674.0,193,18.08131909312348
509021240,Western Australia,Rest of WA,Merredin,5291.0,10,1.89000189000189
509021241,Western Australia,Rest of WA,Moora,4701.0,12,2.5526483726866624
509021242,Western Australia,Rest of WA,Mukinbudin,3086.0,1,0.3240440699935191
509021243,Western Australia,Rest of WA,Northam,12758.0,98,7.681454773475466
509021244,Western Australia,Rest of WA,Toodyay,5251.0,36,6.855836983431727
509021245,Western Australia,Rest of WA,York - Beverley,5492.0,87,15.841223597960669
509031246,Western Australia,Rest of WA,Brookton,3690.0,13,3.523035230352304
509031247,Western Australia,Rest of WA,Kulin,4452.0,8,1.7969451931716085
509031248,Western Australia,Rest of WA,Murray,2586.0,16,6.187161639597835
509031249,Western Australia,Rest of WA,Narrogin,4562.0,5,1.0960105217010083
509031250,Western Australia,Rest of WA,Wagin,5119.0,17,3.3209611252197693
510011262,Western Australia,Rest of WA,Broome,16506.0,96,5.816066884769175
510011263,Western Australia,Rest of WA,Derby - West Kimberley,8675.0,14,1.6138328530259365
510011264,Western Australia,Rest of WA,Halls Creek,4265.0,18,4.220398593200469
510011265,Western Australia,Rest of WA,Kununurra,8441.0,58,6.871223788650633
510011266,Western Australia,Rest of WA,Roebuck,2675.0,23,8.598130841121495
510021267,Western Australia,Rest of WA,East Pilbara,6402.0,3,0.4686035613870665
510021268,Western Australia,Rest of WA,Newman,4704.0,17,3.613945578231293
510021269,Western Australia,Rest of WA,Port Hedland,4318.0,1,0.2315886984715146
510021270,Western Australia,Rest of WA,South Hedland,12982.0,33,2.541981204745032
510031271,Western Australia,Rest of WA,Ashburton (WA),8335.0,8,0.9598080383923216
510031272,Western Australia,Rest of WA,Karratha,19659.0,279,14.191973142072332
510031273,Western Australia,Rest of WA,Roebourne,5770.0,3,0.5199306759098786
511011274,Western Australia,Rest of WA,Esperance,12580.0,53,4.213036565977743
511011275,Western Australia,Rest of WA,Esperance Surrounds,4396.0,5,1.1373976342129208
511021276,Western Australia,Rest of WA,Carnarvon,5306.0,1,0.1884658876743309
511021277,Western Australia,Rest of WA,Exmouth,5419.0,44,8.119579258165713
511031279,Western Australia,Rest of WA,Kalgoorlie,13686.0,27,1.9728189390618152
511031280,Western Australia,Rest of WA,Kalgoorlie - North,9574.0,22,2.297890119072488
511031282,Western Australia,Rest of WA,Kambalda - Coolgardie - Norseman,4865.0,3,0.6166495375128469
511031283,Western Australia,Rest of WA,Leinster - Leonora,5226.0,6,1.148105625717566
511041285,Western Australia,Rest of WA,Geraldton,12410.0,59,4.754230459307011
511041286,Western Australia,Rest of WA,Geraldton - East,8599.0,34,3.953948133503896
511041287,Western Australia,Rest of WA,Geraldton - North,9890.0,67,6.774519716885743
511041288,Western Australia,Rest of WA,Geraldton - South,11205.0,46,4.105310129406515
511041289,Western Australia,Rest of WA,Irwin,3899.0,39,10.002564760194922
511041291,Western Australia,Rest of WA,Morawa,4149.0,26,6.266570257893469
511041292,Western Australia,Rest of WA,Northampton - Mullewa - Greenough,5962.0,46,7.715531700771553
